league,date,home_team,away_team,home_goals,away_goals,result,ht_home_goals,ht_away_goals,home_shots,away_shots,home_shots_on_target,away_shots_on_target,home_corners,away_corners,home_yellow_cards,away_yellow_cards,home_red_cards,away_red_cards,referee,season,source_file,total_goals,goal_diff,result_label,match_id
E0,2022-08-05,Crystal Palace,Arsenal,0,2,A,0,1,10,10,2,2,3,5,1,2,0,0,A Taylor,2223,E0_2223.csv,2,-2,Away Win,20220805_CrystalPalace_Arsenal
E0,2022-08-06,Fulham,Liverpool,2,2,D,1,0,9,11,3,4,4,4,2,0,0,0,A Madley,2223,E0_2223.csv,4,0,Draw,20220806_Fulham_Liverpool
E0,2022-08-06,Bournemouth,Aston Villa,2,0,H,1,0,7,15,3,2,5,5,3,3,0,0,P Bankes,2223,E0_2223.csv,2,2,Home Win,20220806_Bournemouth_AstonVilla
E0,2022-08-06,Leeds,Wolverhampton Wanderers,2,1,H,1,1,12,15,4,6,6,4,2,0,0,0,R Jones,2223,E0_2223.csv,3,1,Home Win,20220806_Leeds_WolverhamptonWanderers
E0,2022-08-06,Newcastle United,Nottingham Forest,2,0,H,0,0,23,5,10,0,11,1,0,3,0,0,S Hooper,2223,E0_2223.csv,2,2,Home Win,20220806_NewcastleUnited_NottinghamForest
E0,2022-08-06,Tottenham Hotspur,Southampton,4,1,H,2,1,18,10,8,2,10,2,3,0,0,0,A Marriner,2223,E0_2223.csv,5,3,Home Win,20220806_TottenhamHotspur_Southampton
E0,2022-08-06,Everton,Chelsea,0,1,A,0,1,8,15,4,6,4,16,3,2,0,0,C Pawson,2223,E0_2223.csv,1,-1,Away Win,20220806_Everton_Chelsea
E0,2022-08-07,Leicester City,Brentford,2,2,D,1,0,14,8,5,3,5,6,0,0,0,0,J Gillett,2223,E0_2223.csv,4,0,Draw,20220807_LeicesterCity_Brentford
E0,2022-08-07,Manchester United,Brighton,1,2,A,0,2,17,15,5,4,6,2,4,1,0,0,P Tierney,2223,E0_2223.csv,3,-1,Away Win,20220807_ManchesterUnited_Brighton
E0,2022-08-07,West Ham United,Manchester City,0,2,A,0,1,6,14,1,2,1,4,0,1,0,0,M Oliver,2223,E0_2223.csv,2,-2,Away Win,20220807_WestHamUnited_ManchesterCity
E0,2022-08-13,Brentford,Manchester United,4,0,H,4,0,13,15,7,4,8,2,0,4,0,0,S Attwell,2223,E0_2223.csv,4,4,Home Win,20220813_Brentford_ManchesterUnited
E0,2022-08-13,Wolverhampton Wanderers,Fulham,0,0,D,0,0,7,9,1,3,5,3,3,3,0,0,J Brooks,2223,E0_2223.csv,0,0,Draw,20220813_WolverhamptonWanderers_Fulham
E0,2022-08-13,Southampton,Leeds,2,2,D,0,0,14,13,4,5,2,5,1,3,0,0,T Harrington,2223,E0_2223.csv,4,0,Draw,20220813_Southampton_Leeds
E0,2022-08-13,Arsenal,Leicester City,4,2,H,2,0,19,6,7,2,6,2,1,1,0,0,D England,2223,E0_2223.csv,6,2,Home Win,20220813_Arsenal_LeicesterCity
E0,2022-08-13,Brighton,Newcastle United,0,0,D,0,0,13,4,7,1,7,3,2,3,0,0,G Scott,2223,E0_2223.csv,0,0,Draw,20220813_Brighton_NewcastleUnited
E0,2022-08-13,Aston Villa,Everton,2,1,H,1,0,12,15,4,4,5,8,4,1,0,0,M Oliver,2223,E0_2223.csv,3,1,Home Win,20220813_AstonVilla_Everton
E0,2022-08-13,Manchester City,Bournemouth,4,0,H,3,0,19,3,7,1,11,1,0,3,0,0,D Coote,2223,E0_2223.csv,4,4,Home Win,20220813_ManchesterCity_Bournemouth
E0,2022-08-14,Nottingham Forest,West Ham United,1,0,H,1,0,13,19,6,5,6,7,4,1,0,0,R Jones,2223,E0_2223.csv,1,1,Home Win,20220814_NottinghamForest_WestHamUnited
E0,2022-08-14,Chelsea,Tottenham Hotspur,2,2,D,1,0,16,10,3,5,8,5,3,0,0,0,A Taylor,2223,E0_2223.csv,4,0,Draw,20220814_Chelsea_TottenhamHotspur
E0,2022-08-15,Liverpool,Crystal Palace,1,1,D,0,1,24,7,4,3,4,2,2,4,1,0,P Tierney,2223,E0_2223.csv,2,0,Draw,20220815_Liverpool_CrystalPalace
E0,2022-08-20,Leicester City,Southampton,1,2,A,0,0,6,9,1,3,2,5,2,3,0,0,M Salisbury,2223,E0_2223.csv,3,-1,Away Win,20220820_LeicesterCity_Southampton
E0,2022-08-20,Bournemouth,Arsenal,0,3,A,0,2,6,14,1,6,3,4,2,1,0,0,C Pawson,2223,E0_2223.csv,3,-3,Away Win,20220820_Bournemouth_Arsenal
E0,2022-08-20,Fulham,Brentford,3,2,H,2,1,18,13,9,5,6,3,3,2,0,0,P Bankes,2223,E0_2223.csv,5,1,Home Win,20220820_Fulham_Brentford
E0,2022-08-20,Everton,Nottingham Forest,1,1,D,0,0,19,14,8,5,6,2,3,2,0,0,A Marriner,2223,E0_2223.csv,2,0,Draw,20220820_Everton_NottinghamForest
E0,2022-08-20,Crystal Palace,Aston Villa,3,1,H,1,1,17,13,9,5,4,2,2,1,0,0,A Madley,2223,E0_2223.csv,4,2,Home Win,20220820_CrystalPalace_AstonVilla
E0,2022-08-20,Tottenham Hotspur,Wolverhampton Wanderers,1,0,H,0,0,11,20,4,3,8,6,2,2,0,0,S Hooper,2223,E0_2223.csv,1,1,Home Win,20220820_TottenhamHotspur_WolverhamptonWanderers
E0,2022-08-21,Leeds,Chelsea,3,0,H,2,0,12,14,6,3,4,6,0,1,0,1,S Attwell,2223,E0_2223.csv,3,3,Home Win,20220821_Leeds_Chelsea
E0,2022-08-21,West Ham United,Brighton,0,2,A,0,1,13,11,3,2,5,4,2,0,0,0,A Taylor,2223,E0_2223.csv,2,-2,Away Win,20220821_WestHamUnited_Brighton
E0,2022-08-21,Newcastle United,Manchester City,3,3,D,2,1,12,21,6,10,5,5,4,2,0,0,J Gillett,2223,E0_2223.csv,6,0,Draw,20220821_NewcastleUnited_ManchesterCity
E0,2022-08-22,Manchester United,Liverpool,2,1,H,1,0,12,17,4,5,6,8,3,1,0,0,M Oliver,2223,E0_2223.csv,3,1,Home Win,20220822_ManchesterUnited_Liverpool
E0,2022-08-27,Arsenal,Fulham,2,1,H,0,0,22,11,8,3,9,2,2,3,0,0,J Gillett,2223,E0_2223.csv,3,1,Home Win,20220827_Arsenal_Fulham
E0,2022-08-27,Manchester City,Crystal Palace,4,2,H,0,2,18,2,5,2,6,1,1,2,0,0,D England,2223,E0_2223.csv,6,2,Home Win,20220827_ManchesterCity_CrystalPalace
E0,2022-08-27,Chelsea,Leicester City,2,1,H,0,0,7,17,3,5,3,11,1,2,1,0,P Tierney,2223,E0_2223.csv,3,1,Home Win,20220827_Chelsea_LeicesterCity
E0,2022-08-27,Liverpool,Bournemouth,9,0,H,5,0,19,5,12,2,8,1,0,1,0,0,S Attwell,2223,E0_2223.csv,9,9,Home Win,20220827_Liverpool_Bournemouth
E0,2022-08-27,Brentford,Everton,1,1,D,0,1,19,14,5,7,8,5,2,2,0,0,J Brooks,2223,E0_2223.csv,2,0,Draw,20220827_Brentford_Everton
E0,2022-08-27,Southampton,Manchester United,0,1,A,0,0,17,11,5,6,5,3,0,3,0,0,A Madley,2223,E0_2223.csv,1,-1,Away Win,20220827_Southampton_ManchesterUnited
E0,2022-08-27,Brighton,Leeds,1,0,H,0,0,13,10,4,2,5,3,2,3,0,0,M Salisbury,2223,E0_2223.csv,1,1,Home Win,20220827_Brighton_Leeds
E0,2022-08-28,Aston Villa,West Ham United,0,1,A,0,0,9,7,3,2,3,2,2,0,0,0,D Coote,2223,E0_2223.csv,1,-1,Away Win,20220828_AstonVilla_WestHamUnited
E0,2022-08-28,Wolverhampton Wanderers,Newcastle United,1,1,D,1,0,10,21,4,6,4,13,2,1,0,0,P Bankes,2223,E0_2223.csv,2,0,Draw,20220828_WolverhamptonWanderers_NewcastleUnited
E0,2022-08-28,Nottingham Forest,Tottenham Hotspur,0,2,A,0,1,17,18,1,7,6,1,6,1,0,0,C Pawson,2223,E0_2223.csv,2,-2,Away Win,20220828_NottinghamForest_TottenhamHotspur
E0,2022-08-30,Crystal Palace,Brentford,1,1,D,0,0,13,9,4,3,4,6,1,2,0,0,S Hooper,2223,E0_2223.csv,2,0,Draw,20220830_CrystalPalace_Brentford
E0,2022-08-30,Fulham,Brighton,2,1,H,0,0,10,7,3,4,3,3,2,1,0,0,T Bramall,2223,E0_2223.csv,3,1,Home Win,20220830_Fulham_Brighton
E0,2022-08-30,Southampton,Chelsea,2,1,H,2,1,9,10,7,4,5,3,2,1,0,0,M Oliver,2223,E0_2223.csv,3,1,Home Win,20220830_Southampton_Chelsea
E0,2022-08-30,Leeds,Everton,1,1,D,0,1,14,7,5,2,10,2,3,3,0,0,D England,2223,E0_2223.csv,2,0,Draw,20220830_Leeds_Everton
E0,2022-08-31,Liverpool,Newcastle United,2,1,H,0,1,23,5,6,2,13,0,0,2,0,0,A Marriner,2223,E0_2223.csv,3,1,Home Win,20220831_Liverpool_NewcastleUnited
E0,2022-08-31,West Ham United,Tottenham Hotspur,1,1,D,0,1,14,13,4,4,3,4,2,5,0,0,P Bankes,2223,E0_2223.csv,2,0,Draw,20220831_WestHamUnited_TottenhamHotspur
E0,2022-08-31,Manchester City,Nottingham Forest,6,0,H,3,0,17,8,9,1,10,1,0,1,0,0,P Tierney,2223,E0_2223.csv,6,6,Home Win,20220831_ManchesterCity_NottinghamForest
E0,2022-08-31,Bournemouth,Wolverhampton Wanderers,0,0,D,0,0,5,17,2,4,2,5,2,1,0,0,A Taylor,2223,E0_2223.csv,0,0,Draw,20220831_Bournemouth_WolverhamptonWanderers
E0,2022-08-31,Arsenal,Aston Villa,2,1,H,1,0,22,4,9,3,10,3,2,3,0,0,R Jones,2223,E0_2223.csv,3,1,Home Win,20220831_Arsenal_AstonVilla
E0,2022-09-01,Leicester City,Manchester United,0,1,A,0,1,10,9,2,2,1,3,1,3,0,0,C Pawson,2223,E0_2223.csv,1,-1,Away Win,20220901_LeicesterCity_ManchesterUnited
E0,2022-09-03,Everton,Liverpool,0,0,D,0,0,14,23,3,8,7,9,2,2,0,0,A Taylor,2223,E0_2223.csv,0,0,Draw,20220903_Everton_Liverpool
E0,2022-09-03,Brentford,Leeds,5,2,H,2,1,14,17,8,6,2,6,2,2,0,0,R Jones,2223,E0_2223.csv,7,3,Home Win,20220903_Brentford_Leeds
E0,2022-09-03,Chelsea,West Ham United,2,1,H,0,0,8,6,3,3,10,3,4,2,0,0,A Madley,2223,E0_2223.csv,3,1,Home Win,20220903_Chelsea_WestHamUnited
E0,2022-09-03,Newcastle United,Crystal Palace,0,0,D,0,0,23,19,6,9,13,5,2,1,0,0,M Salisbury,2223,E0_2223.csv,0,0,Draw,20220903_NewcastleUnited_CrystalPalace
E0,2022-09-03,Nottingham Forest,Bournemouth,2,3,A,2,0,11,8,3,3,4,6,2,1,0,0,M Oliver,2223,E0_2223.csv,5,-1,Away Win,20220903_NottinghamForest_Bournemouth
E0,2022-09-03,Tottenham Hotspur,Fulham,2,1,H,1,0,23,9,10,3,10,3,3,4,0,0,S Attwell,2223,E0_2223.csv,3,1,Home Win,20220903_TottenhamHotspur_Fulham
E0,2022-09-03,Wolverhampton Wanderers,Southampton,1,0,H,1,0,7,12,2,1,5,6,4,2,0,0,J Brooks,2223,E0_2223.csv,1,1,Home Win,20220903_WolverhamptonWanderers_Southampton
E0,2022-09-03,Aston Villa,Manchester City,1,1,D,0,0,3,13,1,4,1,4,2,0,0,0,S Hooper,2223,E0_2223.csv,2,0,Draw,20220903_AstonVilla_ManchesterCity
E0,2022-09-04,Manchester United,Arsenal,3,1,H,1,0,10,16,6,3,2,5,3,3,0,0,P Tierney,2223,E0_2223.csv,4,2,Home Win,20220904_ManchesterUnited_Arsenal
E0,2022-09-04,Brighton,Leicester City,5,2,H,2,2,23,6,11,4,10,1,1,1,0,0,T Harrington,2223,E0_2223.csv,7,3,Home Win,20220904_Brighton_LeicesterCity
E0,2022-09-16,Aston Villa,Southampton,1,0,H,1,0,11,7,3,1,6,3,3,1,0,0,T Harrington,2223,E0_2223.csv,1,1,Home Win,20220916_AstonVilla_Southampton
E0,2022-09-16,Nottingham Forest,Fulham,2,3,A,1,0,11,15,3,7,2,10,2,4,0,0,J Gillett,2223,E0_2223.csv,5,-1,Away Win,20220916_NottinghamForest_Fulham
E0,2022-09-17,Wolverhampton Wanderers,Manchester City,0,3,A,0,2,6,16,1,7,5,7,2,1,1,0,A Taylor,2223,E0_2223.csv,3,-3,Away Win,20220917_WolverhamptonWanderers_ManchesterCity
E0,2022-09-17,Newcastle United,Bournemouth,1,1,D,0,0,20,10,7,3,8,1,2,2,0,0,C Pawson,2223,E0_2223.csv,2,0,Draw,20220917_NewcastleUnited_Bournemouth
E0,2022-09-17,Tottenham Hotspur,Leicester City,6,2,H,2,2,16,19,11,7,6,1,1,2,0,0,S Hooper,2223,E0_2223.csv,8,4,Home Win,20220917_TottenhamHotspur_LeicesterCity
E0,2022-09-18,Brentford,Arsenal,0,3,A,0,2,5,13,2,7,3,3,0,2,0,0,D Coote,2223,E0_2223.csv,3,-3,Away Win,20220918_Brentford_Arsenal
E0,2022-09-18,Everton,West Ham United,1,0,H,0,0,7,14,2,4,5,14,3,1,0,0,M Oliver,2223,E0_2223.csv,1,1,Home Win,20220918_Everton_WestHamUnited
E0,2022-10-01,West Ham United,Wolverhampton Wanderers,2,0,H,1,0,18,15,5,4,1,6,2,2,0,0,P Tierney,2223,E0_2223.csv,2,2,Home Win,20221001_WestHamUnited_WolverhamptonWanderers
E0,2022-10-01,Southampton,Everton,1,2,A,0,0,22,12,6,5,7,6,2,2,0,0,A Marriner,2223,E0_2223.csv,3,-1,Away Win,20221001_Southampton_Everton
E0,2022-10-01,Liverpool,Brighton,3,3,D,1,2,15,6,7,6,9,2,1,1,0,0,A Madley,2223,E0_2223.csv,6,0,Draw,20221001_Liverpool_Brighton
E0,2022-10-01,Fulham,Newcastle United,1,4,A,0,3,3,19,1,10,1,8,2,0,1,0,D England,2223,E0_2223.csv,5,-3,Away Win,20221001_Fulham_NewcastleUnited
E0,2022-10-01,Crystal Palace,Chelsea,1,2,A,1,1,7,13,3,3,5,2,1,3,0,0,C Kavanagh,2223,E0_2223.csv,3,-1,Away Win,20221001_CrystalPalace_Chelsea
E0,2022-10-01,Bournemouth,Brentford,0,0,D,0,0,7,13,1,4,7,8,1,2,0,0,T Bramall,2223,E0_2223.csv,0,0,Draw,20221001_Bournemouth_Brentford
E0,2022-10-01,Arsenal,Tottenham Hotspur,3,1,H,1,1,22,7,9,3,5,2,2,1,0,1,A Taylor,2223,E0_2223.csv,4,2,Home Win,20221001_Arsenal_TottenhamHotspur
E0,2022-10-02,Manchester City,Manchester United,6,3,H,4,0,22,12,10,8,5,1,0,3,0,0,M Oliver,2223,E0_2223.csv,9,3,Home Win,20221002_ManchesterCity_ManchesterUnited
E0,2022-10-02,Leeds,Aston Villa,0,0,D,0,0,9,19,1,7,2,9,3,2,1,0,S Attwell,2223,E0_2223.csv,0,0,Draw,20221002_Leeds_AstonVilla
E0,2022-10-03,Leicester City,Nottingham Forest,4,0,H,3,0,17,10,7,3,6,6,2,4,0,0,R Jones,2223,E0_2223.csv,4,4,Home Win,20221003_LeicesterCity_NottinghamForest
E0,2022-10-08,Bournemouth,Leicester City,2,1,H,0,1,10,9,4,5,7,2,1,2,0,0,M Salisbury,2223,E0_2223.csv,3,1,Home Win,20221008_Bournemouth_LeicesterCity
E0,2022-10-08,Chelsea,Wolverhampton Wanderers,3,0,H,1,0,20,8,7,2,4,2,2,0,0,0,S Hooper,2223,E0_2223.csv,3,3,Home Win,20221008_Chelsea_WolverhamptonWanderers
E0,2022-10-08,Manchester City,Southampton,4,0,H,2,0,21,5,8,0,9,1,0,1,0,0,A Madley,2223,E0_2223.csv,4,4,Home Win,20221008_ManchesterCity_Southampton
E0,2022-10-08,Newcastle United,Brentford,5,1,H,2,0,16,6,6,3,9,5,0,1,0,0,J Brooks,2223,E0_2223.csv,6,4,Home Win,20221008_NewcastleUnited_Brentford
E0,2022-10-08,Brighton,Tottenham Hotspur,0,1,A,0,1,14,8,4,3,6,2,1,2,0,0,T Harrington,2223,E0_2223.csv,1,-1,Away Win,20221008_Brighton_TottenhamHotspur
E0,2022-10-09,Everton,Manchester United,1,2,A,1,2,11,12,2,4,5,4,2,1,0,0,D Coote,2223,E0_2223.csv,3,-1,Away Win,20221009_Everton_ManchesterUnited
E0,2022-10-09,Arsenal,Liverpool,3,2,H,2,1,11,8,7,3,4,3,1,2,0,0,M Oliver,2223,E0_2223.csv,5,1,Home Win,20221009_Arsenal_Liverpool
E0,2022-10-09,Crystal Palace,Leeds,2,1,H,1,1,13,10,5,4,5,3,3,3,0,0,P Tierney,2223,E0_2223.csv,3,1,Home Win,20221009_CrystalPalace_Leeds
E0,2022-10-09,West Ham United,Fulham,3,1,H,1,1,17,8,8,2,4,2,1,3,0,0,C Kavanagh,2223,E0_2223.csv,4,2,Home Win,20221009_WestHamUnited_Fulham
E0,2022-10-10,Nottingham Forest,Aston Villa,1,1,D,1,1,6,12,3,2,1,4,3,3,0,0,A Taylor,2223,E0_2223.csv,2,0,Draw,20221010_NottinghamForest_AstonVilla
E0,2022-10-14,Brentford,Brighton,2,0,H,1,0,7,21,3,7,2,11,3,1,0,0,M Salisbury,2223,E0_2223.csv,2,2,Home Win,20221014_Brentford_Brighton
E0,2022-10-15,Leicester City,Crystal Palace,0,0,D,0,0,14,8,5,1,9,2,2,2,0,0,A Madley,2223,E0_2223.csv,0,0,Draw,20221015_LeicesterCity_CrystalPalace
E0,2022-10-15,Fulham,Bournemouth,2,2,D,1,2,19,10,4,6,5,6,2,0,0,0,G Scott,2223,E0_2223.csv,4,0,Draw,20221015_Fulham_Bournemouth
E0,2022-10-15,Wolverhampton Wanderers,Nottingham Forest,1,0,H,0,0,9,10,2,2,4,5,2,2,0,0,T Bramall,2223,E0_2223.csv,1,1,Home Win,20221015_WolverhamptonWanderers_NottinghamForest
E0,2022-10-15,Tottenham Hotspur,Everton,2,0,H,0,0,21,4,7,0,7,1,1,4,0,0,P Tierney,2223,E0_2223.csv,2,2,Home Win,20221015_TottenhamHotspur_Everton
E0,2022-10-16,Liverpool,Manchester City,1,0,H,0,0,13,16,2,6,5,6,3,1,0,0,A Taylor,2223,E0_2223.csv,1,1,Home Win,20221016_Liverpool_ManchesterCity
E0,2022-10-16,Southampton,West Ham United,1,1,D,1,0,10,25,8,4,4,14,1,1,0,0,P Bankes,2223,E0_2223.csv,2,0,Draw,20221016_Southampton_WestHamUnited
E0,2022-10-16,Aston Villa,Chelsea,0,2,A,0,1,18,8,7,4,7,1,0,3,0,0,R Jones,2223,E0_2223.csv,2,-2,Away Win,20221016_AstonVilla_Chelsea
E0,2022-10-16,Leeds,Arsenal,0,1,A,0,1,16,9,4,4,6,3,0,2,0,0,C Kavanagh,2223,E0_2223.csv,1,-1,Away Win,20221016_Leeds_Arsenal
E0,2022-10-16,Manchester United,Newcastle United,0,0,D,0,0,15,9,2,2,4,4,3,1,0,0,C Pawson,2223,E0_2223.csv,0,0,Draw,20221016_ManchesterUnited_NewcastleUnited
E0,2022-10-18,Brighton,Nottingham Forest,0,0,D,0,0,19,3,7,0,9,1,3,1,0,0,D England,2223,E0_2223.csv,0,0,Draw,20221018_Brighton_NottinghamForest
E0,2022-10-18,Crystal Palace,Wolverhampton Wanderers,2,1,H,0,1,14,10,4,4,4,3,3,1,0,0,D Coote,2223,E0_2223.csv,3,1,Home Win,20221018_CrystalPalace_WolverhamptonWanderers
E0,2022-10-19,Bournemouth,Southampton,0,1,A,0,1,15,9,3,3,7,3,1,3,0,0,J Brooks,2223,E0_2223.csv,1,-1,Away Win,20221019_Bournemouth_Southampton
E0,2022-10-19,Brentford,Chelsea,0,0,D,0,0,8,14,5,5,6,2,0,0,0,0,J Gillett,2223,E0_2223.csv,0,0,Draw,20221019_Brentford_Chelsea
E0,2022-10-19,Liverpool,West Ham United,1,0,H,1,0,22,8,7,3,8,3,0,0,0,0,S Attwell,2223,E0_2223.csv,1,1,Home Win,20221019_Liverpool_WestHamUnited
E0,2022-10-19,Newcastle United,Everton,1,0,H,1,0,16,1,4,0,8,2,2,4,0,0,T Harrington,2223,E0_2223.csv,1,1,Home Win,20221019_NewcastleUnited_Everton
E0,2022-10-19,Manchester United,Tottenham Hotspur,2,0,H,0,0,28,9,10,2,8,3,1,0,0,0,S Hooper,2223,E0_2223.csv,2,2,Home Win,20221019_ManchesterUnited_TottenhamHotspur
E0,2022-10-20,Fulham,Aston Villa,3,0,H,1,0,18,12,8,6,9,7,0,2,0,1,M Oliver,2223,E0_2223.csv,3,3,Home Win,20221020_Fulham_AstonVilla
E0,2022-10-20,Leicester City,Leeds,2,0,H,2,0,5,14,1,2,2,9,2,1,0,0,P Bankes,2223,E0_2223.csv,2,2,Home Win,20221020_LeicesterCity_Leeds
E0,2022-10-22,Chelsea,Manchester United,1,1,D,0,0,6,13,2,6,6,4,1,4,0,0,S Attwell,2223,E0_2223.csv,2,0,Draw,20221022_Chelsea_ManchesterUnited
E0,2022-10-22,Manchester City,Brighton,3,1,H,2,0,10,8,4,2,7,3,1,3,0,0,C Pawson,2223,E0_2223.csv,4,2,Home Win,20221022_ManchesterCity_Brighton
E0,2022-10-22,Nottingham Forest,Liverpool,1,0,H,0,0,10,15,7,7,2,11,2,1,0,0,P Tierney,2223,E0_2223.csv,1,1,Home Win,20221022_NottinghamForest_Liverpool
E0,2022-10-22,Everton,Crystal Palace,3,0,H,1,0,9,9,6,2,3,4,3,4,0,0,S Hooper,2223,E0_2223.csv,3,3,Home Win,20221022_Everton_CrystalPalace
E0,2022-10-23,Aston Villa,Brentford,4,0,H,3,0,19,12,11,3,7,6,1,0,0,0,D England,2223,E0_2223.csv,4,4,Home Win,20221023_AstonVilla_Brentford
E0,2022-10-23,Leeds,Fulham,2,3,A,1,1,14,11,5,5,3,6,1,1,0,0,A Taylor,2223,E0_2223.csv,5,-1,Away Win,20221023_Leeds_Fulham
E0,2022-10-23,Southampton,Arsenal,1,1,D,0,1,10,12,3,3,9,4,2,1,0,0,R Jones,2223,E0_2223.csv,2,0,Draw,20221023_Southampton_Arsenal
E0,2022-10-23,Wolverhampton Wanderers,Leicester City,0,4,A,0,2,21,5,5,4,9,2,2,1,0,0,M Oliver,2223,E0_2223.csv,4,-4,Away Win,20221023_WolverhamptonWanderers_LeicesterCity
E0,2022-10-23,Tottenham Hotspur,Newcastle United,1,2,A,0,2,17,13,5,5,6,7,4,2,0,0,J Gillett,2223,E0_2223.csv,3,-1,Away Win,20221023_TottenhamHotspur_NewcastleUnited
E0,2022-10-24,West Ham United,Bournemouth,2,0,H,1,0,20,5,4,3,5,0,0,2,0,0,D Coote,2223,E0_2223.csv,2,2,Home Win,20221024_WestHamUnited_Bournemouth
E0,2022-10-29,Newcastle United,Aston Villa,4,0,H,1,0,20,3,7,0,3,0,1,1,0,0,P Tierney,2223,E0_2223.csv,4,4,Home Win,20221029_NewcastleUnited_AstonVilla
E0,2022-10-29,Liverpool,Leeds,1,2,A,1,1,22,14,10,6,14,5,0,1,0,0,M Oliver,2223,E0_2223.csv,3,-1,Away Win,20221029_Liverpool_Leeds
E0,2022-10-29,Fulham,Everton,0,0,D,0,0,24,9,6,4,13,4,2,1,0,0,J Brooks,2223,E0_2223.csv,0,0,Draw,20221029_Fulham_Everton
E0,2022-10-29,Crystal Palace,Southampton,1,0,H,1,0,12,14,3,4,8,4,3,3,0,0,M Salisbury,2223,E0_2223.csv,1,1,Home Win,20221029_CrystalPalace_Southampton
E0,2022-10-29,Brentford,Wolverhampton Wanderers,1,1,D,0,0,12,14,3,4,3,6,3,3,0,1,R Madley,2223,E0_2223.csv,2,0,Draw,20221029_Brentford_WolverhamptonWanderers
E0,2022-10-29,Bournemouth,Tottenham Hotspur,2,3,A,1,0,6,23,4,7,2,19,1,2,0,0,A Taylor,2223,E0_2223.csv,5,-1,Away Win,20221029_Bournemouth_TottenhamHotspur
E0,2022-10-29,Brighton,Chelsea,4,1,H,3,0,19,15,9,7,8,7,1,2,0,0,A Madley,2223,E0_2223.csv,5,3,Home Win,20221029_Brighton_Chelsea
E0,2022-10-29,Leicester City,Manchester City,0,1,A,0,0,10,15,5,5,3,10,0,0,0,0,R Jones,2223,E0_2223.csv,1,-1,Away Win,20221029_LeicesterCity_ManchesterCity
E0,2022-10-30,Arsenal,Nottingham Forest,5,0,H,1,0,24,5,10,2,9,4,0,1,0,0,S Hooper,2223,E0_2223.csv,5,5,Home Win,20221030_Arsenal_NottinghamForest
E0,2022-10-30,Manchester United,West Ham United,1,0,H,1,0,16,13,3,5,5,10,1,3,0,0,C Kavanagh,2223,E0_2223.csv,1,1,Home Win,20221030_ManchesterUnited_WestHamUnited
E0,2022-11-05,Wolverhampton Wanderers,Brighton,2,3,A,2,2,8,19,5,8,4,9,2,0,1,0,G Scott,2223,E0_2223.csv,5,-1,Away Win,20221105_WolverhamptonWanderers_Brighton
E0,2022-11-05,Nottingham Forest,Brentford,2,2,D,1,1,15,6,7,2,3,3,2,2,0,0,A Marriner,2223,E0_2223.csv,4,0,Draw,20221105_NottinghamForest_Brentford
E0,2022-11-05,Everton,Leicester City,0,2,A,0,1,12,22,2,8,8,3,0,0,0,0,D Coote,2223,E0_2223.csv,2,-2,Away Win,20221105_Everton_LeicesterCity
E0,2022-11-05,Leeds,Bournemouth,4,3,H,1,2,18,9,4,6,13,3,2,2,0,0,T Harrington,2223,E0_2223.csv,7,1,Home Win,20221105_Leeds_Bournemouth
E0,2022-11-05,Manchester City,Fulham,2,1,H,1,1,16,4,5,2,9,0,2,4,1,0,D England,2223,E0_2223.csv,3,1,Home Win,20221105_ManchesterCity_Fulham
E0,2022-11-06,Chelsea,Arsenal,0,1,A,0,0,5,14,1,2,4,6,5,2,0,0,M Oliver,2223,E0_2223.csv,1,-1,Away Win,20221106_Chelsea_Arsenal
E0,2022-11-06,Aston Villa,Manchester United,3,1,H,2,1,6,8,4,3,3,5,3,3,0,0,A Taylor,2223,E0_2223.csv,4,2,Home Win,20221106_AstonVilla_ManchesterUnited
E0,2022-11-06,Southampton,Newcastle United,1,4,A,0,1,16,7,5,4,8,2,1,0,0,0,S Attwell,2223,E0_2223.csv,5,-3,Away Win,20221106_Southampton_NewcastleUnited
E0,2022-11-06,West Ham United,Crystal Palace,1,2,A,1,1,5,15,2,6,2,5,1,1,0,0,P Tierney,2223,E0_2223.csv,3,-1,Away Win,20221106_WestHamUnited_CrystalPalace
E0,2022-11-06,Tottenham Hotspur,Liverpool,1,2,A,0,2,14,13,5,6,5,3,0,0,0,0,A Madley,2223,E0_2223.csv,3,-1,Away Win,20221106_TottenhamHotspur_Liverpool
E0,2022-11-12,Tottenham Hotspur,Leeds,4,3,H,1,2,14,12,8,5,9,2,1,1,0,1,M Salisbury,2223,E0_2223.csv,7,1,Home Win,20221112_TottenhamHotspur_Leeds
E0,2022-11-12,Newcastle United,Chelsea,1,0,H,0,0,10,5,3,2,5,3,3,2,0,0,R Jones,2223,E0_2223.csv,1,1,Home Win,20221112_NewcastleUnited_Chelsea
E0,2022-11-12,West Ham United,Leicester City,0,2,A,0,1,18,9,6,6,7,2,3,1,0,0,J Gillett,2223,E0_2223.csv,2,-2,Away Win,20221112_WestHamUnited_LeicesterCity
E0,2022-11-12,Wolverhampton Wanderers,Arsenal,0,2,A,0,0,11,14,2,4,6,4,3,2,0,0,S Attwell,2223,E0_2223.csv,2,-2,Away Win,20221112_WolverhamptonWanderers_Arsenal
E0,2022-11-12,Nottingham Forest,Crystal Palace,1,0,H,0,0,9,8,2,0,1,5,1,4,0,0,J Brooks,2223,E0_2223.csv,1,1,Home Win,20221112_NottinghamForest_CrystalPalace
E0,2022-11-12,Bournemouth,Everton,3,0,H,2,0,16,15,9,3,3,5,2,0,0,0,C Pawson,2223,E0_2223.csv,3,3,Home Win,20221112_Bournemouth_Everton
E0,2022-11-12,Manchester City,Brentford,1,2,A,1,1,29,10,6,8,10,2,2,2,0,0,P Bankes,2223,E0_2223.csv,3,-1,Away Win,20221112_ManchesterCity_Brentford
E0,2022-11-12,Liverpool,Southampton,3,1,H,3,1,15,9,7,5,6,0,0,2,0,0,S Hooper,2223,E0_2223.csv,4,2,Home Win,20221112_Liverpool_Southampton
E0,2022-11-13,Brighton,Aston Villa,1,2,A,1,1,7,8,2,2,11,4,2,7,0,0,C Kavanagh,2223,E0_2223.csv,3,-1,Away Win,20221113_Brighton_AstonVilla
E0,2022-11-13,Fulham,Manchester United,1,2,A,0,1,14,14,7,9,10,3,1,1,0,0,P Tierney,2223,E0_2223.csv,3,-1,Away Win,20221113_Fulham_ManchesterUnited
E0,2022-12-26,Arsenal,West Ham United,3,1,H,0,1,16,8,5,4,7,5,0,2,0,0,M Oliver,2223,E0_2223.csv,4,2,Home Win,20221226_Arsenal_WestHamUnited
E0,2022-12-26,Aston Villa,Liverpool,1,3,A,0,2,12,16,6,9,0,6,0,0,0,0,P Tierney,2223,E0_2223.csv,4,-2,Away Win,20221226_AstonVilla_Liverpool
E0,2022-12-26,Leicester City,Newcastle United,0,3,A,0,3,8,12,2,5,5,5,0,0,0,0,J Gillett,2223,E0_2223.csv,3,-3,Away Win,20221226_LeicesterCity_NewcastleUnited
E0,2022-12-26,Southampton,Brighton,1,3,A,0,2,14,7,4,4,4,2,1,2,0,0,R Jones,2223,E0_2223.csv,4,-2,Away Win,20221226_Southampton_Brighton
E0,2022-12-26,Crystal Palace,Fulham,0,3,A,0,1,4,23,0,11,1,8,0,0,2,0,A Madley,2223,E0_2223.csv,3,-3,Away Win,20221226_CrystalPalace_Fulham
E0,2022-12-26,Brentford,Tottenham Hotspur,2,2,D,1,0,9,16,5,8,6,5,3,1,0,0,D Coote,2223,E0_2223.csv,4,0,Draw,20221226_Brentford_TottenhamHotspur
E0,2022-12-26,Everton,Wolverhampton Wanderers,1,2,A,1,1,12,7,6,4,2,2,1,6,0,0,C Pawson,2223,E0_2223.csv,3,-1,Away Win,20221226_Everton_WolverhamptonWanderers
E0,2022-12-27,Chelsea,Bournemouth,2,0,H,2,0,15,9,5,4,6,8,0,0,0,0,S Hooper,2223,E0_2223.csv,2,2,Home Win,20221227_Chelsea_Bournemouth
E0,2022-12-27,Manchester United,Nottingham Forest,3,0,H,2,0,17,8,8,3,9,9,3,1,0,0,A Taylor,2223,E0_2223.csv,3,3,Home Win,20221227_ManchesterUnited_NottinghamForest
E0,2022-12-28,Leeds,Manchester City,1,3,A,0,1,9,26,1,9,3,5,3,3,0,0,S Attwell,2223,E0_2223.csv,4,-2,Away Win,20221228_Leeds_ManchesterCity
E0,2022-12-30,West Ham United,Brentford,0,2,A,0,2,20,9,5,6,8,1,1,0,0,0,D England,2223,E0_2223.csv,2,-2,Away Win,20221230_WestHamUnited_Brentford
E0,2022-12-30,Liverpool,Leicester City,2,1,H,2,1,21,7,5,2,4,5,0,1,0,0,C Pawson,2223,E0_2223.csv,3,1,Home Win,20221230_Liverpool_LeicesterCity
E0,2022-12-31,Brighton,Arsenal,2,4,A,0,2,9,14,5,7,7,4,3,3,0,0,A Taylor,2223,E0_2223.csv,6,-2,Away Win,20221231_Brighton_Arsenal
E0,2022-12-31,Manchester City,Everton,1,1,D,1,0,16,2,3,1,7,1,3,4,0,0,A Madley,2223,E0_2223.csv,2,0,Draw,20221231_ManchesterCity_Everton
E0,2022-12-31,Newcastle United,Leeds,0,0,D,0,0,16,8,5,1,9,3,3,5,0,0,S Hooper,2223,E0_2223.csv,0,0,Draw,20221231_NewcastleUnited_Leeds
E0,2022-12-31,Bournemouth,Crystal Palace,0,2,A,0,2,6,15,2,6,2,7,4,1,0,0,A Marriner,2223,E0_2223.csv,2,-2,Away Win,20221231_Bournemouth_CrystalPalace
E0,2022-12-31,Wolverhampton Wanderers,Manchester United,0,1,A,0,0,10,16,3,6,7,5,1,3,0,0,R Jones,2223,E0_2223.csv,1,-1,Away Win,20221231_WolverhamptonWanderers_ManchesterUnited
E0,2022-12-31,Fulham,Southampton,2,1,H,1,0,8,9,2,3,4,4,0,1,0,0,G Scott,2223,E0_2223.csv,3,1,Home Win,20221231_Fulham_Southampton
E0,2023-01-01,Tottenham Hotspur,Aston Villa,0,2,A,0,0,6,13,2,4,5,3,4,3,0,0,J Brooks,2223,E0_2223.csv,2,-2,Away Win,20230101_TottenhamHotspur_AstonVilla
E0,2023-01-01,Nottingham Forest,Chelsea,1,1,D,0,1,12,7,5,2,1,2,2,2,0,0,P Bankes,2223,E0_2223.csv,2,0,Draw,20230101_NottinghamForest_Chelsea
E0,2023-01-02,Brentford,Liverpool,3,1,H,2,0,10,16,7,6,4,9,1,3,0,0,S Attwell,2223,E0_2223.csv,4,2,Home Win,20230102_Brentford_Liverpool
E0,2023-01-03,Arsenal,Newcastle United,0,0,D,0,0,17,8,4,1,5,5,4,4,0,0,A Madley,2223,E0_2223.csv,0,0,Draw,20230103_Arsenal_NewcastleUnited
E0,2023-01-03,Everton,Brighton,1,4,A,0,1,10,19,4,8,5,2,3,1,0,0,A Marriner,2223,E0_2223.csv,5,-3,Away Win,20230103_Everton_Brighton
E0,2023-01-03,Leicester City,Fulham,0,1,A,0,1,15,11,6,2,6,3,2,6,0,0,D Bond,2223,E0_2223.csv,1,-1,Away Win,20230103_LeicesterCity_Fulham
E0,2023-01-03,Manchester United,Bournemouth,3,0,H,1,0,18,7,6,4,6,5,0,3,0,0,M Salisbury,2223,E0_2223.csv,3,3,Home Win,20230103_ManchesterUnited_Bournemouth
E0,2023-01-04,Crystal Palace,Tottenham Hotspur,0,4,A,0,0,19,14,4,6,10,4,1,2,0,0,M Oliver,2223,E0_2223.csv,4,-4,Away Win,20230104_CrystalPalace_TottenhamHotspur
E0,2023-01-04,Aston Villa,Wolverhampton Wanderers,1,1,D,0,1,13,10,4,3,7,8,1,3,0,0,J Gillett,2223,E0_2223.csv,2,0,Draw,20230104_AstonVilla_WolverhamptonWanderers
E0,2023-01-04,Leeds,West Ham United,2,2,D,1,1,14,15,6,2,8,1,3,1,0,0,D Coote,2223,E0_2223.csv,4,0,Draw,20230104_Leeds_WestHamUnited
E0,2023-01-04,Southampton,Nottingham Forest,0,1,A,0,1,8,11,0,1,6,2,2,2,0,0,T Bramall,2223,E0_2223.csv,1,-1,Away Win,20230104_Southampton_NottinghamForest
E0,2023-01-05,Chelsea,Manchester City,0,1,A,0,0,8,12,2,3,3,2,2,0,0,0,P Tierney,2223,E0_2223.csv,1,-1,Away Win,20230105_Chelsea_ManchesterCity
E0,2023-01-12,Fulham,Chelsea,2,1,H,1,0,8,20,3,10,5,7,4,3,0,1,D Coote,2223,E0_2223.csv,3,1,Home Win,20230112_Fulham_Chelsea
E0,2023-01-13,Aston Villa,Leeds,2,1,H,1,0,11,16,5,4,0,11,2,2,0,0,M Oliver,2223,E0_2223.csv,3,1,Home Win,20230113_AstonVilla_Leeds
E0,2023-01-14,Brentford,Bournemouth,2,0,H,1,0,12,7,4,2,5,3,1,1,0,0,J Gillett,2223,E0_2223.csv,2,2,Home Win,20230114_Brentford_Bournemouth
E0,2023-01-14,Manchester United,Manchester City,2,1,H,0,0,8,5,4,1,1,2,3,0,0,0,S Attwell,2223,E0_2223.csv,3,1,Home Win,20230114_ManchesterUnited_ManchesterCity
E0,2023-01-14,Brighton,Liverpool,3,0,H,0,0,16,6,9,2,7,1,1,3,0,0,D England,2223,E0_2223.csv,3,3,Home Win,20230114_Brighton_Liverpool
E0,2023-01-14,Everton,Southampton,1,2,A,1,0,12,13,4,5,6,4,0,3,0,0,J Brooks,2223,E0_2223.csv,3,-1,Away Win,20230114_Everton_Southampton
E0,2023-01-14,Nottingham Forest,Leicester City,2,0,H,0,0,15,6,5,1,3,5,1,2,0,0,P Tierney,2223,E0_2223.csv,2,2,Home Win,20230114_NottinghamForest_LeicesterCity
E0,2023-01-14,Wolverhampton Wanderers,West Ham United,1,0,H,0,0,17,16,4,4,4,3,0,2,0,0,S Hooper,2223,E0_2223.csv,1,1,Home Win,20230114_WolverhamptonWanderers_WestHamUnited
E0,2023-01-15,Newcastle United,Fulham,1,0,H,0,0,20,5,5,0,10,5,1,3,0,0,R Jones,2223,E0_2223.csv,1,1,Home Win,20230115_NewcastleUnited_Fulham
E0,2023-01-15,Tottenham Hotspur,Arsenal,0,2,A,0,2,17,14,7,5,4,3,4,2,0,0,C Pawson,2223,E0_2223.csv,2,-2,Away Win,20230115_TottenhamHotspur_Arsenal
E0,2023-01-15,Chelsea,Crystal Palace,1,0,H,0,0,15,10,5,5,11,7,2,5,0,0,P Bankes,2223,E0_2223.csv,1,1,Home Win,20230115_Chelsea_CrystalPalace
E0,2023-01-18,Crystal Palace,Manchester United,1,1,D,0,1,10,15,5,4,3,3,1,2,0,0,R Jones,2223,E0_2223.csv,2,0,Draw,20230118_CrystalPalace_ManchesterUnited
E0,2023-01-19,Manchester City,Tottenham Hotspur,4,2,H,0,2,16,9,6,3,8,3,1,2,0,0,S Hooper,2223,E0_2223.csv,6,2,Home Win,20230119_ManchesterCity_TottenhamHotspur
E0,2023-01-21,Liverpool,Chelsea,0,0,D,0,0,15,11,3,2,5,5,3,1,0,0,M Oliver,2223,E0_2223.csv,0,0,Draw,20230121_Liverpool_Chelsea
E0,2023-01-21,Bournemouth,Nottingham Forest,1,1,D,1,0,16,20,4,5,4,6,1,2,0,0,A Madley,2223,E0_2223.csv,2,0,Draw,20230121_Bournemouth_NottinghamForest
E0,2023-01-21,Leicester City,Brighton,2,2,D,1,1,9,13,2,4,5,6,0,1,0,0,T Bramall,2223,E0_2223.csv,4,0,Draw,20230121_LeicesterCity_Brighton
E0,2023-01-21,Southampton,Aston Villa,0,1,A,0,0,8,16,5,5,2,2,1,2,0,0,M Salisbury,2223,E0_2223.csv,1,-1,Away Win,20230121_Southampton_AstonVilla
E0,2023-01-21,West Ham United,Everton,2,0,H,2,0,11,5,4,2,4,9,1,1,0,0,S Attwell,2223,E0_2223.csv,2,2,Home Win,20230121_WestHamUnited_Everton
E0,2023-01-21,Crystal Palace,Newcastle United,0,0,D,0,0,6,16,1,7,3,15,4,2,0,0,C Pawson,2223,E0_2223.csv,0,0,Draw,20230121_CrystalPalace_NewcastleUnited
E0,2023-01-22,Leeds,Brentford,0,0,D,0,0,9,6,5,0,2,3,2,2,0,0,P Bankes,2223,E0_2223.csv,0,0,Draw,20230122_Leeds_Brentford
E0,2023-01-22,Manchester City,Wolverhampton Wanderers,3,0,H,1,0,13,10,7,1,5,7,1,2,0,0,D Coote,2223,E0_2223.csv,3,3,Home Win,20230122_ManchesterCity_WolverhamptonWanderers
E0,2023-01-22,Arsenal,Manchester United,3,2,H,1,1,25,6,5,4,12,4,1,2,0,0,A Taylor,2223,E0_2223.csv,5,1,Home Win,20230122_Arsenal_ManchesterUnited
E0,2023-01-23,Fulham,Tottenham Hotspur,0,1,A,0,1,10,10,5,3,3,8,1,3,0,0,P Tierney,2223,E0_2223.csv,1,-1,Away Win,20230123_Fulham_TottenhamHotspur
E0,2023-02-03,Chelsea,Fulham,0,0,D,0,0,12,10,3,4,6,2,1,4,0,0,S Attwell,2223,E0_2223.csv,0,0,Draw,20230203_Chelsea_Fulham
E0,2023-02-04,Everton,Arsenal,1,0,H,0,0,12,15,4,3,7,5,4,1,0,0,D Coote,2223,E0_2223.csv,1,1,Home Win,20230204_Everton_Arsenal
E0,2023-02-04,Aston Villa,Leicester City,2,4,A,2,3,19,9,4,5,11,3,0,2,0,0,D England,2223,E0_2223.csv,6,-2,Away Win,20230204_AstonVilla_LeicesterCity
E0,2023-02-04,Brentford,Southampton,3,0,H,2,0,14,14,4,6,4,4,1,2,0,0,D Bond,2223,E0_2223.csv,3,3,Home Win,20230204_Brentford_Southampton
E0,2023-02-04,Brighton,Bournemouth,1,0,H,0,0,20,12,6,2,7,3,3,1,0,0,C Pawson,2223,E0_2223.csv,1,1,Home Win,20230204_Brighton_Bournemouth
E0,2023-02-04,Manchester United,Crystal Palace,2,1,H,1,0,14,10,5,3,5,5,1,2,1,0,A Marriner,2223,E0_2223.csv,3,1,Home Win,20230204_ManchesterUnited_CrystalPalace
E0,2023-02-04,Wolverhampton Wanderers,Liverpool,3,0,H,2,0,12,22,6,4,2,7,1,1,0,0,P Tierney,2223,E0_2223.csv,3,3,Home Win,20230204_WolverhamptonWanderers_Liverpool
E0,2023-02-04,Newcastle United,West Ham United,1,1,D,1,1,8,10,2,1,4,2,2,1,0,0,P Bankes,2223,E0_2223.csv,2,0,Draw,20230204_NewcastleUnited_WestHamUnited
E0,2023-02-05,Nottingham Forest,Leeds,1,0,H,1,0,6,10,2,4,0,2,4,2,0,0,R Jones,2223,E0_2223.csv,1,1,Home Win,20230205_NottinghamForest_Leeds
E0,2023-02-05,Tottenham Hotspur,Manchester City,1,0,H,1,0,12,15,3,5,4,6,2,3,1,0,A Madley,2223,E0_2223.csv,1,1,Home Win,20230205_TottenhamHotspur_ManchesterCity
E0,2023-02-08,Manchester United,Leeds,2,2,D,0,1,24,8,7,2,6,5,1,3,0,0,S Hooper,2223,E0_2223.csv,4,0,Draw,20230208_ManchesterUnited_Leeds
E0,2023-02-11,Bournemouth,Newcastle United,1,1,D,1,1,11,15,5,7,4,6,2,3,0,0,S Attwell,2223,E0_2223.csv,2,0,Draw,20230211_Bournemouth_NewcastleUnited
E0,2023-02-11,Southampton,Wolverhampton Wanderers,1,2,A,1,0,17,11,2,2,5,2,2,2,0,1,J Gillett,2223,E0_2223.csv,3,-1,Away Win,20230211_Southampton_WolverhamptonWanderers
E0,2023-02-11,Leicester City,Tottenham Hotspur,4,1,H,3,1,15,11,7,4,1,5,5,2,0,0,M Salisbury,2223,E0_2223.csv,5,3,Home Win,20230211_LeicesterCity_TottenhamHotspur
E0,2023-02-11,West Ham United,Chelsea,1,1,D,1,1,10,12,2,4,5,6,1,1,0,0,C Pawson,2223,E0_2223.csv,2,0,Draw,20230211_WestHamUnited_Chelsea
E0,2023-02-11,Crystal Palace,Brighton,1,1,D,0,0,6,17,1,7,1,6,4,1,0,0,M Oliver,2223,E0_2223.csv,2,0,Draw,20230211_CrystalPalace_Brighton
E0,2023-02-11,Arsenal,Brentford,1,1,D,0,0,23,9,7,2,7,4,0,2,0,0,P Bankes,2223,E0_2223.csv,2,0,Draw,20230211_Arsenal_Brentford
E0,2023-02-11,Fulham,Nottingham Forest,2,0,H,1,0,16,10,3,1,5,4,0,1,0,0,A Madley,2223,E0_2223.csv,2,2,Home Win,20230211_Fulham_NottinghamForest
E0,2023-02-12,Leeds,Manchester United,0,2,A,0,0,16,11,6,5,7,3,2,1,0,0,P Tierney,2223,E0_2223.csv,2,-2,Away Win,20230212_Leeds_ManchesterUnited
E0,2023-02-12,Manchester City,Aston Villa,3,1,H,3,0,17,6,9,2,8,4,1,2,0,0,R Jones,2223,E0_2223.csv,4,2,Home Win,20230212_ManchesterCity_AstonVilla
E0,2023-02-13,Liverpool,Everton,2,0,H,1,0,15,6,6,1,3,3,1,3,0,0,S Hooper,2223,E0_2223.csv,2,2,Home Win,20230213_Liverpool_Everton
E0,2023-02-15,Arsenal,Manchester City,1,3,A,1,1,10,9,1,6,1,3,2,3,0,0,A Taylor,2223,E0_2223.csv,4,-2,Away Win,20230215_Arsenal_ManchesterCity
E0,2023-02-18,Newcastle United,Liverpool,0,2,A,0,2,14,13,4,7,6,7,1,1,1,0,A Taylor,2223,E0_2223.csv,2,-2,Away Win,20230218_NewcastleUnited_Liverpool
E0,2023-02-18,Wolverhampton Wanderers,Bournemouth,0,1,A,0,0,15,5,4,1,12,2,3,3,0,0,M Salisbury,2223,E0_2223.csv,1,-1,Away Win,20230218_WolverhamptonWanderers_Bournemouth
E0,2023-02-18,Nottingham Forest,Manchester City,1,1,D,0,1,4,26,1,6,0,10,1,0,0,0,G Scott,2223,E0_2223.csv,2,0,Draw,20230218_NottinghamForest_ManchesterCity
E0,2023-02-18,Everton,Leeds,1,0,H,0,0,15,8,6,0,6,4,2,3,0,0,A Madley,2223,E0_2223.csv,1,1,Home Win,20230218_Everton_Leeds
E0,2023-02-18,Chelsea,Southampton,0,1,A,0,1,17,8,5,5,8,2,3,6,0,0,D Coote,2223,E0_2223.csv,1,-1,Away Win,20230218_Chelsea_Southampton
E0,2023-02-18,Brentford,Crystal Palace,1,1,D,0,0,12,10,5,4,2,6,2,2,0,0,P Tierney,2223,E0_2223.csv,2,0,Draw,20230218_Brentford_CrystalPalace
E0,2023-02-18,Aston Villa,Arsenal,2,4,A,2,1,7,20,5,5,2,9,2,1,0,0,S Hooper,2223,E0_2223.csv,6,-2,Away Win,20230218_AstonVilla_Arsenal
E0,2023-02-18,Brighton,Fulham,0,1,A,0,0,21,5,7,2,10,2,0,5,0,0,D England,2223,E0_2223.csv,1,-1,Away Win,20230218_Brighton_Fulham
E0,2023-02-19,Manchester United,Leicester City,3,0,H,1,0,26,19,8,3,6,6,0,2,0,0,S Attwell,2223,E0_2223.csv,3,3,Home Win,20230219_ManchesterUnited_LeicesterCity
E0,2023-02-19,Tottenham Hotspur,West Ham United,2,0,H,0,0,16,6,6,1,4,7,2,1,0,0,M Oliver,2223,E0_2223.csv,2,2,Home Win,20230219_TottenhamHotspur_WestHamUnited
E0,2023-02-24,Fulham,Wolverhampton Wanderers,1,1,D,0,1,10,8,5,2,4,3,2,0,0,0,M Oliver,2223,E0_2223.csv,2,0,Draw,20230224_Fulham_WolverhamptonWanderers
E0,2023-02-25,Bournemouth,Manchester City,1,4,A,0,3,13,20,2,5,4,6,2,2,0,0,P Tierney,2223,E0_2223.csv,5,-3,Away Win,20230225_Bournemouth_ManchesterCity
E0,2023-02-25,Crystal Palace,Liverpool,0,0,D,0,0,6,12,0,4,5,3,2,5,0,0,D England,2223,E0_2223.csv,0,0,Draw,20230225_CrystalPalace_Liverpool
E0,2023-02-25,West Ham United,Nottingham Forest,4,0,H,0,0,18,8,5,3,12,3,0,0,0,0,J Gillett,2223,E0_2223.csv,4,4,Home Win,20230225_WestHamUnited_NottinghamForest
E0,2023-02-25,Everton,Aston Villa,0,2,A,0,0,15,9,5,5,5,1,2,1,0,0,A Taylor,2223,E0_2223.csv,2,-2,Away Win,20230225_Everton_AstonVilla
E0,2023-02-25,Leeds,Southampton,1,0,H,0,0,14,8,4,2,9,2,2,4,0,0,P Bankes,2223,E0_2223.csv,1,1,Home Win,20230225_Leeds_Southampton
E0,2023-02-25,Leicester City,Arsenal,0,1,A,0,0,1,10,0,2,0,8,0,1,0,0,C Pawson,2223,E0_2223.csv,1,-1,Away Win,20230225_LeicesterCity_Arsenal
E0,2023-02-26,Tottenham Hotspur,Chelsea,2,0,H,0,0,8,10,3,2,4,4,2,3,0,0,S Attwell,2223,E0_2223.csv,2,2,Home Win,20230226_TottenhamHotspur_Chelsea
E0,2023-03-01,Arsenal,Everton,4,0,H,2,0,15,8,5,5,5,1,0,2,0,0,M Oliver,2223,E0_2223.csv,4,4,Home Win,20230301_Arsenal_Everton
E0,2023-03-01,Liverpool,Wolverhampton Wanderers,2,0,H,0,0,15,4,6,1,5,2,2,3,0,0,P Tierney,2223,E0_2223.csv,2,2,Home Win,20230301_Liverpool_WolverhamptonWanderers
E0,2023-03-04,Wolverhampton Wanderers,Tottenham Hotspur,1,0,H,0,0,8,21,5,6,4,8,1,1,0,0,T Robinson,2223,E0_2223.csv,1,1,Home Win,20230304_WolverhamptonWanderers_TottenhamHotspur
E0,2023-03-04,Chelsea,Leeds,1,0,H,0,0,13,11,3,2,5,7,2,0,0,0,M Oliver,2223,E0_2223.csv,1,1,Home Win,20230304_Chelsea_Leeds
E0,2023-03-04,Brighton,West Ham United,4,0,H,1,0,20,3,9,2,7,3,0,3,0,0,S Attwell,2223,E0_2223.csv,4,4,Home Win,20230304_Brighton_WestHamUnited
E0,2023-03-04,Southampton,Leicester City,1,0,H,1,0,11,11,5,0,3,4,4,2,0,0,R Jones,2223,E0_2223.csv,1,1,Home Win,20230304_Southampton_LeicesterCity
E0,2023-03-04,Arsenal,Bournemouth,3,2,H,0,1,31,4,9,4,17,1,0,2,0,0,C Kavanagh,2223,E0_2223.csv,5,1,Home Win,20230304_Arsenal_Bournemouth
E0,2023-03-04,Manchester City,Newcastle United,2,0,H,1,0,11,5,3,2,8,4,2,4,0,0,S Hooper,2223,E0_2223.csv,2,2,Home Win,20230304_ManchesterCity_NewcastleUnited
E0,2023-03-04,Aston Villa,Crystal Palace,1,0,H,1,0,8,3,1,0,2,4,2,3,0,1,C Pawson,2223,E0_2223.csv,1,1,Home Win,20230304_AstonVilla_CrystalPalace
E0,2023-03-05,Nottingham Forest,Everton,2,2,D,1,2,10,10,4,3,3,3,3,5,0,0,J Brooks,2223,E0_2223.csv,4,0,Draw,20230305_NottinghamForest_Everton
E0,2023-03-05,Liverpool,Manchester United,7,0,H,1,0,18,8,8,4,4,3,2,3,0,0,A Madley,2223,E0_2223.csv,7,7,Home Win,20230305_Liverpool_ManchesterUnited
E0,2023-03-06,Brentford,Fulham,3,2,H,1,1,14,9,6,5,2,3,0,3,0,0,A Taylor,2223,E0_2223.csv,5,1,Home Win,20230306_Brentford_Fulham
E0,2023-03-11,Bournemouth,Liverpool,1,0,H,1,0,5,15,2,6,3,8,2,1,0,0,J Brooks,2223,E0_2223.csv,1,1,Home Win,20230311_Bournemouth_Liverpool
E0,2023-03-11,Everton,Brentford,1,0,H,1,0,13,12,6,4,5,8,2,1,0,0,S Hooper,2223,E0_2223.csv,1,1,Home Win,20230311_Everton_Brentford
E0,2023-03-11,Leeds,Brighton,2,2,D,1,1,12,14,4,2,4,7,1,1,0,0,P Tierney,2223,E0_2223.csv,4,0,Draw,20230311_Leeds_Brighton
E0,2023-03-11,Leicester City,Chelsea,1,3,A,1,2,17,12,7,6,2,5,1,2,1,0,A Marriner,2223,E0_2223.csv,4,-2,Away Win,20230311_LeicesterCity_Chelsea
E0,2023-03-11,Tottenham Hotspur,Nottingham Forest,3,1,H,2,0,15,9,7,5,2,10,3,1,0,0,C Pawson,2223,E0_2223.csv,4,2,Home Win,20230311_TottenhamHotspur_NottinghamForest
E0,2023-03-11,Crystal Palace,Manchester City,0,1,A,0,0,4,14,0,4,2,6,2,2,0,0,R Jones,2223,E0_2223.csv,1,-1,Away Win,20230311_CrystalPalace_ManchesterCity
E0,2023-03-12,Newcastle United,Wolverhampton Wanderers,2,1,H,1,0,19,7,8,4,10,3,1,2,0,0,A Madley,2223,E0_2223.csv,3,1,Home Win,20230312_NewcastleUnited_WolverhamptonWanderers
E0,2023-03-12,West Ham United,Aston Villa,1,1,D,1,1,17,12,6,4,13,2,1,0,0,0,C Kavanagh,2223,E0_2223.csv,2,0,Draw,20230312_WestHamUnited_AstonVilla
E0,2023-03-12,Fulham,Arsenal,0,3,A,0,3,12,15,2,7,4,8,0,1,0,0,D Coote,2223,E0_2223.csv,3,-3,Away Win,20230312_Fulham_Arsenal
E0,2023-03-12,Manchester United,Southampton,0,0,D,0,0,10,17,4,4,7,8,2,0,0,0,A Taylor,2223,E0_2223.csv,0,0,Draw,20230312_ManchesterUnited_Southampton
E0,2023-03-15,Brighton,Crystal Palace,1,0,H,1,0,11,11,5,3,1,4,1,2,0,0,P Bankes,2223,E0_2223.csv,1,1,Home Win,20230315_Brighton_CrystalPalace
E0,2023-03-15,Southampton,Brentford,0,2,A,0,1,7,11,1,5,3,3,1,2,0,0,M Salisbury,2223,E0_2223.csv,2,-2,Away Win,20230315_Southampton_Brentford
E0,2023-03-17,Nottingham Forest,Newcastle United,1,2,A,1,1,5,15,3,4,3,7,5,1,0,0,P Tierney,2223,E0_2223.csv,3,-1,Away Win,20230317_NottinghamForest_NewcastleUnited
E0,2023-03-18,Chelsea,Everton,2,2,D,0,0,20,12,7,3,8,2,2,2,0,0,D England,2223,E0_2223.csv,4,0,Draw,20230318_Chelsea_Everton
E0,2023-03-18,Aston Villa,Bournemouth,3,0,H,1,0,20,10,9,3,9,6,1,4,0,0,R Jones,2223,E0_2223.csv,3,3,Home Win,20230318_AstonVilla_Bournemouth
E0,2023-03-18,Brentford,Leicester City,1,1,D,1,0,11,14,2,1,8,4,1,2,1,0,D Bond,2223,E0_2223.csv,2,0,Draw,20230318_Brentford_LeicesterCity
E0,2023-03-18,Southampton,Tottenham Hotspur,3,3,D,0,1,19,17,7,3,10,3,1,1,0,0,S Hooper,2223,E0_2223.csv,6,0,Draw,20230318_Southampton_TottenhamHotspur
E0,2023-03-18,Wolverhampton Wanderers,Leeds,2,4,A,0,1,23,11,8,4,5,4,3,5,1,0,M Salisbury,2223,E0_2223.csv,6,-2,Away Win,20230318_WolverhamptonWanderers_Leeds
E0,2023-03-19,Arsenal,Crystal Palace,4,1,H,2,0,15,8,5,4,5,4,0,1,0,0,S Attwell,2223,E0_2223.csv,5,3,Home Win,20230319_Arsenal_CrystalPalace
E0,2023-04-01,Manchester City,Liverpool,4,1,H,1,1,17,4,8,1,7,1,1,1,0,0,S Hooper,2223,E0_2223.csv,5,3,Home Win,20230401_ManchesterCity_Liverpool
E0,2023-04-01,Arsenal,Leeds,4,1,H,1,0,13,7,6,5,4,3,0,2,0,0,D England,2223,E0_2223.csv,5,3,Home Win,20230401_Arsenal_Leeds
E0,2023-04-01,Bournemouth,Fulham,2,1,H,0,1,12,10,7,2,4,3,1,4,0,0,P Bankes,2223,E0_2223.csv,3,1,Home Win,20230401_Bournemouth_Fulham
E0,2023-04-01,Brighton,Brentford,3,3,D,2,2,33,7,15,5,14,0,2,1,0,0,M Oliver,2223,E0_2223.csv,6,0,Draw,20230401_Brighton_Brentford
E0,2023-04-01,Crystal Palace,Leicester City,2,1,H,0,0,31,3,9,2,10,1,3,4,0,0,T Robinson,2223,E0_2223.csv,3,1,Home Win,20230401_CrystalPalace_LeicesterCity
E0,2023-04-01,Nottingham Forest,Wolverhampton Wanderers,1,1,D,1,0,17,8,7,1,4,3,3,5,0,0,C Kavanagh,2223,E0_2223.csv,2,0,Draw,20230401_NottinghamForest_WolverhamptonWanderers
E0,2023-04-01,Chelsea,Aston Villa,0,2,A,0,1,27,5,8,2,13,2,3,3,0,0,A Madley,2223,E0_2223.csv,2,-2,Away Win,20230401_Chelsea_AstonVilla
E0,2023-04-02,West Ham United,Southampton,1,0,H,1,0,12,9,2,3,5,3,0,2,0,0,P Tierney,2223,E0_2223.csv,1,1,Home Win,20230402_WestHamUnited_Southampton
E0,2023-04-02,Newcastle United,Manchester United,2,0,H,0,0,22,6,6,1,7,4,0,0,0,0,S Attwell,2223,E0_2223.csv,2,2,Home Win,20230402_NewcastleUnited_ManchesterUnited
E0,2023-04-03,Everton,Tottenham Hotspur,1,1,D,0,0,15,8,6,2,3,3,0,3,1,1,D Coote,2223,E0_2223.csv,2,0,Draw,20230403_Everton_TottenhamHotspur
E0,2023-04-04,Bournemouth,Brighton,0,2,A,0,1,14,16,3,6,5,5,1,1,0,0,D Bond,2223,E0_2223.csv,2,-2,Away Win,20230404_Bournemouth_Brighton
E0,2023-04-04,Leeds,Nottingham Forest,2,1,H,2,1,21,13,6,1,11,4,1,4,0,0,R Jones,2223,E0_2223.csv,3,1,Home Win,20230404_Leeds_NottinghamForest
E0,2023-04-04,Leicester City,Aston Villa,1,2,A,1,1,9,15,4,5,4,8,2,0,1,0,G Scott,2223,E0_2223.csv,3,-1,Away Win,20230404_LeicesterCity_AstonVilla
E0,2023-04-04,Chelsea,Liverpool,0,0,D,0,0,12,7,3,4,3,5,1,4,0,0,A Taylor,2223,E0_2223.csv,0,0,Draw,20230404_Chelsea_Liverpool
E0,2023-04-05,Manchester United,Brentford,1,0,H,1,0,18,6,3,1,12,3,3,2,0,0,J Brooks,2223,E0_2223.csv,1,1,Home Win,20230405_ManchesterUnited_Brentford
E0,2023-04-05,West Ham United,Newcastle United,1,5,A,1,2,7,15,2,8,7,6,2,1,0,0,C Pawson,2223,E0_2223.csv,6,-4,Away Win,20230405_WestHamUnited_NewcastleUnited
E0,2023-04-08,Southampton,Manchester City,1,4,A,0,1,4,13,1,8,0,10,0,2,0,0,R Jones,2223,E0_2223.csv,5,-3,Away Win,20230408_Southampton_ManchesterCity
E0,2023-04-08,Wolverhampton Wanderers,Chelsea,1,0,H,1,0,9,13,4,1,8,8,2,5,0,0,P Bankes,2223,E0_2223.csv,1,1,Home Win,20230408_WolverhamptonWanderers_Chelsea
E0,2023-04-08,Tottenham Hotspur,Brighton,2,1,H,1,1,9,17,3,4,3,7,3,1,0,0,S Attwell,2223,E0_2223.csv,3,1,Home Win,20230408_TottenhamHotspur_Brighton
E0,2023-04-08,Leicester City,Bournemouth,0,1,A,0,1,14,19,4,7,6,6,0,3,0,0,D Coote,2223,E0_2223.csv,1,-1,Away Win,20230408_LeicesterCity_Bournemouth
E0,2023-04-08,Fulham,West Ham United,0,1,A,0,1,16,9,3,5,11,4,1,1,0,0,J Gillett,2223,E0_2223.csv,1,-1,Away Win,20230408_Fulham_WestHamUnited
E0,2023-04-08,Brentford,Newcastle United,1,2,A,1,0,12,10,6,4,6,5,0,0,0,0,C Kavanagh,2223,E0_2223.csv,3,-1,Away Win,20230408_Brentford_NewcastleUnited
E0,2023-04-08,Aston Villa,Nottingham Forest,2,0,H,0,0,8,6,3,2,1,8,3,4,0,0,A Taylor,2223,E0_2223.csv,2,2,Home Win,20230408_AstonVilla_NottinghamForest
E0,2023-04-08,Manchester United,Everton,2,0,H,1,0,29,15,11,1,10,4,0,0,0,0,M Oliver,2223,E0_2223.csv,2,2,Home Win,20230408_ManchesterUnited_Everton
E0,2023-04-09,Leeds,Crystal Palace,1,5,A,1,1,11,16,7,8,2,4,3,1,0,0,S Hooper,2223,E0_2223.csv,6,-4,Away Win,20230409_Leeds_CrystalPalace
E0,2023-04-09,Liverpool,Arsenal,2,2,D,1,2,21,9,6,5,5,4,4,4,0,0,P Tierney,2223,E0_2223.csv,4,0,Draw,20230409_Liverpool_Arsenal
E0,2023-04-15,Wolverhampton Wanderers,Brentford,2,0,H,1,0,11,10,9,3,5,2,1,1,0,0,P Tierney,2223,E0_2223.csv,2,2,Home Win,20230415_WolverhamptonWanderers_Brentford
E0,2023-04-15,Tottenham Hotspur,Bournemouth,2,3,A,1,1,24,6,8,6,8,1,1,2,0,0,A Madley,2223,E0_2223.csv,5,-1,Away Win,20230415_TottenhamHotspur_Bournemouth
E0,2023-04-15,Southampton,Crystal Palace,0,2,A,0,0,11,9,4,2,6,2,3,1,0,0,M Oliver,2223,E0_2223.csv,2,-2,Away Win,20230415_Southampton_CrystalPalace
E0,2023-04-15,Manchester City,Leicester City,3,1,H,3,0,12,10,4,4,6,2,1,1,0,0,D England,2223,E0_2223.csv,4,2,Home Win,20230415_ManchesterCity_LeicesterCity
E0,2023-04-15,Chelsea,Brighton,1,2,A,1,1,8,26,2,10,2,8,2,2,0,0,R Jones,2223,E0_2223.csv,3,-1,Away Win,20230415_Chelsea_Brighton
E0,2023-04-15,Aston Villa,Newcastle United,3,0,H,1,0,16,8,6,2,7,2,1,1,0,0,J Brooks,2223,E0_2223.csv,3,3,Home Win,20230415_AstonVilla_NewcastleUnited
E0,2023-04-15,Everton,Fulham,1,3,A,1,1,15,21,7,7,4,8,3,2,0,0,A Taylor,2223,E0_2223.csv,4,-2,Away Win,20230415_Everton_Fulham
E0,2023-04-16,West Ham United,Arsenal,2,2,D,1,2,16,11,3,5,7,2,1,2,0,0,D Coote,2223,E0_2223.csv,4,0,Draw,20230416_WestHamUnited_Arsenal
E0,2023-04-16,Nottingham Forest,Manchester United,0,2,A,0,1,6,22,0,8,4,9,2,2,0,0,S Hooper,2223,E0_2223.csv,2,-2,Away Win,20230416_NottinghamForest_ManchesterUnited
E0,2023-04-17,Leeds,Liverpool,1,6,A,0,2,13,13,3,7,4,2,0,1,0,0,C Pawson,2223,E0_2223.csv,7,-5,Away Win,20230417_Leeds_Liverpool
E0,2023-04-21,Arsenal,Southampton,3,3,D,1,2,25,8,6,6,7,2,1,5,0,0,S Hooper,2223,E0_2223.csv,6,0,Draw,20230421_Arsenal_Southampton
E0,2023-04-22,Fulham,Leeds,2,1,H,0,0,12,10,5,2,8,6,1,4,0,0,P Bankes,2223,E0_2223.csv,3,1,Home Win,20230422_Fulham_Leeds
E0,2023-04-22,Brentford,Aston Villa,1,1,D,0,0,6,14,5,2,8,4,3,2,0,0,M Salisbury,2223,E0_2223.csv,2,0,Draw,20230422_Brentford_AstonVilla
E0,2023-04-22,Crystal Palace,Everton,0,0,D,0,0,12,10,2,5,8,1,1,1,0,1,J Brooks,2223,E0_2223.csv,0,0,Draw,20230422_CrystalPalace_Everton
E0,2023-04-22,Leicester City,Wolverhampton Wanderers,2,1,H,1,1,15,16,8,3,1,7,1,3,0,0,A Madley,2223,E0_2223.csv,3,1,Home Win,20230422_LeicesterCity_WolverhamptonWanderers
E0,2023-04-22,Liverpool,Nottingham Forest,3,2,H,0,0,18,11,6,5,9,3,0,1,0,0,M Oliver,2223,E0_2223.csv,5,1,Home Win,20230422_Liverpool_NottinghamForest
E0,2023-04-23,Newcastle United,Tottenham Hotspur,6,1,H,5,0,25,11,8,3,9,3,0,3,0,0,D Coote,2223,E0_2223.csv,7,5,Home Win,20230423_NewcastleUnited_TottenhamHotspur
E0,2023-04-23,Bournemouth,West Ham United,0,4,A,0,3,17,18,5,10,8,5,1,2,0,0,A Taylor,2223,E0_2223.csv,4,-4,Away Win,20230423_Bournemouth_WestHamUnited
E0,2023-04-25,Wolverhampton Wanderers,Crystal Palace,2,0,H,1,0,9,14,3,4,6,11,5,4,0,0,R Jones,2223,E0_2223.csv,2,2,Home Win,20230425_WolverhamptonWanderers_CrystalPalace
E0,2023-04-25,Aston Villa,Fulham,1,0,H,1,0,14,1,3,0,8,2,3,2,0,0,T Bramall,2223,E0_2223.csv,1,1,Home Win,20230425_AstonVilla_Fulham
E0,2023-04-25,Leeds,Leicester City,1,1,D,1,0,13,15,3,3,3,6,4,2,0,0,P Tierney,2223,E0_2223.csv,2,0,Draw,20230425_Leeds_LeicesterCity
E0,2023-04-26,Nottingham Forest,Brighton,3,1,H,1,1,12,17,5,7,2,7,2,0,0,0,J Gillett,2223,E0_2223.csv,4,2,Home Win,20230426_NottinghamForest_Brighton
E0,2023-04-26,Chelsea,Brentford,0,2,A,0,1,15,7,4,1,5,2,1,2,0,0,A Madley,2223,E0_2223.csv,2,-2,Away Win,20230426_Chelsea_Brentford
E0,2023-04-26,West Ham United,Liverpool,1,2,A,1,1,7,20,2,4,3,6,0,0,0,0,C Kavanagh,2223,E0_2223.csv,3,-1,Away Win,20230426_WestHamUnited_Liverpool
E0,2023-04-26,Manchester City,Arsenal,4,1,H,2,0,14,8,9,2,1,3,3,1,0,0,M Oliver,2223,E0_2223.csv,5,3,Home Win,20230426_ManchesterCity_Arsenal
E0,2023-04-27,Everton,Newcastle United,1,4,A,0,1,13,15,5,8,3,14,2,1,0,0,A Marriner,2223,E0_2223.csv,5,-3,Away Win,20230427_Everton_NewcastleUnited
E0,2023-04-27,Southampton,Bournemouth,0,1,A,0,0,11,16,2,2,6,4,0,3,0,0,D England,2223,E0_2223.csv,1,-1,Away Win,20230427_Southampton_Bournemouth
E0,2023-04-27,Tottenham Hotspur,Manchester United,2,2,D,0,2,18,17,7,8,6,8,1,2,0,0,A Taylor,2223,E0_2223.csv,4,0,Draw,20230427_TottenhamHotspur_ManchesterUnited
E0,2023-04-29,Brighton,Wolverhampton Wanderers,6,0,H,4,0,22,10,8,2,2,5,1,1,0,0,D Coote,2223,E0_2223.csv,6,6,Home Win,20230429_Brighton_WolverhamptonWanderers
E0,2023-04-29,Brentford,Nottingham Forest,2,1,H,0,1,14,5,8,3,6,0,1,2,0,0,P Bankes,2223,E0_2223.csv,3,1,Home Win,20230429_Brentford_NottinghamForest
E0,2023-04-29,Crystal Palace,West Ham United,4,3,H,3,2,16,8,6,4,8,5,1,2,0,0,C Pawson,2223,E0_2223.csv,7,1,Home Win,20230429_CrystalPalace_WestHamUnited
E0,2023-04-30,Bournemouth,Leeds,4,1,H,2,1,12,15,7,6,2,6,1,0,0,0,C Kavanagh,2223,E0_2223.csv,5,3,Home Win,20230430_Bournemouth_Leeds
E0,2023-04-30,Fulham,Manchester City,1,2,A,1,2,4,12,1,9,2,5,1,3,0,0,S Hooper,2223,E0_2223.csv,3,-1,Away Win,20230430_Fulham_ManchesterCity
E0,2023-04-30,Manchester United,Aston Villa,1,0,H,1,0,14,7,6,1,1,4,2,0,0,0,J Gillett,2223,E0_2223.csv,1,1,Home Win,20230430_ManchesterUnited_AstonVilla
E0,2023-04-30,Newcastle United,Southampton,3,1,H,0,1,22,4,5,3,11,2,1,4,0,0,A Taylor,2223,E0_2223.csv,4,2,Home Win,20230430_NewcastleUnited_Southampton
E0,2023-04-30,Liverpool,Tottenham Hotspur,4,3,H,3,1,12,10,4,7,5,2,3,2,0,0,P Tierney,2223,E0_2223.csv,7,1,Home Win,20230430_Liverpool_TottenhamHotspur
E0,2023-05-01,Leicester City,Everton,2,2,D,2,1,15,23,6,8,2,9,4,1,0,0,M Oliver,2223,E0_2223.csv,4,0,Draw,20230501_LeicesterCity_Everton
E0,2023-05-02,Arsenal,Chelsea,3,1,H,3,0,16,7,10,4,7,2,0,2,0,0,R Jones,2223,E0_2223.csv,4,2,Home Win,20230502_Arsenal_Chelsea
E0,2023-05-03,Liverpool,Fulham,1,0,H,1,0,15,9,3,3,7,5,0,0,0,0,S Attwell,2223,E0_2223.csv,1,1,Home Win,20230503_Liverpool_Fulham
E0,2023-05-03,Manchester City,West Ham United,3,0,H,0,0,16,6,7,2,6,3,0,1,0,0,J Brooks,2223,E0_2223.csv,3,3,Home Win,20230503_ManchesterCity_WestHamUnited
E0,2023-05-04,Brighton,Manchester United,1,0,H,0,0,22,16,6,5,8,6,4,4,0,0,A Marriner,2223,E0_2223.csv,1,1,Home Win,20230504_Brighton_ManchesterUnited
E0,2023-05-06,Liverpool,Brentford,1,0,H,1,0,15,5,5,1,7,3,4,2,0,0,A Taylor,2223,E0_2223.csv,1,1,Home Win,20230506_Liverpool_Brentford
E0,2023-05-06,Wolverhampton Wanderers,Aston Villa,1,0,H,1,0,6,16,2,3,5,6,3,3,0,0,S Attwell,2223,E0_2223.csv,1,1,Home Win,20230506_WolverhamptonWanderers_AstonVilla
E0,2023-05-06,Bournemouth,Chelsea,1,3,A,1,1,10,11,4,5,7,7,1,3,0,0,J Brooks,2223,E0_2223.csv,4,-2,Away Win,20230506_Bournemouth_Chelsea
E0,2023-05-06,Manchester City,Leeds,2,1,H,2,0,18,4,6,2,10,1,0,3,0,0,A Madley,2223,E0_2223.csv,3,1,Home Win,20230506_ManchesterCity_Leeds
E0,2023-05-06,Tottenham Hotspur,Crystal Palace,1,0,H,1,0,8,7,3,2,8,4,3,5,0,0,D England,2223,E0_2223.csv,1,1,Home Win,20230506_TottenhamHotspur_CrystalPalace
E0,2023-05-07,Newcastle United,Arsenal,0,2,A,0,1,12,10,5,6,9,4,2,1,0,0,C Kavanagh,2223,E0_2223.csv,2,-2,Away Win,20230507_NewcastleUnited_Arsenal
E0,2023-05-07,West Ham United,Manchester United,1,0,H,1,0,15,19,4,4,5,6,0,2,0,0,P Bankes,2223,E0_2223.csv,1,1,Home Win,20230507_WestHamUnited_ManchesterUnited
E0,2023-05-08,Fulham,Leicester City,5,3,H,3,0,17,18,7,9,2,7,0,3,0,0,R Jones,2223,E0_2223.csv,8,2,Home Win,20230508_Fulham_LeicesterCity
E0,2023-05-08,Brighton,Everton,1,5,A,0,3,23,10,5,5,15,1,1,5,0,0,S Hooper,2223,E0_2223.csv,6,-4,Away Win,20230508_Brighton_Everton
E0,2023-05-08,Nottingham Forest,Southampton,4,3,H,3,1,9,19,4,5,2,11,1,0,0,0,M Oliver,2223,E0_2223.csv,7,1,Home Win,20230508_NottinghamForest_Southampton
E0,2023-05-13,Manchester United,Wolverhampton Wanderers,2,0,H,1,0,27,5,9,0,11,7,3,2,0,0,J Brooks,2223,E0_2223.csv,2,2,Home Win,20230513_ManchesterUnited_WolverhamptonWanderers
E0,2023-05-13,Southampton,Fulham,0,2,A,0,0,5,9,1,4,1,8,2,0,0,0,T Bramall,2223,E0_2223.csv,2,-2,Away Win,20230513_Southampton_Fulham
E0,2023-05-13,Crystal Palace,Bournemouth,2,0,H,1,0,17,5,5,0,11,2,0,2,0,0,M Salisbury,2223,E0_2223.csv,2,2,Home Win,20230513_CrystalPalace_Bournemouth
E0,2023-05-13,Aston Villa,Tottenham Hotspur,2,1,H,1,0,8,5,4,2,8,3,3,3,0,0,P Bankes,2223,E0_2223.csv,3,1,Home Win,20230513_AstonVilla_TottenhamHotspur
E0,2023-05-13,Leeds,Newcastle United,2,2,D,1,1,9,18,4,5,2,6,3,2,1,0,S Hooper,2223,E0_2223.csv,4,0,Draw,20230513_Leeds_NewcastleUnited
E0,2023-05-13,Chelsea,Nottingham Forest,2,2,D,0,1,14,11,6,2,2,5,3,1,0,0,P Tierney,2223,E0_2223.csv,4,0,Draw,20230513_Chelsea_NottinghamForest
E0,2023-05-14,Brentford,West Ham United,2,0,H,2,0,24,4,10,4,7,5,1,0,0,0,M Oliver,2223,E0_2223.csv,2,2,Home Win,20230514_Brentford_WestHamUnited
E0,2023-05-14,Everton,Manchester City,0,3,A,0,2,7,9,3,4,8,6,1,0,0,0,A Taylor,2223,E0_2223.csv,3,-3,Away Win,20230514_Everton_ManchesterCity
E0,2023-05-14,Arsenal,Brighton,0,3,A,0,0,14,12,2,6,5,2,1,2,0,0,A Madley,2223,E0_2223.csv,3,-3,Away Win,20230514_Arsenal_Brighton
E0,2023-05-15,Leicester City,Liverpool,0,3,A,0,2,4,16,4,5,4,4,2,1,0,0,C Pawson,2223,E0_2223.csv,3,-3,Away Win,20230515_LeicesterCity_Liverpool
E0,2023-05-18,Newcastle United,Brighton,4,1,H,2,0,22,8,9,2,6,1,2,4,0,0,R Jones,2223,E0_2223.csv,5,3,Home Win,20230518_NewcastleUnited_Brighton
E0,2023-05-20,Fulham,Crystal Palace,2,2,D,1,1,11,11,4,5,7,4,3,0,0,0,J Smith,2223,E0_2223.csv,4,0,Draw,20230520_Fulham_CrystalPalace
E0,2023-05-20,Nottingham Forest,Arsenal,1,0,H,1,0,6,11,2,3,3,6,3,2,0,0,A Taylor,2223,E0_2223.csv,1,1,Home Win,20230520_NottinghamForest_Arsenal
E0,2023-05-20,Wolverhampton Wanderers,Everton,1,1,D,1,0,13,19,5,4,1,7,5,1,0,0,D Coote,2223,E0_2223.csv,2,0,Draw,20230520_WolverhamptonWanderers_Everton
E0,2023-05-20,Bournemouth,Manchester United,0,1,A,0,1,10,20,4,5,3,6,1,0,0,0,C Kavanagh,2223,E0_2223.csv,1,-1,Away Win,20230520_Bournemouth_ManchesterUnited
E0,2023-05-20,Tottenham Hotspur,Brentford,1,3,A,1,0,22,11,8,4,8,2,1,1,0,0,J Gillett,2223,E0_2223.csv,4,-2,Away Win,20230520_TottenhamHotspur_Brentford
E0,2023-05-20,Liverpool,Aston Villa,1,1,D,0,1,10,6,5,3,9,4,3,5,0,0,J Brooks,2223,E0_2223.csv,2,0,Draw,20230520_Liverpool_AstonVilla
E0,2023-05-21,West Ham United,Leeds,3,1,H,1,1,19,12,9,3,9,5,1,3,0,0,P Bankes,2223,E0_2223.csv,4,2,Home Win,20230521_WestHamUnited_Leeds
E0,2023-05-21,Brighton,Southampton,3,1,H,2,0,26,5,8,1,4,3,2,5,0,0,P Tierney,2223,E0_2223.csv,4,2,Home Win,20230521_Brighton_Southampton
E0,2023-05-21,Manchester City,Chelsea,1,0,H,1,0,15,13,2,6,5,2,0,2,0,0,M Oliver,2223,E0_2223.csv,1,1,Home Win,20230521_ManchesterCity_Chelsea
E0,2023-05-22,Newcastle United,Leicester City,0,0,D,0,0,23,1,4,1,12,1,2,0,0,0,A Marriner,2223,E0_2223.csv,0,0,Draw,20230522_NewcastleUnited_LeicesterCity
E0,2023-05-24,Brighton,Manchester City,1,1,D,1,1,20,13,7,4,5,1,2,1,0,0,S Hooper,2223,E0_2223.csv,2,0,Draw,20230524_Brighton_ManchesterCity
E0,2023-05-25,Manchester United,Chelsea,4,1,H,2,0,18,14,9,5,3,4,1,1,0,0,S Attwell,2223,E0_2223.csv,5,3,Home Win,20230525_ManchesterUnited_Chelsea
E0,2023-05-28,Manchester United,Fulham,2,1,H,1,1,21,10,8,3,5,4,1,2,0,0,R Jones,2223,E0_2223.csv,3,1,Home Win,20230528_ManchesterUnited_Fulham
E0,2023-05-28,Leicester City,West Ham United,2,1,H,1,0,13,16,4,3,3,5,1,1,0,0,S Hooper,2223,E0_2223.csv,3,1,Home Win,20230528_LeicesterCity_WestHamUnited
E0,2023-05-28,Southampton,Liverpool,4,4,D,2,2,15,30,10,8,2,9,0,2,0,0,D England,2223,E0_2223.csv,8,0,Draw,20230528_Southampton_Liverpool
E0,2023-05-28,Everton,Bournemouth,1,0,H,0,0,13,7,6,2,9,3,1,3,0,0,S Attwell,2223,E0_2223.csv,1,1,Home Win,20230528_Everton_Bournemouth
E0,2023-05-28,Leeds,Tottenham Hotspur,1,4,A,0,1,19,11,2,7,12,3,3,0,0,0,A Taylor,2223,E0_2223.csv,5,-3,Away Win,20230528_Leeds_TottenhamHotspur
E0,2023-05-28,Chelsea,Newcastle United,1,1,D,1,1,22,13,5,4,10,3,0,0,0,0,J Gillett,2223,E0_2223.csv,2,0,Draw,20230528_Chelsea_NewcastleUnited
E0,2023-05-28,Arsenal,Wolverhampton Wanderers,5,0,H,3,0,14,6,8,0,8,4,0,0,0,0,A Marriner,2223,E0_2223.csv,5,5,Home Win,20230528_Arsenal_WolverhamptonWanderers
E0,2023-05-28,Aston Villa,Brighton,2,1,H,2,1,12,8,5,4,4,3,4,4,0,0,D Coote,2223,E0_2223.csv,3,1,Home Win,20230528_AstonVilla_Brighton
E0,2023-05-28,Crystal Palace,Nottingham Forest,1,1,D,0,1,16,7,4,4,5,4,0,2,0,0,T Bramall,2223,E0_2223.csv,2,0,Draw,20230528_CrystalPalace_NottinghamForest
E0,2023-05-28,Brentford,Manchester City,1,0,H,0,0,11,17,4,3,3,4,4,0,0,0,J Brooks,2223,E0_2223.csv,1,1,Home Win,20230528_Brentford_ManchesterCity
E0,2023-08-11,Burnley,Manchester City,0,3,A,0,2,6,17,1,8,6,5,0,0,1,0,C Pawson,2324,E0_2324.csv,3,-3,Away Win,20230811_Burnley_ManchesterCity
E0,2023-08-12,Arsenal,Nottingham Forest,2,1,H,2,0,15,6,7,2,8,3,2,2,0,0,M Oliver,2324,E0_2324.csv,3,1,Home Win,20230812_Arsenal_NottinghamForest
E0,2023-08-12,Bournemouth,West Ham United,1,1,D,0,0,14,16,5,3,10,4,1,4,0,0,P Bankes,2324,E0_2324.csv,2,0,Draw,20230812_Bournemouth_WestHamUnited
E0,2023-08-12,Brighton,Luton,4,1,H,1,0,27,9,12,3,6,7,2,2,0,0,D Coote,2324,E0_2324.csv,5,3,Home Win,20230812_Brighton_Luton
E0,2023-08-12,Everton,Fulham,0,1,A,0,0,19,9,9,2,10,4,0,2,0,0,S Attwell,2324,E0_2324.csv,1,-1,Away Win,20230812_Everton_Fulham
E0,2023-08-12,Sheffield United,Crystal Palace,0,1,A,0,0,8,24,1,8,5,5,3,0,0,0,J Brooks,2324,E0_2324.csv,1,-1,Away Win,20230812_SheffieldUnited_CrystalPalace
E0,2023-08-12,Newcastle United,Aston Villa,5,1,H,2,1,17,16,13,6,6,5,4,4,0,0,A Madley,2324,E0_2324.csv,6,4,Home Win,20230812_NewcastleUnited_AstonVilla
E0,2023-08-13,Chelsea,Liverpool,1,1,D,1,1,10,13,4,1,4,4,3,3,0,0,A Taylor,2324,E0_2324.csv,2,0,Draw,20230813_Chelsea_Liverpool
E0,2023-08-13,Brentford,Tottenham Hotspur,2,2,D,2,2,11,18,6,6,3,6,1,4,0,0,R Jones,2324,E0_2324.csv,4,0,Draw,20230813_Brentford_TottenhamHotspur
E0,2023-08-14,Manchester United,Wolverhampton Wanderers,1,0,H,0,0,15,23,3,6,8,7,2,3,0,0,S Hooper,2324,E0_2324.csv,1,1,Home Win,20230814_ManchesterUnited_WolverhamptonWanderers
E0,2023-08-18,Nottingham Forest,Sheffield United,2,1,H,1,0,16,7,4,3,6,7,2,3,0,0,P Bankes,2324,E0_2324.csv,3,1,Home Win,20230818_NottinghamForest_SheffieldUnited
E0,2023-08-19,Fulham,Brentford,0,3,A,0,1,10,17,2,8,5,5,2,2,1,0,D Bond,2324,E0_2324.csv,3,-3,Away Win,20230819_Fulham_Brentford
E0,2023-08-19,Liverpool,Bournemouth,3,1,H,2,1,26,13,10,5,10,2,1,3,1,0,T Bramall,2324,E0_2324.csv,4,2,Home Win,20230819_Liverpool_Bournemouth
E0,2023-08-19,Wolverhampton Wanderers,Brighton,1,4,A,0,1,16,16,5,8,5,3,3,6,1,0,A Madley,2324,E0_2324.csv,5,-3,Away Win,20230819_WolverhamptonWanderers_Brighton
E0,2023-08-19,Tottenham Hotspur,Manchester United,2,0,H,0,0,17,22,6,6,5,6,1,3,0,0,M Oliver,2324,E0_2324.csv,2,2,Home Win,20230819_TottenhamHotspur_ManchesterUnited
E0,2023-08-19,Manchester City,Newcastle United,1,0,H,1,0,14,7,4,1,3,0,1,5,0,0,R Jones,2324,E0_2324.csv,1,1,Home Win,20230819_ManchesterCity_NewcastleUnited
E0,2023-08-20,Aston Villa,Everton,4,0,H,2,0,13,9,7,2,7,6,3,4,0,0,A Taylor,2324,E0_2324.csv,4,4,Home Win,20230820_AstonVilla_Everton
E0,2023-08-20,West Ham United,Chelsea,3,1,H,1,1,12,17,6,4,3,9,2,3,1,0,J Brooks,2324,E0_2324.csv,4,2,Home Win,20230820_WestHamUnited_Chelsea
E0,2023-08-21,Crystal Palace,Arsenal,0,1,A,0,0,14,14,2,3,1,8,2,1,0,1,D Coote,2324,E0_2324.csv,1,-1,Away Win,20230821_CrystalPalace_Arsenal
E0,2023-08-25,Chelsea,Luton,3,0,H,1,0,19,11,8,1,6,4,2,3,0,0,R Jones,2324,E0_2324.csv,3,3,Home Win,20230825_Chelsea_Luton
E0,2023-08-26,Manchester United,Nottingham Forest,3,2,H,1,2,18,9,9,4,11,3,4,4,0,1,S Attwell,2324,E0_2324.csv,5,1,Home Win,20230826_ManchesterUnited_NottinghamForest
E0,2023-08-26,Brighton,West Ham United,1,3,A,0,1,25,12,10,3,17,4,1,3,0,0,A Taylor,2324,E0_2324.csv,4,-2,Away Win,20230826_Brighton_WestHamUnited
E0,2023-08-26,Everton,Wolverhampton Wanderers,0,1,A,0,0,15,11,7,2,7,0,3,4,0,0,C Pawson,2324,E0_2324.csv,1,-1,Away Win,20230826_Everton_WolverhamptonWanderers
E0,2023-08-26,Bournemouth,Tottenham Hotspur,0,2,A,0,1,11,17,3,6,6,2,1,3,0,0,T Robinson,2324,E0_2324.csv,2,-2,Away Win,20230826_Bournemouth_TottenhamHotspur
E0,2023-08-26,Arsenal,Fulham,2,2,D,0,1,19,8,11,3,8,3,0,3,0,1,P Tierney,2324,E0_2324.csv,4,0,Draw,20230826_Arsenal_Fulham
E0,2023-08-26,Brentford,Crystal Palace,1,1,D,1,0,12,15,1,5,8,6,0,0,0,0,P Bankes,2324,E0_2324.csv,2,0,Draw,20230826_Brentford_CrystalPalace
E0,2023-08-27,Burnley,Aston Villa,1,3,A,0,2,9,16,2,6,4,6,2,0,0,0,M Salisbury,2324,E0_2324.csv,4,-2,Away Win,20230827_Burnley_AstonVilla
E0,2023-08-27,Sheffield United,Manchester City,1,2,A,0,0,6,30,2,9,1,12,3,0,0,0,J Gillett,2324,E0_2324.csv,3,-1,Away Win,20230827_SheffieldUnited_ManchesterCity
E0,2023-08-27,Newcastle United,Liverpool,1,2,A,1,0,23,9,8,4,5,9,1,2,0,1,J Brooks,2324,E0_2324.csv,3,-1,Away Win,20230827_NewcastleUnited_Liverpool
E0,2023-09-01,Luton,West Ham United,1,2,A,0,1,16,9,1,3,9,6,1,1,0,0,P Tierney,2324,E0_2324.csv,3,-1,Away Win,20230901_Luton_WestHamUnited
E0,2023-09-02,Sheffield United,Everton,2,2,D,2,1,13,16,8,6,4,6,1,2,0,0,A Madley,2324,E0_2324.csv,4,0,Draw,20230902_SheffieldUnited_Everton
E0,2023-09-02,Brentford,Bournemouth,2,2,D,1,1,21,12,7,5,5,2,1,2,0,0,R Madley,2324,E0_2324.csv,4,0,Draw,20230902_Brentford_Bournemouth
E0,2023-09-02,Burnley,Tottenham Hotspur,2,5,A,1,2,16,20,4,10,7,4,4,3,0,0,D England,2324,E0_2324.csv,7,-3,Away Win,20230902_Burnley_TottenhamHotspur
E0,2023-09-02,Chelsea,Nottingham Forest,0,1,A,0,0,21,7,2,3,8,0,3,4,0,0,T Robinson,2324,E0_2324.csv,1,-1,Away Win,20230902_Chelsea_NottinghamForest
E0,2023-09-02,Manchester City,Fulham,5,1,H,2,1,7,6,5,4,4,5,2,4,0,0,M Oliver,2324,E0_2324.csv,6,4,Home Win,20230902_ManchesterCity_Fulham
E0,2023-09-02,Brighton,Newcastle United,3,1,H,1,0,15,9,6,2,5,3,4,4,0,0,S Attwell,2324,E0_2324.csv,4,2,Home Win,20230902_Brighton_NewcastleUnited
E0,2023-09-03,Liverpool,Aston Villa,3,0,H,2,0,17,9,4,3,7,3,0,1,0,0,S Hooper,2324,E0_2324.csv,3,3,Home Win,20230903_Liverpool_AstonVilla
E0,2023-09-03,Crystal Palace,Wolverhampton Wanderers,3,2,H,0,0,16,12,11,4,4,2,1,3,0,0,R Jones,2324,E0_2324.csv,5,1,Home Win,20230903_CrystalPalace_WolverhamptonWanderers
E0,2023-09-03,Arsenal,Manchester United,3,1,H,1,1,17,10,5,2,12,3,2,3,0,0,A Taylor,2324,E0_2324.csv,4,2,Home Win,20230903_Arsenal_ManchesterUnited
E0,2023-09-16,Newcastle United,Brentford,1,0,H,0,0,9,11,2,2,8,3,3,5,0,0,C Pawson,2324,E0_2324.csv,1,1,Home Win,20230916_NewcastleUnited_Brentford
E0,2023-09-16,West Ham United,Manchester City,1,3,A,1,0,6,29,3,15,4,11,3,2,0,0,A Madley,2324,E0_2324.csv,4,-2,Away Win,20230916_WestHamUnited_ManchesterCity
E0,2023-09-16,Manchester United,Brighton,1,3,A,0,1,14,10,4,8,8,1,2,2,0,0,J Gillett,2324,E0_2324.csv,4,-2,Away Win,20230916_ManchesterUnited_Brighton
E0,2023-09-16,Tottenham Hotspur,Sheffield United,2,1,H,0,0,28,7,10,5,15,2,6,5,0,1,P Bankes,2324,E0_2324.csv,3,1,Home Win,20230916_TottenhamHotspur_SheffieldUnited
E0,2023-09-16,Aston Villa,Crystal Palace,3,1,H,0,0,16,6,5,3,4,2,5,3,0,0,D England,2324,E0_2324.csv,4,2,Home Win,20230916_AstonVilla_CrystalPalace
E0,2023-09-16,Wolverhampton Wanderers,Liverpool,1,3,A,1,0,11,16,2,6,4,4,1,3,0,0,M Oliver,2324,E0_2324.csv,4,-2,Away Win,20230916_WolverhamptonWanderers_Liverpool
E0,2023-09-16,Fulham,Luton,1,0,H,0,0,13,7,2,2,6,2,2,2,0,0,M Salisbury,2324,E0_2324.csv,1,1,Home Win,20230916_Fulham_Luton
E0,2023-09-17,Bournemouth,Chelsea,0,0,D,0,0,13,14,4,6,1,7,1,5,0,0,D Coote,2324,E0_2324.csv,0,0,Draw,20230917_Bournemouth_Chelsea
E0,2023-09-17,Everton,Arsenal,0,1,A,0,0,8,13,1,4,1,11,1,1,0,0,S Hooper,2324,E0_2324.csv,1,-1,Away Win,20230917_Everton_Arsenal
E0,2023-09-18,Nottingham Forest,Burnley,1,1,D,0,1,14,10,4,3,5,4,2,3,0,1,R Jones,2324,E0_2324.csv,2,0,Draw,20230918_NottinghamForest_Burnley
E0,2023-09-23,Brentford,Everton,1,3,A,1,1,12,18,2,6,1,4,2,2,0,0,M Oliver,2324,E0_2324.csv,4,-2,Away Win,20230923_Brentford_Everton
E0,2023-09-23,Crystal Palace,Fulham,0,0,D,0,0,7,10,3,5,3,2,3,2,0,0,P Tierney,2324,E0_2324.csv,0,0,Draw,20230923_CrystalPalace_Fulham
E0,2023-09-23,Luton,Wolverhampton Wanderers,1,1,D,0,0,20,3,4,3,10,1,0,2,0,1,J Smith,2324,E0_2324.csv,2,0,Draw,20230923_Luton_WolverhamptonWanderers
E0,2023-09-23,Manchester City,Nottingham Forest,2,0,H,2,0,7,10,4,3,6,6,3,7,1,0,A Taylor,2324,E0_2324.csv,2,2,Home Win,20230923_ManchesterCity_NottinghamForest
E0,2023-09-23,Burnley,Manchester United,0,1,A,0,1,12,11,4,4,9,5,1,2,0,0,T Harrington,2324,E0_2324.csv,1,-1,Away Win,20230923_Burnley_ManchesterUnited
E0,2023-09-24,Arsenal,Tottenham Hotspur,2,2,D,1,1,13,13,6,5,11,4,3,4,0,0,R Jones,2324,E0_2324.csv,4,0,Draw,20230924_Arsenal_TottenhamHotspur
E0,2023-09-24,Brighton,Bournemouth,3,1,H,1,1,13,12,4,4,4,4,3,3,0,0,J Brooks,2324,E0_2324.csv,4,2,Home Win,20230924_Brighton_Bournemouth
E0,2023-09-24,Chelsea,Aston Villa,0,1,A,0,0,10,15,4,7,5,11,2,3,0,0,J Gillett,2324,E0_2324.csv,1,-1,Away Win,20230924_Chelsea_AstonVilla
E0,2023-09-24,Liverpool,West Ham United,3,1,H,1,1,22,11,7,4,7,4,0,2,0,0,C Kavanagh,2324,E0_2324.csv,4,2,Home Win,20230924_Liverpool_WestHamUnited
E0,2023-09-24,Sheffield United,Newcastle United,0,8,A,0,3,9,22,1,15,2,6,3,0,0,0,S Attwell,2324,E0_2324.csv,8,-8,Away Win,20230924_SheffieldUnited_NewcastleUnited
E0,2023-09-30,Wolverhampton Wanderers,Manchester City,2,1,H,1,0,3,23,1,8,0,6,5,4,0,0,C Pawson,2324,E0_2324.csv,3,1,Home Win,20230930_WolverhamptonWanderers_ManchesterCity
E0,2023-09-30,West Ham United,Sheffield United,2,0,H,2,0,20,16,9,2,7,4,1,1,0,0,G Scott,2324,E0_2324.csv,2,2,Home Win,20230930_WestHamUnited_SheffieldUnited
E0,2023-09-30,Tottenham Hotspur,Liverpool,2,1,H,1,1,24,12,8,4,12,5,5,4,0,2,S Hooper,2324,E0_2324.csv,3,1,Home Win,20230930_TottenhamHotspur_Liverpool
E0,2023-09-30,Newcastle United,Burnley,2,0,H,1,0,20,8,8,2,5,3,1,3,0,0,T Bramall,2324,E0_2324.csv,2,2,Home Win,20230930_NewcastleUnited_Burnley
E0,2023-09-30,Manchester United,Crystal Palace,0,1,A,0,1,19,8,4,2,10,4,3,2,0,0,C Kavanagh,2324,E0_2324.csv,1,-1,Away Win,20230930_ManchesterUnited_CrystalPalace
E0,2023-09-30,Everton,Luton,1,2,A,1,2,23,9,5,2,3,6,0,1,0,0,A Taylor,2324,E0_2324.csv,3,-1,Away Win,20230930_Everton_Luton
E0,2023-09-30,Bournemouth,Arsenal,0,4,A,0,2,8,15,1,8,6,6,0,1,0,0,M Salisbury,2324,E0_2324.csv,4,-4,Away Win,20230930_Bournemouth_Arsenal
E0,2023-09-30,Aston Villa,Brighton,6,1,H,3,0,19,11,9,3,1,3,4,4,0,0,A Madley,2324,E0_2324.csv,7,5,Home Win,20230930_AstonVilla_Brighton
E0,2023-10-01,Nottingham Forest,Brentford,1,1,D,0,0,6,18,1,5,1,11,1,2,1,0,P Tierney,2324,E0_2324.csv,2,0,Draw,20231001_NottinghamForest_Brentford
E0,2023-10-02,Fulham,Chelsea,0,2,A,0,2,10,11,3,4,8,1,1,4,0,0,T Robinson,2324,E0_2324.csv,2,-2,Away Win,20231002_Fulham_Chelsea
E0,2023-10-03,Luton,Burnley,1,2,A,0,1,18,14,3,4,7,6,4,2,0,0,P Bankes,2324,E0_2324.csv,3,-1,Away Win,20231003_Luton_Burnley
E0,2023-10-07,Crystal Palace,Nottingham Forest,0,0,D,0,0,8,16,2,5,3,7,0,1,0,0,C Pawson,2324,E0_2324.csv,0,0,Draw,20231007_CrystalPalace_NottinghamForest
E0,2023-10-07,Manchester United,Brentford,2,1,H,0,1,21,11,8,3,7,5,0,5,0,0,A Madley,2324,E0_2324.csv,3,1,Home Win,20231007_ManchesterUnited_Brentford
E0,2023-10-07,Fulham,Sheffield United,3,1,H,0,0,20,5,6,2,9,4,1,2,0,0,S Barrott,2324,E0_2324.csv,4,2,Home Win,20231007_Fulham_SheffieldUnited
E0,2023-10-07,Burnley,Chelsea,1,4,A,1,1,10,9,3,5,7,3,2,4,0,0,S Attwell,2324,E0_2324.csv,5,-3,Away Win,20231007_Burnley_Chelsea
E0,2023-10-07,Luton,Tottenham Hotspur,0,1,A,0,0,12,15,2,4,5,6,2,1,0,1,J Brooks,2324,E0_2324.csv,1,-1,Away Win,20231007_Luton_TottenhamHotspur
E0,2023-10-07,Everton,Bournemouth,3,0,H,2,0,25,11,8,4,8,7,1,2,0,0,D Coote,2324,E0_2324.csv,3,3,Home Win,20231007_Everton_Bournemouth
E0,2023-10-08,Brighton,Liverpool,2,2,D,1,2,14,14,3,4,8,1,1,2,0,0,A Taylor,2324,E0_2324.csv,4,0,Draw,20231008_Brighton_Liverpool
E0,2023-10-08,West Ham United,Newcastle United,2,2,D,1,0,5,10,3,3,4,2,3,3,0,0,P Bankes,2324,E0_2324.csv,4,0,Draw,20231008_WestHamUnited_NewcastleUnited
E0,2023-10-08,Wolverhampton Wanderers,Aston Villa,1,1,D,0,0,8,18,3,4,2,10,2,2,1,0,R Jones,2324,E0_2324.csv,2,0,Draw,20231008_WolverhamptonWanderers_AstonVilla
E0,2023-10-08,Arsenal,Manchester City,1,0,H,0,0,12,4,2,1,5,4,2,3,0,0,M Oliver,2324,E0_2324.csv,1,1,Home Win,20231008_Arsenal_ManchesterCity
E0,2023-10-21,Nottingham Forest,Luton,2,2,D,0,0,19,13,8,4,4,2,3,0,0,0,S Barrott,2324,E0_2324.csv,4,0,Draw,20231021_NottinghamForest_Luton
E0,2023-10-21,Chelsea,Arsenal,2,2,D,1,0,11,13,5,3,2,7,3,3,0,0,C Kavanagh,2324,E0_2324.csv,4,0,Draw,20231021_Chelsea_Arsenal
E0,2023-10-21,Newcastle United,Crystal Palace,4,0,H,3,0,10,17,7,3,6,8,2,3,0,0,T Robinson,2324,E0_2324.csv,4,4,Home Win,20231021_NewcastleUnited_CrystalPalace
E0,2023-10-21,Sheffield United,Manchester United,1,2,A,1,1,12,14,6,5,5,4,3,1,0,0,M Oliver,2324,E0_2324.csv,3,-1,Away Win,20231021_SheffieldUnited_ManchesterUnited
E0,2023-10-21,Brentford,Burnley,3,0,H,1,0,23,6,10,1,5,5,5,2,0,1,J Smith,2324,E0_2324.csv,3,3,Home Win,20231021_Brentford_Burnley
E0,2023-10-21,Bournemouth,Wolverhampton Wanderers,1,2,A,1,0,7,20,4,7,3,12,2,6,1,0,P Tierney,2324,E0_2324.csv,3,-1,Away Win,20231021_Bournemouth_WolverhamptonWanderers
E0,2023-10-21,Liverpool,Everton,2,0,H,0,0,26,6,6,1,12,4,1,1,0,1,C Pawson,2324,E0_2324.csv,2,2,Home Win,20231021_Liverpool_Everton
E0,2023-10-21,Manchester City,Brighton,2,1,H,2,0,10,5,6,3,2,2,2,2,1,0,R Jones,2324,E0_2324.csv,3,1,Home Win,20231021_ManchesterCity_Brighton
E0,2023-10-22,Aston Villa,West Ham United,4,1,H,1,0,15,14,7,4,8,7,0,1,0,0,D Coote,2324,E0_2324.csv,5,3,Home Win,20231022_AstonVilla_WestHamUnited
E0,2023-10-23,Tottenham Hotspur,Fulham,2,0,H,1,0,15,10,5,3,3,5,2,0,0,0,A Taylor,2324,E0_2324.csv,2,2,Home Win,20231023_TottenhamHotspur_Fulham
E0,2023-10-27,Crystal Palace,Tottenham Hotspur,1,2,A,0,0,13,10,3,1,11,2,2,1,0,0,A Madley,2324,E0_2324.csv,3,-1,Away Win,20231027_CrystalPalace_TottenhamHotspur
E0,2023-10-28,Wolverhampton Wanderers,Newcastle United,2,2,D,1,2,11,13,6,5,8,7,1,4,0,0,A Taylor,2324,E0_2324.csv,4,0,Draw,20231028_WolverhamptonWanderers_NewcastleUnited
E0,2023-10-28,Bournemouth,Burnley,2,1,H,1,1,13,6,6,3,10,5,2,3,0,0,S Barrott,2324,E0_2324.csv,3,1,Home Win,20231028_Bournemouth_Burnley
E0,2023-10-28,Chelsea,Brentford,0,2,A,0,0,17,7,2,5,10,1,1,4,0,0,S Hooper,2324,E0_2324.csv,2,-2,Away Win,20231028_Chelsea_Brentford
E0,2023-10-28,Arsenal,Sheffield United,5,0,H,1,0,13,2,8,0,6,1,0,3,0,0,T Robinson,2324,E0_2324.csv,5,5,Home Win,20231028_Arsenal_SheffieldUnited
E0,2023-10-29,West Ham United,Everton,0,1,A,0,0,12,10,2,4,4,3,4,1,0,0,S Attwell,2324,E0_2324.csv,1,-1,Away Win,20231029_WestHamUnited_Everton
E0,2023-10-29,Aston Villa,Luton,3,1,H,1,0,17,7,6,1,6,4,3,2,0,0,J Brooks,2324,E0_2324.csv,4,2,Home Win,20231029_AstonVilla_Luton
E0,2023-10-29,Brighton,Fulham,1,1,D,1,0,18,10,7,5,7,3,0,3,0,0,M Salisbury,2324,E0_2324.csv,2,0,Draw,20231029_Brighton_Fulham
E0,2023-10-29,Liverpool,Nottingham Forest,3,0,H,2,0,21,9,8,1,8,3,2,3,0,0,C Kavanagh,2324,E0_2324.csv,3,3,Home Win,20231029_Liverpool_NottinghamForest
E0,2023-10-29,Manchester United,Manchester City,0,3,A,0,1,7,21,3,10,7,12,4,1,0,0,P Tierney,2324,E0_2324.csv,3,-3,Away Win,20231029_ManchesterUnited_ManchesterCity
E0,2023-11-04,Newcastle United,Arsenal,1,0,H,0,0,9,14,2,1,0,11,5,1,0,0,S Attwell,2324,E0_2324.csv,1,1,Home Win,20231104_NewcastleUnited_Arsenal
E0,2023-11-04,Manchester City,Bournemouth,6,1,H,3,0,21,5,8,1,12,1,0,1,0,0,C Pawson,2324,E0_2324.csv,7,5,Home Win,20231104_ManchesterCity_Bournemouth
E0,2023-11-04,Everton,Brighton,1,1,D,1,0,10,7,4,2,3,3,4,2,0,0,T Robinson,2324,E0_2324.csv,2,0,Draw,20231104_Everton_Brighton
E0,2023-11-04,Sheffield United,Wolverhampton Wanderers,2,1,H,0,0,11,10,2,3,4,4,2,3,0,0,R Jones,2324,E0_2324.csv,3,1,Home Win,20231104_SheffieldUnited_WolverhamptonWanderers
E0,2023-11-04,Brentford,West Ham United,3,2,H,1,2,16,12,4,2,4,3,1,4,0,0,T Bramall,2324,E0_2324.csv,5,1,Home Win,20231104_Brentford_WestHamUnited
E0,2023-11-04,Fulham,Manchester United,0,1,A,0,0,18,12,3,5,9,4,5,2,0,0,J Brooks,2324,E0_2324.csv,1,-1,Away Win,20231104_Fulham_ManchesterUnited
E0,2023-11-04,Burnley,Crystal Palace,0,2,A,0,1,17,4,5,3,12,1,0,5,0,0,P Bankes,2324,E0_2324.csv,2,-2,Away Win,20231104_Burnley_CrystalPalace
E0,2023-11-05,Nottingham Forest,Aston Villa,2,0,H,1,0,5,13,3,3,0,10,1,1,0,0,J Gillett,2324,E0_2324.csv,2,2,Home Win,20231105_NottinghamForest_AstonVilla
E0,2023-11-05,Luton,Liverpool,1,1,D,0,0,8,24,5,6,4,7,1,1,0,0,A Madley,2324,E0_2324.csv,2,0,Draw,20231105_Luton_Liverpool
E0,2023-11-06,Tottenham Hotspur,Chelsea,1,4,A,1,1,8,17,5,8,1,6,1,5,2,0,M Oliver,2324,E0_2324.csv,5,-3,Away Win,20231106_TottenhamHotspur_Chelsea
E0,2023-11-11,Wolverhampton Wanderers,Tottenham Hotspur,2,1,H,0,1,17,6,4,2,11,3,4,3,0,0,T Robinson,2324,E0_2324.csv,3,1,Home Win,20231111_WolverhamptonWanderers_TottenhamHotspur
E0,2023-11-11,Arsenal,Burnley,3,1,H,1,0,16,8,6,5,3,3,0,1,1,0,M Oliver,2324,E0_2324.csv,4,2,Home Win,20231111_Arsenal_Burnley
E0,2023-11-11,Crystal Palace,Everton,2,3,A,1,1,13,8,4,4,9,2,1,4,0,0,S Barrott,2324,E0_2324.csv,5,-1,Away Win,20231111_CrystalPalace_Everton
E0,2023-11-11,Manchester United,Luton,1,0,H,0,0,15,10,4,4,11,3,0,2,0,0,G Scott,2324,E0_2324.csv,1,1,Home Win,20231111_ManchesterUnited_Luton
E0,2023-11-11,Bournemouth,Newcastle United,2,0,H,0,0,19,8,10,5,6,5,2,1,0,0,C Kavanagh,2324,E0_2324.csv,2,2,Home Win,20231111_Bournemouth_NewcastleUnited
E0,2023-11-12,Chelsea,Manchester City,4,4,D,2,2,17,15,9,10,3,3,5,3,0,0,A Taylor,2324,E0_2324.csv,8,0,Draw,20231112_Chelsea_ManchesterCity
E0,2023-11-12,West Ham United,Nottingham Forest,3,2,H,1,1,16,10,6,5,9,4,2,2,0,0,M Salisbury,2324,E0_2324.csv,5,1,Home Win,20231112_WestHamUnited_NottinghamForest
E0,2023-11-12,Aston Villa,Fulham,3,1,H,2,0,12,9,6,5,2,2,2,5,0,0,S Hooper,2324,E0_2324.csv,4,2,Home Win,20231112_AstonVilla_Fulham
E0,2023-11-12,Brighton,Sheffield United,1,1,D,1,0,11,9,6,1,6,3,3,2,1,0,J Brooks,2324,E0_2324.csv,2,0,Draw,20231112_Brighton_SheffieldUnited
E0,2023-11-12,Liverpool,Brentford,3,0,H,1,0,17,16,10,3,6,8,1,2,0,0,P Tierney,2324,E0_2324.csv,3,3,Home Win,20231112_Liverpool_Brentford
E0,2023-11-25,Manchester City,Liverpool,1,1,D,1,0,16,8,5,3,9,6,1,3,0,0,C Kavanagh,2324,E0_2324.csv,2,0,Draw,20231125_ManchesterCity_Liverpool
E0,2023-11-25,Burnley,West Ham United,1,2,A,0,0,11,11,5,3,4,5,1,3,0,0,S Barrott,2324,E0_2324.csv,3,-1,Away Win,20231125_Burnley_WestHamUnited
E0,2023-11-25,Luton,Crystal Palace,2,1,H,0,0,8,16,3,8,4,5,6,1,0,0,J Gillett,2324,E0_2324.csv,3,1,Home Win,20231125_Luton_CrystalPalace
E0,2023-11-25,Newcastle United,Chelsea,4,1,H,1,1,14,7,5,4,4,2,4,4,0,1,S Hooper,2324,E0_2324.csv,5,3,Home Win,20231125_NewcastleUnited_Chelsea
E0,2023-11-25,Nottingham Forest,Brighton,2,3,A,1,2,18,11,5,5,6,4,2,4,0,1,A Taylor,2324,E0_2324.csv,5,-1,Away Win,20231125_NottinghamForest_Brighton
E0,2023-11-25,Sheffield United,Bournemouth,1,3,A,0,2,10,23,2,11,4,7,4,1,0,0,A Madley,2324,E0_2324.csv,4,-2,Away Win,20231125_SheffieldUnited_Bournemouth
E0,2023-11-25,Brentford,Arsenal,0,1,A,0,0,9,15,3,4,1,8,1,1,0,0,T Robinson,2324,E0_2324.csv,1,-1,Away Win,20231125_Brentford_Arsenal
E0,2023-11-26,Everton,Manchester United,0,3,A,0,1,24,9,6,4,6,5,3,0,0,0,J Brooks,2324,E0_2324.csv,3,-3,Away Win,20231126_Everton_ManchesterUnited
E0,2023-11-26,Tottenham Hotspur,Aston Villa,1,2,A,1,1,18,15,8,5,9,3,0,4,0,0,R Jones,2324,E0_2324.csv,3,-1,Away Win,20231126_TottenhamHotspur_AstonVilla
E0,2023-11-27,Fulham,Wolverhampton Wanderers,3,2,H,1,1,12,10,6,6,6,2,2,2,0,0,M Salisbury,2324,E0_2324.csv,5,1,Home Win,20231127_Fulham_WolverhamptonWanderers
E0,2023-12-02,Arsenal,Wolverhampton Wanderers,2,1,H,2,0,19,6,6,3,4,0,1,2,0,0,P Bankes,2324,E0_2324.csv,3,1,Home Win,20231202_Arsenal_WolverhamptonWanderers
E0,2023-12-02,Brentford,Luton,3,1,H,0,0,27,7,6,1,7,5,1,2,0,0,A Taylor,2324,E0_2324.csv,4,2,Home Win,20231202_Brentford_Luton
E0,2023-12-02,Burnley,Sheffield United,5,0,H,2,0,19,6,7,3,6,1,2,5,0,1,C Kavanagh,2324,E0_2324.csv,5,5,Home Win,20231202_Burnley_SheffieldUnited
E0,2023-12-02,Nottingham Forest,Everton,0,1,A,0,0,13,12,2,3,4,3,1,0,0,0,P Tierney,2324,E0_2324.csv,1,-1,Away Win,20231202_NottinghamForest_Everton
E0,2023-12-02,Newcastle United,Manchester United,1,0,H,0,0,22,8,4,1,7,3,1,2,0,0,R Jones,2324,E0_2324.csv,1,1,Home Win,20231202_NewcastleUnited_ManchesterUnited
E0,2023-12-03,Manchester City,Tottenham Hotspur,3,3,D,2,1,18,8,4,4,10,8,4,4,0,0,S Hooper,2324,E0_2324.csv,6,0,Draw,20231203_ManchesterCity_TottenhamHotspur
E0,2023-12-03,West Ham United,Crystal Palace,1,1,D,1,0,9,9,3,2,2,3,2,0,0,0,M Oliver,2324,E0_2324.csv,2,0,Draw,20231203_WestHamUnited_CrystalPalace
E0,2023-12-03,Chelsea,Brighton,3,2,H,2,1,8,18,5,9,5,8,3,5,1,0,C Pawson,2324,E0_2324.csv,5,1,Home Win,20231203_Chelsea_Brighton
E0,2023-12-03,Liverpool,Fulham,4,3,H,2,2,26,9,12,5,3,4,0,0,0,0,S Attwell,2324,E0_2324.csv,7,1,Home Win,20231203_Liverpool_Fulham
E0,2023-12-03,Bournemouth,Aston Villa,2,2,D,1,1,15,11,7,3,7,7,5,3,0,0,T Bramall,2324,E0_2324.csv,4,0,Draw,20231203_Bournemouth_AstonVilla
E0,2023-12-05,Wolverhampton Wanderers,Burnley,1,0,H,1,0,7,12,4,3,6,8,2,4,0,0,J Gillett,2324,E0_2324.csv,1,1,Home Win,20231205_WolverhamptonWanderers_Burnley
E0,2023-12-05,Luton,Arsenal,3,4,A,1,2,6,23,4,9,3,8,2,1,0,0,S Barrott,2324,E0_2324.csv,7,-1,Away Win,20231205_Luton_Arsenal
E0,2023-12-06,Aston Villa,Manchester City,1,0,H,0,0,22,2,7,2,6,0,2,2,0,0,J Brooks,2324,E0_2324.csv,1,1,Home Win,20231206_AstonVilla_ManchesterCity
E0,2023-12-06,Sheffield United,Liverpool,0,2,A,0,1,6,15,1,8,2,12,2,3,0,0,S Hooper,2324,E0_2324.csv,2,-2,Away Win,20231206_SheffieldUnited_Liverpool
E0,2023-12-06,Manchester United,Chelsea,2,1,H,1,1,28,13,9,3,12,4,4,0,0,0,C Kavanagh,2324,E0_2324.csv,3,1,Home Win,20231206_ManchesterUnited_Chelsea
E0,2023-12-06,Crystal Palace,Bournemouth,0,2,A,0,1,16,11,3,4,3,9,1,3,0,0,C Pawson,2324,E0_2324.csv,2,-2,Away Win,20231206_CrystalPalace_Bournemouth
E0,2023-12-06,Brighton,Brentford,2,1,H,1,1,18,8,7,2,7,3,3,1,0,0,P Bankes,2324,E0_2324.csv,3,1,Home Win,20231206_Brighton_Brentford
E0,2023-12-06,Fulham,Nottingham Forest,5,0,H,2,0,14,4,6,1,6,1,0,1,0,0,J Smith,2324,E0_2324.csv,5,5,Home Win,20231206_Fulham_NottinghamForest
E0,2023-12-07,Everton,Newcastle United,3,0,H,0,0,21,13,6,3,5,2,3,0,0,0,T Robinson,2324,E0_2324.csv,3,3,Home Win,20231207_Everton_NewcastleUnited
E0,2023-12-07,Tottenham Hotspur,West Ham United,1,2,A,1,0,23,11,7,5,8,4,3,3,0,0,M Salisbury,2324,E0_2324.csv,3,-1,Away Win,20231207_TottenhamHotspur_WestHamUnited
E0,2023-12-09,Crystal Palace,Liverpool,1,2,A,0,0,8,14,4,2,6,5,5,2,1,0,A Madley,2324,E0_2324.csv,3,-1,Away Win,20231209_CrystalPalace_Liverpool
E0,2023-12-09,Brighton,Burnley,1,1,D,0,1,29,6,11,3,9,1,0,4,0,0,S Hooper,2324,E0_2324.csv,2,0,Draw,20231209_Brighton_Burnley
E0,2023-12-09,Manchester United,Bournemouth,0,3,A,0,1,20,10,3,4,10,4,3,1,0,0,P Bankes,2324,E0_2324.csv,3,-3,Away Win,20231209_ManchesterUnited_Bournemouth
E0,2023-12-09,Sheffield United,Brentford,1,0,H,1,0,9,10,4,4,3,4,5,1,0,0,S Attwell,2324,E0_2324.csv,1,1,Home Win,20231209_SheffieldUnited_Brentford
E0,2023-12-09,Wolverhampton Wanderers,Nottingham Forest,1,1,D,1,1,10,8,4,2,4,3,0,1,0,0,S Barrott,2324,E0_2324.csv,2,0,Draw,20231209_WolverhamptonWanderers_NottinghamForest
E0,2023-12-09,Aston Villa,Arsenal,1,0,H,1,0,10,12,3,5,3,3,4,2,0,0,J Gillett,2324,E0_2324.csv,1,1,Home Win,20231209_AstonVilla_Arsenal
E0,2023-12-10,Tottenham Hotspur,Newcastle United,4,1,H,2,0,23,9,12,3,3,6,1,3,0,0,C Kavanagh,2324,E0_2324.csv,5,3,Home Win,20231210_TottenhamHotspur_NewcastleUnited
E0,2023-12-10,Luton,Manchester City,1,2,A,1,0,4,18,2,6,6,3,2,1,0,0,T Robinson,2324,E0_2324.csv,3,-1,Away Win,20231210_Luton_ManchesterCity
E0,2023-12-10,Fulham,West Ham United,5,0,H,3,0,14,9,8,5,3,6,2,1,0,0,P Tierney,2324,E0_2324.csv,5,5,Home Win,20231210_Fulham_WestHamUnited
E0,2023-12-10,Everton,Chelsea,2,0,H,0,0,9,16,5,4,4,8,2,2,0,0,M Oliver,2324,E0_2324.csv,2,2,Home Win,20231210_Everton_Chelsea
E0,2023-12-15,Nottingham Forest,Tottenham Hotspur,0,2,A,0,1,15,12,1,6,6,4,2,4,0,1,J Gillett,2324,E0_2324.csv,2,-2,Away Win,20231215_NottinghamForest_TottenhamHotspur
E0,2023-12-16,Chelsea,Sheffield United,2,0,H,0,0,15,6,6,1,7,6,1,3,0,0,A Madley,2324,E0_2324.csv,2,2,Home Win,20231216_Chelsea_SheffieldUnited
E0,2023-12-16,Manchester City,Crystal Palace,2,2,D,1,0,19,5,9,2,6,1,1,1,0,0,P Tierney,2324,E0_2324.csv,4,0,Draw,20231216_ManchesterCity_CrystalPalace
E0,2023-12-16,Newcastle United,Fulham,3,0,H,0,0,27,6,10,4,5,1,0,2,0,1,S Barrott,2324,E0_2324.csv,3,3,Home Win,20231216_NewcastleUnited_Fulham
E0,2023-12-16,Burnley,Everton,0,2,A,0,2,14,9,2,6,8,6,0,1,0,0,A Taylor,2324,E0_2324.csv,2,-2,Away Win,20231216_Burnley_Everton
E0,2023-12-17,West Ham United,Wolverhampton Wanderers,3,0,H,2,0,13,14,4,3,6,6,3,1,0,0,C Kavanagh,2324,E0_2324.csv,3,3,Home Win,20231217_WestHamUnited_WolverhamptonWanderers
E0,2023-12-17,Liverpool,Manchester United,0,0,D,0,0,34,6,8,1,12,0,2,4,0,1,M Oliver,2324,E0_2324.csv,0,0,Draw,20231217_Liverpool_ManchesterUnited
E0,2023-12-17,Arsenal,Brighton,2,0,H,0,0,26,6,9,1,10,1,1,3,0,0,T Robinson,2324,E0_2324.csv,2,2,Home Win,20231217_Arsenal_Brighton
E0,2023-12-17,Brentford,Aston Villa,1,2,A,1,0,4,15,3,5,7,12,6,4,1,1,D Coote,2324,E0_2324.csv,3,-1,Away Win,20231217_Brentford_AstonVilla
E0,2023-12-21,Crystal Palace,Brighton,1,1,D,1,0,11,18,3,6,3,1,5,2,0,0,J Brooks,2324,E0_2324.csv,2,0,Draw,20231221_CrystalPalace_Brighton
E0,2023-12-22,Aston Villa,Sheffield United,1,1,D,0,0,12,5,4,2,9,1,3,3,0,0,A Taylor,2324,E0_2324.csv,2,0,Draw,20231222_AstonVilla_SheffieldUnited
E0,2023-12-23,Liverpool,Arsenal,1,1,D,1,1,13,13,3,2,4,5,2,5,0,0,C Kavanagh,2324,E0_2324.csv,2,0,Draw,20231223_Liverpool_Arsenal
E0,2023-12-23,West Ham United,Manchester United,2,0,H,0,0,12,11,5,3,4,4,2,3,0,0,S Hooper,2324,E0_2324.csv,2,2,Home Win,20231223_WestHamUnited_ManchesterUnited
E0,2023-12-23,Fulham,Burnley,0,2,A,0,0,19,7,5,2,8,6,2,1,0,0,R Welch,2324,E0_2324.csv,2,-2,Away Win,20231223_Fulham_Burnley
E0,2023-12-23,Luton,Newcastle United,1,0,H,1,0,16,15,5,2,6,7,2,1,0,0,D England,2324,E0_2324.csv,1,1,Home Win,20231223_Luton_NewcastleUnited
E0,2023-12-23,Nottingham Forest,Bournemouth,2,3,A,0,0,11,18,5,7,6,6,0,3,1,0,R Jones,2324,E0_2324.csv,5,-1,Away Win,20231223_NottinghamForest_Bournemouth
E0,2023-12-23,Tottenham Hotspur,Everton,2,1,H,2,0,13,18,6,8,3,8,1,4,0,0,S Attwell,2324,E0_2324.csv,3,1,Home Win,20231223_TottenhamHotspur_Everton
E0,2023-12-24,Wolverhampton Wanderers,Chelsea,2,1,H,0,0,14,16,6,5,10,6,3,5,0,0,D Coote,2324,E0_2324.csv,3,1,Home Win,20231224_WolverhamptonWanderers_Chelsea
E0,2023-12-26,Burnley,Liverpool,0,2,A,0,1,9,19,0,10,4,4,2,1,0,0,P Tierney,2324,E0_2324.csv,2,-2,Away Win,20231226_Burnley_Liverpool
E0,2023-12-26,Sheffield United,Luton,2,3,A,0,1,21,12,6,4,9,4,5,0,0,0,S Allison,2324,E0_2324.csv,5,-1,Away Win,20231226_SheffieldUnited_Luton
E0,2023-12-26,Manchester United,Aston Villa,3,2,H,0,2,13,10,7,4,3,6,1,3,0,0,C Pawson,2324,E0_2324.csv,5,1,Home Win,20231226_ManchesterUnited_AstonVilla
E0,2023-12-26,Newcastle United,Nottingham Forest,1,3,A,1,1,19,15,7,6,10,2,3,3,0,0,C Kavanagh,2324,E0_2324.csv,4,-2,Away Win,20231226_NewcastleUnited_NottinghamForest
E0,2023-12-26,Bournemouth,Fulham,3,0,H,1,0,16,8,4,3,6,5,0,2,0,0,T Robinson,2324,E0_2324.csv,3,3,Home Win,20231226_Bournemouth_Fulham
E0,2023-12-27,Everton,Manchester City,1,3,A,1,0,7,23,2,9,8,4,4,2,0,0,J Brooks,2324,E0_2324.csv,4,-2,Away Win,20231227_Everton_ManchesterCity
E0,2023-12-27,Chelsea,Crystal Palace,2,1,H,1,1,9,13,4,5,4,3,3,2,0,0,M Salisbury,2324,E0_2324.csv,3,1,Home Win,20231227_Chelsea_CrystalPalace
E0,2023-12-27,Brentford,Wolverhampton Wanderers,1,4,A,1,3,14,11,4,5,8,2,1,1,0,0,A Madley,2324,E0_2324.csv,5,-3,Away Win,20231227_Brentford_WolverhamptonWanderers
E0,2023-12-28,Brighton,Tottenham Hotspur,4,2,H,2,0,15,19,9,3,7,6,3,2,0,0,J Gillett,2324,E0_2324.csv,6,2,Home Win,20231228_Brighton_TottenhamHotspur
E0,2023-12-28,Arsenal,West Ham United,0,2,A,0,1,30,6,8,3,10,3,2,0,0,0,M Oliver,2324,E0_2324.csv,2,-2,Away Win,20231228_Arsenal_WestHamUnited
E0,2023-12-30,Luton,Chelsea,2,3,A,0,2,15,12,6,8,7,2,2,2,0,0,P Tierney,2324,E0_2324.csv,5,-1,Away Win,20231230_Luton_Chelsea
E0,2023-12-30,Aston Villa,Burnley,3,2,H,2,1,19,9,7,5,6,2,4,1,0,1,S Attwell,2324,E0_2324.csv,5,1,Home Win,20231230_AstonVilla_Burnley
E0,2023-12-30,Crystal Palace,Brentford,3,1,H,2,1,13,9,6,4,7,4,0,1,0,0,R Jones,2324,E0_2324.csv,4,2,Home Win,20231230_CrystalPalace_Brentford
E0,2023-12-30,Manchester City,Sheffield United,2,0,H,1,0,18,4,4,2,12,2,1,1,0,0,D Coote,2324,E0_2324.csv,2,2,Home Win,20231230_ManchesterCity_SheffieldUnited
E0,2023-12-30,Wolverhampton Wanderers,Everton,3,0,H,1,0,12,10,6,0,5,2,2,3,0,0,T Bramall,2324,E0_2324.csv,3,3,Home Win,20231230_WolverhamptonWanderers_Everton
E0,2023-12-30,Nottingham Forest,Manchester United,2,1,H,0,0,8,10,2,5,4,5,2,4,0,0,T Robinson,2324,E0_2324.csv,3,1,Home Win,20231230_NottinghamForest_ManchesterUnited
E0,2023-12-31,Tottenham Hotspur,Bournemouth,3,1,H,1,0,12,24,6,4,4,13,3,3,0,0,S Hooper,2324,E0_2324.csv,4,2,Home Win,20231231_TottenhamHotspur_Bournemouth
E0,2023-12-31,Fulham,Arsenal,2,1,H,1,1,15,13,4,3,5,4,4,1,0,0,J Smith,2324,E0_2324.csv,3,1,Home Win,20231231_Fulham_Arsenal
E0,2024-01-01,Liverpool,Newcastle United,4,2,H,0,0,34,5,15,3,7,3,3,5,0,0,A Taylor,2324,E0_2324.csv,6,2,Home Win,20240101_Liverpool_NewcastleUnited
E0,2024-01-02,West Ham United,Brighton,0,0,D,0,0,6,22,2,8,2,0,1,0,0,0,S Barrott,2324,E0_2324.csv,0,0,Draw,20240102_WestHamUnited_Brighton
E0,2024-01-12,Burnley,Luton,1,1,D,1,0,13,14,7,5,2,8,1,0,0,0,T Harrington,2324,E0_2324.csv,2,0,Draw,20240112_Burnley_Luton
E0,2024-01-13,Chelsea,Fulham,1,0,H,1,0,17,14,3,4,6,4,5,1,0,0,A Taylor,2324,E0_2324.csv,1,1,Home Win,20240113_Chelsea_Fulham
E0,2024-01-13,Newcastle United,Manchester City,2,3,A,2,1,12,27,5,11,3,13,1,2,0,0,C Kavanagh,2324,E0_2324.csv,5,-1,Away Win,20240113_NewcastleUnited_ManchesterCity
E0,2024-01-14,Everton,Aston Villa,0,0,D,0,0,10,16,2,5,4,5,1,4,0,0,D Coote,2324,E0_2324.csv,0,0,Draw,20240114_Everton_AstonVilla
E0,2024-01-14,Manchester United,Tottenham Hotspur,2,2,D,2,1,9,16,2,6,8,13,2,1,0,0,J Brooks,2324,E0_2324.csv,4,0,Draw,20240114_ManchesterUnited_TottenhamHotspur
E0,2024-01-20,Arsenal,Crystal Palace,5,0,H,2,0,21,12,6,5,6,7,0,0,0,0,P Tierney,2324,E0_2324.csv,5,5,Home Win,20240120_Arsenal_CrystalPalace
E0,2024-01-20,Brentford,Nottingham Forest,3,2,H,1,1,11,12,5,3,6,4,1,3,0,0,D England,2324,E0_2324.csv,5,1,Home Win,20240120_Brentford_NottinghamForest
E0,2024-01-21,Sheffield United,West Ham United,2,2,D,1,1,21,16,6,5,4,1,3,1,1,1,M Salisbury,2324,E0_2324.csv,4,0,Draw,20240121_SheffieldUnited_WestHamUnited
E0,2024-01-21,Bournemouth,Liverpool,0,4,A,0,0,11,14,1,7,8,5,1,2,0,0,A Madley,2324,E0_2324.csv,4,-4,Away Win,20240121_Bournemouth_Liverpool
E0,2024-01-22,Brighton,Wolverhampton Wanderers,0,0,D,0,0,11,8,4,3,8,2,1,4,0,0,C Pawson,2324,E0_2324.csv,0,0,Draw,20240122_Brighton_WolverhamptonWanderers
E0,2024-01-30,Nottingham Forest,Arsenal,1,2,A,0,0,9,19,3,3,2,11,0,1,0,0,S Hooper,2324,E0_2324.csv,3,-1,Away Win,20240130_NottinghamForest_Arsenal
E0,2024-01-30,Fulham,Everton,0,0,D,0,0,25,21,6,4,15,6,1,2,0,0,T Bramall,2324,E0_2324.csv,0,0,Draw,20240130_Fulham_Everton
E0,2024-01-30,Luton,Brighton,4,0,H,3,0,18,9,8,2,7,4,2,2,0,0,R Jones,2324,E0_2324.csv,4,4,Home Win,20240130_Luton_Brighton
E0,2024-01-30,Crystal Palace,Sheffield United,3,2,H,2,2,12,9,4,5,11,1,1,4,0,0,T Harrington,2324,E0_2324.csv,5,1,Home Win,20240130_CrystalPalace_SheffieldUnited
E0,2024-01-30,Aston Villa,Newcastle United,1,3,A,0,2,12,14,6,5,8,7,4,1,0,0,J Brooks,2324,E0_2324.csv,4,-2,Away Win,20240130_AstonVilla_NewcastleUnited
E0,2024-01-31,Manchester City,Burnley,3,1,H,2,0,14,8,4,3,7,3,2,2,0,0,S Barrott,2324,E0_2324.csv,4,2,Home Win,20240131_ManchesterCity_Burnley
E0,2024-01-31,Tottenham Hotspur,Brentford,3,2,H,0,1,19,9,5,5,5,3,2,3,0,0,D Coote,2324,E0_2324.csv,5,1,Home Win,20240131_TottenhamHotspur_Brentford
E0,2024-01-31,Liverpool,Chelsea,4,1,H,2,0,28,4,13,3,8,1,2,4,0,0,P Tierney,2324,E0_2324.csv,5,3,Home Win,20240131_Liverpool_Chelsea
E0,2024-02-01,West Ham United,Bournemouth,1,1,D,0,1,9,9,3,4,1,5,1,3,0,0,T Robinson,2324,E0_2324.csv,2,0,Draw,20240201_WestHamUnited_Bournemouth
E0,2024-02-01,Wolverhampton Wanderers,Manchester United,3,4,A,0,2,16,21,7,8,4,5,2,5,0,0,J Gillett,2324,E0_2324.csv,7,-1,Away Win,20240201_WolverhamptonWanderers_ManchesterUnited
E0,2024-02-03,Sheffield United,Aston Villa,0,5,A,0,4,10,14,5,10,3,4,1,0,0,0,P Tierney,2324,E0_2324.csv,5,-5,Away Win,20240203_SheffieldUnited_AstonVilla
E0,2024-02-03,Newcastle United,Luton,4,4,D,2,2,19,11,6,8,8,2,2,2,0,0,T Bramall,2324,E0_2324.csv,8,0,Draw,20240203_NewcastleUnited_Luton
E0,2024-02-03,Brighton,Crystal Palace,4,1,H,3,0,13,7,6,5,3,2,1,3,0,0,S Hooper,2324,E0_2324.csv,5,3,Home Win,20240203_Brighton_CrystalPalace
E0,2024-02-03,Everton,Tottenham Hotspur,2,2,D,1,2,14,9,5,6,9,5,3,0,0,0,M Oliver,2324,E0_2324.csv,4,0,Draw,20240203_Everton_TottenhamHotspur
E0,2024-02-03,Burnley,Fulham,2,2,D,0,2,12,15,4,7,2,13,2,2,0,0,D Bond,2324,E0_2324.csv,4,0,Draw,20240203_Burnley_Fulham
E0,2024-02-04,Bournemouth,Nottingham Forest,1,1,D,1,1,9,8,2,6,11,6,3,2,1,0,R Welch,2324,E0_2324.csv,2,0,Draw,20240204_Bournemouth_NottinghamForest
E0,2024-02-04,Chelsea,Wolverhampton Wanderers,2,4,A,1,2,15,14,6,7,10,1,3,2,0,0,T Robinson,2324,E0_2324.csv,6,-2,Away Win,20240204_Chelsea_WolverhamptonWanderers
E0,2024-02-04,Manchester United,West Ham United,3,0,H,1,0,12,22,5,3,5,8,0,1,0,0,A Madley,2324,E0_2324.csv,3,3,Home Win,20240204_ManchesterUnited_WestHamUnited
E0,2024-02-04,Arsenal,Liverpool,3,1,H,1,1,15,10,7,1,2,4,6,2,0,1,A Taylor,2324,E0_2324.csv,4,2,Home Win,20240204_Arsenal_Liverpool
E0,2024-02-05,Brentford,Manchester City,1,3,A,1,1,9,25,3,15,8,13,1,0,0,0,J Gillett,2324,E0_2324.csv,4,-2,Away Win,20240205_Brentford_ManchesterCity
E0,2024-02-10,Wolverhampton Wanderers,Brentford,0,2,A,0,1,17,9,5,6,7,4,2,3,0,0,S Hooper,2324,E0_2324.csv,2,-2,Away Win,20240210_WolverhamptonWanderers_Brentford
E0,2024-02-10,Nottingham Forest,Newcastle United,2,3,A,2,2,13,7,3,5,4,4,1,2,0,0,A Taylor,2324,E0_2324.csv,5,-1,Away Win,20240210_NottinghamForest_NewcastleUnited
E0,2024-02-10,Luton,Sheffield United,1,3,A,0,2,20,7,5,3,13,1,1,2,0,0,C Kavanagh,2324,E0_2324.csv,4,-2,Away Win,20240210_Luton_SheffieldUnited
E0,2024-02-10,Tottenham Hotspur,Brighton,2,1,H,0,1,16,6,6,3,9,6,2,3,0,0,S Barrott,2324,E0_2324.csv,3,1,Home Win,20240210_TottenhamHotspur_Brighton
E0,2024-02-10,Fulham,Bournemouth,3,1,H,2,0,7,25,6,4,1,14,1,2,0,0,D England,2324,E0_2324.csv,4,2,Home Win,20240210_Fulham_Bournemouth
E0,2024-02-10,Manchester City,Everton,2,0,H,0,0,19,5,3,1,9,0,0,2,0,0,J Brooks,2324,E0_2324.csv,2,2,Home Win,20240210_ManchesterCity_Everton
E0,2024-02-10,Liverpool,Burnley,3,1,H,1,1,25,9,10,4,9,3,3,2,0,0,T Robinson,2324,E0_2324.csv,4,2,Home Win,20240210_Liverpool_Burnley
E0,2024-02-11,West Ham United,Arsenal,0,6,A,0,4,5,25,1,12,2,6,4,0,0,0,C Pawson,2324,E0_2324.csv,6,-6,Away Win,20240211_WestHamUnited_Arsenal
E0,2024-02-11,Aston Villa,Manchester United,1,2,A,0,1,23,17,10,5,10,8,3,2,0,0,R Jones,2324,E0_2324.csv,3,-1,Away Win,20240211_AstonVilla_ManchesterUnited
E0,2024-02-12,Crystal Palace,Chelsea,1,3,A,1,0,13,14,4,5,1,7,2,2,0,0,M Oliver,2324,E0_2324.csv,4,-2,Away Win,20240212_CrystalPalace_Chelsea
E0,2024-02-17,Newcastle United,Bournemouth,2,2,D,0,0,17,12,5,7,4,2,1,3,0,0,M Salisbury,2324,E0_2324.csv,4,0,Draw,20240217_NewcastleUnited_Bournemouth
E0,2024-02-17,Manchester City,Chelsea,1,1,D,0,1,31,9,5,6,12,1,1,3,0,0,A Madley,2324,E0_2324.csv,2,0,Draw,20240217_ManchesterCity_Chelsea
E0,2024-02-17,Tottenham Hotspur,Wolverhampton Wanderers,1,2,A,0,1,15,12,4,7,10,4,0,1,0,0,A Taylor,2324,E0_2324.csv,3,-1,Away Win,20240217_TottenhamHotspur_WolverhamptonWanderers
E0,2024-02-17,Nottingham Forest,West Ham United,2,0,H,1,0,19,10,8,3,5,3,4,4,0,1,T Bramall,2324,E0_2324.csv,2,2,Home Win,20240217_NottinghamForest_WestHamUnited
E0,2024-02-17,Fulham,Aston Villa,1,2,A,0,1,15,12,4,3,4,4,5,2,0,0,L Smith,2324,E0_2324.csv,3,-1,Away Win,20240217_Fulham_AstonVilla
E0,2024-02-17,Burnley,Arsenal,0,5,A,0,2,8,16,0,7,4,6,2,1,0,0,J Gillett,2324,E0_2324.csv,5,-5,Away Win,20240217_Burnley_Arsenal
E0,2024-02-17,Brentford,Liverpool,1,4,A,0,1,15,15,6,8,1,6,2,1,0,0,M Oliver,2324,E0_2324.csv,5,-3,Away Win,20240217_Brentford_Liverpool
E0,2024-02-18,Sheffield United,Brighton,0,5,A,0,2,6,24,1,10,5,10,1,4,1,0,S Attwell,2324,E0_2324.csv,5,-5,Away Win,20240218_SheffieldUnited_Brighton
E0,2024-02-18,Luton,Manchester United,1,2,A,1,2,22,21,4,9,8,6,3,5,0,0,D Coote,2324,E0_2324.csv,3,-1,Away Win,20240218_Luton_ManchesterUnited
E0,2024-02-19,Everton,Crystal Palace,1,1,D,0,0,19,10,4,4,3,6,0,2,0,0,P Tierney,2324,E0_2324.csv,2,0,Draw,20240219_Everton_CrystalPalace
E0,2024-02-20,Manchester City,Brentford,1,0,H,0,0,25,6,11,2,10,1,2,4,0,0,D England,2324,E0_2324.csv,1,1,Home Win,20240220_ManchesterCity_Brentford
E0,2024-02-21,Liverpool,Luton,4,1,H,0,1,29,12,13,3,13,4,1,4,0,0,A Madley,2324,E0_2324.csv,5,3,Home Win,20240221_Liverpool_Luton
E0,2024-02-24,Arsenal,Newcastle United,4,1,H,2,0,18,3,8,2,9,0,1,0,0,0,P Tierney,2324,E0_2324.csv,5,3,Home Win,20240224_Arsenal_NewcastleUnited
E0,2024-02-24,Manchester United,Fulham,1,2,A,0,0,21,17,9,5,10,9,2,5,0,0,M Oliver,2324,E0_2324.csv,3,-1,Away Win,20240224_ManchesterUnited_Fulham
E0,2024-02-24,Bournemouth,Manchester City,0,1,A,0,1,13,15,4,6,3,8,2,2,0,0,J Gillett,2324,E0_2324.csv,1,-1,Away Win,20240224_Bournemouth_ManchesterCity
E0,2024-02-24,Brighton,Everton,1,1,D,0,0,23,6,7,3,11,3,2,3,1,0,T Harrington,2324,E0_2324.csv,2,0,Draw,20240224_Brighton_Everton
E0,2024-02-24,Crystal Palace,Burnley,3,0,H,0,0,15,2,6,0,12,3,3,1,0,1,L Smith,2324,E0_2324.csv,3,3,Home Win,20240224_CrystalPalace_Burnley
E0,2024-02-24,Aston Villa,Nottingham Forest,4,2,H,3,1,16,10,6,3,7,2,1,2,0,0,S Barrott,2324,E0_2324.csv,6,2,Home Win,20240224_AstonVilla_NottinghamForest
E0,2024-02-25,Wolverhampton Wanderers,Sheffield United,1,0,H,1,0,13,12,2,4,5,6,2,1,0,0,D Bond,2324,E0_2324.csv,1,1,Home Win,20240225_WolverhamptonWanderers_SheffieldUnited
E0,2024-02-26,West Ham United,Brentford,4,2,H,2,1,17,14,6,8,1,7,1,2,0,0,S Hooper,2324,E0_2324.csv,6,2,Home Win,20240226_WestHamUnited_Brentford
E0,2024-03-02,Tottenham Hotspur,Crystal Palace,3,1,H,0,0,14,4,6,1,11,1,1,2,0,0,J Brooks,2324,E0_2324.csv,4,2,Home Win,20240302_TottenhamHotspur_CrystalPalace
E0,2024-03-02,Nottingham Forest,Liverpool,0,1,A,0,0,8,22,2,2,3,12,2,2,0,0,P Tierney,2324,E0_2324.csv,1,-1,Away Win,20240302_NottinghamForest_Liverpool
E0,2024-03-02,Newcastle United,Wolverhampton Wanderers,3,0,H,2,0,14,12,7,3,3,5,0,1,0,0,T Robinson,2324,E0_2324.csv,3,3,Home Win,20240302_NewcastleUnited_WolverhamptonWanderers
E0,2024-03-02,Luton,Aston Villa,2,3,A,0,2,13,12,5,8,8,6,1,4,0,0,M Oliver,2324,E0_2324.csv,5,-1,Away Win,20240302_Luton_AstonVilla
E0,2024-03-02,Everton,West Ham United,1,3,A,0,0,22,12,11,5,4,5,1,2,0,0,C Pawson,2324,E0_2324.csv,4,-2,Away Win,20240302_Everton_WestHamUnited
E0,2024-03-02,Brentford,Chelsea,2,2,D,0,1,14,17,5,6,0,6,3,1,0,0,J Gillett,2324,E0_2324.csv,4,0,Draw,20240302_Brentford_Chelsea
E0,2024-03-02,Fulham,Brighton,3,0,H,2,0,12,15,5,5,2,6,1,2,0,0,S Hooper,2324,E0_2324.csv,3,3,Home Win,20240302_Fulham_Brighton
E0,2024-03-03,Burnley,Bournemouth,0,2,A,0,1,20,10,6,3,7,2,2,4,0,0,D Coote,2324,E0_2324.csv,2,-2,Away Win,20240303_Burnley_Bournemouth
E0,2024-03-03,Manchester City,Manchester United,3,1,H,0,1,27,3,8,1,15,2,0,1,0,0,A Madley,2324,E0_2324.csv,4,2,Home Win,20240303_ManchesterCity_ManchesterUnited
E0,2024-03-04,Sheffield United,Arsenal,0,6,A,0,5,4,22,0,10,0,7,1,0,0,0,S Barrott,2324,E0_2324.csv,6,-6,Away Win,20240304_SheffieldUnited_Arsenal
E0,2024-03-09,Manchester United,Everton,2,0,H,2,0,15,23,8,6,5,8,1,2,0,0,S Hooper,2324,E0_2324.csv,2,2,Home Win,20240309_ManchesterUnited_Everton
E0,2024-03-09,Bournemouth,Sheffield United,2,2,D,0,1,32,13,12,9,10,3,3,5,0,0,A Taylor,2324,E0_2324.csv,4,0,Draw,20240309_Bournemouth_SheffieldUnited
E0,2024-03-09,Crystal Palace,Luton,1,1,D,1,0,21,8,4,2,8,6,2,3,0,0,S Singh,2324,E0_2324.csv,2,0,Draw,20240309_CrystalPalace_Luton
E0,2024-03-09,Wolverhampton Wanderers,Fulham,2,1,H,0,0,8,23,3,6,3,4,2,2,0,0,T Harrington,2324,E0_2324.csv,3,1,Home Win,20240309_WolverhamptonWanderers_Fulham
E0,2024-03-09,Arsenal,Brentford,2,1,H,1,1,17,9,6,4,10,4,2,4,0,0,R Jones,2324,E0_2324.csv,3,1,Home Win,20240309_Arsenal_Brentford
E0,2024-03-10,West Ham United,Burnley,2,2,D,0,2,22,11,4,4,4,4,2,4,0,0,D England,2324,E0_2324.csv,4,0,Draw,20240310_WestHamUnited_Burnley
E0,2024-03-10,Aston Villa,Tottenham Hotspur,0,4,A,0,0,10,9,1,5,6,4,0,2,1,0,C Kavanagh,2324,E0_2324.csv,4,-4,Away Win,20240310_AstonVilla_TottenhamHotspur
E0,2024-03-10,Brighton,Nottingham Forest,1,0,H,1,0,10,9,3,4,6,3,4,4,0,0,M Salisbury,2324,E0_2324.csv,1,1,Home Win,20240310_Brighton_NottinghamForest
E0,2024-03-10,Liverpool,Manchester City,1,1,D,0,1,19,10,6,6,7,4,0,3,0,0,M Oliver,2324,E0_2324.csv,2,0,Draw,20240310_Liverpool_ManchesterCity
E0,2024-03-11,Chelsea,Newcastle United,3,2,H,1,1,12,11,8,3,0,4,3,1,0,0,J Brooks,2324,E0_2324.csv,5,1,Home Win,20240311_Chelsea_NewcastleUnited
E0,2024-03-13,Bournemouth,Luton,4,3,H,0,3,24,8,10,4,11,3,1,2,0,0,S Allison,2324,E0_2324.csv,7,1,Home Win,20240313_Bournemouth_Luton
E0,2024-03-16,Fulham,Tottenham Hotspur,3,0,H,1,0,16,14,7,5,4,5,2,3,0,0,R Jones,2324,E0_2324.csv,3,3,Home Win,20240316_Fulham_TottenhamHotspur
E0,2024-03-16,Burnley,Brentford,2,1,H,1,0,17,9,6,5,5,4,2,4,0,1,D Bond,2324,E0_2324.csv,3,1,Home Win,20240316_Burnley_Brentford
E0,2024-03-16,Luton,Nottingham Forest,1,1,D,0,1,10,16,4,6,6,7,1,2,0,0,D England,2324,E0_2324.csv,2,0,Draw,20240316_Luton_NottinghamForest
E0,2024-03-17,West Ham United,Aston Villa,1,1,D,1,0,13,13,5,5,7,11,3,3,0,0,J Gillett,2324,E0_2324.csv,2,0,Draw,20240317_WestHamUnited_AstonVilla
E0,2024-03-30,Aston Villa,Wolverhampton Wanderers,2,0,H,1,0,11,13,5,3,5,4,3,4,0,0,P Tierney,2324,E0_2324.csv,2,2,Home Win,20240330_AstonVilla_WolverhamptonWanderers
E0,2024-03-30,Tottenham Hotspur,Luton,2,1,H,0,1,17,7,4,3,3,6,2,4,0,0,J Gillett,2324,E0_2324.csv,3,1,Home Win,20240330_TottenhamHotspur_Luton
E0,2024-03-30,Sheffield United,Fulham,3,3,D,0,0,8,24,4,9,2,15,4,1,0,0,T Robinson,2324,E0_2324.csv,6,0,Draw,20240330_SheffieldUnited_Fulham
E0,2024-03-30,Brentford,Manchester United,1,1,D,0,0,31,11,5,5,14,4,2,2,0,0,S Hooper,2324,E0_2324.csv,2,0,Draw,20240330_Brentford_ManchesterUnited
E0,2024-03-30,Chelsea,Burnley,2,2,D,1,0,33,18,13,7,12,4,2,2,0,1,D England,2324,E0_2324.csv,4,0,Draw,20240330_Chelsea_Burnley
E0,2024-03-30,Bournemouth,Everton,2,1,H,0,0,11,7,4,3,9,8,1,2,0,0,S Barrott,2324,E0_2324.csv,3,1,Home Win,20240330_Bournemouth_Everton
E0,2024-03-30,Newcastle United,West Ham United,4,3,H,1,2,24,10,9,4,3,4,1,1,1,0,R Jones,2324,E0_2324.csv,7,1,Home Win,20240330_NewcastleUnited_WestHamUnited
E0,2024-03-30,Nottingham Forest,Crystal Palace,1,1,D,0,1,12,10,5,3,4,6,1,1,0,0,C Kavanagh,2324,E0_2324.csv,2,0,Draw,20240330_NottinghamForest_CrystalPalace
E0,2024-03-31,Liverpool,Brighton,2,1,H,1,1,30,9,8,3,8,4,5,3,0,0,D Coote,2324,E0_2324.csv,3,1,Home Win,20240331_Liverpool_Brighton
E0,2024-03-31,Manchester City,Arsenal,0,0,D,0,0,12,6,1,2,7,4,0,2,0,0,A Taylor,2324,E0_2324.csv,0,0,Draw,20240331_ManchesterCity_Arsenal
E0,2024-04-02,Newcastle United,Everton,1,1,D,1,0,18,10,6,3,7,3,0,3,0,0,T Harrington,2324,E0_2324.csv,2,0,Draw,20240402_NewcastleUnited_Everton
E0,2024-04-02,Nottingham Forest,Fulham,3,1,H,3,0,16,18,4,3,3,8,0,0,0,0,M Oliver,2324,E0_2324.csv,4,2,Home Win,20240402_NottinghamForest_Fulham
E0,2024-04-02,Bournemouth,Crystal Palace,1,0,H,0,0,11,3,6,2,9,2,3,2,0,0,G Scott,2324,E0_2324.csv,1,1,Home Win,20240402_Bournemouth_CrystalPalace
E0,2024-04-02,Burnley,Wolverhampton Wanderers,1,1,D,1,1,13,8,6,2,7,4,0,2,0,0,T Bramall,2324,E0_2324.csv,2,0,Draw,20240402_Burnley_WolverhamptonWanderers
E0,2024-04-02,West Ham United,Tottenham Hotspur,1,1,D,1,1,11,13,4,4,9,5,1,4,0,0,J Brooks,2324,E0_2324.csv,2,0,Draw,20240402_WestHamUnited_TottenhamHotspur
E0,2024-04-03,Brentford,Brighton,0,0,D,0,0,5,24,2,6,1,5,1,1,0,0,A Madley,2324,E0_2324.csv,0,0,Draw,20240403_Brentford_Brighton
E0,2024-04-03,Arsenal,Luton,2,0,H,2,0,13,5,4,1,3,1,1,1,0,0,C Pawson,2324,E0_2324.csv,2,2,Home Win,20240403_Arsenal_Luton
E0,2024-04-03,Manchester City,Aston Villa,4,1,H,2,1,25,8,11,3,2,3,1,2,0,0,D England,2324,E0_2324.csv,5,3,Home Win,20240403_ManchesterCity_AstonVilla
E0,2024-04-04,Chelsea,Manchester United,4,3,H,2,2,28,19,10,5,12,3,3,0,0,0,J Gillett,2324,E0_2324.csv,7,1,Home Win,20240404_Chelsea_ManchesterUnited
E0,2024-04-04,Liverpool,Sheffield United,3,1,H,1,0,29,8,9,3,13,1,0,1,0,0,S Attwell,2324,E0_2324.csv,4,2,Home Win,20240404_Liverpool_SheffieldUnited
E0,2024-04-06,Crystal Palace,Manchester City,2,4,A,1,1,7,18,4,8,2,9,1,1,0,0,P Tierney,2324,E0_2324.csv,6,-2,Away Win,20240406_CrystalPalace_ManchesterCity
E0,2024-04-06,Aston Villa,Brentford,3,3,D,1,0,11,8,3,3,11,3,2,2,0,0,M Salisbury,2324,E0_2324.csv,6,0,Draw,20240406_AstonVilla_Brentford
E0,2024-04-06,Everton,Burnley,1,0,H,1,0,12,6,3,1,3,5,2,1,0,1,M Oliver,2324,E0_2324.csv,1,1,Home Win,20240406_Everton_Burnley
E0,2024-04-06,Fulham,Newcastle United,0,1,A,0,0,14,12,4,5,14,3,1,2,0,0,S Allison,2324,E0_2324.csv,1,-1,Away Win,20240406_Fulham_NewcastleUnited
E0,2024-04-06,Luton,Bournemouth,2,1,H,0,0,19,8,9,1,7,2,0,0,0,0,A Madley,2324,E0_2324.csv,3,1,Home Win,20240406_Luton_Bournemouth
E0,2024-04-06,Wolverhampton Wanderers,West Ham United,1,2,A,1,0,14,11,7,4,4,4,5,2,0,0,T Harrington,2324,E0_2324.csv,3,-1,Away Win,20240406_WolverhamptonWanderers_WestHamUnited
E0,2024-04-06,Brighton,Arsenal,0,3,A,0,1,10,20,2,7,8,7,1,2,0,0,J Brooks,2324,E0_2324.csv,3,-3,Away Win,20240406_Brighton_Arsenal
E0,2024-04-07,Tottenham Hotspur,Nottingham Forest,3,1,H,1,1,17,13,7,6,12,2,2,3,0,0,S Hooper,2324,E0_2324.csv,4,2,Home Win,20240407_TottenhamHotspur_NottinghamForest
E0,2024-04-07,Sheffield United,Chelsea,2,2,D,1,1,11,6,6,3,7,6,4,2,0,0,R Jones,2324,E0_2324.csv,4,0,Draw,20240407_SheffieldUnited_Chelsea
E0,2024-04-07,Manchester United,Liverpool,2,2,D,0,1,9,28,5,7,6,11,5,2,0,0,A Taylor,2324,E0_2324.csv,4,0,Draw,20240407_ManchesterUnited_Liverpool
E0,2024-04-13,Newcastle United,Tottenham Hotspur,4,0,H,2,0,18,11,5,2,16,3,0,4,0,0,T Robinson,2324,E0_2324.csv,4,4,Home Win,20240413_NewcastleUnited_TottenhamHotspur
E0,2024-04-13,Brentford,Sheffield United,2,0,H,0,0,9,8,5,2,3,6,3,1,0,0,S Barrott,2324,E0_2324.csv,2,2,Home Win,20240413_Brentford_SheffieldUnited
E0,2024-04-13,Burnley,Brighton,1,1,D,0,0,11,20,3,8,4,5,1,2,0,0,S Hooper,2324,E0_2324.csv,2,0,Draw,20240413_Burnley_Brighton
E0,2024-04-13,Manchester City,Luton,5,1,H,1,0,33,4,13,2,12,1,1,0,0,0,J Brooks,2324,E0_2324.csv,6,4,Home Win,20240413_ManchesterCity_Luton
E0,2024-04-13,Nottingham Forest,Wolverhampton Wanderers,2,2,D,1,1,18,11,9,4,10,1,2,3,0,0,C Pawson,2324,E0_2324.csv,4,0,Draw,20240413_NottinghamForest_WolverhamptonWanderers
E0,2024-04-13,Bournemouth,Manchester United,2,2,D,2,1,20,8,5,2,7,2,4,0,0,0,T Harrington,2324,E0_2324.csv,4,0,Draw,20240413_Bournemouth_ManchesterUnited
E0,2024-04-14,Liverpool,Crystal Palace,0,1,A,0,1,21,8,6,5,11,1,1,1,0,0,C Kavanagh,2324,E0_2324.csv,1,-1,Away Win,20240414_Liverpool_CrystalPalace
E0,2024-04-14,West Ham United,Fulham,0,2,A,0,1,15,18,4,10,8,3,1,2,0,0,S Attwell,2324,E0_2324.csv,2,-2,Away Win,20240414_WestHamUnited_Fulham
E0,2024-04-14,Arsenal,Aston Villa,0,2,A,0,0,18,11,4,2,4,6,3,1,0,0,D Coote,2324,E0_2324.csv,2,-2,Away Win,20240414_Arsenal_AstonVilla
E0,2024-04-15,Chelsea,Everton,6,0,H,4,0,14,10,10,2,4,8,1,4,0,0,P Tierney,2324,E0_2324.csv,6,6,Home Win,20240415_Chelsea_Everton
E0,2024-04-20,Wolverhampton Wanderers,Arsenal,0,2,A,0,1,5,24,3,9,1,2,3,2,0,0,P Tierney,2324,E0_2324.csv,2,-2,Away Win,20240420_WolverhamptonWanderers_Arsenal
E0,2024-04-20,Sheffield United,Burnley,1,4,A,0,2,18,16,11,9,11,2,1,0,0,0,A Madley,2324,E0_2324.csv,5,-3,Away Win,20240420_SheffieldUnited_Burnley
E0,2024-04-20,Luton,Brentford,1,5,A,0,2,6,21,3,9,4,9,1,2,0,0,J Gillett,2324,E0_2324.csv,6,-4,Away Win,20240420_Luton_Brentford
E0,2024-04-21,Everton,Nottingham Forest,2,0,H,1,0,7,8,4,3,6,4,3,2,0,0,A Taylor,2324,E0_2324.csv,2,2,Home Win,20240421_Everton_NottinghamForest
E0,2024-04-21,Aston Villa,Bournemouth,3,1,H,1,1,14,14,4,6,8,4,1,3,0,0,T Robinson,2324,E0_2324.csv,4,2,Home Win,20240421_AstonVilla_Bournemouth
E0,2024-04-21,Crystal Palace,West Ham United,5,2,H,4,1,18,4,7,1,4,0,3,2,0,0,G Scott,2324,E0_2324.csv,7,3,Home Win,20240421_CrystalPalace_WestHamUnited
E0,2024-04-21,Fulham,Liverpool,1,3,A,1,1,12,14,5,7,1,4,3,0,0,0,C Pawson,2324,E0_2324.csv,4,-2,Away Win,20240421_Fulham_Liverpool
E0,2024-04-23,Arsenal,Chelsea,5,0,H,1,0,27,7,10,1,4,2,2,2,0,0,S Hooper,2324,E0_2324.csv,5,5,Home Win,20240423_Arsenal_Chelsea
E0,2024-04-24,Wolverhampton Wanderers,Bournemouth,0,1,A,0,1,15,21,4,6,8,12,4,1,0,1,S Attwell,2324,E0_2324.csv,1,-1,Away Win,20240424_WolverhamptonWanderers_Bournemouth
E0,2024-04-24,Crystal Palace,Newcastle United,2,0,H,0,0,20,7,7,2,7,2,3,3,0,0,T Bramall,2324,E0_2324.csv,2,2,Home Win,20240424_CrystalPalace_NewcastleUnited
E0,2024-04-24,Everton,Liverpool,2,0,H,1,0,16,23,6,7,4,13,0,3,0,0,A Madley,2324,E0_2324.csv,2,2,Home Win,20240424_Everton_Liverpool
E0,2024-04-24,Manchester United,Sheffield United,4,2,H,1,1,25,10,13,4,9,4,0,1,0,0,M Salisbury,2324,E0_2324.csv,6,2,Home Win,20240424_ManchesterUnited_SheffieldUnited
E0,2024-04-25,Brighton,Manchester City,0,4,A,0,3,7,14,3,6,4,4,2,0,0,0,J Gillett,2324,E0_2324.csv,4,-4,Away Win,20240425_Brighton_ManchesterCity
E0,2024-04-27,West Ham United,Liverpool,2,2,D,1,0,11,28,8,8,5,8,0,2,0,0,A Taylor,2324,E0_2324.csv,4,0,Draw,20240427_WestHamUnited_Liverpool
E0,2024-04-27,Fulham,Crystal Palace,1,1,D,0,0,9,14,2,4,5,9,0,2,0,0,S Attwell,2324,E0_2324.csv,2,0,Draw,20240427_Fulham_CrystalPalace
E0,2024-04-27,Manchester United,Burnley,1,1,D,0,0,27,16,10,7,6,5,1,3,0,0,J Brooks,2324,E0_2324.csv,2,0,Draw,20240427_ManchesterUnited_Burnley
E0,2024-04-27,Newcastle United,Sheffield United,5,1,H,1,1,20,15,7,5,4,5,0,0,0,0,T Harrington,2324,E0_2324.csv,6,4,Home Win,20240427_NewcastleUnited_SheffieldUnited
E0,2024-04-27,Wolverhampton Wanderers,Luton,2,1,H,1,0,13,9,5,6,4,4,3,1,0,0,D Coote,2324,E0_2324.csv,3,1,Home Win,20240427_WolverhamptonWanderers_Luton
E0,2024-04-27,Everton,Brentford,1,0,H,0,0,18,10,1,4,6,6,1,2,0,0,D England,2324,E0_2324.csv,1,1,Home Win,20240427_Everton_Brentford
E0,2024-04-27,Aston Villa,Chelsea,2,2,D,2,0,9,21,4,5,2,4,3,5,0,0,C Pawson,2324,E0_2324.csv,4,0,Draw,20240427_AstonVilla_Chelsea
E0,2024-04-28,Bournemouth,Brighton,3,0,H,1,0,15,13,6,1,8,2,2,2,0,0,P Tierney,2324,E0_2324.csv,3,3,Home Win,20240428_Bournemouth_Brighton
E0,2024-04-28,Tottenham Hotspur,Arsenal,2,3,A,0,3,14,9,2,3,8,6,2,1,0,0,M Oliver,2324,E0_2324.csv,5,-1,Away Win,20240428_TottenhamHotspur_Arsenal
E0,2024-04-28,Nottingham Forest,Manchester City,0,2,A,0,1,14,11,2,5,4,5,0,0,0,0,S Hooper,2324,E0_2324.csv,2,-2,Away Win,20240428_NottinghamForest_ManchesterCity
E0,2024-05-02,Chelsea,Tottenham Hotspur,2,0,H,1,0,16,19,5,3,4,9,0,1,0,0,R Jones,2324,E0_2324.csv,2,2,Home Win,20240502_Chelsea_TottenhamHotspur
E0,2024-05-03,Luton,Everton,1,1,D,1,1,18,10,5,3,8,7,1,3,0,0,T Robinson,2324,E0_2324.csv,2,0,Draw,20240503_Luton_Everton
E0,2024-05-04,Arsenal,Bournemouth,3,0,H,1,0,25,7,9,2,6,1,2,3,0,0,D Coote,2324,E0_2324.csv,3,3,Home Win,20240504_Arsenal_Bournemouth
E0,2024-05-04,Brentford,Fulham,0,0,D,0,0,7,15,3,3,7,6,1,1,0,0,G Scott,2324,E0_2324.csv,0,0,Draw,20240504_Brentford_Fulham
E0,2024-05-04,Burnley,Newcastle United,1,4,A,0,3,17,23,5,11,4,11,2,2,0,0,A Taylor,2324,E0_2324.csv,5,-3,Away Win,20240504_Burnley_NewcastleUnited
E0,2024-05-04,Sheffield United,Nottingham Forest,1,3,A,1,1,17,15,5,4,5,3,0,1,1,0,C Kavanagh,2324,E0_2324.csv,4,-2,Away Win,20240504_SheffieldUnited_NottinghamForest
E0,2024-05-04,Manchester City,Wolverhampton Wanderers,5,1,H,3,0,20,2,12,1,6,0,0,4,0,0,C Pawson,2324,E0_2324.csv,6,4,Home Win,20240504_ManchesterCity_WolverhamptonWanderers
E0,2024-05-05,Brighton,Aston Villa,1,0,H,0,0,15,2,8,1,7,3,2,1,0,0,R Jones,2324,E0_2324.csv,1,1,Home Win,20240505_Brighton_AstonVilla
E0,2024-05-05,Chelsea,West Ham United,5,0,H,3,0,25,13,14,2,8,6,1,3,0,0,A Madley,2324,E0_2324.csv,5,5,Home Win,20240505_Chelsea_WestHamUnited
E0,2024-05-05,Liverpool,Tottenham Hotspur,4,2,H,2,0,25,11,13,6,8,3,1,4,0,0,P Tierney,2324,E0_2324.csv,6,2,Home Win,20240505_Liverpool_TottenhamHotspur
E0,2024-05-06,Crystal Palace,Manchester United,4,0,H,2,0,18,7,10,2,6,3,1,1,0,0,J Gillett ,2324,E0_2324.csv,4,4,Home Win,20240506_CrystalPalace_ManchesterUnited
E0,2024-05-11,Nottingham Forest,Chelsea,2,3,A,1,1,20,12,4,5,5,6,2,3,0,0,T Harrington,2324,E0_2324.csv,5,-1,Away Win,20240511_NottinghamForest_Chelsea
E0,2024-05-11,Wolverhampton Wanderers,Crystal Palace,1,3,A,0,2,13,13,7,3,8,3,3,2,0,1,T Bramall,2324,E0_2324.csv,4,-2,Away Win,20240511_WolverhamptonWanderers_CrystalPalace
E0,2024-05-11,West Ham United,Luton,3,1,H,0,1,24,4,8,1,7,6,1,3,0,0,M Oliver,2324,E0_2324.csv,4,2,Home Win,20240511_WestHamUnited_Luton
E0,2024-05-11,Tottenham Hotspur,Burnley,2,1,H,1,1,21,7,9,3,9,3,3,5,0,0,J Gillett,2324,E0_2324.csv,3,1,Home Win,20240511_TottenhamHotspur_Burnley
E0,2024-05-11,Fulham,Manchester City,0,4,A,0,1,1,16,1,9,1,7,1,0,1,0,A Taylor,2324,E0_2324.csv,4,-4,Away Win,20240511_Fulham_ManchesterCity
E0,2024-05-11,Everton,Sheffield United,1,0,H,1,0,15,13,6,1,3,6,1,2,0,0,S Attwell,2324,E0_2324.csv,1,1,Home Win,20240511_Everton_SheffieldUnited
E0,2024-05-11,Bournemouth,Brentford,1,2,A,0,0,13,11,4,5,3,8,2,2,0,0,M Donohue,2324,E0_2324.csv,3,-1,Away Win,20240511_Bournemouth_Brentford
E0,2024-05-11,Newcastle United,Brighton,1,1,D,1,1,18,15,7,4,8,4,3,4,0,0,D England,2324,E0_2324.csv,2,0,Draw,20240511_NewcastleUnited_Brighton
E0,2024-05-12,Manchester United,Arsenal,0,1,A,0,1,14,11,2,5,4,7,0,2,0,0,P Tierney,2324,E0_2324.csv,1,-1,Away Win,20240512_ManchesterUnited_Arsenal
E0,2024-05-13,Aston Villa,Liverpool,3,3,D,1,2,19,14,5,7,5,4,1,1,0,0,S Hooper,2324,E0_2324.csv,6,0,Draw,20240513_AstonVilla_Liverpool
E0,2024-05-14,Tottenham Hotspur,Manchester City,0,2,A,0,0,10,8,5,5,7,4,3,3,0,0,C Kavanagh,2324,E0_2324.csv,2,-2,Away Win,20240514_TottenhamHotspur_ManchesterCity
E0,2024-05-15,Manchester United,Newcastle United,3,2,H,1,0,17,21,8,8,9,9,3,3,0,0,R Jones,2324,E0_2324.csv,5,1,Home Win,20240515_ManchesterUnited_NewcastleUnited
E0,2024-05-15,Brighton,Chelsea,1,2,A,0,1,12,13,2,6,4,6,2,2,0,1,M Salisbury,2324,E0_2324.csv,3,-1,Away Win,20240515_Brighton_Chelsea
E0,2024-05-19,Luton,Fulham,2,4,A,1,2,15,15,6,7,4,4,5,4,0,0,M Donohue,2324,E0_2324.csv,6,-2,Away Win,20240519_Luton_Fulham
E0,2024-05-19,Liverpool,Wolverhampton Wanderers,2,0,H,2,0,36,4,14,3,10,2,1,1,0,1,C Kavanagh,2324,E0_2324.csv,2,2,Home Win,20240519_Liverpool_WolverhamptonWanderers
E0,2024-05-19,Manchester City,West Ham United,3,1,H,2,1,28,3,12,2,11,2,0,1,0,0,J Brooks,2324,E0_2324.csv,4,2,Home Win,20240519_ManchesterCity_WestHamUnited
E0,2024-05-19,Crystal Palace,Aston Villa,5,0,H,2,0,15,8,9,2,2,4,1,4,0,0,D Bond,2324,E0_2324.csv,5,5,Home Win,20240519_CrystalPalace_AstonVilla
E0,2024-05-19,Sheffield United,Tottenham Hotspur,0,3,A,0,1,6,18,1,9,2,6,2,0,0,0,A Madley,2324,E0_2324.csv,3,-3,Away Win,20240519_SheffieldUnited_TottenhamHotspur
E0,2024-05-19,Burnley,Nottingham Forest,1,2,A,0,2,20,12,3,6,4,3,1,0,0,0,G Scott,2324,E0_2324.csv,3,-1,Away Win,20240519_Burnley_NottinghamForest
E0,2024-05-19,Brighton,Manchester United,0,2,A,0,0,17,11,3,4,7,5,1,3,0,0,C Pawson,2324,E0_2324.csv,2,-2,Away Win,20240519_Brighton_ManchesterUnited
E0,2024-05-19,Brentford,Newcastle United,2,4,A,0,3,10,12,5,7,3,0,4,4,0,0,S Hooper,2324,E0_2324.csv,6,-2,Away Win,20240519_Brentford_NewcastleUnited
E0,2024-05-19,Arsenal,Everton,2,1,H,1,1,26,5,5,2,8,1,4,3,0,0,M Oliver,2324,E0_2324.csv,3,1,Home Win,20240519_Arsenal_Everton
E0,2024-05-19,Chelsea,Bournemouth,2,1,H,1,0,16,22,6,5,6,5,2,3,0,0,A Taylor,2324,E0_2324.csv,3,1,Home Win,20240519_Chelsea_Bournemouth
,2024-08-16,Manchester United,Fulham,1,0,H,0,0,14,10,5,2,7,8,2,3,0,0,R Jones,2425,E0_2425.csv,1,1,Home Win,20240816_ManchesterUnited_Fulham
,2024-08-17,Nottingham Forest,Bournemouth,1,1,D,1,0,14,13,8,4,2,6,1,3,0,0,M Oliver,2425,E0_2425.csv,2,0,Draw,20240817_NottinghamForest_Bournemouth
,2024-08-17,Newcastle United,Southampton,1,0,H,1,0,3,19,1,4,3,12,2,4,1,0,C Pawson,2425,E0_2425.csv,1,1,Home Win,20240817_NewcastleUnited_Southampton
,2024-08-17,West Ham United,Aston Villa,1,2,A,1,1,14,15,3,3,5,3,1,2,0,0,T Harrington,2425,E0_2425.csv,3,-1,Away Win,20240817_WestHamUnited_AstonVilla
,2024-08-17,Arsenal,Wolverhampton Wanderers,2,0,H,1,0,18,9,6,3,8,2,2,2,0,0,J Gillett,2425,E0_2425.csv,2,2,Home Win,20240817_Arsenal_WolverhamptonWanderers
,2024-08-17,Ipswich,Liverpool,0,2,A,0,0,7,18,2,5,2,10,3,1,0,0,T Robinson,2425,E0_2425.csv,2,-2,Away Win,20240817_Ipswich_Liverpool
,2024-08-17,Everton,Brighton,0,3,A,0,1,9,10,1,5,1,5,1,1,1,0,S Hooper,2425,E0_2425.csv,3,-3,Away Win,20240817_Everton_Brighton
,2024-08-18,Brentford,Crystal Palace,2,1,H,1,0,9,14,5,6,4,7,1,5,0,0,S Barrott,2425,E0_2425.csv,3,1,Home Win,20240818_Brentford_CrystalPalace
,2024-08-18,Chelsea,Manchester City,0,2,A,0,1,10,11,3,5,4,3,1,1,0,0,A Taylor,2425,E0_2425.csv,2,-2,Away Win,20240818_Chelsea_ManchesterCity
,2024-08-19,Leicester City,Tottenham Hotspur,1,1,D,0,1,7,15,3,7,2,13,1,1,0,0,C Kavanagh,2425,E0_2425.csv,2,0,Draw,20240819_LeicesterCity_TottenhamHotspur
,2024-08-24,Aston Villa,Arsenal,0,2,A,0,0,11,9,3,4,4,1,1,3,0,0,M Oliver,2425,E0_2425.csv,2,-2,Away Win,20240824_AstonVilla_Arsenal
,2024-08-24,Brighton,Manchester United,2,1,H,1,0,14,11,5,4,4,4,1,2,0,0,C Pawson,2425,E0_2425.csv,3,1,Home Win,20240824_Brighton_ManchesterUnited
,2024-08-24,Crystal Palace,West Ham United,0,2,A,0,0,14,18,2,3,3,3,1,1,0,0,R Jones,2425,E0_2425.csv,2,-2,Away Win,20240824_CrystalPalace_WestHamUnited
,2024-08-24,Fulham,Leicester City,2,1,H,1,1,18,10,6,4,7,5,2,2,0,0,D Bond,2425,E0_2425.csv,3,1,Home Win,20240824_Fulham_LeicesterCity
,2024-08-24,Manchester City,Ipswich,4,1,H,3,1,14,1,5,1,10,1,2,3,0,0,M Salisbury,2425,E0_2425.csv,5,3,Home Win,20240824_ManchesterCity_Ipswich
,2024-08-24,Southampton,Nottingham Forest,0,1,A,0,0,5,23,1,8,4,10,3,3,0,0,S Barrott,2425,E0_2425.csv,1,-1,Away Win,20240824_Southampton_NottinghamForest
,2024-08-24,Tottenham Hotspur,Everton,4,0,H,2,0,13,10,7,1,12,5,0,0,0,0,A Taylor,2425,E0_2425.csv,4,4,Home Win,20240824_TottenhamHotspur_Everton
,2024-08-25,Wolverhampton Wanderers,Chelsea,2,6,A,2,2,12,14,4,8,5,5,2,3,0,0,D England,2425,E0_2425.csv,8,-4,Away Win,20240825_WolverhamptonWanderers_Chelsea
,2024-08-25,Liverpool,Brentford,2,0,H,1,0,19,8,8,2,9,4,2,3,0,0,S Attwell,2425,E0_2425.csv,2,2,Home Win,20240825_Liverpool_Brentford
,2024-08-25,Bournemouth,Newcastle United,1,1,D,1,0,16,14,4,5,8,9,2,2,0,0,D Coote,2425,E0_2425.csv,2,0,Draw,20240825_Bournemouth_NewcastleUnited
,2024-08-31,Arsenal,Brighton,1,1,D,1,0,11,22,7,4,3,7,3,2,1,0,C Kavanagh,2425,E0_2425.csv,2,0,Draw,20240831_Arsenal_Brighton
,2024-08-31,Brentford,Southampton,3,1,H,1,0,20,18,7,6,2,8,2,1,0,0,J Smith,2425,E0_2425.csv,4,2,Home Win,20240831_Brentford_Southampton
,2024-08-31,Everton,Bournemouth,2,3,A,0,0,18,17,8,7,8,4,2,1,0,0,S Attwell,2425,E0_2425.csv,5,-1,Away Win,20240831_Everton_Bournemouth
,2024-08-31,Ipswich,Fulham,1,1,D,1,1,11,9,4,4,8,6,2,3,0,0,L Smith,2425,E0_2425.csv,2,0,Draw,20240831_Ipswich_Fulham
,2024-08-31,Leicester City,Aston Villa,1,2,A,0,1,9,10,3,5,1,4,4,5,0,0,D Coote,2425,E0_2425.csv,3,-1,Away Win,20240831_LeicesterCity_AstonVilla
,2024-08-31,Nottingham Forest,Wolverhampton Wanderers,1,1,D,1,1,16,11,5,3,7,3,3,4,0,0,S Hooper,2425,E0_2425.csv,2,0,Draw,20240831_NottinghamForest_WolverhamptonWanderers
,2024-08-31,West Ham United,Manchester City,1,3,A,1,2,10,23,2,8,3,11,3,2,0,0,M Oliver,2425,E0_2425.csv,4,-2,Away Win,20240831_WestHamUnited_ManchesterCity
,2024-09-01,Manchester United,Liverpool,0,3,A,0,2,8,11,3,3,5,2,4,1,0,0,A Taylor,2425,E0_2425.csv,3,-3,Away Win,20240901_ManchesterUnited_Liverpool
,2024-09-01,Chelsea,Crystal Palace,1,1,D,1,0,13,9,7,3,4,5,4,2,0,0,J Gillett,2425,E0_2425.csv,2,0,Draw,20240901_Chelsea_CrystalPalace
,2024-09-01,Newcastle United,Tottenham Hotspur,2,1,H,1,0,9,20,3,6,7,12,4,4,0,0,R Jones,2425,E0_2425.csv,3,1,Home Win,20240901_NewcastleUnited_TottenhamHotspur
,2024-09-14,Bournemouth,Chelsea,0,1,A,0,0,19,10,7,3,6,3,6,8,0,0,A Taylor,2425,E0_2425.csv,1,-1,Away Win,20240914_Bournemouth_Chelsea
,2024-09-14,Aston Villa,Everton,3,2,H,1,2,17,6,8,2,6,2,1,4,0,0,C Pawson,2425,E0_2425.csv,5,1,Home Win,20240914_AstonVilla_Everton
,2024-09-14,Manchester City,Brentford,2,1,H,2,1,18,8,7,5,12,3,3,1,0,0,D Bond,2425,E0_2425.csv,3,1,Home Win,20240914_ManchesterCity_Brentford
,2024-09-14,Liverpool,Nottingham Forest,0,1,A,0,0,14,5,5,3,7,2,4,4,0,0,M Oliver,2425,E0_2425.csv,1,-1,Away Win,20240914_Liverpool_NottinghamForest
,2024-09-14,Brighton,Ipswich,0,0,D,0,0,21,6,6,1,9,2,4,3,0,0,S Barrott,2425,E0_2425.csv,0,0,Draw,20240914_Brighton_Ipswich
,2024-09-14,Crystal Palace,Leicester City,2,2,D,0,1,20,9,4,4,5,2,0,3,0,0,T Harrington,2425,E0_2425.csv,4,0,Draw,20240914_CrystalPalace_LeicesterCity
,2024-09-14,Southampton,Manchester United,0,3,A,0,2,6,20,4,10,0,7,1,4,1,0,S Attwell,2425,E0_2425.csv,3,-3,Away Win,20240914_Southampton_ManchesterUnited
,2024-09-14,Fulham,West Ham United,1,1,D,1,0,21,11,5,3,3,2,2,3,0,0,T Robinson,2425,E0_2425.csv,2,0,Draw,20240914_Fulham_WestHamUnited
,2024-09-15,Wolverhampton Wanderers,Newcastle United,1,2,A,1,0,12,14,5,6,4,7,3,3,0,0,C Kavanagh,2425,E0_2425.csv,3,-1,Away Win,20240915_WolverhamptonWanderers_NewcastleUnited
,2024-09-15,Tottenham Hotspur,Arsenal,0,1,A,0,0,15,7,5,4,7,6,5,3,0,0,J Gillett,2425,E0_2425.csv,1,-1,Away Win,20240915_TottenhamHotspur_Arsenal
,2024-09-21,Tottenham Hotspur,Brentford,3,1,H,2,1,23,6,10,6,9,4,3,1,0,0,J Brooks,2425,E0_2425.csv,4,2,Home Win,20240921_TottenhamHotspur_Brentford
,2024-09-21,Southampton,Ipswich,1,1,D,1,0,11,13,3,6,2,10,4,4,0,0,S Allison,2425,E0_2425.csv,2,0,Draw,20240921_Southampton_Ipswich
,2024-09-21,Crystal Palace,Manchester United,0,0,D,0,0,9,15,4,6,4,11,3,1,0,0,D Coote,2425,E0_2425.csv,0,0,Draw,20240921_CrystalPalace_ManchesterUnited
,2024-09-21,Liverpool,Bournemouth,3,0,H,3,0,19,19,13,6,3,9,1,4,0,0,T Harrington,2425,E0_2425.csv,3,3,Home Win,20240921_Liverpool_Bournemouth
,2024-09-21,Aston Villa,Wolverhampton Wanderers,3,1,H,0,1,9,10,4,4,6,5,3,6,0,0,T Robinson,2425,E0_2425.csv,4,2,Home Win,20240921_AstonVilla_WolverhamptonWanderers
,2024-09-21,Fulham,Newcastle United,3,1,H,2,0,22,15,11,4,6,0,6,0,0,0,P Bankes,2425,E0_2425.csv,4,2,Home Win,20240921_Fulham_NewcastleUnited
,2024-09-21,Leicester City,Everton,1,1,D,0,1,12,16,2,5,6,1,1,2,0,0,D England,2425,E0_2425.csv,2,0,Draw,20240921_LeicesterCity_Everton
,2024-09-21,West Ham United,Chelsea,0,3,A,0,2,15,12,7,5,6,5,5,2,0,0,S Barrott,2425,E0_2425.csv,3,-3,Away Win,20240921_WestHamUnited_Chelsea
,2024-09-22,Brighton,Nottingham Forest,2,2,D,2,1,14,4,3,3,9,1,3,4,0,1,R Jones,2425,E0_2425.csv,4,0,Draw,20240922_Brighton_NottinghamForest
,2024-09-22,Manchester City,Arsenal,2,2,D,1,2,33,5,11,3,8,2,3,4,0,1,M Oliver,2425,E0_2425.csv,4,0,Draw,20240922_ManchesterCity_Arsenal
,2024-09-28,Wolverhampton Wanderers,Liverpool,1,2,A,0,1,8,10,3,6,2,10,2,3,0,0,A Taylor,2425,E0_2425.csv,3,-1,Away Win,20240928_WolverhamptonWanderers_Liverpool
,2024-09-28,Nottingham Forest,Fulham,0,1,A,0,0,11,14,1,2,6,5,2,4,0,0,J Smith,2425,E0_2425.csv,1,-1,Away Win,20240928_NottinghamForest_Fulham
,2024-09-28,Everton,Crystal Palace,2,1,H,0,1,8,17,2,5,5,8,2,1,0,0,A Madley,2425,E0_2425.csv,3,1,Home Win,20240928_Everton_CrystalPalace
,2024-09-28,Chelsea,Brighton,4,2,H,4,2,15,15,7,5,8,2,3,2,0,0,P Bankes,2425,E0_2425.csv,6,2,Home Win,20240928_Chelsea_Brighton
,2024-09-28,Brentford,West Ham United,1,1,D,1,0,8,19,3,3,7,7,2,3,0,0,S Hooper,2425,E0_2425.csv,2,0,Draw,20240928_Brentford_WestHamUnited
,2024-09-28,Arsenal,Leicester City,4,2,H,2,0,36,5,16,3,17,0,2,4,0,0,S Barrott,2425,E0_2425.csv,6,2,Home Win,20240928_Arsenal_LeicesterCity
,2024-09-28,Newcastle United,Manchester City,1,1,D,0,1,11,16,4,6,5,6,4,4,0,0,J Gillett,2425,E0_2425.csv,2,0,Draw,20240928_NewcastleUnited_ManchesterCity
,2024-09-29,Ipswich,Aston Villa,2,2,D,1,2,15,7,5,3,10,0,4,1,0,0,S Attwell,2425,E0_2425.csv,4,0,Draw,20240929_Ipswich_AstonVilla
,2024-09-29,Manchester United,Tottenham Hotspur,0,3,A,0,1,11,24,2,10,5,3,5,3,1,0,C Kavanagh,2425,E0_2425.csv,3,-3,Away Win,20240929_ManchesterUnited_TottenhamHotspur
,2024-09-30,Bournemouth,Southampton,3,1,H,3,0,14,9,6,3,7,4,2,5,0,0,M Oliver,2425,E0_2425.csv,4,2,Home Win,20240930_Bournemouth_Southampton
,2024-10-05,West Ham United,Ipswich,4,1,H,2,1,23,9,13,2,5,5,0,1,0,0,A Taylor,2425,E0_2425.csv,5,3,Home Win,20241005_WestHamUnited_Ipswich
,2024-10-05,Manchester City,Fulham,3,2,H,1,1,20,11,7,4,8,3,2,1,0,0,P Bankes,2425,E0_2425.csv,5,1,Home Win,20241005_ManchesterCity_Fulham
,2024-10-05,Leicester City,Bournemouth,1,0,H,1,0,6,17,2,2,0,9,4,1,0,0,D Bond,2425,E0_2425.csv,1,1,Home Win,20241005_LeicesterCity_Bournemouth
,2024-10-05,Everton,Newcastle United,0,0,D,0,0,8,14,2,3,0,10,1,2,0,0,C Pawson,2425,E0_2425.csv,0,0,Draw,20241005_Everton_NewcastleUnited
,2024-10-05,Arsenal,Southampton,3,1,H,0,0,29,8,6,2,13,1,0,3,0,0,T Harrington,2425,E0_2425.csv,4,2,Home Win,20241005_Arsenal_Southampton
,2024-10-05,Crystal Palace,Liverpool,0,1,A,0,1,9,16,5,4,3,8,4,2,0,0,S Hooper,2425,E0_2425.csv,1,-1,Away Win,20241005_CrystalPalace_Liverpool
,2024-10-05,Brentford,Wolverhampton Wanderers,5,3,H,4,2,19,17,12,6,10,3,2,3,0,0,A Madley,2425,E0_2425.csv,8,2,Home Win,20241005_Brentford_WolverhamptonWanderers
,2024-10-06,Aston Villa,Manchester United,0,0,D,0,0,11,10,1,4,6,3,1,5,0,0,R Jones,2425,E0_2425.csv,0,0,Draw,20241006_AstonVilla_ManchesterUnited
,2024-10-06,Chelsea,Nottingham Forest,1,1,D,0,0,22,16,8,9,11,3,6,2,0,1,C Kavanagh,2425,E0_2425.csv,2,0,Draw,20241006_Chelsea_NottinghamForest
,2024-10-06,Brighton,Tottenham Hotspur,3,2,H,0,2,11,13,4,3,4,7,2,2,0,0,D Coote,2425,E0_2425.csv,5,1,Home Win,20241006_Brighton_TottenhamHotspur
,2024-10-19,Bournemouth,Arsenal,2,0,H,0,0,13,6,4,1,7,4,1,1,0,1,R Jones,2425,E0_2425.csv,2,2,Home Win,20241019_Bournemouth_Arsenal
,2024-10-19,Newcastle United,Brighton,0,1,A,0,1,21,10,6,5,9,4,2,2,0,0,P Bankes,2425,E0_2425.csv,1,-1,Away Win,20241019_NewcastleUnited_Brighton
,2024-10-19,Manchester United,Brentford,2,1,H,0,1,23,8,11,2,9,2,2,2,0,0,S Barrott,2425,E0_2425.csv,3,1,Home Win,20241019_ManchesterUnited_Brentford
,2024-10-19,Southampton,Leicester City,2,3,A,2,0,14,18,7,4,10,6,5,3,1,0,A Taylor,2425,E0_2425.csv,5,-1,Away Win,20241019_Southampton_LeicesterCity
,2024-10-19,Fulham,Aston Villa,1,3,A,1,1,10,14,4,5,6,11,3,3,1,1,D England,2425,E0_2425.csv,4,-2,Away Win,20241019_Fulham_AstonVilla
,2024-10-19,Tottenham Hotspur,West Ham United,4,1,H,1,1,22,11,7,4,13,5,1,3,0,1,A Madley,2425,E0_2425.csv,5,3,Home Win,20241019_TottenhamHotspur_WestHamUnited
,2024-10-19,Ipswich,Everton,0,2,A,0,2,13,11,2,8,5,8,1,1,0,0,M Oliver,2425,E0_2425.csv,2,-2,Away Win,20241019_Ipswich_Everton
,2024-10-20,Wolverhampton Wanderers,Manchester City,1,2,A,1,1,3,22,2,7,1,18,4,1,0,0,C Kavanagh,2425,E0_2425.csv,3,-1,Away Win,20241020_WolverhamptonWanderers_ManchesterCity
,2024-10-20,Liverpool,Chelsea,2,1,H,1,0,9,12,5,2,1,6,4,3,0,0,J Brooks,2425,E0_2425.csv,3,1,Home Win,20241020_Liverpool_Chelsea
,2024-10-21,Nottingham Forest,Crystal Palace,1,0,H,0,0,20,20,6,7,6,6,2,3,0,0,T Robinson,2425,E0_2425.csv,1,1,Home Win,20241021_NottinghamForest_CrystalPalace
,2024-10-25,Leicester City,Nottingham Forest,1,3,A,1,1,11,20,1,5,6,7,5,2,0,0,C Pawson,2425,E0_2425.csv,4,-2,Away Win,20241025_LeicesterCity_NottinghamForest
,2024-10-26,Aston Villa,Bournemouth,1,1,D,0,0,18,11,8,3,9,7,7,6,0,0,A Madley,2425,E0_2425.csv,2,0,Draw,20241026_AstonVilla_Bournemouth
,2024-10-26,Brentford,Ipswich,4,3,H,2,2,20,11,9,5,5,5,0,1,0,1,L Smith,2425,E0_2425.csv,7,1,Home Win,20241026_Brentford_Ipswich
,2024-10-26,Brighton,Wolverhampton Wanderers,2,2,D,1,0,19,14,6,7,9,6,3,3,0,0,M Oliver,2425,E0_2425.csv,4,0,Draw,20241026_Brighton_WolverhamptonWanderers
,2024-10-26,Manchester City,Southampton,1,0,H,1,0,22,5,8,2,12,1,1,3,0,0,T Harrington,2425,E0_2425.csv,1,1,Home Win,20241026_ManchesterCity_Southampton
,2024-10-26,Everton,Fulham,1,1,D,0,0,10,14,5,3,4,2,1,0,0,0,J Brooks,2425,E0_2425.csv,2,0,Draw,20241026_Everton_Fulham
,2024-10-27,Arsenal,Liverpool,2,2,D,2,1,9,9,3,4,1,3,2,2,0,0,A Taylor,2425,E0_2425.csv,4,0,Draw,20241027_Arsenal_Liverpool
,2024-10-27,West Ham United,Manchester United,2,1,H,0,0,12,18,3,5,6,5,5,1,0,0,D Coote,2425,E0_2425.csv,3,1,Home Win,20241027_WestHamUnited_ManchesterUnited
,2024-10-27,Crystal Palace,Tottenham Hotspur,1,0,H,1,0,14,11,6,3,8,8,4,4,0,0,D Bond,2425,E0_2425.csv,1,1,Home Win,20241027_CrystalPalace_TottenhamHotspur
,2024-10-27,Chelsea,Newcastle United,2,1,H,1,1,17,11,7,3,7,4,6,3,0,0,S Hooper,2425,E0_2425.csv,3,1,Home Win,20241027_Chelsea_NewcastleUnited
,2024-11-02,Newcastle United,Arsenal,1,0,H,1,0,9,10,4,1,4,6,4,4,0,0,J Brooks,2425,E0_2425.csv,1,1,Home Win,20241102_NewcastleUnited_Arsenal
,2024-11-02,Bournemouth,Manchester City,2,1,H,1,0,12,18,6,4,3,10,2,1,0,0,M Oliver,2425,E0_2425.csv,3,1,Home Win,20241102_Bournemouth_ManchesterCity
,2024-11-02,Ipswich,Leicester City,1,1,D,0,0,14,20,2,6,4,6,4,2,1,0,T Robinson,2425,E0_2425.csv,2,0,Draw,20241102_Ipswich_LeicesterCity
,2024-11-02,Liverpool,Brighton,2,1,H,0,1,16,13,8,5,10,7,1,1,0,0,T Harrington,2425,E0_2425.csv,3,1,Home Win,20241102_Liverpool_Brighton
,2024-11-02,Nottingham Forest,West Ham United,3,0,H,1,0,19,4,6,2,11,6,1,2,0,1,P Bankes,2425,E0_2425.csv,3,3,Home Win,20241102_NottinghamForest_WestHamUnited
,2024-11-02,Southampton,Everton,1,0,H,0,0,9,16,2,5,3,6,4,2,0,0,A Madley,2425,E0_2425.csv,1,1,Home Win,20241102_Southampton_Everton
,2024-11-02,Wolverhampton Wanderers,Crystal Palace,2,2,D,0,0,11,19,6,7,3,6,1,2,0,0,A Taylor,2425,E0_2425.csv,4,0,Draw,20241102_WolverhamptonWanderers_CrystalPalace
,2024-11-03,Tottenham Hotspur,Aston Villa,4,1,H,0,1,16,12,6,1,6,4,2,0,0,0,C Pawson,2425,E0_2425.csv,5,3,Home Win,20241103_TottenhamHotspur_AstonVilla
,2024-11-03,Manchester United,Chelsea,1,1,D,0,0,11,12,4,3,4,8,6,2,0,0,R Jones,2425,E0_2425.csv,2,0,Draw,20241103_ManchesterUnited_Chelsea
,2024-11-04,Fulham,Brentford,2,1,H,0,1,26,5,12,2,11,3,2,1,0,0,S Attwell,2425,E0_2425.csv,3,1,Home Win,20241104_Fulham_Brentford
,2024-11-09,Liverpool,Aston Villa,2,0,H,1,0,14,12,5,2,2,9,0,3,0,0,D Coote,2425,E0_2425.csv,2,2,Home Win,20241109_Liverpool_AstonVilla
,2024-11-09,Brighton,Manchester City,2,1,H,0,1,10,15,4,6,0,4,3,3,0,0,S Barrott,2425,E0_2425.csv,3,1,Home Win,20241109_Brighton_ManchesterCity
,2024-11-09,Wolverhampton Wanderers,Southampton,2,0,H,1,0,8,9,4,0,1,9,1,4,0,0,T Bramall,2425,E0_2425.csv,2,2,Home Win,20241109_WolverhamptonWanderers_Southampton
,2024-11-09,Brentford,Bournemouth,3,2,H,1,1,12,15,6,3,6,4,2,4,0,0,D Bond,2425,E0_2425.csv,5,1,Home Win,20241109_Brentford_Bournemouth
,2024-11-09,Crystal Palace,Fulham,0,2,A,0,1,13,17,5,7,1,8,1,1,1,0,M Salisbury,2425,E0_2425.csv,2,-2,Away Win,20241109_CrystalPalace_Fulham
,2024-11-09,West Ham United,Everton,0,0,D,0,0,11,18,6,4,7,6,1,2,0,0,S Attwell,2425,E0_2425.csv,0,0,Draw,20241109_WestHamUnited_Everton
,2024-11-10,Manchester United,Leicester City,3,0,H,2,0,13,6,3,5,1,5,0,1,0,0,P Bankes,2425,E0_2425.csv,3,3,Home Win,20241110_ManchesterUnited_LeicesterCity
,2024-11-10,Nottingham Forest,Newcastle United,1,3,A,1,0,9,17,3,6,4,5,1,1,0,0,A Taylor,2425,E0_2425.csv,4,-2,Away Win,20241110_NottinghamForest_NewcastleUnited
,2024-11-10,Tottenham Hotspur,Ipswich,1,2,A,0,2,17,8,5,3,12,2,1,5,0,0,D England,2425,E0_2425.csv,3,-1,Away Win,20241110_TottenhamHotspur_Ipswich
,2024-11-10,Chelsea,Arsenal,1,1,D,0,0,17,13,3,3,4,3,4,2,0,0,M Oliver,2425,E0_2425.csv,2,0,Draw,20241110_Chelsea_Arsenal
,2024-11-23,Fulham,Wolverhampton Wanderers,1,4,A,1,1,10,10,3,5,7,2,3,0,0,0,R Jones,2425,E0_2425.csv,5,-3,Away Win,20241123_Fulham_WolverhamptonWanderers
,2024-11-23,Manchester City,Tottenham Hotspur,0,4,A,0,2,23,9,5,7,9,3,4,2,0,0,J Brooks,2425,E0_2425.csv,4,-4,Away Win,20241123_ManchesterCity_TottenhamHotspur
,2024-11-23,Everton,Brentford,0,0,D,0,0,27,9,5,2,10,4,0,0,0,1,C Kavanagh,2425,E0_2425.csv,0,0,Draw,20241123_Everton_Brentford
,2024-11-23,Arsenal,Nottingham Forest,3,0,H,1,0,19,7,7,0,8,1,3,2,0,0,S Hooper,2425,E0_2425.csv,3,3,Home Win,20241123_Arsenal_NottinghamForest
,2024-11-23,Aston Villa,Crystal Palace,2,2,D,1,2,17,13,5,6,10,1,3,2,0,0,T Robinson,2425,E0_2425.csv,4,0,Draw,20241123_AstonVilla_CrystalPalace
,2024-11-23,Leicester City,Chelsea,1,2,A,0,1,4,16,1,7,2,9,4,3,0,0,A Madley,2425,E0_2425.csv,3,-1,Away Win,20241123_LeicesterCity_Chelsea
,2024-11-23,Bournemouth,Brighton,1,2,A,0,1,19,6,5,4,7,0,2,2,0,1,S Attwell,2425,E0_2425.csv,3,-1,Away Win,20241123_Bournemouth_Brighton
,2024-11-24,Southampton,Liverpool,2,3,A,1,1,7,27,5,11,3,10,3,4,0,0,S Barrott,2425,E0_2425.csv,5,-1,Away Win,20241124_Southampton_Liverpool
,2024-11-24,Ipswich,Manchester United,1,1,D,1,1,11,11,6,4,4,3,0,0,0,0,A Taylor,2425,E0_2425.csv,2,0,Draw,20241124_Ipswich_ManchesterUnited
,2024-11-25,Newcastle United,West Ham United,0,2,A,0,1,18,15,2,6,8,3,1,0,0,0,C Pawson,2425,E0_2425.csv,2,-2,Away Win,20241125_NewcastleUnited_WestHamUnited
,2024-11-29,Brighton,Southampton,1,1,D,1,0,22,10,5,2,7,6,2,4,0,0,R Jones,2425,E0_2425.csv,2,0,Draw,20241129_Brighton_Southampton
,2024-11-30,West Ham United,Arsenal,2,5,A,2,5,12,16,5,7,2,10,4,1,0,0,A Taylor,2425,E0_2425.csv,7,-3,Away Win,20241130_WestHamUnited_Arsenal
,2024-11-30,Nottingham Forest,Ipswich,1,0,H,0,0,12,7,5,3,8,7,1,3,0,0,T Harrington,2425,E0_2425.csv,1,1,Home Win,20241130_NottinghamForest_Ipswich
,2024-11-30,Wolverhampton Wanderers,Bournemouth,2,4,A,1,3,10,12,3,8,3,4,4,1,0,0,P Bankes,2425,E0_2425.csv,6,-2,Away Win,20241130_WolverhamptonWanderers_Bournemouth
,2024-11-30,Brentford,Leicester City,4,1,H,3,1,13,7,6,3,5,4,1,1,0,0,M Oliver,2425,E0_2425.csv,5,3,Home Win,20241130_Brentford_LeicesterCity
,2024-11-30,Crystal Palace,Newcastle United,1,1,D,0,0,16,1,4,0,8,9,3,3,0,0,D England,2425,E0_2425.csv,2,0,Draw,20241130_CrystalPalace_NewcastleUnited
,2024-12-01,Chelsea,Aston Villa,3,0,H,2,0,17,10,8,4,3,4,2,2,0,0,S Attwell,2425,E0_2425.csv,3,3,Home Win,20241201_Chelsea_AstonVilla
,2024-12-01,Manchester United,Everton,4,0,H,2,0,11,8,5,2,2,2,2,3,0,0,J Brooks,2425,E0_2425.csv,4,4,Home Win,20241201_ManchesterUnited_Everton
,2024-12-01,Tottenham Hotspur,Fulham,1,1,D,0,0,8,14,3,6,7,11,0,1,0,1,D Bond,2425,E0_2425.csv,2,0,Draw,20241201_TottenhamHotspur_Fulham
,2024-12-01,Liverpool,Manchester City,2,0,H,1,0,18,8,7,2,7,4,1,3,0,0,C Kavanagh,2425,E0_2425.csv,2,2,Home Win,20241201_Liverpool_ManchesterCity
,2024-12-03,Ipswich,Crystal Palace,0,1,A,0,0,9,13,2,3,4,7,2,4,0,0,C Pawson,2425,E0_2425.csv,1,-1,Away Win,20241203_Ipswich_CrystalPalace
,2024-12-03,Leicester City,West Ham United,3,1,H,1,0,8,31,6,10,3,9,2,2,0,0,J Smith,2425,E0_2425.csv,4,2,Home Win,20241203_LeicesterCity_WestHamUnited
,2024-12-04,Arsenal,Manchester United,2,0,H,0,0,14,5,6,2,13,0,1,3,0,0,S Barrott,2425,E0_2425.csv,2,2,Home Win,20241204_Arsenal_ManchesterUnited
,2024-12-04,Aston Villa,Brentford,3,1,H,3,0,20,9,10,1,10,5,2,2,0,0,L Smith,2425,E0_2425.csv,4,2,Home Win,20241204_AstonVilla_Brentford
,2024-12-04,Southampton,Chelsea,1,5,A,1,3,6,26,4,13,5,7,1,0,1,0,T Harrington,2425,E0_2425.csv,6,-4,Away Win,20241204_Southampton_Chelsea
,2024-12-04,Newcastle United,Liverpool,3,3,D,1,0,17,16,6,5,5,6,2,5,0,0,A Madley,2425,E0_2425.csv,6,0,Draw,20241204_NewcastleUnited_Liverpool
,2024-12-04,Manchester City,Nottingham Forest,3,0,H,2,0,17,12,7,3,8,2,2,4,0,0,M Oliver,2425,E0_2425.csv,3,3,Home Win,20241204_ManchesterCity_NottinghamForest
,2024-12-04,Everton,Wolverhampton Wanderers,4,0,H,2,0,13,6,4,2,3,4,2,0,0,0,M Salisbury,2425,E0_2425.csv,4,4,Home Win,20241204_Everton_WolverhamptonWanderers
,2024-12-05,Fulham,Brighton,3,1,H,1,0,6,13,2,3,5,6,2,2,0,0,P Bankes,2425,E0_2425.csv,4,2,Home Win,20241205_Fulham_Brighton
,2024-12-05,Bournemouth,Tottenham Hotspur,1,0,H,1,0,21,12,8,4,5,9,2,2,0,0,S Hooper,2425,E0_2425.csv,1,1,Home Win,20241205_Bournemouth_TottenhamHotspur
,2024-12-07,Aston Villa,Southampton,1,0,H,1,0,18,4,5,0,14,1,1,3,0,0,D Bond,2425,E0_2425.csv,1,1,Home Win,20241207_AstonVilla_Southampton
,2024-12-07,Brentford,Newcastle United,4,2,H,2,2,11,16,8,3,3,4,3,0,0,0,T Robinson,2425,E0_2425.csv,6,2,Home Win,20241207_Brentford_NewcastleUnited
,2024-12-07,Crystal Palace,Manchester City,2,2,D,1,1,12,12,3,4,6,8,1,0,0,1,R Jones,2425,E0_2425.csv,4,0,Draw,20241207_CrystalPalace_ManchesterCity
,2024-12-07,Manchester United,Nottingham Forest,2,3,A,1,1,17,11,7,3,5,3,0,2,0,0,D England,2425,E0_2425.csv,5,-1,Away Win,20241207_ManchesterUnited_NottinghamForest
,2024-12-08,Tottenham Hotspur,Chelsea,3,4,A,2,1,13,17,5,8,5,10,2,2,0,0,A Taylor,2425,E0_2425.csv,7,-1,Away Win,20241208_TottenhamHotspur_Chelsea
,2024-12-08,Leicester City,Brighton,2,2,D,0,1,10,16,3,7,5,5,1,2,0,0,S Attwell,2425,E0_2425.csv,4,0,Draw,20241208_LeicesterCity_Brighton
,2024-12-08,Fulham,Arsenal,1,1,D,1,0,2,12,2,4,0,6,4,2,0,0,C Kavanagh,2425,E0_2425.csv,2,0,Draw,20241208_Fulham_Arsenal
,2024-12-08,Ipswich,Bournemouth,1,2,A,1,0,18,22,5,6,6,13,2,1,0,0,M Salisbury,2425,E0_2425.csv,3,-1,Away Win,20241208_Ipswich_Bournemouth
,2024-12-09,West Ham United,Wolverhampton Wanderers,2,1,H,0,0,19,19,4,5,11,0,5,4,0,0,J Brooks,2425,E0_2425.csv,3,1,Home Win,20241209_WestHamUnited_WolverhamptonWanderers
,2024-12-14,Arsenal,Everton,0,0,D,0,0,13,2,5,0,8,2,0,3,0,0,C Pawson,2425,E0_2425.csv,0,0,Draw,20241214_Arsenal_Everton
,2024-12-14,Liverpool,Fulham,2,2,D,0,1,16,12,4,3,5,4,3,4,1,0,T Harrington,2425,E0_2425.csv,4,0,Draw,20241214_Liverpool_Fulham
,2024-12-14,Newcastle United,Leicester City,4,0,H,1,0,27,4,11,1,5,2,3,3,0,0,T Bramall,2425,E0_2425.csv,4,4,Home Win,20241214_NewcastleUnited_LeicesterCity
,2024-12-14,Wolverhampton Wanderers,Ipswich,1,2,A,0,1,16,10,6,5,7,3,0,2,1,0,S Hooper,2425,E0_2425.csv,3,-1,Away Win,20241214_WolverhamptonWanderers_Ipswich
,2024-12-14,Nottingham Forest,Aston Villa,2,1,H,0,0,17,8,6,2,4,3,0,1,0,0,S Barrott,2425,E0_2425.csv,3,1,Home Win,20241214_NottinghamForest_AstonVilla
,2024-12-15,Chelsea,Brentford,2,1,H,1,0,26,9,8,4,8,5,0,2,1,0,P Bankes,2425,E0_2425.csv,3,1,Home Win,20241215_Chelsea_Brentford
,2024-12-15,Brighton,Crystal Palace,1,3,A,0,2,17,13,5,5,8,5,1,4,0,0,M Oliver,2425,E0_2425.csv,4,-2,Away Win,20241215_Brighton_CrystalPalace
,2024-12-15,Manchester City,Manchester United,1,2,A,1,0,10,10,3,3,8,2,1,1,0,0,A Taylor,2425,E0_2425.csv,3,-1,Away Win,20241215_ManchesterCity_ManchesterUnited
,2024-12-15,Southampton,Tottenham Hotspur,0,5,A,0,5,9,18,3,9,2,5,1,3,0,0,D England,2425,E0_2425.csv,5,-5,Away Win,20241215_Southampton_TottenhamHotspur
,2024-12-16,Bournemouth,West Ham United,1,1,D,0,0,29,16,9,3,12,6,0,2,0,0,C Kavanagh,2425,E0_2425.csv,2,0,Draw,20241216_Bournemouth_WestHamUnited
,2024-12-21,Aston Villa,Manchester City,2,1,H,1,0,11,12,6,6,5,4,3,3,0,0,P Bankes,2425,E0_2425.csv,3,1,Home Win,20241221_AstonVilla_ManchesterCity
,2024-12-21,Brentford,Nottingham Forest,0,2,A,0,1,7,10,3,6,9,5,3,4,0,0,M Oliver,2425,E0_2425.csv,2,-2,Away Win,20241221_Brentford_NottinghamForest
,2024-12-21,Ipswich,Newcastle United,0,4,A,0,3,10,15,2,7,2,1,2,0,0,0,S Attwell,2425,E0_2425.csv,4,-4,Away Win,20241221_Ipswich_NewcastleUnited
,2024-12-21,West Ham United,Brighton,1,1,D,0,0,11,12,4,6,8,4,2,2,0,0,R Jones,2425,E0_2425.csv,2,0,Draw,20241221_WestHamUnited_Brighton
,2024-12-21,Crystal Palace,Arsenal,1,5,A,1,3,15,14,6,6,3,3,2,2,0,0,S Hooper,2425,E0_2425.csv,6,-4,Away Win,20241221_CrystalPalace_Arsenal
,2024-12-22,Everton,Chelsea,0,0,D,0,0,5,12,4,5,2,5,4,1,0,0,C Kavanagh,2425,E0_2425.csv,0,0,Draw,20241222_Everton_Chelsea
,2024-12-22,Fulham,Southampton,0,0,D,0,0,16,5,5,1,6,5,1,3,0,0,T Robinson,2425,E0_2425.csv,0,0,Draw,20241222_Fulham_Southampton
,2024-12-22,Leicester City,Wolverhampton Wanderers,0,3,A,0,3,9,8,5,4,6,1,2,0,0,0,A Taylor,2425,E0_2425.csv,3,-3,Away Win,20241222_LeicesterCity_WolverhamptonWanderers
,2024-12-22,Manchester United,Bournemouth,0,3,A,0,1,23,10,7,5,13,1,1,3,0,0,C Pawson,2425,E0_2425.csv,3,-3,Away Win,20241222_ManchesterUnited_Bournemouth
,2024-12-22,Tottenham Hotspur,Liverpool,3,6,A,1,3,9,24,5,12,7,5,1,2,0,0,S Barrott,2425,E0_2425.csv,9,-3,Away Win,20241222_TottenhamHotspur_Liverpool
,2024-12-26,Liverpool,Leicester City,3,1,H,1,1,19,4,7,1,14,1,3,2,0,0,D Bond,2425,E0_2425.csv,4,2,Home Win,20241226_Liverpool_LeicesterCity
,2024-12-26,Wolverhampton Wanderers,Manchester United,2,0,H,0,0,7,11,4,4,4,4,2,2,0,1,T Harrington,2425,E0_2425.csv,2,2,Home Win,20241226_WolverhamptonWanderers_ManchesterUnited
,2024-12-26,Southampton,West Ham United,0,1,A,0,0,18,16,5,2,2,2,1,2,0,0,L Smith,2425,E0_2425.csv,1,-1,Away Win,20241226_Southampton_WestHamUnited
,2024-12-26,Nottingham Forest,Tottenham Hotspur,1,0,H,1,0,10,13,3,4,2,7,3,2,0,1,C Pawson,2425,E0_2425.csv,1,1,Home Win,20241226_NottinghamForest_TottenhamHotspur
,2024-12-26,Manchester City,Everton,1,1,D,1,1,24,8,5,3,8,5,1,4,0,0,S Hooper,2425,E0_2425.csv,2,0,Draw,20241226_ManchesterCity_Everton
,2024-12-26,Chelsea,Fulham,1,2,A,1,0,12,14,8,7,3,1,1,3,0,0,S Barrott,2425,E0_2425.csv,3,-1,Away Win,20241226_Chelsea_Fulham
,2024-12-26,Bournemouth,Crystal Palace,0,0,D,0,0,18,10,4,4,5,2,2,2,0,0,T Bramall,2425,E0_2425.csv,0,0,Draw,20241226_Bournemouth_CrystalPalace
,2024-12-26,Newcastle United,Aston Villa,3,0,H,1,0,22,4,8,1,9,6,2,1,0,1,A Taylor,2425,E0_2425.csv,3,3,Home Win,20241226_NewcastleUnited_AstonVilla
,2024-12-27,Brighton,Brentford,0,0,D,0,0,24,8,7,3,5,3,0,2,0,0,A Madley,2425,E0_2425.csv,0,0,Draw,20241227_Brighton_Brentford
,2024-12-27,Arsenal,Ipswich,1,0,H,1,0,13,3,5,0,5,1,1,1,0,0,D England,2425,E0_2425.csv,1,1,Home Win,20241227_Arsenal_Ipswich
,2024-12-29,Tottenham Hotspur,Wolverhampton Wanderers,2,2,D,2,1,13,11,3,3,5,5,1,2,0,0,C Kavanagh,2425,E0_2425.csv,4,0,Draw,20241229_TottenhamHotspur_WolverhamptonWanderers
,2024-12-29,Fulham,Bournemouth,2,2,D,1,0,11,16,6,9,1,7,1,3,0,0,R Jones,2425,E0_2425.csv,4,0,Draw,20241229_Fulham_Bournemouth
,2024-12-29,West Ham United,Liverpool,0,5,A,0,3,7,22,0,13,3,6,0,0,0,0,A Taylor,2425,E0_2425.csv,5,-5,Away Win,20241229_WestHamUnited_Liverpool
,2024-12-29,Crystal Palace,Southampton,2,1,H,1,1,19,7,10,3,8,7,2,3,0,0,M Salisbury,2425,E0_2425.csv,3,1,Home Win,20241229_CrystalPalace_Southampton
,2024-12-29,Everton,Nottingham Forest,0,2,A,0,1,13,11,2,7,5,4,4,1,0,0,T Harrington,2425,E0_2425.csv,2,-2,Away Win,20241229_Everton_NottinghamForest
,2024-12-29,Leicester City,Manchester City,0,2,A,0,1,11,14,4,5,4,4,2,1,0,0,M Oliver,2425,E0_2425.csv,2,-2,Away Win,20241229_LeicesterCity_ManchesterCity
,2024-12-30,Aston Villa,Brighton,2,2,D,1,1,20,13,4,4,12,3,2,3,0,0,C Pawson,2425,E0_2425.csv,4,0,Draw,20241230_AstonVilla_Brighton
,2024-12-30,Ipswich,Chelsea,2,0,H,1,0,9,20,6,5,4,7,4,4,0,0,J Brooks,2425,E0_2425.csv,2,2,Home Win,20241230_Ipswich_Chelsea
,2024-12-30,Manchester United,Newcastle United,0,2,A,0,2,10,12,0,4,2,3,1,1,0,0,S Hooper,2425,E0_2425.csv,2,-2,Away Win,20241230_ManchesterUnited_NewcastleUnited
,2025-01-01,Brentford,Arsenal,1,3,A,1,1,5,14,2,5,4,3,1,2,0,0,P Bankes,2425,E0_2425.csv,4,-2,Away Win,20250101_Brentford_Arsenal
,2025-01-04,Southampton,Brentford,0,5,A,0,1,8,20,1,11,2,2,2,0,0,0,S Attwell,2425,E0_2425.csv,5,-5,Away Win,20250104_Southampton_Brentford
,2025-01-04,Manchester City,West Ham United,4,1,H,2,0,10,17,7,4,7,1,2,1,0,0,M Salisbury,2425,E0_2425.csv,5,3,Home Win,20250104_ManchesterCity_WestHamUnited
,2025-01-04,Crystal Palace,Chelsea,1,1,D,0,1,13,15,6,1,6,6,0,2,0,0,T Robinson,2425,E0_2425.csv,2,0,Draw,20250104_CrystalPalace_Chelsea
,2025-01-04,Brighton,Arsenal,1,1,D,0,1,11,9,4,3,2,5,2,3,0,0,A Taylor,2425,E0_2425.csv,2,0,Draw,20250104_Brighton_Arsenal
,2025-01-04,Aston Villa,Leicester City,2,1,H,0,0,13,4,5,2,7,2,0,1,0,0,J Gillett,2425,E0_2425.csv,3,1,Home Win,20250104_AstonVilla_LeicesterCity
,2025-01-04,Tottenham Hotspur,Newcastle United,1,2,A,1,2,13,14,4,4,9,10,1,4,0,0,A Madley,2425,E0_2425.csv,3,-1,Away Win,20250104_TottenhamHotspur_NewcastleUnited
,2025-01-04,Bournemouth,Everton,1,0,H,0,0,19,9,8,0,9,3,2,2,0,0,J Brooks,2425,E0_2425.csv,1,1,Home Win,20250104_Bournemouth_Everton
,2025-01-05,Fulham,Ipswich,2,2,D,0,1,15,7,4,3,9,2,1,5,0,0,D Bond,2425,E0_2425.csv,4,0,Draw,20250105_Fulham_Ipswich
,2025-01-05,Liverpool,Manchester United,2,2,D,0,0,19,13,6,4,6,9,2,4,0,0,M Oliver,2425,E0_2425.csv,4,0,Draw,20250105_Liverpool_ManchesterUnited
,2025-01-06,Wolverhampton Wanderers,Nottingham Forest,0,3,A,0,2,13,11,6,3,5,3,1,2,0,0,P Bankes,2425,E0_2425.csv,3,-3,Away Win,20250106_WolverhamptonWanderers_NottinghamForest
,2025-01-14,Brentford,Manchester City,2,2,D,0,0,18,21,6,8,4,5,0,0,0,0,A Taylor,2425,E0_2425.csv,4,0,Draw,20250114_Brentford_ManchesterCity
,2025-01-14,Chelsea,Bournemouth,2,2,D,1,0,26,7,10,3,9,3,2,3,0,0,R Jones,2425,E0_2425.csv,4,0,Draw,20250114_Chelsea_Bournemouth
,2025-01-14,West Ham United,Fulham,3,2,H,2,0,4,21,3,5,0,3,3,3,0,0,C Pawson,2425,E0_2425.csv,5,1,Home Win,20250114_WestHamUnited_Fulham
,2025-01-14,Nottingham Forest,Liverpool,1,1,D,1,0,6,23,3,7,0,9,2,1,0,0,C Kavanagh,2425,E0_2425.csv,2,0,Draw,20250114_NottinghamForest_Liverpool
,2025-01-15,Everton,Aston Villa,0,1,A,0,0,10,11,3,3,8,5,2,1,0,0,S Barrott,2425,E0_2425.csv,1,-1,Away Win,20250115_Everton_AstonVilla
,2025-01-15,Leicester City,Crystal Palace,0,2,A,0,0,21,9,4,4,4,3,0,0,0,0,A Madley,2425,E0_2425.csv,2,-2,Away Win,20250115_LeicesterCity_CrystalPalace
,2025-01-15,Newcastle United,Wolverhampton Wanderers,3,0,H,1,0,17,13,5,7,4,2,0,2,0,0,D England,2425,E0_2425.csv,3,3,Home Win,20250115_NewcastleUnited_WolverhamptonWanderers
,2025-01-15,Arsenal,Tottenham Hotspur,2,1,H,2,1,14,10,4,2,10,4,3,1,0,0,S Hooper,2425,E0_2425.csv,3,1,Home Win,20250115_Arsenal_TottenhamHotspur
,2025-01-16,Manchester United,Southampton,3,1,H,0,1,23,13,9,5,5,4,1,3,0,0,J Brooks,2425,E0_2425.csv,4,2,Home Win,20250116_ManchesterUnited_Southampton
,2025-01-16,Ipswich,Brighton,0,2,A,0,0,5,11,3,5,1,9,2,2,0,0,T Harrington,2425,E0_2425.csv,2,-2,Away Win,20250116_Ipswich_Brighton
,2025-01-18,Newcastle United,Bournemouth,1,4,A,1,2,13,19,5,10,7,6,1,6,0,0,S Attwell,2425,E0_2425.csv,5,-3,Away Win,20250118_NewcastleUnited_Bournemouth
,2025-01-18,Brentford,Liverpool,0,2,A,0,0,11,37,6,8,2,15,2,3,0,0,A Madley,2425,E0_2425.csv,2,-2,Away Win,20250118_Brentford_Liverpool
,2025-01-18,Leicester City,Fulham,0,2,A,0,0,8,17,4,2,5,2,3,1,0,0,M Salisbury,2425,E0_2425.csv,2,-2,Away Win,20250118_LeicesterCity_Fulham
,2025-01-18,West Ham United,Crystal Palace,0,2,A,0,0,7,12,0,7,2,4,1,0,1,0,T Bramall,2425,E0_2425.csv,2,-2,Away Win,20250118_WestHamUnited_CrystalPalace
,2025-01-18,Arsenal,Aston Villa,2,2,D,1,0,18,8,6,4,10,1,2,3,0,0,C Kavanagh,2425,E0_2425.csv,4,0,Draw,20250118_Arsenal_AstonVilla
,2025-01-19,Everton,Tottenham Hotspur,3,2,H,3,0,12,11,6,6,3,8,2,1,0,0,D England,2425,E0_2425.csv,5,1,Home Win,20250119_Everton_TottenhamHotspur
,2025-01-19,Manchester United,Brighton,1,3,A,1,1,10,6,1,3,4,2,3,3,0,0,P Bankes,2425,E0_2425.csv,4,-2,Away Win,20250119_ManchesterUnited_Brighton
,2025-01-19,Nottingham Forest,Southampton,3,2,H,3,0,14,10,5,4,2,8,0,4,0,0,A Taylor,2425,E0_2425.csv,5,1,Home Win,20250119_NottinghamForest_Southampton
,2025-01-19,Ipswich,Manchester City,0,6,A,0,3,8,17,4,9,4,7,0,1,0,0,S Barrott,2425,E0_2425.csv,6,-6,Away Win,20250119_Ipswich_ManchesterCity
,2025-01-20,Chelsea,Wolverhampton Wanderers,3,1,H,1,1,19,9,7,4,3,6,4,2,0,0,S Hooper,2425,E0_2425.csv,4,2,Home Win,20250120_Chelsea_WolverhamptonWanderers
,2025-01-25,Bournemouth,Nottingham Forest,5,0,H,1,0,16,18,10,4,3,9,2,3,0,0,C Pawson,2425,E0_2425.csv,5,5,Home Win,20250125_Bournemouth_NottinghamForest
,2025-01-25,Brighton,Everton,0,1,A,0,1,16,3,1,1,9,1,3,4,0,0,T Robinson,2425,E0_2425.csv,1,-1,Away Win,20250125_Brighton_Everton
,2025-01-25,Liverpool,Ipswich,4,1,H,3,0,16,3,6,3,3,4,0,2,0,0,M Salisbury,2425,E0_2425.csv,5,3,Home Win,20250125_Liverpool_Ipswich
,2025-01-25,Southampton,Newcastle United,1,3,A,1,2,12,17,5,9,3,8,1,0,0,0,S Barrott,2425,E0_2425.csv,4,-2,Away Win,20250125_Southampton_NewcastleUnited
,2025-01-25,Wolverhampton Wanderers,Arsenal,0,1,A,0,0,9,9,4,3,1,5,0,1,1,1,M Oliver,2425,E0_2425.csv,1,-1,Away Win,20250125_WolverhamptonWanderers_Arsenal
,2025-01-25,Manchester City,Chelsea,3,1,H,1,1,15,10,6,4,2,4,3,2,0,0,J Brooks,2425,E0_2425.csv,4,2,Home Win,20250125_ManchesterCity_Chelsea
,2025-01-26,Crystal Palace,Brentford,1,2,A,0,0,16,13,5,6,4,7,2,2,0,0,T Harrington,2425,E0_2425.csv,3,-1,Away Win,20250126_CrystalPalace_Brentford
,2025-01-26,Tottenham Hotspur,Leicester City,1,2,A,1,0,15,12,6,3,6,4,1,5,0,0,R Jones,2425,E0_2425.csv,3,-1,Away Win,20250126_TottenhamHotspur_LeicesterCity
,2025-01-26,Aston Villa,West Ham United,1,1,D,1,0,14,14,4,4,4,3,2,3,0,0,P Bankes,2425,E0_2425.csv,2,0,Draw,20250126_AstonVilla_WestHamUnited
,2025-01-26,Fulham,Manchester United,0,1,A,0,0,9,4,3,1,3,0,0,1,0,0,A Taylor,2425,E0_2425.csv,1,-1,Away Win,20250126_Fulham_ManchesterUnited
,2025-02-01,Bournemouth,Liverpool,0,2,A,0,1,14,19,3,7,3,3,2,3,0,0,D England,2425,E0_2425.csv,2,-2,Away Win,20250201_Bournemouth_Liverpool
,2025-02-01,Wolverhampton Wanderers,Aston Villa,2,0,H,1,0,8,10,5,3,5,8,2,3,0,0,A Madley,2425,E0_2425.csv,2,2,Home Win,20250201_WolverhamptonWanderers_AstonVilla
,2025-02-01,Newcastle United,Fulham,1,2,A,1,0,11,15,4,4,4,7,4,4,0,0,C Kavanagh,2425,E0_2425.csv,3,-1,Away Win,20250201_NewcastleUnited_Fulham
,2025-02-01,Nottingham Forest,Brighton,7,0,H,3,0,14,10,9,5,4,6,1,3,0,0,S Hooper,2425,E0_2425.csv,7,7,Home Win,20250201_NottinghamForest_Brighton
,2025-02-01,Everton,Leicester City,4,0,H,3,0,13,9,7,1,5,6,0,0,0,0,D Bond,2425,E0_2425.csv,4,4,Home Win,20250201_Everton_LeicesterCity
,2025-02-01,Ipswich,Southampton,1,2,A,1,1,15,9,6,4,1,2,0,3,0,0,M Oliver,2425,E0_2425.csv,3,-1,Away Win,20250201_Ipswich_Southampton
,2025-02-02,Brentford,Tottenham Hotspur,0,2,A,0,1,20,13,4,2,10,3,0,1,0,0,J Gillett,2425,E0_2425.csv,2,-2,Away Win,20250202_Brentford_TottenhamHotspur
,2025-02-02,Manchester United,Crystal Palace,0,2,A,0,0,17,11,2,3,11,0,3,1,0,0,J Brooks,2425,E0_2425.csv,2,-2,Away Win,20250202_ManchesterUnited_CrystalPalace
,2025-02-02,Arsenal,Manchester City,5,1,H,1,0,12,7,7,4,5,2,2,0,0,0,P Bankes,2425,E0_2425.csv,6,4,Home Win,20250202_Arsenal_ManchesterCity
,2025-02-03,Chelsea,West Ham United,2,1,H,0,1,22,14,3,5,4,3,3,1,0,0,S Attwell,2425,E0_2425.csv,3,1,Home Win,20250203_Chelsea_WestHamUnited
,2025-02-12,Everton,Liverpool,2,2,D,1,1,10,6,3,4,2,3,2,2,1,1,M Oliver,2425,E0_2425.csv,4,0,Draw,20250212_Everton_Liverpool
,2025-02-14,Brighton,Chelsea,3,0,H,2,0,13,8,5,0,2,9,1,2,0,0,K Kavanagh,2425,E0_2425.csv,3,3,Home Win,20250214_Brighton_Chelsea
,2025-02-15,Crystal Palace,Everton,1,2,A,0,1,17,11,6,6,6,2,0,1,0,0,A Taylor,2425,E0_2425.csv,3,-1,Away Win,20250215_CrystalPalace_Everton
,2025-02-15,West Ham United,Brentford,0,1,A,0,1,13,14,3,5,9,2,1,1,0,0,D England,2425,E0_2425.csv,1,-1,Away Win,20250215_WestHamUnited_Brentford
,2025-02-15,Southampton,Bournemouth,1,3,A,0,2,11,14,4,7,4,6,1,3,0,0,J Gillett,2425,E0_2425.csv,4,-2,Away Win,20250215_Southampton_Bournemouth
,2025-02-15,Manchester City,Newcastle United,4,0,H,3,0,11,3,7,1,7,4,0,1,0,0,A Madley,2425,E0_2425.csv,4,4,Home Win,20250215_ManchesterCity_NewcastleUnited
,2025-02-15,Aston Villa,Ipswich,1,1,D,0,0,25,4,6,3,16,1,0,3,0,1,R Jones,2425,E0_2425.csv,2,0,Draw,20250215_AstonVilla_Ipswich
,2025-02-15,Leicester City,Arsenal,0,2,A,0,0,6,11,2,5,3,7,2,1,0,0,S Barrott,2425,E0_2425.csv,2,-2,Away Win,20250215_LeicesterCity_Arsenal
,2025-02-15,Fulham,Nottingham Forest,2,1,H,1,1,24,8,10,2,8,4,0,0,0,0,T Bramall,2425,E0_2425.csv,3,1,Home Win,20250215_Fulham_NottinghamForest
,2025-02-16,Liverpool,Wolverhampton Wanderers,2,1,H,2,0,10,16,3,4,4,3,2,2,0,0,S Hooper,2425,E0_2425.csv,3,1,Home Win,20250216_Liverpool_WolverhamptonWanderers
,2025-02-16,Tottenham Hotspur,Manchester United,1,0,H,1,0,22,16,7,6,10,5,1,2,0,0,P Bankes,2425,E0_2425.csv,1,1,Home Win,20250216_TottenhamHotspur_ManchesterUnited
,2025-02-19,Aston Villa,Liverpool,2,2,D,2,1,9,17,4,3,6,8,1,0,0,0,C Pawson,2425,E0_2425.csv,4,0,Draw,20250219_AstonVilla_Liverpool
,2025-02-21,Leicester City,Brentford,0,4,A,0,3,8,14,3,6,5,6,4,0,0,0,T Harrington,2425,E0_2425.csv,4,-4,Away Win,20250221_LeicesterCity_Brentford
,2025-02-22,Ipswich,Tottenham Hotspur,1,4,A,1,2,17,10,5,6,4,4,2,1,0,0,T Robinson,2425,E0_2425.csv,5,-3,Away Win,20250222_Ipswich_TottenhamHotspur
,2025-02-22,Southampton,Brighton,0,4,A,0,1,6,18,1,12,5,6,2,0,0,0,D Bond,2425,E0_2425.csv,4,-4,Away Win,20250222_Southampton_Brighton
,2025-02-22,Aston Villa,Chelsea,2,1,H,0,1,12,15,6,7,2,3,1,3,0,0,M Oliver,2425,E0_2425.csv,3,1,Home Win,20250222_AstonVilla_Chelsea
,2025-02-22,Fulham,Crystal Palace,0,2,A,0,1,10,10,0,5,7,7,1,3,0,0,R Jones,2425,E0_2425.csv,2,-2,Away Win,20250222_Fulham_CrystalPalace
,2025-02-22,Arsenal,West Ham United,0,1,A,0,1,20,5,2,2,2,0,1,3,1,0,C Pawson,2425,E0_2425.csv,1,-1,Away Win,20250222_Arsenal_WestHamUnited
,2025-02-22,Everton,Manchester United,2,2,D,2,0,9,9,8,3,7,9,4,1,0,0,A Madley,2425,E0_2425.csv,4,0,Draw,20250222_Everton_ManchesterUnited
,2025-02-22,Bournemouth,Wolverhampton Wanderers,0,1,A,0,1,8,13,3,5,6,7,3,3,1,0,M Salisbury,2425,E0_2425.csv,1,-1,Away Win,20250222_Bournemouth_WolverhamptonWanderers
,2025-02-23,Newcastle United,Nottingham Forest,4,3,H,4,1,13,17,5,5,7,6,1,4,0,0,J Gillett,2425,E0_2425.csv,7,1,Home Win,20250223_NewcastleUnited_NottinghamForest
,2025-02-23,Manchester City,Liverpool,0,2,A,0,2,16,8,5,4,7,5,0,0,0,0,A Taylor,2425,E0_2425.csv,2,-2,Away Win,20250223_ManchesterCity_Liverpool
,2025-02-25,Brighton,Bournemouth,2,1,H,1,0,11,19,4,5,1,9,2,1,0,0,M Oliver,2425,E0_2425.csv,3,1,Home Win,20250225_Brighton_Bournemouth
,2025-02-25,Crystal Palace,Aston Villa,4,1,H,1,0,19,6,6,2,3,8,3,1,0,0,S Barrott,2425,E0_2425.csv,5,3,Home Win,20250225_CrystalPalace_AstonVilla
,2025-02-25,Wolverhampton Wanderers,Fulham,1,2,A,1,1,18,11,5,5,7,5,1,3,0,0,P Bankes,2425,E0_2425.csv,3,-1,Away Win,20250225_WolverhamptonWanderers_Fulham
,2025-02-25,Chelsea,Southampton,4,0,H,3,0,19,7,10,2,4,2,1,2,0,0,T Bramall,2425,E0_2425.csv,4,4,Home Win,20250225_Chelsea_Southampton
,2025-02-26,Liverpool,Newcastle United,2,0,H,1,0,12,3,3,0,4,2,0,1,0,0,C Kavanagh,2425,E0_2425.csv,2,2,Home Win,20250226_Liverpool_NewcastleUnited
,2025-02-26,Tottenham Hotspur,Manchester City,0,1,A,0,1,11,12,6,5,8,3,3,0,0,0,J Gillett,2425,E0_2425.csv,1,-1,Away Win,20250226_TottenhamHotspur_ManchesterCity
,2025-02-26,Manchester United,Ipswich,3,2,H,2,2,10,12,6,3,5,6,4,4,1,0,D England,2425,E0_2425.csv,5,1,Home Win,20250226_ManchesterUnited_Ipswich
,2025-02-26,Brentford,Everton,1,1,D,1,0,12,14,3,4,2,5,2,1,0,0,S Hooper,2425,E0_2425.csv,2,0,Draw,20250226_Brentford_Everton
,2025-02-26,Nottingham Forest,Arsenal,0,0,D,0,0,6,13,2,1,3,11,1,1,0,0,A Madley,2425,E0_2425.csv,0,0,Draw,20250226_NottinghamForest_Arsenal
,2025-02-27,West Ham United,Leicester City,2,0,H,2,0,8,10,2,2,3,3,0,0,0,0,S Attwell,2425,E0_2425.csv,2,2,Home Win,20250227_WestHamUnited_LeicesterCity
,2025-03-08,Wolverhampton Wanderers,Everton,1,1,D,1,1,11,12,3,4,5,5,2,2,0,0,S Attwell,2425,E0_2425.csv,2,0,Draw,20250308_WolverhamptonWanderers_Everton
,2025-03-08,Nottingham Forest,Manchester City,1,0,H,0,0,9,14,4,3,3,2,3,2,0,0,C Kavanagh,2425,E0_2425.csv,1,1,Home Win,20250308_NottinghamForest_ManchesterCity
,2025-03-08,Brighton,Fulham,2,1,H,1,1,9,6,4,1,3,7,0,2,0,0,S Barrott,2425,E0_2425.csv,3,1,Home Win,20250308_Brighton_Fulham
,2025-03-08,Crystal Palace,Ipswich,1,0,H,0,0,19,15,4,8,5,4,4,3,0,0,S Hooper,2425,E0_2425.csv,1,1,Home Win,20250308_CrystalPalace_Ipswich
,2025-03-08,Liverpool,Southampton,3,1,H,0,1,28,6,7,4,6,4,2,1,0,0,L Smith,2425,E0_2425.csv,4,2,Home Win,20250308_Liverpool_Southampton
,2025-03-08,Brentford,Aston Villa,0,1,A,0,0,13,12,3,4,6,5,2,2,0,0,J Gillett,2425,E0_2425.csv,1,-1,Away Win,20250308_Brentford_AstonVilla
,2025-03-09,Manchester United,Arsenal,1,1,D,1,0,10,17,6,6,2,9,0,1,0,0,A Taylor,2425,E0_2425.csv,2,0,Draw,20250309_ManchesterUnited_Arsenal
,2025-03-09,Chelsea,Leicester City,1,0,H,0,0,20,3,7,3,12,2,1,0,0,0,T Robinson,2425,E0_2425.csv,1,1,Home Win,20250309_Chelsea_LeicesterCity
,2025-03-09,Tottenham Hotspur,Bournemouth,2,2,D,0,1,12,17,4,8,3,6,3,3,0,0,J Brooks,2425,E0_2425.csv,4,0,Draw,20250309_TottenhamHotspur_Bournemouth
,2025-03-10,West Ham United,Newcastle United,0,1,A,0,0,9,9,2,3,3,4,0,1,0,0,M Salisbury,2425,E0_2425.csv,1,-1,Away Win,20250310_WestHamUnited_NewcastleUnited
,2025-03-15,Everton,West Ham United,1,1,D,0,0,13,10,5,5,6,5,1,2,0,0,D Bond,2425,E0_2425.csv,2,0,Draw,20250315_Everton_WestHamUnited
,2025-03-15,Ipswich,Nottingham Forest,2,4,A,0,3,11,11,4,6,6,3,1,1,0,0,M Salisbury,2425,E0_2425.csv,6,-2,Away Win,20250315_Ipswich_NottinghamForest
,2025-03-15,Manchester City,Brighton,2,2,D,2,1,11,15,3,3,4,5,2,5,0,0,S Hooper,2425,E0_2425.csv,4,0,Draw,20250315_ManchesterCity_Brighton
,2025-03-15,Southampton,Wolverhampton Wanderers,1,2,A,0,1,10,5,3,3,5,1,0,0,0,0,R Jones,2425,E0_2425.csv,3,-1,Away Win,20250315_Southampton_WolverhamptonWanderers
,2025-03-15,Bournemouth,Brentford,1,2,A,1,1,17,10,5,4,4,3,3,0,0,0,C Pawson,2425,E0_2425.csv,3,-1,Away Win,20250315_Bournemouth_Brentford
,2025-03-16,Arsenal,Chelsea,1,0,H,1,0,12,8,4,2,5,4,3,3,0,0,C Kavanagh,2425,E0_2425.csv,1,1,Home Win,20250316_Arsenal_Chelsea
,2025-03-16,Fulham,Tottenham Hotspur,2,0,H,0,0,13,12,4,4,6,5,0,0,0,0,A Madley,2425,E0_2425.csv,2,2,Home Win,20250316_Fulham_TottenhamHotspur
,2025-03-16,Leicester City,Manchester United,0,3,A,0,1,11,18,3,5,6,4,2,0,0,0,T Bramall,2425,E0_2425.csv,3,-3,Away Win,20250316_LeicesterCity_ManchesterUnited
,2025-04-01,Nottingham Forest,Manchester United,1,0,H,1,0,8,23,2,6,3,10,1,3,0,0,J Gillett,2425,E0_2425.csv,1,1,Home Win,20250401_NottinghamForest_ManchesterUnited
,2025-04-01,Arsenal,Fulham,2,1,H,1,0,17,9,4,3,5,4,1,2,0,0,J Brooks,2425,E0_2425.csv,3,1,Home Win,20250401_Arsenal_Fulham
,2025-04-01,Wolverhampton Wanderers,West Ham United,1,0,H,1,0,9,10,2,1,1,2,4,2,0,0,T Harrington,2425,E0_2425.csv,1,1,Home Win,20250401_WolverhamptonWanderers_WestHamUnited
,2025-04-02,Bournemouth,Ipswich,1,2,A,0,1,24,10,7,2,8,3,1,2,0,0,R Jones,2425,E0_2425.csv,3,-1,Away Win,20250402_Bournemouth_Ipswich
,2025-04-02,Brighton,Aston Villa,0,3,A,0,0,11,8,4,5,4,0,1,3,0,0,S Attwell,2425,E0_2425.csv,3,-3,Away Win,20250402_Brighton_AstonVilla
,2025-04-02,Manchester City,Leicester City,2,0,H,2,0,18,2,5,0,5,0,1,4,0,0,D England,2425,E0_2425.csv,2,2,Home Win,20250402_ManchesterCity_LeicesterCity
,2025-04-02,Newcastle United,Brentford,2,1,H,1,0,21,12,4,3,4,5,1,1,0,0,P Bankes,2425,E0_2425.csv,3,1,Home Win,20250402_NewcastleUnited_Brentford
,2025-04-02,Southampton,Crystal Palace,1,1,D,1,0,8,9,2,3,2,2,2,1,0,0,A Madley,2425,E0_2425.csv,2,0,Draw,20250402_Southampton_CrystalPalace
,2025-04-02,Liverpool,Everton,1,0,H,0,0,17,5,3,0,11,5,2,2,0,0,S Barrott,2425,E0_2425.csv,1,1,Home Win,20250402_Liverpool_Everton
,2025-04-03,Chelsea,Tottenham Hotspur,1,0,H,0,0,11,8,5,2,4,6,5,5,0,0,C Pawson,2425,E0_2425.csv,1,1,Home Win,20250403_Chelsea_TottenhamHotspur
,2025-04-05,Aston Villa,Nottingham Forest,2,1,H,2,0,17,19,8,3,4,4,2,2,0,0,S Hooper,2425,E0_2425.csv,3,1,Home Win,20250405_AstonVilla_NottinghamForest
,2025-04-05,Ipswich,Wolverhampton Wanderers,1,2,A,1,0,6,22,2,7,4,8,2,2,0,0,P Bankes,2425,E0_2425.csv,3,-1,Away Win,20250405_Ipswich_WolverhamptonWanderers
,2025-04-05,West Ham United,Bournemouth,2,2,D,0,1,9,11,3,4,4,7,2,2,0,0,T Robinson,2425,E0_2425.csv,4,0,Draw,20250405_WestHamUnited_Bournemouth
,2025-04-05,Everton,Arsenal,1,1,D,0,1,5,14,2,5,3,8,3,1,0,0,D England,2425,E0_2425.csv,2,0,Draw,20250405_Everton_Arsenal
,2025-04-05,Crystal Palace,Brighton,2,1,H,1,1,8,11,3,5,2,4,0,1,2,1,A Taylor,2425,E0_2425.csv,3,1,Home Win,20250405_CrystalPalace_Brighton
,2025-04-06,Brentford,Chelsea,0,0,D,0,0,9,21,2,5,3,6,1,3,0,0,M Oliver,2425,E0_2425.csv,0,0,Draw,20250406_Brentford_Chelsea
,2025-04-06,Fulham,Liverpool,3,2,H,3,1,12,14,6,6,4,4,3,0,0,0,C Kavanagh,2425,E0_2425.csv,5,1,Home Win,20250406_Fulham_Liverpool
,2025-04-06,Tottenham Hotspur,Southampton,3,1,H,2,0,13,12,8,4,4,1,1,1,0,0,M Salisbury,2425,E0_2425.csv,4,2,Home Win,20250406_TottenhamHotspur_Southampton
,2025-04-06,Manchester United,Manchester City,0,0,D,0,0,13,9,2,5,5,3,3,2,0,0,J Brooks,2425,E0_2425.csv,0,0,Draw,20250406_ManchesterUnited_ManchesterCity
,2025-04-07,Leicester City,Newcastle United,0,3,A,0,3,7,16,2,5,12,2,2,0,0,0,R Jones,2425,E0_2425.csv,3,-3,Away Win,20250407_LeicesterCity_NewcastleUnited
,2025-04-12,Nottingham Forest,Everton,0,1,A,0,0,10,13,5,5,1,7,0,3,0,0,C Pawson,2425,E0_2425.csv,1,-1,Away Win,20250412_NottinghamForest_Everton
,2025-04-12,Manchester City,Crystal Palace,5,2,H,2,2,21,8,9,3,1,4,2,3,0,0,J Gillett,2425,E0_2425.csv,7,3,Home Win,20250412_ManchesterCity_CrystalPalace
,2025-04-12,Brighton,Leicester City,2,2,D,1,1,21,15,7,6,3,6,2,5,0,0,D Bond,2425,E0_2425.csv,4,0,Draw,20250412_Brighton_LeicesterCity
,2025-04-12,Southampton,Aston Villa,0,3,A,0,0,7,25,2,10,2,14,3,1,0,0,T Bramall,2425,E0_2425.csv,3,-3,Away Win,20250412_Southampton_AstonVilla
,2025-04-12,Arsenal,Brentford,1,1,D,0,0,14,3,3,2,13,5,1,3,0,0,S Hooper,2425,E0_2425.csv,2,0,Draw,20250412_Arsenal_Brentford
,2025-04-13,Newcastle United,Manchester United,4,1,H,1,1,13,9,6,5,7,2,0,2,0,0,C Kavanagh,2425,E0_2425.csv,5,3,Home Win,20250413_NewcastleUnited_ManchesterUnited
,2025-04-13,Wolverhampton Wanderers,Tottenham Hotspur,4,2,H,2,0,13,11,5,4,1,4,1,2,0,0,A Taylor,2425,E0_2425.csv,6,2,Home Win,20250413_WolverhamptonWanderers_TottenhamHotspur
,2025-04-13,Chelsea,Ipswich,2,2,D,0,2,34,13,9,4,15,4,2,2,0,0,S Attwell,2425,E0_2425.csv,4,0,Draw,20250413_Chelsea_Ipswich
,2025-04-13,Liverpool,West Ham United,2,1,H,1,0,15,11,6,4,10,3,0,2,0,0,A Madley,2425,E0_2425.csv,3,1,Home Win,20250413_Liverpool_WestHamUnited
,2025-04-14,Bournemouth,Fulham,1,0,H,1,0,12,12,3,7,6,9,3,2,0,0,O Oliver,2425,E0_2425.csv,1,1,Home Win,20250414_Bournemouth_Fulham
,2025-04-16,Newcastle United,Crystal Palace,5,0,H,4,0,14,11,7,4,5,4,2,3,0,0,D England,2425,E0_2425.csv,5,5,Home Win,20250416_NewcastleUnited_CrystalPalace
,2025-04-19,West Ham United,Southampton,1,1,D,0,0,12,15,4,4,2,5,2,1,0,0,A Kitchen,2425,E0_2425.csv,2,0,Draw,20250419_WestHamUnited_Southampton
,2025-04-19,Everton,Manchester City,0,2,A,0,0,8,12,3,7,2,5,4,0,0,0,S Hooper,2425,E0_2425.csv,2,-2,Away Win,20250419_Everton_ManchesterCity
,2025-04-19,Aston Villa,Newcastle United,4,1,H,1,1,23,10,9,3,7,7,1,3,0,0,J Gillett,2425,E0_2425.csv,5,3,Home Win,20250419_AstonVilla_NewcastleUnited
,2025-04-19,Brentford,Brighton,4,2,H,1,1,16,12,8,3,4,8,3,3,0,1,T Robinson,2425,E0_2425.csv,6,2,Home Win,20250419_Brentford_Brighton
,2025-04-19,Crystal Palace,Bournemouth,0,0,D,0,0,5,15,0,4,5,4,3,4,1,0,S Barrott,2425,E0_2425.csv,0,0,Draw,20250419_CrystalPalace_Bournemouth
,2025-04-20,Leicester City,Liverpool,0,1,A,0,0,5,28,0,10,1,13,1,2,0,0,S Attwell,2425,E0_2425.csv,1,-1,Away Win,20250420_LeicesterCity_Liverpool
,2025-04-20,Manchester United,Wolverhampton Wanderers,0,1,A,0,0,12,4,2,2,9,2,2,3,0,0,R Jones,2425,E0_2425.csv,1,-1,Away Win,20250420_ManchesterUnited_WolverhamptonWanderers
,2025-04-20,Ipswich,Arsenal,0,4,A,0,2,4,24,0,7,0,12,0,0,1,0,C Kavanagh,2425,E0_2425.csv,4,-4,Away Win,20250420_Ipswich_Arsenal
,2025-04-20,Fulham,Chelsea,1,2,A,1,0,6,13,1,8,6,4,1,3,0,0,A Taylor,2425,E0_2425.csv,3,-1,Away Win,20250420_Fulham_Chelsea
,2025-04-21,Tottenham Hotspur,Nottingham Forest,1,2,A,0,2,22,4,6,3,7,1,1,4,0,0,P Bankes,2425,E0_2425.csv,3,-1,Away Win,20250421_TottenhamHotspur_NottinghamForest
,2025-04-22,Manchester City,Aston Villa,2,1,H,1,1,14,7,6,3,10,2,3,3,0,0,C Pawson,2425,E0_2425.csv,3,1,Home Win,20250422_ManchesterCity_AstonVilla
,2025-04-23,Arsenal,Crystal Palace,2,2,D,2,1,12,15,6,4,3,6,1,1,0,0,M Salisbury,2425,E0_2425.csv,4,0,Draw,20250423_Arsenal_CrystalPalace
,2025-04-26,Wolverhampton Wanderers,Leicester City,3,0,H,1,0,20,8,6,2,4,2,1,4,0,0,S Barrott,2425,E0_2425.csv,3,3,Home Win,20250426_WolverhamptonWanderers_LeicesterCity
,2025-04-26,Chelsea,Everton,1,0,H,1,0,10,6,7,3,10,2,0,0,0,0,C Kavanagh,2425,E0_2425.csv,1,1,Home Win,20250426_Chelsea_Everton
,2025-04-26,Brighton,West Ham United,3,2,H,1,0,16,12,9,4,8,1,1,1,0,0,D England,2425,E0_2425.csv,5,1,Home Win,20250426_Brighton_WestHamUnited
,2025-04-26,Newcastle United,Ipswich,3,0,H,1,0,25,4,5,0,11,2,1,2,0,1,M Salisbury,2425,E0_2425.csv,3,3,Home Win,20250426_NewcastleUnited_Ipswich
,2025-04-26,Southampton,Fulham,1,2,A,1,0,7,26,3,5,0,13,1,1,0,0,T Harrington,2425,E0_2425.csv,3,-1,Away Win,20250426_Southampton_Fulham
,2025-04-27,Liverpool,Tottenham Hotspur,5,1,H,3,1,25,8,8,3,8,2,2,1,0,0,T Bramall,2425,E0_2425.csv,6,4,Home Win,20250427_Liverpool_TottenhamHotspur
,2025-04-27,Bournemouth,Manchester United,1,1,D,1,0,8,25,1,6,5,10,4,2,1,0,P Bankes,2425,E0_2425.csv,2,0,Draw,20250427_Bournemouth_ManchesterUnited
,2025-05-01,Nottingham Forest,Brentford,0,2,A,0,1,14,11,5,3,4,5,3,5,0,0,D England,2425,E0_2425.csv,2,-2,Away Win,20250501_NottinghamForest_Brentford
,2025-05-02,Manchester City,Wolverhampton Wanderers,1,0,H,1,0,9,6,2,1,4,5,0,0,0,0,P Bankes,2425,E0_2425.csv,1,1,Home Win,20250502_ManchesterCity_WolverhamptonWanderers
,2025-05-03,Arsenal,Bournemouth,1,2,A,1,0,13,9,4,2,2,3,0,2,0,0,J Gillett,2425,E0_2425.csv,3,-1,Away Win,20250503_Arsenal_Bournemouth
,2025-05-03,Aston Villa,Fulham,1,0,H,1,0,10,11,3,3,5,3,0,5,0,0,R Jones,2425,E0_2425.csv,1,1,Home Win,20250503_AstonVilla_Fulham
,2025-05-03,Everton,Ipswich,2,2,D,2,1,8,12,3,5,3,3,4,4,0,0,L Smith,2425,E0_2425.csv,4,0,Draw,20250503_Everton_Ipswich
,2025-05-03,Leicester City,Southampton,2,0,H,2,0,14,8,4,2,7,7,1,3,0,0,D Webb,2425,E0_2425.csv,2,2,Home Win,20250503_LeicesterCity_Southampton
,2025-05-04,Brighton,Newcastle United,1,1,D,1,0,5,13,2,5,1,4,2,1,0,0,C Pawson,2425,E0_2425.csv,2,0,Draw,20250504_Brighton_NewcastleUnited
,2025-05-04,West Ham United,Tottenham Hotspur,1,1,D,1,1,11,7,2,2,1,3,2,2,0,0,M Oliver,2425,E0_2425.csv,2,0,Draw,20250504_WestHamUnited_TottenhamHotspur
,2025-05-04,Brentford,Manchester United,4,3,H,2,1,12,14,6,5,7,4,0,2,0,0,A Taylor,2425,E0_2425.csv,7,1,Home Win,20250504_Brentford_ManchesterUnited
,2025-05-04,Chelsea,Liverpool,3,1,H,1,0,17,11,7,2,3,6,2,2,0,0,S Hooper,2425,E0_2425.csv,4,2,Home Win,20250504_Chelsea_Liverpool
,2025-05-05,Crystal Palace,Nottingham Forest,1,1,D,0,0,20,12,3,4,7,4,3,8,0,0,A Madley,2425,E0_2425.csv,2,0,Draw,20250505_CrystalPalace_NottinghamForest
,2025-05-10,Fulham,Everton,1,3,A,1,1,18,11,6,7,5,5,1,0,0,0,M Salisbury,2425,E0_2425.csv,4,-2,Away Win,20250510_Fulham_Everton
,2025-05-10,Ipswich,Brentford,0,1,A,0,1,11,15,4,5,5,6,2,4,0,0,S Barrott,2425,E0_2425.csv,1,-1,Away Win,20250510_Ipswich_Brentford
,2025-05-10,Southampton,Manchester City,0,0,D,0,0,2,26,0,5,1,15,2,0,0,0,T Robinson,2425,E0_2425.csv,0,0,Draw,20250510_Southampton_ManchesterCity
,2025-05-10,Wolverhampton Wanderers,Brighton,0,2,A,0,1,10,7,3,2,7,4,1,1,0,0,M Oliver,2425,E0_2425.csv,2,-2,Away Win,20250510_WolverhamptonWanderers_Brighton
,2025-05-10,Bournemouth,Aston Villa,0,1,A,0,1,10,6,4,3,10,0,4,3,0,1,S Attwell,2425,E0_2425.csv,1,-1,Away Win,20250510_Bournemouth_AstonVilla
,2025-05-11,Liverpool,Arsenal,2,2,D,2,0,14,15,5,7,3,1,1,1,0,1,A Taylor,2425,E0_2425.csv,4,0,Draw,20250511_Liverpool_Arsenal
,2025-05-11,Nottingham Forest,Leicester City,2,2,D,1,1,15,10,4,6,4,4,3,3,0,0,T Harrington,2425,E0_2425.csv,4,0,Draw,20250511_NottinghamForest_LeicesterCity
,2025-05-11,Tottenham Hotspur,Crystal Palace,0,2,A,0,1,8,23,1,10,4,8,1,1,0,0,C Kavanagh,2425,E0_2425.csv,2,-2,Away Win,20250511_TottenhamHotspur_CrystalPalace
,2025-05-11,Newcastle United,Chelsea,2,0,H,1,0,15,10,6,3,2,8,4,2,0,1,J Brooks,2425,E0_2425.csv,2,2,Home Win,20250511_NewcastleUnited_Chelsea
,2025-05-11,Manchester United,West Ham United,0,2,A,0,1,20,9,5,4,8,5,0,1,0,0,J Gillett,2425,E0_2425.csv,2,-2,Away Win,20250511_ManchesterUnited_WestHamUnited
,2025-05-16,Aston Villa,Tottenham Hotspur,2,0,H,0,0,18,3,7,1,9,1,1,2,0,0,P Bankes,2425,E0_2425.csv,2,2,Home Win,20250516_AstonVilla_TottenhamHotspur
,2025-05-16,Chelsea,Manchester United,1,0,H,0,0,11,4,3,1,7,2,1,6,0,0,C Kavanagh,2425,E0_2425.csv,1,1,Home Win,20250516_Chelsea_ManchesterUnited
,2025-05-18,Arsenal,Newcastle United,1,0,H,0,0,12,14,4,5,10,7,3,3,0,0,S Hooper,2425,E0_2425.csv,1,1,Home Win,20250518_Arsenal_NewcastleUnited
,2025-05-18,Everton,Southampton,2,0,H,2,0,13,6,5,2,4,5,1,1,0,0,M Oliver,2425,E0_2425.csv,2,2,Home Win,20250518_Everton_Southampton
,2025-05-18,West Ham United,Nottingham Forest,1,2,A,0,1,16,10,5,5,8,7,6,3,0,0,S Barrott,2425,E0_2425.csv,3,-1,Away Win,20250518_WestHamUnited_NottinghamForest
,2025-05-18,Brentford,Fulham,2,3,A,2,1,11,16,6,7,5,3,4,4,0,0,J Gillett,2425,E0_2425.csv,5,-1,Away Win,20250518_Brentford_Fulham
,2025-05-18,Leicester City,Ipswich,2,0,H,1,0,9,20,3,2,2,2,1,0,0,0,A Kitchen,2425,E0_2425.csv,2,2,Home Win,20250518_LeicesterCity_Ipswich
,2025-05-19,Brighton,Liverpool,3,2,H,1,2,25,18,12,5,3,3,1,0,0,0,J Brooks,2425,E0_2425.csv,5,1,Home Win,20250519_Brighton_Liverpool
,2025-05-20,Manchester City,Bournemouth,3,1,H,2,0,12,8,5,2,3,1,1,3,1,1,T Bramall,2425,E0_2425.csv,4,2,Home Win,20250520_ManchesterCity_Bournemouth
,2025-05-20,Crystal Palace,Wolverhampton Wanderers,4,2,H,2,1,14,12,10,3,0,10,1,2,0,0,D Webb,2425,E0_2425.csv,6,2,Home Win,20250520_CrystalPalace_WolverhamptonWanderers
,2025-05-25,Wolverhampton Wanderers,Brentford,1,1,D,0,1,18,13,6,7,8,3,2,1,0,0,C Pawson,2425,E0_2425.csv,2,0,Draw,20250525_WolverhamptonWanderers_Brentford
,2025-05-25,Nottingham Forest,Chelsea,0,1,A,0,0,10,6,2,2,7,4,2,2,0,0,A Taylor,2425,E0_2425.csv,1,-1,Away Win,20250525_NottinghamForest_Chelsea
,2025-05-25,Tottenham Hotspur,Brighton,1,4,A,1,0,4,23,2,8,2,11,3,1,0,0,R Jones,2425,E0_2425.csv,5,-3,Away Win,20250525_TottenhamHotspur_Brighton
,2025-05-25,Newcastle United,Everton,0,1,A,0,0,17,14,6,6,12,3,1,4,0,0,T Harrington,2425,E0_2425.csv,1,-1,Away Win,20250525_NewcastleUnited_Everton
,2025-05-25,Southampton,Arsenal,1,2,A,0,1,7,23,2,8,5,8,0,0,0,0,D Bond,2425,E0_2425.csv,3,-1,Away Win,20250525_Southampton_Arsenal
,2025-05-25,Liverpool,Crystal Palace,1,1,D,0,1,14,8,3,5,11,0,1,0,1,0,D England,2425,E0_2425.csv,2,0,Draw,20250525_Liverpool_CrystalPalace
,2025-05-25,Bournemouth,Leicester City,2,0,H,0,0,20,3,7,0,6,1,0,2,0,0,L Smith,2425,E0_2425.csv,2,2,Home Win,20250525_Bournemouth_LeicesterCity
,2025-05-25,Manchester United,Aston Villa,2,0,H,0,0,25,6,10,1,4,3,2,2,0,1,T Bramall,2425,E0_2425.csv,2,2,Home Win,20250525_ManchesterUnited_AstonVilla
,2025-05-25,Ipswich,West Ham United,1,3,A,0,1,14,10,4,6,4,0,1,1,0,0,T Robinson,2425,E0_2425.csv,4,-2,Away Win,20250525_Ipswich_WestHamUnited
,2025-05-25,Fulham,Manchester City,0,2,A,0,1,13,20,3,5,1,6,0,0,0,0,A Madley,2425,E0_2425.csv,2,-2,Away Win,20250525_Fulham_ManchesterCity
,2025-08-15,Liverpool,Bournemouth,4,2,H,1,0,19,10,10,3,6,7,1,2,0,0,A Taylor,2526,E0_2526.csv,6,2,Home Win,20250815_Liverpool_Bournemouth
,2025-08-16,Aston Villa,Newcastle United,0,0,D,0,0,3,16,3,3,3,6,1,1,1,0,C Pawson,2526,E0_2526.csv,0,0,Draw,20250816_AstonVilla_NewcastleUnited
,2025-08-16,Brighton,Fulham,1,1,D,0,0,10,7,4,2,4,3,3,3,0,0,S Barrott,2526,E0_2526.csv,2,0,Draw,20250816_Brighton_Fulham
,2025-08-16,Sunderland,West Ham United,3,0,H,0,0,10,12,5,4,5,7,0,1,0,0,R Jones,2526,E0_2526.csv,3,3,Home Win,20250816_Sunderland_WestHamUnited
,2025-08-16,Tottenham Hotspur,Burnley,3,0,H,1,0,16,14,6,4,6,5,0,0,0,0,M Oliver,2526,E0_2526.csv,3,3,Home Win,20250816_TottenhamHotspur_Burnley
,2025-08-16,Wolverhampton Wanderers,Manchester City,0,4,A,0,2,9,15,3,4,4,6,1,2,0,0,J Gillett,2526,E0_2526.csv,4,-4,Away Win,20250816_WolverhamptonWanderers_ManchesterCity
,2025-08-17,Chelsea,Crystal Palace,0,0,D,0,0,19,12,3,4,11,2,2,3,0,0,D England,2526,E0_2526.csv,0,0,Draw,20250817_Chelsea_CrystalPalace
,2025-08-17,Nottingham Forest,Brentford,3,1,H,3,0,11,10,5,3,5,5,1,2,0,0,P Bankes,2526,E0_2526.csv,4,2,Home Win,20250817_NottinghamForest_Brentford
,2025-08-17,Manchester United,Arsenal,0,1,A,0,1,22,9,7,3,3,4,1,4,0,0,S Hooper,2526,E0_2526.csv,1,-1,Away Win,20250817_ManchesterUnited_Arsenal
,2025-08-18,Leeds,Everton,1,0,H,0,0,21,7,3,1,7,2,0,2,0,0,C Kavanagh,2526,E0_2526.csv,1,1,Home Win,20250818_Leeds_Everton
,2025-08-22,West Ham United,Chelsea,1,5,A,1,3,12,12,4,7,7,5,0,1,0,0,M Oliver,2526,E0_2526.csv,6,-4,Away Win,20250822_WestHamUnited_Chelsea
,2025-08-23,Arsenal,Leeds,5,0,H,2,0,18,3,5,1,2,2,0,2,0,0,J Gillett,2526,E0_2526.csv,5,5,Home Win,20250823_Arsenal_Leeds
,2025-08-23,Burnley,Sunderland,2,0,H,0,0,7,9,2,1,4,3,0,1,0,0,M Salisbury,2526,E0_2526.csv,2,2,Home Win,20250823_Burnley_Sunderland
,2025-08-23,Manchester City,Tottenham Hotspur,0,2,A,0,2,10,12,4,5,7,2,1,4,0,0,P Bankes,2526,E0_2526.csv,2,-2,Away Win,20250823_ManchesterCity_TottenhamHotspur
,2025-08-23,Bournemouth,Wolverhampton Wanderers,1,0,H,1,0,14,6,4,1,8,3,2,4,0,1,T Bramall,2526,E0_2526.csv,1,1,Home Win,20250823_Bournemouth_WolverhamptonWanderers
,2025-08-23,Brentford,Aston Villa,1,0,H,1,0,9,17,2,2,2,9,1,2,0,0,T Harrington,2526,E0_2526.csv,1,1,Home Win,20250823_Brentford_AstonVilla
,2025-08-24,Crystal Palace,Nottingham Forest,1,1,D,1,0,8,9,4,1,1,3,3,3,0,0,A Taylor,2526,E0_2526.csv,2,0,Draw,20250824_CrystalPalace_NottinghamForest
,2025-08-24,Everton,Brighton,2,0,H,1,0,11,13,3,4,2,2,4,3,0,0,S Attwell,2526,E0_2526.csv,2,2,Home Win,20250824_Everton_Brighton
,2025-08-24,Fulham,Manchester United,1,1,D,0,0,13,10,4,3,9,6,1,1,0,0,C Kavanagh,2526,E0_2526.csv,2,0,Draw,20250824_Fulham_ManchesterUnited
,2025-08-25,Newcastle United,Liverpool,2,3,A,0,1,10,5,3,4,7,1,2,3,1,0,S Hooper,2526,E0_2526.csv,5,-1,Away Win,20250825_NewcastleUnited_Liverpool
,2025-08-30,Wolverhampton Wanderers,Everton,2,3,A,1,2,12,10,4,4,2,2,0,1,0,0,M Oliver,2526,E0_2526.csv,5,-1,Away Win,20250830_WolverhamptonWanderers_Everton
,2025-08-30,Leeds,Newcastle United,0,0,D,0,0,10,8,1,2,5,5,1,1,0,0,P Bankes,2526,E0_2526.csv,0,0,Draw,20250830_Leeds_NewcastleUnited
,2025-08-30,Tottenham Hotspur,Bournemouth,0,1,A,0,1,5,20,1,6,0,8,2,4,0,0,S Hooper,2526,E0_2526.csv,1,-1,Away Win,20250830_TottenhamHotspur_Bournemouth
,2025-08-30,Chelsea,Fulham,2,0,H,1,0,13,11,6,3,6,4,2,2,0,0,R Jones,2526,E0_2526.csv,2,2,Home Win,20250830_Chelsea_Fulham
,2025-08-30,Manchester United,Burnley,3,2,H,1,0,26,6,6,3,7,1,1,5,0,0,S Barrott,2526,E0_2526.csv,5,1,Home Win,20250830_ManchesterUnited_Burnley
,2025-08-30,Sunderland,Brentford,2,1,H,0,0,12,7,3,4,3,4,3,2,0,0,A Taylor,2526,E0_2526.csv,3,1,Home Win,20250830_Sunderland_Brentford
,2025-08-31,Brighton,Manchester City,2,1,H,0,1,12,12,7,3,3,2,2,2,0,0,D England,2526,E0_2526.csv,3,1,Home Win,20250831_Brighton_ManchesterCity
,2025-08-31,Nottingham Forest,West Ham United,0,3,A,0,0,11,12,3,8,9,7,0,0,0,0,C Pawson,2526,E0_2526.csv,3,-3,Away Win,20250831_NottinghamForest_WestHamUnited
,2025-08-31,Liverpool,Arsenal,1,0,H,0,0,9,11,3,1,3,8,2,2,0,0,C Kavanagh,2526,E0_2526.csv,1,1,Home Win,20250831_Liverpool_Arsenal
,2025-08-31,Aston Villa,Crystal Palace,0,3,A,0,1,13,6,4,4,10,1,2,3,0,0,S Attwell,2526,E0_2526.csv,3,-3,Away Win,20250831_AstonVilla_CrystalPalace
,2025-09-13,Brentford,Chelsea,2,2,D,1,0,7,16,4,6,5,6,3,2,0,0,S Attwell,2526,E0_2526.csv,4,0,Draw,20250913_Brentford_Chelsea
,2025-09-13,West Ham United,Tottenham Hotspur,0,3,A,0,0,7,14,4,5,2,13,0,1,1,0,J Gillett,2526,E0_2526.csv,3,-3,Away Win,20250913_WestHamUnited_TottenhamHotspur
,2025-09-13,Newcastle United,Wolverhampton Wanderers,1,0,H,1,0,16,8,4,3,10,4,1,4,0,0,C Kavanagh,2526,E0_2526.csv,1,1,Home Win,20250913_NewcastleUnited_WolverhamptonWanderers
,2025-09-13,Fulham,Leeds,1,0,H,0,0,5,10,3,3,3,3,1,2,0,0,C Pawson,2526,E0_2526.csv,1,1,Home Win,20250913_Fulham_Leeds
,2025-09-13,Crystal Palace,Sunderland,0,0,D,0,0,14,6,6,0,5,3,1,1,0,0,T Bramall,2526,E0_2526.csv,0,0,Draw,20250913_CrystalPalace_Sunderland
,2025-09-13,Bournemouth,Brighton,2,1,H,1,0,13,6,5,2,4,4,4,4,0,0,P Bankes,2526,E0_2526.csv,3,1,Home Win,20250913_Bournemouth_Brighton
,2025-09-13,Arsenal,Nottingham Forest,3,0,H,1,0,16,5,5,1,8,4,1,1,0,0,D England,2526,E0_2526.csv,3,3,Home Win,20250913_Arsenal_NottinghamForest
,2025-09-13,Everton,Aston Villa,0,0,D,0,0,20,7,2,1,10,3,3,3,0,0,S Hooper,2526,E0_2526.csv,0,0,Draw,20250913_Everton_AstonVilla
,2025-09-14,Burnley,Liverpool,0,1,A,0,0,3,27,0,4,1,13,0,2,0,0,M Oliver,2526,E0_2526.csv,1,-1,Away Win,20250914_Burnley_Liverpool
,2025-09-14,Manchester City,Manchester United,3,0,H,1,0,13,12,6,2,2,4,0,0,0,0,A Taylor,2526,E0_2526.csv,3,3,Home Win,20250914_ManchesterCity_ManchesterUnited
,2025-09-20,Wolverhampton Wanderers,Leeds,1,3,A,1,3,16,6,6,4,4,0,1,1,0,0,A Taylor,2526,E0_2526.csv,4,-2,Away Win,20250920_WolverhamptonWanderers_Leeds
,2025-09-20,West Ham United,Crystal Palace,1,2,A,0,1,8,18,3,3,8,8,3,3,0,0,T Harrington,2526,E0_2526.csv,3,-1,Away Win,20250920_WestHamUnited_CrystalPalace
,2025-09-20,Fulham,Brentford,3,1,H,2,1,14,8,3,3,2,10,4,1,0,0,M Oliver,2526,E0_2526.csv,4,2,Home Win,20250920_Fulham_Brentford
,2025-09-20,Brighton,Tottenham Hotspur,2,2,D,2,1,12,11,4,3,2,10,1,2,0,0,C Kavanagh,2526,E0_2526.csv,4,0,Draw,20250920_Brighton_TottenhamHotspur
,2025-09-20,Burnley,Nottingham Forest,1,1,D,1,1,12,17,5,8,4,5,1,1,0,0,T Bramall,2526,E0_2526.csv,2,0,Draw,20250920_Burnley_NottinghamForest
,2025-09-20,Manchester United,Chelsea,2,1,H,2,0,11,5,4,1,5,5,0,5,1,1,P Bankes,2526,E0_2526.csv,3,1,Home Win,20250920_ManchesterUnited_Chelsea
,2025-09-20,Liverpool,Everton,2,1,H,2,0,11,9,3,2,5,4,2,3,0,0,D England,2526,E0_2526.csv,3,1,Home Win,20250920_Liverpool_Everton
,2025-09-21,Bournemouth,Newcastle United,0,0,D,0,0,11,4,2,1,5,2,2,1,0,0,R Jones,2526,E0_2526.csv,0,0,Draw,20250921_Bournemouth_NewcastleUnited
,2025-09-21,Sunderland,Aston Villa,1,1,D,0,0,14,12,4,2,6,5,2,1,1,0,S Barrott,2526,E0_2526.csv,2,0,Draw,20250921_Sunderland_AstonVilla
,2025-09-21,Arsenal,Manchester City,1,1,D,0,1,12,5,3,3,11,2,1,2,0,0,S Attwell,2526,E0_2526.csv,2,0,Draw,20250921_Arsenal_ManchesterCity
,2025-09-27,Nottingham Forest,Sunderland,0,1,A,0,1,22,11,6,3,7,4,4,2,0,0,T Harrington,2526,E0_2526.csv,1,-1,Away Win,20250927_NottinghamForest_Sunderland
,2025-09-27,Manchester City,Burnley,5,1,H,1,1,21,9,8,2,10,2,1,3,0,0,R Jones,2526,E0_2526.csv,6,4,Home Win,20250927_ManchesterCity_Burnley
,2025-09-27,Leeds,Bournemouth,2,2,D,1,1,19,12,8,5,7,4,2,2,0,0,M Oliver,2526,E0_2526.csv,4,0,Draw,20250927_Leeds_Bournemouth
,2025-09-27,Tottenham Hotspur,Wolverhampton Wanderers,1,1,D,0,0,10,9,3,3,10,9,3,2,0,0,M Salisbury,2526,E0_2526.csv,2,0,Draw,20250927_TottenhamHotspur_WolverhamptonWanderers
,2025-09-27,Chelsea,Brighton,1,3,A,1,0,13,12,3,3,5,7,3,5,1,0,S Hooper,2526,E0_2526.csv,4,-2,Away Win,20250927_Chelsea_Brighton
,2025-09-27,Brentford,Manchester United,3,1,H,2,1,10,14,8,6,4,2,2,2,0,0,C Pawson,2526,E0_2526.csv,4,2,Home Win,20250927_Brentford_ManchesterUnited
,2025-09-27,Crystal Palace,Liverpool,2,1,H,1,0,16,20,7,4,2,6,1,3,0,0,C Kavanagh,2526,E0_2526.csv,3,1,Home Win,20250927_CrystalPalace_Liverpool
,2025-09-28,Aston Villa,Fulham,3,1,H,1,1,9,11,4,4,2,8,1,4,0,0,A Madley,2526,E0_2526.csv,4,2,Home Win,20250928_AstonVilla_Fulham
,2025-09-28,Newcastle United,Arsenal,1,2,A,1,0,8,20,3,7,7,12,2,1,0,0,J Gillett,2526,E0_2526.csv,3,-1,Away Win,20250928_NewcastleUnited_Arsenal
,2025-09-29,Everton,West Ham United,1,1,D,1,0,12,14,6,3,3,5,3,4,0,0,S Barrott,2526,E0_2526.csv,2,0,Draw,20250929_Everton_WestHamUnited
,2025-10-03,Bournemouth,Fulham,3,1,H,0,0,11,12,6,4,4,3,0,1,0,0,S Hooper,2526,E0_2526.csv,4,2,Home Win,20251003_Bournemouth_Fulham
,2025-10-04,Leeds,Tottenham Hotspur,1,2,A,1,1,16,9,4,3,4,1,2,3,0,0,T Bramall,2526,E0_2526.csv,3,-1,Away Win,20251004_Leeds_TottenhamHotspur
,2025-10-04,Arsenal,West Ham United,2,0,H,1,0,21,4,5,0,8,3,0,2,0,0,J Brooks,2526,E0_2526.csv,2,2,Home Win,20251004_Arsenal_WestHamUnited
,2025-10-04,Manchester United,Sunderland,2,0,H,2,0,15,8,6,3,2,3,1,4,0,0,S Attwell,2526,E0_2526.csv,2,2,Home Win,20251004_ManchesterUnited_Sunderland
,2025-10-04,Chelsea,Liverpool,2,1,H,1,0,12,12,6,2,7,2,0,2,0,0,A Taylor,2526,E0_2526.csv,3,1,Home Win,20251004_Chelsea_Liverpool
,2025-10-05,Wolverhampton Wanderers,Brighton,1,1,D,1,0,6,17,3,6,2,8,2,4,0,0,J Gillett,2526,E0_2526.csv,2,0,Draw,20251005_WolverhamptonWanderers_Brighton
,2025-10-05,Brentford,Manchester City,0,1,A,0,1,6,10,1,4,3,2,3,2,0,0,D England,2526,E0_2526.csv,1,-1,Away Win,20251005_Brentford_ManchesterCity
,2025-10-05,Newcastle United,Nottingham Forest,2,0,H,0,0,18,5,9,4,8,1,0,4,0,0,P Bankes,2526,E0_2526.csv,2,2,Home Win,20251005_NewcastleUnited_NottinghamForest
,2025-10-05,Aston Villa,Burnley,2,1,H,1,0,15,5,7,2,6,4,3,1,0,0,A Kitchen,2526,E0_2526.csv,3,1,Home Win,20251005_AstonVilla_Burnley
,2025-10-05,Everton,Crystal Palace,2,1,H,0,1,14,15,7,8,2,4,2,3,0,0,M Salisbury,2526,E0_2526.csv,3,1,Home Win,20251005_Everton_CrystalPalace
,2025-10-18,Nottingham Forest,Chelsea,0,3,A,0,0,12,17,2,6,5,2,2,2,0,1,C Kavanagh,2526,E0_2526.csv,3,-3,Away Win,20251018_NottinghamForest_Chelsea
,2025-10-18,Brighton,Newcastle United,2,1,H,1,0,13,16,5,3,8,4,0,1,0,0,C Pawson,2526,E0_2526.csv,3,1,Home Win,20251018_Brighton_NewcastleUnited
,2025-10-18,Burnley,Leeds,2,0,H,1,0,4,19,3,4,1,5,2,1,0,0,T Robinson,2526,E0_2526.csv,2,2,Home Win,20251018_Burnley_Leeds
,2025-10-18,Crystal Palace,Bournemouth,3,3,D,0,2,20,8,7,5,6,5,1,4,0,0,J Gillett,2526,E0_2526.csv,6,0,Draw,20251018_CrystalPalace_Bournemouth
,2025-10-18,Manchester City,Everton,2,0,H,0,0,19,5,7,1,11,3,0,2,0,0,T Harrington,2526,E0_2526.csv,2,2,Home Win,20251018_ManchesterCity_Everton
,2025-10-18,Sunderland,Wolverhampton Wanderers,2,0,H,1,0,8,16,2,3,3,2,0,0,0,0,R Jones,2526,E0_2526.csv,2,2,Home Win,20251018_Sunderland_WolverhamptonWanderers
,2025-10-18,Fulham,Arsenal,0,1,A,0,0,9,16,0,5,6,10,0,0,0,0,A Taylor,2526,E0_2526.csv,1,-1,Away Win,20251018_Fulham_Arsenal
,2025-10-19,Tottenham Hotspur,Aston Villa,1,2,A,1,1,9,8,3,2,6,6,2,0,0,0,S Hooper,2526,E0_2526.csv,3,-1,Away Win,20251019_TottenhamHotspur_AstonVilla
,2025-10-19,Liverpool,Manchester United,1,2,A,0,1,19,12,6,4,9,4,0,2,0,0,M Oliver,2526,E0_2526.csv,3,-1,Away Win,20251019_Liverpool_ManchesterUnited
,2025-10-20,West Ham United,Brentford,0,2,A,0,1,7,22,1,7,6,10,1,1,0,0,A Madley,2526,E0_2526.csv,2,-2,Away Win,20251020_WestHamUnited_Brentford
,2025-10-24,Leeds,West Ham United,2,1,H,2,0,13,9,5,3,3,4,3,3,0,0,S Attwell,2526,E0_2526.csv,3,1,Home Win,20251024_Leeds_WestHamUnited
,2025-10-25,Chelsea,Sunderland,1,2,A,1,1,16,10,7,4,9,1,1,1,0,0,A Madley,2526,E0_2526.csv,3,-1,Away Win,20251025_Chelsea_Sunderland
,2025-10-25,Newcastle United,Fulham,2,1,H,1,0,18,12,7,5,4,3,0,2,0,0,P Bankes,2526,E0_2526.csv,3,1,Home Win,20251025_NewcastleUnited_Fulham
,2025-10-25,Manchester United,Brighton,4,2,H,2,0,13,17,9,5,1,6,2,2,0,0,A Taylor,2526,E0_2526.csv,6,2,Home Win,20251025_ManchesterUnited_Brighton
,2025-10-25,Brentford,Liverpool,3,2,H,2,1,17,18,8,5,5,4,3,2,0,0,S Hooper,2526,E0_2526.csv,5,1,Home Win,20251025_Brentford_Liverpool
,2025-10-26,Arsenal,Crystal Palace,1,0,H,1,0,10,7,3,1,4,3,0,0,0,0,T Bramall,2526,E0_2526.csv,1,1,Home Win,20251026_Arsenal_CrystalPalace
,2025-10-26,Aston Villa,Manchester City,1,0,H,1,0,9,18,3,4,5,6,1,4,0,0,M Oliver,2526,E0_2526.csv,1,1,Home Win,20251026_AstonVilla_ManchesterCity
,2025-10-26,Bournemouth,Nottingham Forest,2,0,H,2,0,13,8,5,4,6,4,3,1,0,0,S Barrott,2526,E0_2526.csv,2,2,Home Win,20251026_Bournemouth_NottinghamForest
,2025-10-26,Wolverhampton Wanderers,Burnley,2,3,A,2,2,15,11,7,7,5,3,1,0,0,0,T Harrington,2526,E0_2526.csv,5,-1,Away Win,20251026_WolverhamptonWanderers_Burnley
,2025-10-26,Everton,Tottenham Hotspur,0,3,A,0,2,12,7,2,4,9,8,2,0,0,0,C Pawson,2526,E0_2526.csv,3,-3,Away Win,20251026_Everton_TottenhamHotspur
,2025-11-01,Tottenham Hotspur,Chelsea,0,1,A,0,1,3,15,1,9,6,5,4,2,0,0,J Gillett,2526,E0_2526.csv,1,-1,Away Win,20251101_TottenhamHotspur_Chelsea
,2025-11-01,Nottingham Forest,Manchester United,2,2,D,0,1,17,18,3,7,8,5,1,1,0,0,D England,2526,E0_2526.csv,4,0,Draw,20251101_NottinghamForest_ManchesterUnited
,2025-11-01,Liverpool,Aston Villa,2,0,H,1,0,16,10,4,3,1,4,2,3,0,0,S Attwell,2526,E0_2526.csv,2,2,Home Win,20251101_Liverpool_AstonVilla
,2025-11-01,Crystal Palace,Brentford,2,0,H,1,0,9,6,2,2,6,5,0,3,0,0,P Bankes,2526,E0_2526.csv,2,2,Home Win,20251101_CrystalPalace_Brentford
,2025-11-01,Burnley,Arsenal,0,2,A,0,2,3,12,0,8,1,6,2,1,0,0,C Kavanagh,2526,E0_2526.csv,2,-2,Away Win,20251101_Burnley_Arsenal
,2025-11-01,Brighton,Leeds,3,0,H,1,0,14,5,7,2,4,7,0,1,0,0,M Oliver,2526,E0_2526.csv,3,3,Home Win,20251101_Brighton_Leeds
,2025-11-01,Fulham,Wolverhampton Wanderers,3,0,H,1,0,19,5,6,2,10,1,1,3,0,1,J Brooks,2526,E0_2526.csv,3,3,Home Win,20251101_Fulham_WolverhamptonWanderers
,2025-11-02,West Ham United,Newcastle United,3,1,H,2,1,15,12,9,4,7,6,1,2,0,0,R Jones,2526,E0_2526.csv,4,2,Home Win,20251102_WestHamUnited_NewcastleUnited
,2025-11-02,Manchester City,Bournemouth,3,1,H,2,1,15,8,8,5,10,4,2,2,0,0,A Taylor,2526,E0_2526.csv,4,2,Home Win,20251102_ManchesterCity_Bournemouth
,2025-11-03,Sunderland,Everton,1,1,D,0,1,17,8,3,2,4,1,3,2,0,0,T Bramall,2526,E0_2526.csv,2,0,Draw,20251103_Sunderland_Everton
,2025-11-08,Tottenham Hotspur,Manchester United,2,2,D,0,1,10,5,4,2,5,3,5,1,0,0,S Barrott,2526,E0_2526.csv,4,0,Draw,20251108_TottenhamHotspur_ManchesterUnited
,2025-11-08,Everton,Fulham,2,0,H,1,0,14,8,5,4,7,5,2,2,0,0,A Madley,2526,E0_2526.csv,2,2,Home Win,20251108_Everton_Fulham
,2025-11-08,West Ham United,Burnley,3,2,H,1,1,15,16,6,7,7,4,2,2,0,0,M Salisbury,2526,E0_2526.csv,5,1,Home Win,20251108_WestHamUnited_Burnley
,2025-11-08,Sunderland,Arsenal,2,2,D,1,0,6,17,2,7,2,2,2,1,0,0,C Pawson,2526,E0_2526.csv,4,0,Draw,20251108_Sunderland_Arsenal
,2025-11-08,Chelsea,Wolverhampton Wanderers,3,0,H,0,0,20,3,8,0,10,1,1,2,0,0,A Kitchen,2526,E0_2526.csv,3,3,Home Win,20251108_Chelsea_WolverhamptonWanderers
,2025-11-09,Manchester City,Liverpool,3,0,H,2,0,14,7,6,1,7,7,2,4,0,0,C Kavanagh,2526,E0_2526.csv,3,3,Home Win,20251109_ManchesterCity_Liverpool
,2025-11-09,Nottingham Forest,Leeds,3,1,H,1,1,14,10,6,3,6,4,2,1,0,0,J Gillett,2526,E0_2526.csv,4,2,Home Win,20251109_NottinghamForest_Leeds
,2025-11-09,Aston Villa,Bournemouth,4,0,H,2,0,16,13,8,4,6,9,2,2,0,0,J Brooks,2526,E0_2526.csv,4,4,Home Win,20251109_AstonVilla_Bournemouth
,2025-11-09,Brentford,Newcastle United,3,1,H,0,1,15,5,7,1,6,2,2,1,0,0,S Attwell,2526,E0_2526.csv,4,2,Home Win,20251109_Brentford_NewcastleUnited
,2025-11-09,Crystal Palace,Brighton,0,0,D,0,0,10,7,2,3,4,8,1,4,0,0,T Robinson,2526,E0_2526.csv,0,0,Draw,20251109_CrystalPalace_Brighton
,2025-11-22,Wolverhampton Wanderers,Crystal Palace,0,2,A,0,0,8,10,1,4,1,4,2,3,0,0,A Taylor,2526,E0_2526.csv,2,-2,Away Win,20251122_WolverhamptonWanderers_CrystalPalace
,2025-11-22,Burnley,Chelsea,0,2,A,0,1,8,15,2,5,1,9,2,3,0,0,P Bankes,2526,E0_2526.csv,2,-2,Away Win,20251122_Burnley_Chelsea
,2025-11-22,Bournemouth,West Ham United,2,2,D,0,2,28,5,10,2,9,2,3,2,0,0,T Bramall,2526,E0_2526.csv,4,0,Draw,20251122_Bournemouth_WestHamUnited
,2025-11-22,Brighton,Brentford,2,1,H,0,1,14,10,5,4,7,4,4,2,0,0,C Kavanagh,2526,E0_2526.csv,3,1,Home Win,20251122_Brighton_Brentford
,2025-11-22,Fulham,Sunderland,1,0,H,0,0,24,4,6,2,7,4,3,3,0,0,D England,2526,E0_2526.csv,1,1,Home Win,20251122_Fulham_Sunderland
,2025-11-22,Liverpool,Nottingham Forest,0,3,A,0,1,21,15,4,7,8,6,2,0,0,0,A Madley,2526,E0_2526.csv,3,-3,Away Win,20251122_Liverpool_NottinghamForest
,2025-11-22,Newcastle United,Manchester City,2,1,H,0,0,9,17,5,4,5,9,1,3,0,0,S Barrott,2526,E0_2526.csv,3,1,Home Win,20251122_NewcastleUnited_ManchesterCity
,2025-11-23,Arsenal,Tottenham Hotspur,4,1,H,2,0,17,3,8,2,4,1,1,3,0,0,M Oliver,2526,E0_2526.csv,5,3,Home Win,20251123_Arsenal_TottenhamHotspur
,2025-11-23,Leeds,Aston Villa,1,2,A,1,0,14,14,5,3,3,3,5,1,0,0,R Jones,2526,E0_2526.csv,3,-1,Away Win,20251123_Leeds_AstonVilla
,2025-11-24,Manchester United,Everton,0,1,A,0,1,25,3,6,1,9,1,2,0,0,1,T Harrington,2526,E0_2526.csv,1,-1,Away Win,20251124_ManchesterUnited_Everton
,2025-11-29,Brentford,Burnley,3,1,H,0,0,14,6,4,2,5,6,0,2,0,0,S Barrott,2526,E0_2526.csv,4,2,Home Win,20251129_Brentford_Burnley
,2025-11-29,Manchester City,Leeds,3,2,H,2,0,18,9,9,4,8,1,4,1,0,0,P Bankes,2526,E0_2526.csv,5,1,Home Win,20251129_ManchesterCity_Leeds
,2025-11-29,Sunderland,Bournemouth,3,2,H,1,2,12,18,6,6,6,3,5,5,0,1,T Robinson,2526,E0_2526.csv,5,1,Home Win,20251129_Sunderland_Bournemouth
,2025-11-29,Everton,Newcastle United,1,4,A,0,3,10,13,2,8,8,7,0,0,0,0,C Pawson,2526,E0_2526.csv,5,-3,Away Win,20251129_Everton_NewcastleUnited
,2025-11-29,Tottenham Hotspur,Fulham,1,2,A,0,2,14,7,2,3,8,2,3,2,0,0,S Attwell,2526,E0_2526.csv,3,-1,Away Win,20251129_TottenhamHotspur_Fulham
,2025-11-30,West Ham United,Liverpool,0,2,A,0,0,7,9,0,5,7,2,1,0,1,0,D England,2526,E0_2526.csv,2,-2,Away Win,20251130_WestHamUnited_Liverpool
,2025-11-30,Crystal Palace,Manchester United,1,2,A,1,0,14,14,3,6,4,4,3,2,0,0,R Jones,2526,E0_2526.csv,3,-1,Away Win,20251130_CrystalPalace_ManchesterUnited
,2025-11-30,Aston Villa,Wolverhampton Wanderers,1,0,H,0,0,16,9,6,4,7,3,0,4,0,0,C Kavanagh,2526,E0_2526.csv,1,1,Home Win,20251130_AstonVilla_WolverhamptonWanderers
,2025-11-30,Nottingham Forest,Brighton,0,2,A,0,1,19,17,3,6,9,2,0,1,0,0,M Oliver,2526,E0_2526.csv,2,-2,Away Win,20251130_NottinghamForest_Brighton
,2025-11-30,Chelsea,Arsenal,1,1,D,0,0,11,8,4,4,3,3,1,6,1,0,A Taylor,2526,E0_2526.csv,2,0,Draw,20251130_Chelsea_Arsenal
,2025-12-02,Newcastle United,Tottenham Hotspur,2,2,D,0,0,19,8,7,2,11,8,0,3,0,0,T Bramall,2526,E0_2526.csv,4,0,Draw,20251202_NewcastleUnited_TottenhamHotspur
,2025-12-02,Bournemouth,Everton,0,1,A,0,0,5,13,2,3,1,6,3,3,0,0,M Salisbury,2526,E0_2526.csv,1,-1,Away Win,20251202_Bournemouth_Everton
,2025-12-02,Fulham,Manchester City,4,5,A,1,3,12,11,6,4,7,2,0,1,0,0,C Pawson,2526,E0_2526.csv,9,-1,Away Win,20251202_Fulham_ManchesterCity
,2025-12-03,Liverpool,Sunderland,1,1,D,0,0,23,9,4,6,7,3,1,1,0,0,S Attwell,2526,E0_2526.csv,2,0,Draw,20251203_Liverpool_Sunderland
,2025-12-03,Arsenal,Brentford,2,0,H,1,0,15,6,7,1,4,8,0,1,0,0,T Harrington,2526,E0_2526.csv,2,2,Home Win,20251203_Arsenal_Brentford
,2025-12-03,Brighton,Aston Villa,3,4,A,2,2,16,14,7,10,5,6,2,2,0,0,A Madley,2526,E0_2526.csv,7,-1,Away Win,20251203_Brighton_AstonVilla
,2025-12-03,Burnley,Crystal Palace,0,1,A,0,1,11,3,4,3,3,4,0,0,0,0,T Kirk,2526,E0_2526.csv,1,-1,Away Win,20251203_Burnley_CrystalPalace
,2025-12-03,Wolverhampton Wanderers,Nottingham Forest,0,1,A,0,0,5,10,1,3,3,9,2,2,0,0,T Robinson,2526,E0_2526.csv,1,-1,Away Win,20251203_WolverhamptonWanderers_NottinghamForest
,2025-12-03,Leeds,Chelsea,3,1,H,2,0,17,14,5,2,4,2,1,1,0,0,D England,2526,E0_2526.csv,4,2,Home Win,20251203_Leeds_Chelsea
,2025-12-04,Manchester United,West Ham United,1,1,D,0,0,17,11,4,3,6,6,2,2,0,0,A Kitchen,2526,E0_2526.csv,2,0,Draw,20251204_ManchesterUnited_WestHamUnited
,2025-12-06,Tottenham Hotspur,Brentford,2,0,H,2,0,15,4,7,1,7,6,3,4,0,0,R Jones,2526,E0_2526.csv,2,2,Home Win,20251206_TottenhamHotspur_Brentford
,2025-12-06,Leeds,Liverpool,3,3,D,0,0,12,16,5,7,5,4,3,3,0,0,A Taylor,2526,E0_2526.csv,6,0,Draw,20251206_Leeds_Liverpool
,2025-12-06,Newcastle United,Burnley,2,1,H,2,0,17,9,7,3,9,9,2,2,0,1,S Attwell,2526,E0_2526.csv,3,1,Home Win,20251206_NewcastleUnited_Burnley
,2025-12-06,Aston Villa,Arsenal,2,1,H,1,0,15,15,6,9,3,3,0,2,0,0,P Bankes,2526,E0_2526.csv,3,1,Home Win,20251206_AstonVilla_Arsenal
,2025-12-06,Everton,Nottingham Forest,3,0,H,2,0,11,7,5,3,6,3,4,3,0,0,C Kavanagh,2526,E0_2526.csv,3,3,Home Win,20251206_Everton_NottinghamForest
,2025-12-06,Bournemouth,Chelsea,0,0,D,0,0,13,11,5,4,5,0,0,2,0,0,M Oliver,2526,E0_2526.csv,0,0,Draw,20251206_Bournemouth_Chelsea
,2025-12-06,Manchester City,Sunderland,3,0,H,2,0,18,8,6,1,6,5,1,0,0,1,A Madley,2526,E0_2526.csv,3,3,Home Win,20251206_ManchesterCity_Sunderland
,2025-12-07,Brighton,West Ham United,1,1,D,0,0,22,14,4,5,10,6,2,2,0,0,S Hooper,2526,E0_2526.csv,2,0,Draw,20251207_Brighton_WestHamUnited
,2025-12-07,Fulham,Crystal Palace,1,2,A,1,1,12,11,4,5,6,4,0,0,0,0,S Barrott,2526,E0_2526.csv,3,-1,Away Win,20251207_Fulham_CrystalPalace
,2025-12-08,Wolverhampton Wanderers,Manchester United,1,4,A,1,1,8,27,2,10,1,9,3,2,0,0,M Salisbury,2526,E0_2526.csv,5,-3,Away Win,20251208_WolverhamptonWanderers_ManchesterUnited
,2025-12-13,Burnley,Fulham,2,3,A,1,2,16,6,8,4,10,4,1,2,0,0,M Oliver,2526,E0_2526.csv,5,-1,Away Win,20251213_Burnley_Fulham
,2025-12-13,Arsenal,Wolverhampton Wanderers,2,1,H,0,0,16,3,2,2,8,0,0,4,0,0,R Jones,2526,E0_2526.csv,3,1,Home Win,20251213_Arsenal_WolverhamptonWanderers
,2025-12-13,Chelsea,Everton,2,0,H,2,0,17,11,5,2,4,7,1,0,0,0,T Bramall,2526,E0_2526.csv,2,2,Home Win,20251213_Chelsea_Everton
,2025-12-13,Liverpool,Brighton,2,0,H,1,0,18,14,4,1,2,2,1,2,0,0,C Pawson,2526,E0_2526.csv,2,2,Home Win,20251213_Liverpool_Brighton
,2025-12-14,Crystal Palace,Manchester City,0,3,A,0,1,16,7,4,6,2,2,2,0,0,0,D England,2526,E0_2526.csv,3,-3,Away Win,20251214_CrystalPalace_ManchesterCity
,2025-12-14,Nottingham Forest,Tottenham Hotspur,3,0,H,1,0,15,6,6,1,3,3,1,3,0,0,S Barrott,2526,E0_2526.csv,3,3,Home Win,20251214_NottinghamForest_TottenhamHotspur
,2025-12-14,Sunderland,Newcastle United,1,0,H,0,0,5,6,1,2,3,6,5,4,0,0,P Bankes,2526,E0_2526.csv,1,1,Home Win,20251214_Sunderland_NewcastleUnited
,2025-12-14,West Ham United,Aston Villa,2,3,A,2,1,10,7,3,4,5,3,1,2,0,0,A Taylor,2526,E0_2526.csv,5,-1,Away Win,20251214_WestHamUnited_AstonVilla
,2025-12-14,Brentford,Leeds,1,1,D,0,0,7,18,2,4,0,3,0,0,0,0,J Brooks,2526,E0_2526.csv,2,0,Draw,20251214_Brentford_Leeds
,2025-12-15,Manchester United,Bournemouth,4,4,D,2,1,25,14,9,9,5,4,2,3,0,0,S Hooper,2526,E0_2526.csv,8,0,Draw,20251215_ManchesterUnited_Bournemouth
,2025-12-20,Leeds,Crystal Palace,4,1,H,2,0,20,9,8,3,9,5,1,3,0,0,T Bramall,2526,E0_2526.csv,5,3,Home Win,20251220_Leeds_CrystalPalace
,2025-12-20,Everton,Arsenal,0,1,A,0,1,5,13,1,2,2,3,2,2,0,0,S Barrott,2526,E0_2526.csv,1,-1,Away Win,20251220_Everton_Arsenal
,2025-12-20,Wolverhampton Wanderers,Brentford,0,2,A,0,0,9,7,2,6,3,4,2,4,0,0,M Donohue,2526,E0_2526.csv,2,-2,Away Win,20251220_WolverhamptonWanderers_Brentford
,2025-12-20,Tottenham Hotspur,Liverpool,1,2,A,0,0,15,8,4,4,2,6,3,3,2,0,J Brooks,2526,E0_2526.csv,3,-1,Away Win,20251220_TottenhamHotspur_Liverpool
,2025-12-20,Brighton,Sunderland,0,0,D,0,0,16,14,4,6,3,4,2,2,0,0,D England,2526,E0_2526.csv,0,0,Draw,20251220_Brighton_Sunderland
,2025-12-20,Bournemouth,Burnley,1,1,D,0,0,16,4,1,1,5,3,1,1,0,0,C Kavanagh,2526,E0_2526.csv,2,0,Draw,20251220_Bournemouth_Burnley
,2025-12-20,Newcastle United,Chelsea,2,2,D,2,0,11,13,5,4,6,4,3,6,0,0,A Madley,2526,E0_2526.csv,4,0,Draw,20251220_NewcastleUnited_Chelsea
,2025-12-20,Manchester City,West Ham United,3,0,H,2,0,17,7,8,3,6,0,1,1,0,0,P Tierney,2526,E0_2526.csv,3,3,Home Win,20251220_ManchesterCity_WestHamUnited
,2025-12-21,Aston Villa,Manchester United,2,1,H,1,1,12,15,4,6,5,5,1,2,0,0,M Oliver,2526,E0_2526.csv,3,1,Home Win,20251221_AstonVilla_ManchesterUnited
,2025-12-22,Fulham,Nottingham Forest,1,0,H,1,0,11,12,1,2,1,5,5,4,0,0,A Taylor,2526,E0_2526.csv,1,1,Home Win,20251222_Fulham_NottinghamForest
,2025-12-26,Manchester United,Newcastle United,1,0,H,1,0,10,16,4,3,2,11,2,1,0,0,A Taylor,2526,E0_2526.csv,1,1,Home Win,20251226_ManchesterUnited_NewcastleUnited
,2025-12-27,Chelsea,Aston Villa,1,2,A,1,0,14,11,3,8,6,7,5,3,0,0,S Attwell,2526,E0_2526.csv,3,-1,Away Win,20251227_Chelsea_AstonVilla
,2025-12-27,West Ham United,Fulham,0,1,A,0,0,11,15,2,4,5,4,1,3,0,0,C Kavanagh,2526,E0_2526.csv,1,-1,Away Win,20251227_WestHamUnited_Fulham
,2025-12-27,Burnley,Everton,0,0,D,0,0,16,15,0,6,6,5,0,2,0,0,C Pawson,2526,E0_2526.csv,0,0,Draw,20251227_Burnley_Everton
,2025-12-27,Liverpool,Wolverhampton Wanderers,2,1,H,2,0,14,9,4,4,6,4,0,1,0,0,S Hooper,2526,E0_2526.csv,3,1,Home Win,20251227_Liverpool_WolverhamptonWanderers
,2025-12-27,Arsenal,Brighton,2,1,H,1,0,24,8,6,3,7,2,2,3,0,0,J Brooks,2526,E0_2526.csv,3,1,Home Win,20251227_Arsenal_Brighton
,2025-12-27,Nottingham Forest,Manchester City,1,2,A,0,0,7,16,2,5,5,5,1,2,0,0,R Jones,2526,E0_2526.csv,3,-1,Away Win,20251227_NottinghamForest_ManchesterCity
,2025-12-27,Brentford,Bournemouth,4,1,H,2,0,15,20,7,10,2,15,2,2,0,0,P Bankes,2526,E0_2526.csv,5,3,Home Win,20251227_Brentford_Bournemouth
,2025-12-28,Sunderland,Leeds,1,1,D,1,0,8,17,3,6,3,9,1,0,0,0,T Harrington,2526,E0_2526.csv,2,0,Draw,20251228_Sunderland_Leeds
,2025-12-28,Crystal Palace,Tottenham Hotspur,0,1,A,0,1,15,8,2,4,3,2,3,2,0,0,J Gillett,2526,E0_2526.csv,1,-1,Away Win,20251228_CrystalPalace_TottenhamHotspur
,2025-12-30,Burnley,Newcastle United,1,3,A,1,2,15,20,4,9,3,4,2,1,0,0,R Jones,2526,E0_2526.csv,4,-2,Away Win,20251230_Burnley_NewcastleUnited
,2025-12-30,Chelsea,Bournemouth,2,2,D,2,2,17,17,3,6,12,3,1,1,0,0,S Barrott,2526,E0_2526.csv,4,0,Draw,20251230_Chelsea_Bournemouth
,2025-12-30,Nottingham Forest,Everton,0,2,A,0,1,21,11,6,3,9,2,1,0,0,0,M Oliver,2526,E0_2526.csv,2,-2,Away Win,20251230_NottinghamForest_Everton
,2025-12-30,West Ham United,Brighton,2,2,D,2,1,10,16,4,6,5,5,3,5,0,0,M Salisbury,2526,E0_2526.csv,4,0,Draw,20251230_WestHamUnited_Brighton
,2025-12-30,Arsenal,Aston Villa,4,1,H,0,0,22,11,7,3,3,3,2,3,0,0,D England,2526,E0_2526.csv,5,3,Home Win,20251230_Arsenal_AstonVilla
,2025-12-30,Manchester United,Wolverhampton Wanderers,1,1,D,1,1,15,11,6,4,8,4,0,2,0,0,T Bramall,2526,E0_2526.csv,2,0,Draw,20251230_ManchesterUnited_WolverhamptonWanderers
,2026-01-01,Sunderland,Manchester City,0,0,D,0,0,10,14,4,4,3,5,1,1,0,0,J Gillett,2526,E0_2526.csv,0,0,Draw,20260101_Sunderland_ManchesterCity
,2026-01-01,Brentford,Tottenham Hotspur,0,0,D,0,0,7,9,2,3,3,1,1,2,0,0,A Madley,2526,E0_2526.csv,0,0,Draw,20260101_Brentford_TottenhamHotspur
,2026-01-01,Liverpool,Leeds,0,0,D,0,0,19,4,4,2,8,3,0,2,0,0,C Kavanagh,2526,E0_2526.csv,0,0,Draw,20260101_Liverpool_Leeds
,2026-01-01,Crystal Palace,Fulham,1,1,D,1,0,11,17,2,5,6,3,0,5,0,0,T Harrington,2526,E0_2526.csv,2,0,Draw,20260101_CrystalPalace_Fulham
,2026-01-03,Aston Villa,Nottingham Forest,3,1,H,1,0,11,10,4,5,4,4,1,2,0,0,S Hooper,2526,E0_2526.csv,4,2,Home Win,20260103_AstonVilla_NottinghamForest
,2026-01-03,Brighton,Burnley,2,0,H,1,0,15,5,4,3,4,4,0,4,0,0,T Robinson,2526,E0_2526.csv,2,2,Home Win,20260103_Brighton_Burnley
,2026-01-03,Wolverhampton Wanderers,West Ham United,3,0,H,3,0,11,6,8,0,6,7,1,0,0,0,P Bankes,2526,E0_2526.csv,3,3,Home Win,20260103_WolverhamptonWanderers_WestHamUnited
,2026-01-03,Bournemouth,Arsenal,2,3,A,1,1,15,12,3,5,7,5,3,1,0,0,C Kavanagh,2526,E0_2526.csv,5,-1,Away Win,20260103_Bournemouth_Arsenal
,2026-01-04,Manchester City,Chelsea,1,1,D,1,0,14,8,3,3,8,2,3,3,0,0,M Oliver,2526,E0_2526.csv,2,0,Draw,20260104_ManchesterCity_Chelsea
,2026-01-04,Leeds,Manchester United,1,1,D,0,0,11,15,3,2,6,4,0,1,0,0,J Gillett,2526,E0_2526.csv,2,0,Draw,20260104_Leeds_ManchesterUnited
,2026-01-04,Everton,Brentford,2,4,A,0,1,14,11,6,7,4,5,0,2,0,0,A Taylor,2526,E0_2526.csv,6,-2,Away Win,20260104_Everton_Brentford
,2026-01-04,Newcastle United,Crystal Palace,2,0,H,0,0,12,11,7,1,8,6,1,3,0,0,J Brooks,2526,E0_2526.csv,2,2,Home Win,20260104_NewcastleUnited_CrystalPalace
,2026-01-04,Tottenham Hotspur,Sunderland,1,1,D,1,0,13,10,5,3,3,5,2,3,0,0,S Attwell,2526,E0_2526.csv,2,0,Draw,20260104_TottenhamHotspur_Sunderland
,2026-01-04,Fulham,Liverpool,2,2,D,1,0,8,10,2,2,3,8,1,1,0,0,C Pawson,2526,E0_2526.csv,4,0,Draw,20260104_Fulham_Liverpool
,2026-01-06,West Ham United,Nottingham Forest,1,2,A,1,0,14,13,3,5,6,5,3,0,0,0,T Harrington,2526,E0_2526.csv,3,-1,Away Win,20260106_WestHamUnited_NottinghamForest
,2026-01-07,Newcastle United,Leeds,4,3,H,1,2,18,14,8,6,8,4,3,2,0,0,M Salisbury,2526,E0_2526.csv,7,1,Home Win,20260107_NewcastleUnited_Leeds
,2026-01-07,Burnley,Manchester United,2,2,D,1,0,7,30,1,10,2,6,2,0,0,0,S Attwell,2526,E0_2526.csv,4,0,Draw,20260107_Burnley_ManchesterUnited
,2026-01-07,Manchester City,Brighton,1,1,D,1,0,22,6,6,3,6,2,1,6,0,0,T Bramall,2526,E0_2526.csv,2,0,Draw,20260107_ManchesterCity_Brighton
,2026-01-07,Fulham,Chelsea,2,1,H,0,0,16,14,5,6,2,11,3,3,0,1,P Bankes,2526,E0_2526.csv,3,1,Home Win,20260107_Fulham_Chelsea
,2026-01-07,Bournemouth,Tottenham Hotspur,3,2,H,2,1,11,16,3,4,3,7,3,3,0,0,D England,2526,E0_2526.csv,5,1,Home Win,20260107_Bournemouth_TottenhamHotspur
,2026-01-07,Crystal Palace,Aston Villa,0,0,D,0,0,11,15,5,3,3,5,2,0,0,0,A Madley,2526,E0_2526.csv,0,0,Draw,20260107_CrystalPalace_AstonVilla
,2026-01-07,Brentford,Sunderland,3,0,H,1,0,18,11,6,3,7,4,2,1,0,0,M Donohue,2526,E0_2526.csv,3,3,Home Win,20260107_Brentford_Sunderland
,2026-01-07,Everton,Wolverhampton Wanderers,1,1,D,1,0,13,13,2,4,2,7,1,3,2,0,T Kirk,2526,E0_2526.csv,2,0,Draw,20260107_Everton_WolverhamptonWanderers
,2026-01-08,Arsenal,Liverpool,0,0,D,0,0,9,8,4,0,3,0,2,2,0,0,A Taylor,2526,E0_2526.csv,0,0,Draw,20260108_Arsenal_Liverpool
,2026-01-17,Tottenham Hotspur,West Ham United,1,2,A,0,1,21,17,6,4,11,5,5,3,0,0,J Gillett,2526,E0_2526.csv,3,-1,Away Win,20260117_TottenhamHotspur_WestHamUnited
,2026-01-17,Leeds,Fulham,1,0,H,0,0,14,8,5,1,7,3,1,5,0,0,C Kavanagh,2526,E0_2526.csv,1,1,Home Win,20260117_Leeds_Fulham
,2026-01-17,Nottingham Forest,Arsenal,0,0,D,0,0,6,15,0,3,4,9,1,1,0,0,M Oliver,2526,E0_2526.csv,0,0,Draw,20260117_NottinghamForest_Arsenal
,2026-01-17,Sunderland,Crystal Palace,2,1,H,1,1,13,6,7,2,3,4,3,3,0,0,R Jones,2526,E0_2526.csv,3,1,Home Win,20260117_Sunderland_CrystalPalace
,2026-01-17,Manchester United,Manchester City,2,0,H,0,0,11,7,7,1,1,6,2,3,0,0,A Taylor,2526,E0_2526.csv,2,2,Home Win,20260117_ManchesterUnited_ManchesterCity
,2026-01-17,Chelsea,Brentford,2,0,H,1,0,6,15,2,5,3,9,3,2,0,0,J Brooks,2526,E0_2526.csv,2,2,Home Win,20260117_Chelsea_Brentford
,2026-01-17,Liverpool,Burnley,1,1,D,1,0,32,7,11,1,9,1,1,2,0,0,A Madley,2526,E0_2526.csv,2,0,Draw,20260117_Liverpool_Burnley
,2026-01-18,Wolverhampton Wanderers,Newcastle United,0,0,D,0,0,6,12,2,2,4,7,2,2,0,0,S Barrott,2526,E0_2526.csv,0,0,Draw,20260118_WolverhamptonWanderers_NewcastleUnited
,2026-01-18,Aston Villa,Everton,0,1,A,0,0,18,9,5,3,6,4,1,2,0,0,T Harrington,2526,E0_2526.csv,1,-1,Away Win,20260118_AstonVilla_Everton
,2026-01-19,Brighton,Bournemouth,1,1,D,0,1,17,11,5,2,11,6,2,3,0,0,P Tierney,2526,E0_2526.csv,2,0,Draw,20260119_Brighton_Bournemouth
,2026-01-24,Bournemouth,Liverpool,3,2,H,2,1,12,14,5,4,3,11,1,1,0,0,M Salisbury,2526,E0_2526.csv,5,1,Home Win,20260124_Bournemouth_Liverpool
,2026-01-24,Fulham,Brighton,2,1,H,0,1,12,13,4,5,6,6,1,1,0,0,M Oliver,2526,E0_2526.csv,3,1,Home Win,20260124_Fulham_Brighton
,2026-01-24,Manchester City,Wolverhampton Wanderers,2,0,H,2,0,11,11,4,1,4,6,1,3,0,0,F Hallam,2526,E0_2526.csv,2,2,Home Win,20260124_ManchesterCity_WolverhamptonWanderers
,2026-01-24,West Ham United,Sunderland,3,1,H,3,0,13,7,5,2,3,3,2,4,0,0,T Bramall,2526,E0_2526.csv,4,2,Home Win,20260124_WestHamUnited_Sunderland
,2026-01-24,Burnley,Tottenham Hotspur,2,2,D,1,1,9,18,4,11,1,3,1,0,0,0,P Bankes,2526,E0_2526.csv,4,0,Draw,20260124_Burnley_TottenhamHotspur
,2026-01-25,Brentford,Nottingham Forest,0,2,A,0,1,10,7,1,2,6,5,1,0,0,0,S Barrott,2526,E0_2526.csv,2,-2,Away Win,20260125_Brentford_NottinghamForest
,2026-01-25,Crystal Palace,Chelsea,1,3,A,0,1,13,10,7,6,4,5,2,2,1,0,D England,2526,E0_2526.csv,4,-2,Away Win,20260125_CrystalPalace_Chelsea
,2026-01-25,Newcastle United,Aston Villa,0,2,A,0,1,15,14,4,8,6,5,1,2,0,0,J Gillett,2526,E0_2526.csv,2,-2,Away Win,20260125_NewcastleUnited_AstonVilla
,2026-01-25,Arsenal,Manchester United,2,3,A,1,1,15,10,4,3,9,2,2,0,0,0,C Pawson,2526,E0_2526.csv,5,-1,Away Win,20260125_Arsenal_ManchesterUnited
,2026-01-26,Everton,Leeds,1,1,D,0,1,10,14,3,4,4,4,0,3,0,0,S Hooper,2526,E0_2526.csv,2,0,Draw,20260126_Everton_Leeds
,2026-01-31,Chelsea,West Ham United,3,2,H,0,2,14,11,6,6,9,3,3,2,0,1,A Taylor,2526,E0_2526.csv,5,1,Home Win,20260131_Chelsea_WestHamUnited
,2026-01-31,Wolverhampton Wanderers,Bournemouth,0,2,A,0,1,17,9,7,4,5,6,3,3,0,0,M Oliver,2526,E0_2526.csv,2,-2,Away Win,20260131_WolverhamptonWanderers_Bournemouth
,2026-01-31,Liverpool,Newcastle United,4,1,H,2,1,17,8,7,2,7,11,1,3,0,0,S Hooper,2526,E0_2526.csv,5,3,Home Win,20260131_Liverpool_NewcastleUnited
,2026-01-31,Brighton,Everton,1,1,D,0,0,11,7,2,4,5,2,1,2,0,0,C Kavanagh,2526,E0_2526.csv,2,0,Draw,20260131_Brighton_Everton
,2026-01-31,Leeds,Arsenal,0,4,A,0,2,3,14,1,8,4,12,1,1,0,0,S Attwell,2526,E0_2526.csv,4,-4,Away Win,20260131_Leeds_Arsenal
,2026-02-01,Tottenham Hotspur,Manchester City,2,2,D,0,2,12,15,6,3,3,4,3,3,0,0,R Jones,2526,E0_2526.csv,4,0,Draw,20260201_TottenhamHotspur_ManchesterCity
,2026-02-01,Nottingham Forest,Crystal Palace,1,1,D,1,1,9,14,1,3,5,7,1,3,0,0,M Salisbury,2526,E0_2526.csv,2,0,Draw,20260201_NottinghamForest_CrystalPalace
,2026-02-01,Aston Villa,Brentford,0,1,A,0,1,27,6,5,2,12,1,0,3,0,0,T Robinson,2526,E0_2526.csv,1,-1,Away Win,20260201_AstonVilla_Brentford
,2026-02-01,Manchester United,Fulham,3,2,H,1,0,13,14,6,6,3,7,2,1,0,0,J Brooks,2526,E0_2526.csv,5,1,Home Win,20260201_ManchesterUnited_Fulham
,2026-02-02,Sunderland,Burnley,3,0,H,2,0,14,5,5,0,1,2,1,4,0,0,P Tierney,2526,E0_2526.csv,3,3,Home Win,20260202_Sunderland_Burnley
,2026-02-06,Leeds,Nottingham Forest,3,1,H,2,0,14,16,5,6,5,10,1,1,0,0,P Bankes,2526,E0_2526.csv,4,2,Home Win,20260206_Leeds_NottinghamForest
,2026-02-07,Wolverhampton Wanderers,Chelsea,1,3,A,0,3,11,15,3,6,3,4,1,1,0,0,J Gillett,2526,E0_2526.csv,4,-2,Away Win,20260207_WolverhamptonWanderers_Chelsea
,2026-02-07,Manchester United,Tottenham Hotspur,2,0,H,1,0,23,7,10,1,7,0,1,2,0,1,M Oliver,2526,E0_2526.csv,2,2,Home Win,20260207_ManchesterUnited_TottenhamHotspur
,2026-02-07,Arsenal,Sunderland,3,0,H,1,0,16,5,5,3,5,2,1,2,0,0,S Barrott,2526,E0_2526.csv,3,3,Home Win,20260207_Arsenal_Sunderland
,2026-02-07,Bournemouth,Aston Villa,1,1,D,0,1,20,7,9,4,11,4,1,1,0,0,A Taylor,2526,E0_2526.csv,2,0,Draw,20260207_Bournemouth_AstonVilla
,2026-02-07,Burnley,West Ham United,0,2,A,0,2,18,6,5,4,5,2,3,1,0,0,D England,2526,E0_2526.csv,2,-2,Away Win,20260207_Burnley_WestHamUnited
,2026-02-07,Fulham,Everton,1,2,A,1,0,13,16,3,3,6,6,1,5,0,0,S Attwell,2526,E0_2526.csv,3,-1,Away Win,20260207_Fulham_Everton
,2026-02-07,Newcastle United,Brentford,2,3,A,1,2,16,11,4,5,9,3,2,2,0,0,A Madley,2526,E0_2526.csv,5,-1,Away Win,20260207_NewcastleUnited_Brentford
,2026-02-08,Liverpool,Manchester City,1,2,A,0,0,15,17,4,7,5,4,2,4,1,0,C Pawson,2526,E0_2526.csv,3,-1,Away Win,20260208_Liverpool_ManchesterCity
,2026-02-08,Brighton,Crystal Palace,0,1,A,0,0,7,7,2,4,3,4,1,3,0,0,T Bramall,2526,E0_2526.csv,1,-1,Away Win,20260208_Brighton_CrystalPalace
,2026-02-10,Chelsea,Leeds,2,2,D,1,0,19,4,4,2,4,1,4,4,0,0,R Jones,2526,E0_2526.csv,4,0,Draw,20260210_Chelsea_Leeds
,2026-02-10,Everton,Bournemouth,1,2,A,1,0,16,11,6,4,7,2,1,3,1,0,A Madley,2526,E0_2526.csv,3,-1,Away Win,20260210_Everton_Bournemouth
,2026-02-10,Tottenham Hotspur,Newcastle United,1,2,A,0,1,16,21,2,5,2,12,3,2,0,0,A Taylor,2526,E0_2526.csv,3,-1,Away Win,20260210_TottenhamHotspur_NewcastleUnited
,2026-02-10,West Ham United,Manchester United,1,1,D,0,0,7,9,3,3,5,3,1,1,0,0,S Hooper,2526,E0_2526.csv,2,0,Draw,20260210_WestHamUnited_ManchesterUnited
,2026-02-11,Manchester City,Fulham,3,0,H,3,0,13,14,5,3,4,4,3,1,0,0,P Tierney,2526,E0_2526.csv,3,3,Home Win,20260211_ManchesterCity_Fulham
,2026-02-11,Nottingham Forest,Wolverhampton Wanderers,0,0,D,0,0,35,7,10,3,8,2,0,2,0,0,T Robinson,2526,E0_2526.csv,0,0,Draw,20260211_NottinghamForest_WolverhamptonWanderers
,2026-02-11,Aston Villa,Brighton,1,0,H,0,0,15,9,1,3,7,5,2,3,0,0,P Bankes,2526,E0_2526.csv,1,1,Home Win,20260211_AstonVilla_Brighton
,2026-02-11,Crystal Palace,Burnley,2,3,A,2,3,21,8,3,3,8,2,2,1,0,0,F Hallam,2526,E0_2526.csv,5,-1,Away Win,20260211_CrystalPalace_Burnley
,2026-02-11,Sunderland,Liverpool,0,1,A,0,0,11,23,2,3,3,11,1,0,0,0,C Kavanagh,2526,E0_2526.csv,1,-1,Away Win,20260211_Sunderland_Liverpool
,2026-02-12,Brentford,Arsenal,1,1,D,0,0,12,7,3,2,6,4,3,2,0,0,J Brooks,2526,E0_2526.csv,2,0,Draw,20260212_Brentford_Arsenal
,2026-02-18,Wolverhampton Wanderers,Arsenal,2,2,D,0,1,5,10,2,4,1,3,2,1,0,0,P Tierney,2526,E0_2526.csv,4,0,Draw,20260218_WolverhamptonWanderers_Arsenal
,2026-02-21,Aston Villa,Leeds,1,1,D,0,1,16,14,4,4,7,2,1,4,0,0,M Oliver,2526,E0_2526.csv,2,0,Draw,20260221_AstonVilla_Leeds
,2026-02-21,Brentford,Brighton,0,2,A,0,2,13,11,3,7,6,4,1,2,0,0,J Gillett,2526,E0_2526.csv,2,-2,Away Win,20260221_Brentford_Brighton
,2026-02-21,Chelsea,Burnley,1,1,D,1,0,12,12,2,4,9,5,2,2,1,0,L Smith,2526,E0_2526.csv,2,0,Draw,20260221_Chelsea_Burnley
,2026-02-21,West Ham United,Bournemouth,0,0,D,0,0,20,10,3,5,9,5,1,1,0,0,S Barrott,2526,E0_2526.csv,0,0,Draw,20260221_WestHamUnited_Bournemouth
,2026-02-21,Manchester City,Newcastle United,2,1,H,2,1,15,13,7,7,5,5,2,5,0,0,T Bramall,2526,E0_2526.csv,3,1,Home Win,20260221_ManchesterCity_NewcastleUnited
,2026-02-22,Tottenham Hotspur,Arsenal,1,4,A,1,1,6,20,5,7,2,5,2,1,0,0,P Bankes,2526,E0_2526.csv,5,-3,Away Win,20260222_TottenhamHotspur_Arsenal
,2026-02-22,Sunderland,Fulham,1,3,A,0,0,12,12,2,4,6,4,1,1,0,0,C Pawson,2526,E0_2526.csv,4,-2,Away Win,20260222_Sunderland_Fulham
,2026-02-22,Crystal Palace,Wolverhampton Wanderers,1,0,H,0,0,14,12,3,7,7,3,5,1,0,1,T Kirk,2526,E0_2526.csv,1,1,Home Win,20260222_CrystalPalace_WolverhamptonWanderers
,2026-02-22,Nottingham Forest,Liverpool,0,1,A,0,0,18,10,2,4,7,2,2,0,0,0,A Taylor,2526,E0_2526.csv,1,-1,Away Win,20260222_NottinghamForest_Liverpool
,2026-02-23,Everton,Manchester United,0,1,A,0,0,12,11,4,3,10,1,2,3,0,0,D England,2526,E0_2526.csv,1,-1,Away Win,20260223_Everton_ManchesterUnited
,2026-02-27,Wolverhampton Wanderers,Aston Villa,2,0,H,0,0,9,14,2,5,0,5,3,3,0,0,C Pawson,2526,E0_2526.csv,2,2,Home Win,20260227_WolverhamptonWanderers_AstonVilla
,2026-02-28,Leeds,Manchester City,0,1,A,0,1,14,14,2,5,5,3,0,3,0,0,P Bankes,2526,E0_2526.csv,1,-1,Away Win,20260228_Leeds_ManchesterCity
,2026-02-28,Bournemouth,Sunderland,1,1,D,0,1,21,8,5,4,7,3,4,2,0,0,J Gillett,2526,E0_2526.csv,2,0,Draw,20260228_Bournemouth_Sunderland
,2026-02-28,Burnley,Brentford,3,4,A,1,3,12,16,3,7,4,8,2,2,0,0,S Barrott,2526,E0_2526.csv,7,-1,Away Win,20260228_Burnley_Brentford
,2026-02-28,Liverpool,West Ham United,5,2,H,3,0,18,11,7,4,10,5,2,2,0,0,T Robinson,2526,E0_2526.csv,7,3,Home Win,20260228_Liverpool_WestHamUnited
,2026-02-28,Newcastle United,Everton,2,3,A,1,2,17,9,7,5,7,2,2,3,0,0,S Attwell,2526,E0_2526.csv,5,-1,Away Win,20260228_NewcastleUnited_Everton
,2026-03-01,Fulham,Tottenham Hotspur,2,1,H,2,0,18,13,4,1,5,8,3,3,0,0,T Bramall,2526,E0_2526.csv,3,1,Home Win,20260301_Fulham_TottenhamHotspur
,2026-03-01,Manchester United,Crystal Palace,2,1,H,0,1,20,8,11,3,7,1,2,2,0,1,C Kavanagh,2526,E0_2526.csv,3,1,Home Win,20260301_ManchesterUnited_CrystalPalace
,2026-03-01,Brighton,Nottingham Forest,2,1,H,2,1,14,13,7,4,4,4,3,1,0,0,A Madley,2526,E0_2526.csv,3,1,Home Win,20260301_Brighton_NottinghamForest
,2026-03-01,Arsenal,Chelsea,2,1,H,1,1,12,9,5,3,5,10,1,3,0,1,D England,2526,E0_2526.csv,3,1,Home Win,20260301_Arsenal_Chelsea
,2026-03-03,Wolverhampton Wanderers,Liverpool,2,1,H,0,0,4,19,3,7,2,11,2,1,0,0,T Bramall,2526,E0_2526.csv,3,1,Home Win,20260303_WolverhamptonWanderers_Liverpool
,2026-03-03,Leeds,Sunderland,0,1,A,0,0,18,3,4,1,9,2,1,3,0,0,S Attwell,2526,E0_2526.csv,1,-1,Away Win,20260303_Leeds_Sunderland
,2026-03-03,Bournemouth,Brentford,0,0,D,0,0,13,5,2,2,4,3,2,1,0,0,C Pawson,2526,E0_2526.csv,0,0,Draw,20260303_Bournemouth_Brentford
,2026-03-03,Everton,Burnley,2,0,H,1,0,14,5,5,2,6,3,0,1,0,0,T Robinson,2526,E0_2526.csv,2,2,Home Win,20260303_Everton_Burnley
,2026-03-04,Aston Villa,Chelsea,1,4,A,1,2,9,15,4,8,3,8,3,2,0,0,J Gillett,2526,E0_2526.csv,5,-3,Away Win,20260304_AstonVilla_Chelsea
,2026-03-04,Brighton,Arsenal,0,1,A,0,1,11,7,3,2,4,3,4,1,0,0,C Kavanagh,2526,E0_2526.csv,1,-1,Away Win,20260304_Brighton_Arsenal
,2026-03-04,Fulham,West Ham United,0,1,A,0,0,13,9,5,3,7,5,2,4,0,0,M Donohue,2526,E0_2526.csv,1,-1,Away Win,20260304_Fulham_WestHamUnited
,2026-03-04,Manchester City,Nottingham Forest,2,2,D,1,0,21,9,7,4,6,1,0,4,0,0,D England,2526,E0_2526.csv,4,0,Draw,20260304_ManchesterCity_NottinghamForest
,2026-03-04,Newcastle United,Manchester United,2,1,H,1,1,12,14,5,5,2,4,2,3,1,0,P Bankes,2526,E0_2526.csv,3,1,Home Win,20260304_NewcastleUnited_ManchesterUnited
,2026-03-05,Tottenham Hotspur,Crystal Palace,1,3,A,1,3,12,9,4,4,6,3,3,2,0,0,A Madley,2526,E0_2526.csv,4,-2,Away Win,20260305_TottenhamHotspur_CrystalPalace
,2026-03-14,West Ham United,Manchester City,1,1,D,1,1,1,24,1,6,1,15,2,2,0,0,M Oliver,2526,E0_2526.csv,2,0,Draw,20260314_WestHamUnited_ManchesterCity
,2026-03-14,Chelsea,Newcastle United,0,1,A,0,1,22,7,3,5,8,1,2,2,0,0,P Tierney,2526,E0_2526.csv,1,-1,Away Win,20260314_Chelsea_NewcastleUnited
,2026-03-14,Arsenal,Everton,2,0,H,0,0,25,9,7,3,8,3,0,0,0,0,A Madley,2526,E0_2526.csv,2,2,Home Win,20260314_Arsenal_Everton
,2026-03-14,Sunderland,Brighton,0,1,A,0,0,14,12,4,4,7,3,1,2,0,0,T Kirk,2526,E0_2526.csv,1,-1,Away Win,20260314_Sunderland_Brighton
,2026-03-14,Burnley,Bournemouth,0,0,D,0,0,15,22,2,3,5,8,1,0,0,0,P Bankes,2526,E0_2526.csv,0,0,Draw,20260314_Burnley_Bournemouth
,2026-03-15,Crystal Palace,Leeds,0,0,D,0,0,12,10,0,3,8,3,2,1,0,1,T Bramall,2526,E0_2526.csv,0,0,Draw,20260315_CrystalPalace_Leeds
,2026-03-15,Manchester United,Aston Villa,3,1,H,0,0,16,9,6,2,6,6,3,2,0,0,A Taylor,2526,E0_2526.csv,4,2,Home Win,20260315_ManchesterUnited_AstonVilla
,2026-03-15,Nottingham Forest,Fulham,0,0,D,0,0,11,5,2,0,5,4,2,3,0,0,S Barrott,2526,E0_2526.csv,0,0,Draw,20260315_NottinghamForest_Fulham
,2026-03-15,Liverpool,Tottenham Hotspur,1,1,D,1,0,17,13,4,7,3,4,0,0,0,0,C Kavanagh,2526,E0_2526.csv,2,0,Draw,20260315_Liverpool_TottenhamHotspur
,2026-03-16,Brentford,Wolverhampton Wanderers,2,2,D,2,1,10,13,3,4,1,5,2,4,0,0,S Attwell,2526,E0_2526.csv,4,0,Draw,20260316_Brentford_WolverhamptonWanderers
,2026-03-20,Bournemouth,Manchester United,2,2,D,0,0,16,14,5,5,6,8,2,2,0,1,S Attwell,2526,E0_2526.csv,4,0,Draw,20260320_Bournemouth_ManchesterUnited
,2026-03-21,Everton,Chelsea,3,0,H,1,0,10,12,9,4,3,9,0,2,0,0,S Barrott,2526,E0_2526.csv,3,3,Home Win,20260321_Everton_Chelsea
,2026-03-21,Leeds,Brentford,0,0,D,0,0,14,6,4,2,6,2,2,0,0,0,J Gillett,2526,E0_2526.csv,0,0,Draw,20260321_Leeds_Brentford
,2026-03-21,Brighton,Liverpool,2,1,H,1,1,16,12,7,5,4,8,5,5,0,0,D England,2526,E0_2526.csv,3,1,Home Win,20260321_Brighton_Liverpool
,2026-03-21,Fulham,Burnley,3,1,H,0,0,22,9,6,5,6,6,2,2,0,1,C Kavanagh,2526,E0_2526.csv,4,2,Home Win,20260321_Fulham_Burnley
,2026-03-22,Newcastle United,Sunderland,1,2,A,1,0,16,17,4,7,9,5,1,6,0,0,A Taylor,2526,E0_2526.csv,3,-1,Away Win,20260322_NewcastleUnited_Sunderland
,2026-03-22,Aston Villa,West Ham United,2,0,H,1,0,23,9,7,1,6,6,0,1,0,0,P Tierney,2526,E0_2526.csv,2,2,Home Win,20260322_AstonVilla_WestHamUnited
,2026-03-22,Tottenham Hotspur,Nottingham Forest,0,3,A,0,1,14,8,3,7,13,3,1,2,0,0,M Oliver,2526,E0_2526.csv,3,-3,Away Win,20260322_TottenhamHotspur_NottinghamForest
,2026-04-10,West Ham United,Wolverhampton Wanderers,4,0,H,1,0,18,14,7,3,5,2,2,2,0,0,J Gillett,2526,E0_2526.csv,4,4,Home Win,20260410_WestHamUnited_WolverhamptonWanderers
,2026-04-11,Arsenal,Bournemouth,1,2,A,1,1,15,8,3,3,10,1,1,3,0,0,M Oliver,2526,E0_2526.csv,3,-1,Away Win,20260411_Arsenal_Bournemouth
,2026-04-11,Brentford,Everton,2,2,D,1,1,17,14,4,7,2,3,0,2,0,0,F Hallam,2526,E0_2526.csv,4,0,Draw,20260411_Brentford_Everton
,2026-04-11,Burnley,Brighton,0,2,A,0,1,10,13,5,6,8,2,2,1,0,0,T Bramall,2526,E0_2526.csv,2,-2,Away Win,20260411_Burnley_Brighton
,2026-04-11,Liverpool,Fulham,2,0,H,2,0,18,19,5,4,6,9,0,0,0,0,A Taylor,2526,E0_2526.csv,2,2,Home Win,20260411_Liverpool_Fulham
,2026-04-12,Chelsea,Manchester City,0,3,A,0,0,12,18,3,8,4,12,3,1,0,0,C Kavanagh,2526,E0_2526.csv,3,-3,Away Win,20260412_Chelsea_ManchesterCity
,2026-04-12,Sunderland,Tottenham Hotspur,1,0,H,0,0,13,11,2,7,2,6,3,3,0,0,R Jones,2526,E0_2526.csv,1,1,Home Win,20260412_Sunderland_TottenhamHotspur
,2026-04-12,Nottingham Forest,Aston Villa,1,1,D,1,1,15,12,4,5,7,3,2,2,0,0,M Salisbury,2526,E0_2526.csv,2,0,Draw,20260412_NottinghamForest_AstonVilla
,2026-04-12,Crystal Palace,Newcastle United,2,1,H,0,1,11,7,5,3,2,4,0,3,0,0,A Madley,2526,E0_2526.csv,3,1,Home Win,20260412_CrystalPalace_NewcastleUnited
,2026-04-13,Manchester United,Leeds,1,2,A,0,2,20,15,9,6,11,4,3,2,1,0,P Tierney,2526,E0_2526.csv,3,-1,Away Win,20260413_ManchesterUnited_Leeds
,2026-04-18,Brentford,Fulham,0,0,D,0,0,13,11,4,0,9,3,0,1,0,0,P Tierney,2526,E0_2526.csv,0,0,Draw,20260418_Brentford_Fulham
,2026-04-18,Leeds,Wolverhampton Wanderers,3,0,H,2,0,17,7,6,2,5,6,2,1,0,0,F Hallam,2526,E0_2526.csv,3,3,Home Win,20260418_Leeds_WolverhamptonWanderers
,2026-04-18,Newcastle United,Bournemouth,1,2,A,0,1,12,12,3,3,2,3,2,4,0,0,T Bramall,2526,E0_2526.csv,3,-1,Away Win,20260418_NewcastleUnited_Bournemouth
,2026-04-18,Tottenham Hotspur,Brighton,2,2,D,1,1,13,10,6,3,7,5,3,1,0,0,S Attwell,2526,E0_2526.csv,4,0,Draw,20260418_TottenhamHotspur_Brighton
,2026-04-18,Chelsea,Manchester United,0,1,A,0,1,21,4,3,1,7,1,1,3,0,0,M Oliver,2526,E0_2526.csv,1,-1,Away Win,20260418_Chelsea_ManchesterUnited
,2026-04-19,Nottingham Forest,Burnley,4,1,H,0,1,10,4,4,3,4,4,0,2,0,0,T Kirk,2526,E0_2526.csv,5,3,Home Win,20260419_NottinghamForest_Burnley
,2026-04-19,Aston Villa,Sunderland,4,3,H,2,1,15,10,7,7,4,5,1,3,0,0,S Barrott,2526,E0_2526.csv,7,1,Home Win,20260419_AstonVilla_Sunderland
,2026-04-19,Everton,Liverpool,1,2,A,0,1,10,14,4,6,1,6,2,0,0,0,C Kavanagh,2526,E0_2526.csv,3,-1,Away Win,20260419_Everton_Liverpool
,2026-04-19,Manchester City,Arsenal,2,1,H,1,1,15,9,5,3,8,5,2,2,0,0,A Taylor,2526,E0_2526.csv,3,1,Home Win,20260419_ManchesterCity_Arsenal
,2026-04-20,Crystal Palace,West Ham United,0,0,D,0,0,9,9,1,4,4,6,2,1,0,0,D England,2526,E0_2526.csv,0,0,Draw,20260420_CrystalPalace_WestHamUnited
,2026-04-21,Brighton,Chelsea,3,0,H,1,0,15,6,9,0,6,5,1,1,0,0,C Pawson,2526,E0_2526.csv,3,3,Home Win,20260421_Brighton_Chelsea
,2026-04-22,Bournemouth,Leeds,2,2,D,0,0,17,10,7,3,12,1,3,0,0,0,M Salisbury,2526,E0_2526.csv,4,0,Draw,20260422_Bournemouth_Leeds
,2026-04-22,Burnley,Manchester City,0,1,A,0,1,9,28,1,9,3,11,0,0,0,0,A Madley,2526,E0_2526.csv,1,-1,Away Win,20260422_Burnley_ManchesterCity
,2026-04-24,Sunderland,Nottingham Forest,0,5,A,0,4,14,10,4,6,3,6,2,5,0,0,D England,2526,E0_2526.csv,5,-5,Away Win,20260424_Sunderland_NottinghamForest
,2026-04-25,Fulham,Aston Villa,1,0,H,1,0,13,10,6,1,2,5,2,2,0,0,M Oliver,2526,E0_2526.csv,1,1,Home Win,20260425_Fulham_AstonVilla
,2026-04-25,Liverpool,Crystal Palace,3,1,H,2,0,9,14,3,7,5,8,1,3,0,0,A Madley,2526,E0_2526.csv,4,2,Home Win,20260425_Liverpool_CrystalPalace
,2026-04-25,West Ham United,Everton,2,1,H,0,0,10,11,3,3,3,4,3,4,0,0,S Attwell,2526,E0_2526.csv,3,1,Home Win,20260425_WestHamUnited_Everton
,2026-04-25,Wolverhampton Wanderers,Tottenham Hotspur,0,1,A,0,0,11,11,2,2,5,5,3,4,0,0,A Taylor,2526,E0_2526.csv,1,-1,Away Win,20260425_WolverhamptonWanderers_TottenhamHotspur
,2026-04-25,Arsenal,Newcastle United,1,0,H,1,0,11,13,4,3,7,2,2,2,0,0,S Barrott,2526,E0_2526.csv,1,1,Home Win,20260425_Arsenal_NewcastleUnited
,2026-04-27,Manchester United,Brentford,2,1,H,2,0,11,12,6,4,7,8,2,4,0,0,C Kavanagh,2526,E0_2526.csv,3,1,Home Win,20260427_ManchesterUnited_Brentford
,2026-05-01,Leeds,Burnley,3,1,H,1,0,18,9,8,3,5,0,4,3,0,0,T Bramall,2526,E0_2526.csv,4,2,Home Win,20260501_Leeds_Burnley
,2026-05-02,Brentford,West Ham United,3,0,H,1,0,14,13,6,4,2,6,1,3,0,0,C Pawson,2526,E0_2526.csv,3,3,Home Win,20260502_Brentford_WestHamUnited
,2026-05-02,Newcastle United,Brighton,3,1,H,2,0,13,13,6,4,2,10,3,3,0,0,C Kavanagh,2526,E0_2526.csv,4,2,Home Win,20260502_NewcastleUnited_Brighton
,2026-05-02,Wolverhampton Wanderers,Sunderland,1,1,D,0,1,20,10,7,2,6,3,0,4,0,1,P Tierney,2526,E0_2526.csv,2,0,Draw,20260502_WolverhamptonWanderers_Sunderland
,2026-05-02,Arsenal,Fulham,3,0,H,3,0,18,10,9,1,3,4,0,1,0,0,J Gillett,2526,E0_2526.csv,3,3,Home Win,20260502_Arsenal_Fulham
,2026-05-03,Bournemouth,Crystal Palace,3,0,H,2,0,16,7,5,1,7,1,0,2,0,0,R Jones,2526,E0_2526.csv,3,3,Home Win,20260503_Bournemouth_CrystalPalace
,2026-05-03,Manchester United,Liverpool,3,2,H,2,0,18,13,6,5,3,2,2,2,0,0,D England,2526,E0_2526.csv,5,1,Home Win,20260503_ManchesterUnited_Liverpool
,2026-05-03,Aston Villa,Tottenham Hotspur,1,2,A,0,2,5,10,1,5,5,5,2,5,0,0,S Barrott,2526,E0_2526.csv,3,-1,Away Win,20260503_AstonVilla_TottenhamHotspur
,2026-05-04,Chelsea,Nottingham Forest,1,3,A,0,2,21,6,5,4,10,1,3,1,0,0,A Taylor,2526,E0_2526.csv,4,-2,Away Win,20260504_Chelsea_NottinghamForest
,2026-05-04,Everton,Manchester City,3,3,D,0,1,14,21,6,4,5,9,4,1,0,0,M Oliver,2526,E0_2526.csv,6,0,Draw,20260504_Everton_ManchesterCity
,2026-05-09,Manchester City,Brentford,3,0,H,0,0,25,4,10,2,10,2,4,2,0,0,M Salisbury,2526,E0_2526.csv,3,3,Home Win,20260509_ManchesterCity_Brentford
,2026-05-09,Sunderland,Manchester United,0,0,D,0,0,15,11,4,1,7,8,0,3,0,0,S Attwell,2526,E0_2526.csv,0,0,Draw,20260509_Sunderland_ManchesterUnited
,2026-05-09,Liverpool,Chelsea,1,1,D,1,1,8,6,3,3,5,2,2,4,0,0,C Pawson,2526,E0_2526.csv,2,0,Draw,20260509_Liverpool_Chelsea
,2026-05-09,Brighton,Wolverhampton Wanderers,3,0,H,2,0,14,5,6,1,7,1,1,2,0,0,J Brooks,2526,E0_2526.csv,3,3,Home Win,20260509_Brighton_WolverhamptonWanderers
,2026-05-09,Fulham,Bournemouth,0,1,A,0,0,14,10,2,5,11,2,4,2,1,1,A Madley,2526,E0_2526.csv,1,-1,Away Win,20260509_Fulham_Bournemouth
,2026-05-10,Burnley,Aston Villa,2,2,D,1,1,15,18,6,7,2,8,1,1,0,0,A Taylor,2526,E0_2526.csv,4,0,Draw,20260510_Burnley_AstonVilla
,2026-05-10,Crystal Palace,Everton,2,2,D,1,1,21,13,8,6,5,10,0,2,0,0,T Bramall,2526,E0_2526.csv,4,0,Draw,20260510_CrystalPalace_Everton
,2026-05-10,Nottingham Forest,Newcastle United,1,1,D,0,0,17,16,6,6,2,1,2,0,0,0,P Tierney,2526,E0_2526.csv,2,0,Draw,20260510_NottinghamForest_NewcastleUnited
,2026-05-10,West Ham United,Arsenal,0,1,A,0,0,9,15,3,4,4,3,3,4,0,0,C Kavanagh,2526,E0_2526.csv,1,-1,Away Win,20260510_WestHamUnited_Arsenal
,2026-05-11,Tottenham Hotspur,Leeds,1,1,D,0,0,16,11,3,4,14,2,3,1,0,0,J Gillett,2526,E0_2526.csv,2,0,Draw,20260511_TottenhamHotspur_Leeds
,2026-05-13,Manchester City,Crystal Palace,3,0,H,2,0,15,6,4,2,9,4,0,2,0,0,S Attwell,2526,E0_2526.csv,3,3,Home Win,20260513_ManchesterCity_CrystalPalace
,2026-05-15,Aston Villa,Liverpool,4,2,H,1,0,14,16,9,5,4,9,3,1,0,0,C Kavanagh,2526,E0_2526.csv,6,2,Home Win,20260515_AstonVilla_Liverpool
,2026-05-17,Newcastle United,West Ham United,3,1,H,2,0,15,15,7,8,9,1,1,3,0,0,J Gillett,2526,E0_2526.csv,4,2,Home Win,20260517_NewcastleUnited_WestHamUnited
,2026-05-17,Wolverhampton Wanderers,Fulham,1,1,D,1,1,11,13,3,5,3,6,1,0,0,0,T Kirk,2526,E0_2526.csv,2,0,Draw,20260517_WolverhamptonWanderers_Fulham
,2026-05-17,Leeds,Brighton,1,0,H,0,0,7,19,1,8,7,8,1,0,0,0,M Oliver,2526,E0_2526.csv,1,1,Home Win,20260517_Leeds_Brighton
,2026-05-17,Manchester United,Nottingham Forest,3,2,H,1,0,29,11,8,4,7,6,2,1,0,0,M Salisbury,2526,E0_2526.csv,5,1,Home Win,20260517_ManchesterUnited_NottinghamForest
,2026-05-17,Brentford,Crystal Palace,2,2,D,1,1,14,16,3,5,9,4,1,3,0,0,S Barrott,2526,E0_2526.csv,4,0,Draw,20260517_Brentford_CrystalPalace
,2026-05-17,Everton,Sunderland,1,3,A,1,0,10,7,4,3,3,2,3,0,0,0,J Brooks,2526,E0_2526.csv,4,-2,Away Win,20260517_Everton_Sunderland
,2026-05-18,Arsenal,Burnley,1,0,H,1,0,13,5,3,0,3,3,1,3,0,0,P Tierney,2526,E0_2526.csv,1,1,Home Win,20260518_Arsenal_Burnley
,2026-05-19,Chelsea,Tottenham Hotspur,2,1,H,1,0,9,9,4,3,3,4,4,3,0,0,S Attwell,2526,E0_2526.csv,3,1,Home Win,20260519_Chelsea_TottenhamHotspur
,2026-05-19,Bournemouth,Manchester City,1,1,D,1,0,10,14,2,5,7,6,4,2,0,0,A Taylor,2526,E0_2526.csv,2,0,Draw,20260519_Bournemouth_ManchesterCity
,2026-05-24,Nottingham Forest,Bournemouth,1,1,D,1,0,15,17,5,4,6,3,1,1,0,0,C Pawson,2526,E0_2526.csv,2,0,Draw,20260524_NottinghamForest_Bournemouth
,2026-05-24,Manchester City,Aston Villa,1,2,A,1,0,16,12,3,5,9,4,1,0,0,0,A Madley,2526,E0_2526.csv,3,-1,Away Win,20260524_ManchesterCity_AstonVilla
,2026-05-24,Sunderland,Chelsea,2,1,H,1,0,20,10,2,1,7,7,3,2,0,0,C Kavanagh,2526,E0_2526.csv,3,1,Home Win,20260524_Sunderland_Chelsea
,2026-05-24,Liverpool,Brentford,1,1,D,0,0,24,11,8,2,14,2,2,3,0,0,D England,2526,E0_2526.csv,2,0,Draw,20260524_Liverpool_Brentford
,2026-05-24,Tottenham Hotspur,Everton,1,0,H,1,0,21,8,6,3,6,2,5,3,0,1,M Oliver,2526,E0_2526.csv,1,1,Home Win,20260524_TottenhamHotspur_Everton
,2026-05-24,Crystal Palace,Arsenal,1,2,A,0,1,8,17,3,7,3,4,0,1,0,0,F Hallam,2526,E0_2526.csv,3,-1,Away Win,20260524_CrystalPalace_Arsenal
,2026-05-24,Burnley,Wolverhampton Wanderers,1,1,D,0,1,16,16,8,4,7,7,2,2,0,0,A Kitchen,2526,E0_2526.csv,2,0,Draw,20260524_Burnley_WolverhamptonWanderers
,2026-05-24,Brighton,Manchester United,0,3,A,0,2,13,11,2,7,0,3,0,1,0,0,S Barrott,2526,E0_2526.csv,3,-3,Away Win,20260524_Brighton_ManchesterUnited
,2026-05-24,Fulham,Newcastle United,2,0,H,1,0,21,7,6,2,6,6,2,2,0,0,R Jones,2526,E0_2526.csv,2,2,Home Win,20260524_Fulham_NewcastleUnited
,2026-05-24,West Ham United,Leeds,3,0,H,0,0,16,13,9,3,6,4,0,3,0,0,A Taylor,2526,E0_2526.csv,3,3,Home Win,20260524_WestHamUnited_Leeds
