match_id,date,season,team,opponent,goals_for,goals_against,is_home,points,avg_goals_for_last5,avg_goals_against_last5,avg_points_last5,avg_goals_for_last10,avg_goals_against_last10,avg_points_last10,season_avg_goals_for,season_avg_goals_against
20220805_CrystalPalace_Arsenal,2022-08-05,2223,Arsenal,Crystal Palace,2,0,0,3,,,,,,,,
20220813_Arsenal_LeicesterCity,2022-08-13,2223,Arsenal,Leicester City,4,2,1,3,,,,,,,,
20220820_Bournemouth_Arsenal,2022-08-20,2223,Arsenal,Bournemouth,3,0,0,3,,,,,,,,
20220827_Arsenal_Fulham,2022-08-27,2223,Arsenal,Fulham,2,1,1,3,3.0,0.6666666666666666,3.0,3.0,0.6666666666666666,3.0,3.0,0.6666666666666666
20220831_Arsenal_AstonVilla,2022-08-31,2223,Arsenal,Aston Villa,2,1,1,3,2.75,0.75,3.0,2.75,0.75,3.0,2.75,0.75
20220904_ManchesterUnited_Arsenal,2022-09-04,2223,Arsenal,Manchester United,1,3,0,0,2.6,0.8,3.0,2.6,0.8,3.0,2.6,0.8
20220918_Brentford_Arsenal,2022-09-18,2223,Arsenal,Brentford,3,0,0,3,2.4,1.4,2.4,2.3333333333333335,1.1666666666666667,2.5,2.3333333333333335,1.1666666666666667
20221001_Arsenal_TottenhamHotspur,2022-10-01,2223,Arsenal,Tottenham Hotspur,3,1,1,3,2.2,1.0,2.4,2.4285714285714284,1.0,2.5714285714285716,2.4285714285714284,1.0
20221009_Arsenal_Liverpool,2022-10-09,2223,Arsenal,Liverpool,3,2,1,3,2.2,1.2,2.4,2.5,1.0,2.625,2.5,1.0
20221016_Leeds_Arsenal,2022-10-16,2223,Arsenal,Leeds,1,0,0,3,2.4,1.4,2.4,2.5555555555555554,1.1111111111111112,2.6666666666666665,2.5555555555555554,1.1111111111111112
20221023_Southampton_Arsenal,2022-10-23,2223,Arsenal,Southampton,1,1,0,1,2.2,1.2,2.4,2.4,1.0,2.7,2.4,1.0
20221030_Arsenal_NottinghamForest,2022-10-30,2223,Arsenal,Nottingham Forest,5,0,1,3,2.2,0.8,2.6,2.3,1.1,2.5,2.272727272727273,1.0
20221106_Chelsea_Arsenal,2022-11-06,2223,Arsenal,Chelsea,1,0,0,3,2.6,0.8,2.6,2.4,0.9,2.5,2.5,0.9166666666666666
20221112_WolverhamptonWanderers_Arsenal,2022-11-12,2223,Arsenal,Wolverhampton Wanderers,2,0,0,3,2.2,0.6,2.6,2.2,0.9,2.5,2.3846153846153846,0.8461538461538461
20221226_Arsenal_WestHamUnited,2022-12-26,2223,Arsenal,West Ham United,3,1,1,3,2.0,0.2,2.6,2.2,0.8,2.5,2.357142857142857,0.7857142857142857
20221231_Brighton_Arsenal,2022-12-31,2223,Arsenal,Brighton,4,2,0,3,2.4,0.4,2.6,2.3,0.8,2.5,2.4,0.8
20230103_Arsenal_NewcastleUnited,2023-01-03,2223,Arsenal,Newcastle United,0,0,1,1,3.0,0.6,3.0,2.6,0.7,2.8,2.5,0.875
20230115_TottenhamHotspur_Arsenal,2023-01-15,2223,Arsenal,Tottenham Hotspur,2,0,0,3,2.0,0.6,2.6,2.3,0.7,2.6,2.3529411764705883,0.8235294117647058
20230122_Arsenal_ManchesterUnited,2023-01-22,2223,Arsenal,Manchester United,3,2,1,3,2.2,0.6,2.6,2.2,0.6,2.6,2.3333333333333335,0.7777777777777778
20230204_Everton_Arsenal,2023-02-04,2223,Arsenal,Everton,0,1,0,0,2.4,1.0,2.6,2.2,0.6,2.6,2.3684210526315788,0.8421052631578947
20230211_Arsenal_Brentford,2023-02-11,2223,Arsenal,Brentford,1,1,1,1,1.8,1.0,2.0,2.1,0.7,2.3,2.25,0.85
20230215_Arsenal_ManchesterCity,2023-02-15,2223,Arsenal,Manchester City,1,3,1,0,1.2,0.8,1.6,2.1,0.7,2.3,2.1904761904761907,0.8571428571428571
20230218_AstonVilla_Arsenal,2023-02-18,2223,Arsenal,Aston Villa,4,2,0,3,1.4,1.4,1.4,1.7,1.0,2.0,2.1363636363636362,0.9545454545454546
20230225_LeicesterCity_Arsenal,2023-02-25,2223,Arsenal,Leicester City,1,0,0,3,1.8,1.8,1.4,2.0,1.2,2.0,2.217391304347826,1.0
20230301_Arsenal_Everton,2023-03-01,2223,Arsenal,Everton,4,0,1,3,1.4,1.4,1.4,1.9,1.2,2.0,2.1666666666666665,0.9583333333333334
20230304_Arsenal_Bournemouth,2023-03-04,2223,Arsenal,Bournemouth,3,2,1,3,2.2,1.2,2.0,2.0,1.1,2.0,2.24,0.92
20230312_Fulham_Arsenal,2023-03-12,2223,Arsenal,Fulham,3,0,0,3,2.6,1.4,2.4,1.9,1.1,2.0,2.269230769230769,0.9615384615384616
20230319_Arsenal_CrystalPalace,2023-03-19,2223,Arsenal,Crystal Palace,4,1,1,3,3.0,0.8,3.0,2.2,1.1,2.2,2.2962962962962963,0.9259259259259259
20230401_Arsenal_Leeds,2023-04-01,2223,Arsenal,Leeds,4,1,1,3,3.0,0.6,3.0,2.4,1.2,2.2,2.357142857142857,0.9285714285714286
20230409_Liverpool_Arsenal,2023-04-09,2223,Arsenal,Liverpool,2,2,0,1,3.6,0.8,3.0,2.5,1.1,2.2,2.413793103448276,0.9310344827586207
20230416_WestHamUnited_Arsenal,2023-04-16,2223,Arsenal,West Ham United,2,2,0,1,3.2,1.2,2.6,2.7,1.2,2.3,2.4,0.9666666666666667
20230421_Arsenal_Southampton,2023-04-21,2223,Arsenal,Southampton,3,3,1,1,3.0,1.2,2.2,2.8,1.3,2.3,2.3870967741935485,1.0
20230426_ManchesterCity_Arsenal,2023-04-26,2223,Arsenal,Manchester City,1,4,0,0,3.0,1.8,1.8,3.0,1.3,2.4,2.40625,1.0625
20230502_Arsenal_Chelsea,2023-05-02,2223,Arsenal,Chelsea,3,1,1,3,2.4,2.4,1.2,2.7,1.5,2.1,2.3636363636363638,1.1515151515151516
20230507_NewcastleUnited_Arsenal,2023-05-07,2223,Arsenal,Newcastle United,2,0,0,3,2.2,2.4,1.2,2.9,1.6,2.1,2.3823529411764706,1.1470588235294117
20230514_Arsenal_Brighton,2023-05-14,2223,Arsenal,Brighton,0,3,1,0,2.2,2.0,1.6,2.7,1.6,2.1,2.3714285714285714,1.1142857142857143
20230520_NottinghamForest_Arsenal,2023-05-20,2223,Arsenal,Nottingham Forest,0,1,0,0,1.8,2.2,1.4,2.4,1.7,1.8,2.3055555555555554,1.1666666666666667
20230528_Arsenal_WolverhamptonWanderers,2023-05-28,2223,Arsenal,Wolverhampton Wanderers,5,0,1,3,1.2,1.8,1.2,2.1,1.8,1.5,2.2432432432432434,1.162162162162162
20230812_Arsenal_NottinghamForest,2023-08-12,2324,Arsenal,Nottingham Forest,2,1,1,3,2.0,1.0,1.8,2.2,1.7,1.5,2.3157894736842106,1.131578947368421
20230821_CrystalPalace_Arsenal,2023-08-21,2324,Arsenal,Crystal Palace,1,0,0,3,1.8,1.0,1.8,2.0,1.7,1.5,2.3076923076923075,1.1282051282051282
20230826_Arsenal_Fulham,2023-08-26,2324,Arsenal,Fulham,2,2,1,1,1.6,1.0,1.8,1.9,1.5,1.7,2.275,1.1
20230903_Arsenal_ManchesterUnited,2023-09-03,2324,Arsenal,Manchester United,3,1,1,3,2.0,0.8,2.0,1.9,1.5,1.7,2.268292682926829,1.1219512195121952
20230917_Everton_Arsenal,2023-09-17,2324,Arsenal,Everton,1,0,0,3,2.6,0.8,2.6,1.9,1.3,1.9,2.2857142857142856,1.119047619047619
20230924_Arsenal_TottenhamHotspur,2023-09-24,2324,Arsenal,Tottenham Hotspur,2,2,1,1,1.8,0.8,2.6,1.9,0.9,2.2,2.255813953488372,1.0930232558139534
20230930_Bournemouth_Arsenal,2023-09-30,2324,Arsenal,Bournemouth,4,0,0,3,1.8,1.0,2.2,1.8,1.0,2.0,2.25,1.1136363636363635
20231008_Arsenal_ManchesterCity,2023-10-08,2324,Arsenal,Manchester City,1,0,1,3,2.4,1.0,2.2,2.0,1.0,2.0,2.2888888888888888,1.0888888888888888
20231021_Chelsea_Arsenal,2023-10-21,2324,Arsenal,Chelsea,2,2,0,1,2.2,0.6,2.6,2.1,0.7,2.3,2.260869565217391,1.065217391304348
20231028_Arsenal_SheffieldUnited,2023-10-28,2324,Arsenal,Sheffield United,5,0,1,3,2.0,0.8,2.2,2.3,0.8,2.4,2.25531914893617,1.0851063829787233
20231104_NewcastleUnited_Arsenal,2023-11-04,2324,Arsenal,Newcastle United,0,1,0,0,2.8,0.8,2.2,2.3,0.8,2.4,2.3125,1.0625
20231111_Arsenal_Burnley,2023-11-11,2324,Arsenal,Burnley,3,1,1,3,2.4,0.6,2.0,2.1,0.8,2.1,2.2653061224489797,1.0612244897959184
20231125_Brentford_Arsenal,2023-11-25,2324,Arsenal,Brentford,1,0,0,3,2.2,0.8,2.0,2.3,0.9,2.1,2.28,1.06
20231202_Arsenal_WolverhamptonWanderers,2023-12-02,2324,Arsenal,Wolverhampton Wanderers,2,1,1,3,2.2,0.8,2.0,2.2,0.7,2.3,2.2549019607843137,1.0392156862745099
20231205_Luton_Arsenal,2023-12-05,2324,Arsenal,Luton,4,3,0,3,2.2,0.6,2.4,2.1,0.7,2.3,2.25,1.0384615384615385
20231209_AstonVilla_Arsenal,2023-12-09,2324,Arsenal,Aston Villa,0,1,0,0,2.0,1.2,2.4,2.4,1.0,2.3,2.2830188679245285,1.0754716981132075
20231217_Arsenal_Brighton,2023-12-17,2324,Arsenal,Brighton,2,0,1,3,2.0,1.2,2.4,2.2,0.9,2.2,2.240740740740741,1.0740740740740742
20231223_Liverpool_Arsenal,2023-12-23,2324,Arsenal,Liverpool,1,1,0,1,1.8,1.0,2.4,2.0,0.9,2.2,2.2363636363636363,1.0545454545454545
20231228_Arsenal_WestHamUnited,2023-12-28,2324,Arsenal,West Ham United,0,2,1,0,1.8,1.2,2.0,2.0,1.0,2.0,2.2142857142857144,1.0535714285714286
20231231_Fulham_Arsenal,2023-12-31,2324,Arsenal,Fulham,1,2,0,0,1.4,1.4,1.4,1.8,1.0,1.9,2.175438596491228,1.0701754385964912
20240120_Arsenal_CrystalPalace,2024-01-20,2324,Arsenal,Crystal Palace,5,0,1,3,0.8,1.2,0.8,1.4,1.2,1.6,2.1551724137931036,1.0862068965517242
20240130_NottinghamForest_Arsenal,2024-01-30,2324,Arsenal,Nottingham Forest,2,1,0,3,1.8,1.0,1.4,1.9,1.1,1.9,2.2033898305084745,1.0677966101694916
20240204_Arsenal_Liverpool,2024-02-04,2324,Arsenal,Liverpool,3,1,1,3,1.8,1.2,1.4,1.8,1.1,1.9,2.2,1.0666666666666667
20240211_WestHamUnited_Arsenal,2024-02-11,2324,Arsenal,West Ham United,6,0,0,3,2.2,1.2,1.8,2.0,1.2,1.9,2.2131147540983607,1.0655737704918034
20240217_Burnley_Arsenal,2024-02-17,2324,Arsenal,Burnley,5,0,0,3,3.4,0.8,2.4,2.4,1.1,1.9,2.274193548387097,1.0483870967741935
20240224_Arsenal_NewcastleUnited,2024-02-24,2324,Arsenal,Newcastle United,4,1,1,3,4.2,0.4,3.0,2.5,0.8,1.9,2.3174603174603177,1.0317460317460319
20240304_SheffieldUnited_Arsenal,2024-03-04,2324,Arsenal,Sheffield United,6,0,0,3,4.0,0.6,3.0,2.9,0.8,2.2,2.34375,1.03125
20240309_Arsenal_Brentford,2024-03-09,2324,Arsenal,Brentford,2,1,1,3,4.8,0.4,3.0,3.3,0.8,2.2,2.4,1.0153846153846153
20240331_ManchesterCity_Arsenal,2024-03-31,2324,Arsenal,Manchester City,0,0,0,1,4.6,0.4,3.0,3.4,0.8,2.4,2.393939393939394,1.0151515151515151
20240403_Arsenal_Luton,2024-04-03,2324,Arsenal,Luton,2,0,1,3,3.4,0.4,2.6,3.4,0.6,2.5,2.3582089552238807,1.0
20240406_Brighton_Arsenal,2024-04-06,2324,Arsenal,Brighton,3,0,0,3,2.8,0.4,2.6,3.5,0.4,2.8,2.3529411764705883,0.9852941176470589
20240414_Arsenal_AstonVilla,2024-04-14,2324,Arsenal,Aston Villa,0,2,1,0,2.6,0.2,2.6,3.3,0.4,2.8,2.36231884057971,0.9710144927536232
20240420_WolverhamptonWanderers_Arsenal,2024-04-20,2324,Arsenal,Wolverhampton Wanderers,2,0,0,3,1.4,0.6,2.0,3.1,0.5,2.5,2.3285714285714287,0.9857142857142858
20240423_Arsenal_Chelsea,2024-04-23,2324,Arsenal,Chelsea,5,0,1,3,1.4,0.4,2.0,3.0,0.4,2.5,2.323943661971831,0.971830985915493
20240428_TottenhamHotspur_Arsenal,2024-04-28,2324,Arsenal,Tottenham Hotspur,3,2,0,3,2.4,0.4,2.4,2.9,0.4,2.5,2.361111111111111,0.9583333333333334
20240504_Arsenal_Bournemouth,2024-05-04,2324,Arsenal,Bournemouth,3,0,1,3,2.6,0.8,2.4,2.7,0.6,2.5,2.3698630136986303,0.9726027397260274
20240512_ManchesterUnited_Arsenal,2024-05-12,2324,Arsenal,Manchester United,1,0,0,3,2.6,0.8,2.4,2.6,0.5,2.5,2.3783783783783785,0.9594594594594594
20240519_Arsenal_Everton,2024-05-19,2324,Arsenal,Everton,2,1,1,3,2.8,0.4,3.0,2.1,0.5,2.5,2.36,0.9466666666666667
20240817_Arsenal_WolverhamptonWanderers,2024-08-17,2425,Arsenal,Wolverhampton Wanderers,2,0,1,3,2.8,0.6,3.0,2.1,0.5,2.5,2.3552631578947367,0.9473684210526315
20240824_AstonVilla_Arsenal,2024-08-24,2425,Arsenal,Aston Villa,2,0,0,3,2.2,0.6,3.0,2.3,0.5,2.7,2.3506493506493507,0.935064935064935
20240831_Arsenal_Brighton,2024-08-31,2425,Arsenal,Brighton,1,1,1,1,2.0,0.2,3.0,2.3,0.5,2.7,2.3461538461538463,0.9230769230769231
20240915_TottenhamHotspur_Arsenal,2024-09-15,2425,Arsenal,Tottenham Hotspur,1,0,0,3,1.6,0.4,2.6,2.1,0.6,2.5,2.329113924050633,0.9240506329113924
20240922_ManchesterCity_Arsenal,2024-09-22,2425,Arsenal,Manchester City,2,2,0,1,1.6,0.4,2.6,2.2,0.4,2.8,2.3125,0.9125
20240928_Arsenal_LeicesterCity,2024-09-28,2425,Arsenal,Leicester City,4,2,1,3,1.6,0.6,2.2,2.2,0.6,2.6,2.308641975308642,0.9259259259259259
20241005_Arsenal_Southampton,2024-10-05,2425,Arsenal,Southampton,3,1,1,3,2.0,1.0,2.2,2.1,0.8,2.6,2.3292682926829267,0.9390243902439024
20241019_Bournemouth_Arsenal,2024-10-19,2425,Arsenal,Bournemouth,0,2,0,0,2.2,1.2,2.2,2.1,0.7,2.6,2.3373493975903616,0.9397590361445783
20241027_Arsenal_Liverpool,2024-10-27,2425,Arsenal,Liverpool,2,2,1,1,2.0,1.4,2.0,1.8,0.9,2.3,2.3095238095238093,0.9523809523809523
20241102_NewcastleUnited_Arsenal,2024-11-02,2425,Arsenal,Newcastle United,0,1,0,0,2.2,1.8,1.6,1.9,1.1,2.1,2.3058823529411763,0.9647058823529412
20241110_Chelsea_Arsenal,2024-11-10,2425,Arsenal,Chelsea,1,1,0,1,1.8,1.6,1.4,1.7,1.1,1.8,2.2790697674418605,0.9651162790697675
20241123_Arsenal_NottinghamForest,2024-11-23,2425,Arsenal,Nottingham Forest,3,0,1,3,1.2,1.4,1.0,1.6,1.2,1.6,2.264367816091954,0.9655172413793104
20241130_WestHamUnited_Arsenal,2024-11-30,2425,Arsenal,West Ham United,5,2,0,3,1.2,1.2,1.0,1.7,1.2,1.6,2.272727272727273,0.9545454545454546
20241204_Arsenal_ManchesterUnited,2024-12-04,2425,Arsenal,Manchester United,2,0,1,3,2.2,1.2,1.6,2.1,1.3,1.8,2.303370786516854,0.9662921348314607
20241208_Fulham_Arsenal,2024-12-08,2425,Arsenal,Fulham,1,1,0,1,2.2,0.8,2.0,2.2,1.3,1.8,2.3,0.9555555555555556
20241214_Arsenal_Everton,2024-12-14,2425,Arsenal,Everton,0,0,1,1,2.4,0.8,2.2,2.1,1.2,1.8,2.2857142857142856,0.9560439560439561
20241221_CrystalPalace_Arsenal,2024-12-21,2425,Arsenal,Crystal Palace,5,1,0,3,2.2,0.6,2.2,1.7,1.0,1.6,2.260869565217391,0.9456521739130435
20241227_Arsenal_Ipswich,2024-12-27,2425,Arsenal,Ipswich,1,0,1,3,2.6,0.8,2.2,1.9,1.0,1.6,2.2903225806451615,0.946236559139785
20250101_Brentford_Arsenal,2025-01-01,2425,Arsenal,Brentford,3,1,0,3,1.8,0.4,2.2,2.0,0.8,1.9,2.276595744680851,0.9361702127659575
20250104_Brighton_Arsenal,2025-01-04,2425,Arsenal,Brighton,1,1,0,1,2.0,0.6,2.2,2.1,0.7,2.1,2.2842105263157895,0.9368421052631579
20250115_Arsenal_TottenhamHotspur,2025-01-15,2425,Arsenal,Tottenham Hotspur,2,1,1,3,2.0,0.6,2.2,2.2,0.7,2.2,2.2708333333333335,0.9375
20250118_Arsenal_AstonVilla,2025-01-18,2425,Arsenal,Aston Villa,2,2,1,1,2.4,0.8,2.6,2.3,0.7,2.4,2.268041237113402,0.9381443298969072
20250125_WolverhamptonWanderers_Arsenal,2025-01-25,2425,Arsenal,Wolverhampton Wanderers,1,0,0,3,1.8,1.0,2.2,2.2,0.9,2.2,2.2653061224489797,0.9489795918367347
20250202_Arsenal_ManchesterCity,2025-02-02,2425,Arsenal,Manchester City,5,1,1,3,1.8,1.0,2.2,1.8,0.7,2.2,2.2525252525252526,0.9393939393939394
20250215_LeicesterCity_Arsenal,2025-02-15,2425,Arsenal,Leicester City,2,0,0,3,2.2,1.0,2.2,2.1,0.8,2.2,2.28,0.94
20250222_Arsenal_WestHamUnited,2025-02-22,2425,Arsenal,West Ham United,0,1,1,0,2.4,0.8,2.6,2.2,0.7,2.4,2.277227722772277,0.9306930693069307
20250226_NottinghamForest_Arsenal,2025-02-26,2425,Arsenal,Nottingham Forest,0,0,0,1,2.0,0.8,2.0,2.2,0.8,2.3,2.2549019607843137,0.9313725490196079
20250309_ManchesterUnited_Arsenal,2025-03-09,2425,Arsenal,Manchester United,1,1,0,1,1.6,0.4,2.0,1.7,0.7,2.1,2.233009708737864,0.9223300970873787
20250316_Arsenal_Chelsea,2025-03-16,2425,Arsenal,Chelsea,1,0,1,3,1.6,0.6,1.6,1.7,0.8,1.9,2.2211538461538463,0.9230769230769231
20250401_Arsenal_Fulham,2025-04-01,2425,Arsenal,Fulham,2,1,1,3,0.8,0.4,1.6,1.5,0.7,1.9,2.2095238095238097,0.9142857142857143
20250405_Everton_Arsenal,2025-04-05,2425,Arsenal,Everton,1,1,0,1,0.8,0.6,1.6,1.6,0.7,2.1,2.207547169811321,0.9150943396226415
20250412_Arsenal_Brentford,2025-04-12,2425,Arsenal,Brentford,1,1,1,1,1.0,0.6,1.8,1.5,0.7,1.9,2.196261682242991,0.9158878504672897
20250420_Ipswich_Arsenal,2025-04-20,2425,Arsenal,Ipswich,4,0,0,3,1.2,0.8,1.8,1.4,0.6,1.9,2.185185185185185,0.9166666666666666
20250423_Arsenal_CrystalPalace,2025-04-23,2425,Arsenal,Crystal Palace,2,2,1,1,1.8,0.6,2.2,1.7,0.6,1.9,2.2018348623853212,0.908256880733945
20250503_Arsenal_Bournemouth,2025-05-03,2425,Arsenal,Bournemouth,1,2,1,0,2.0,1.0,1.8,1.4,0.7,1.7,2.2,0.9181818181818182
20250511_Liverpool_Arsenal,2025-05-11,2425,Arsenal,Liverpool,2,2,0,1,1.8,1.2,1.2,1.3,0.9,1.4,2.189189189189189,0.9279279279279279
20250518_Arsenal_NewcastleUnited,2025-05-18,2425,Arsenal,Newcastle United,1,0,1,3,2.0,1.4,1.2,1.5,1.0,1.5,2.1875,0.9375
20250525_Southampton_Arsenal,2025-05-25,2425,Arsenal,Southampton,2,1,0,3,2.0,1.2,1.6,1.6,1.0,1.7,2.1769911504424777,0.9292035398230089
20250817_ManchesterUnited_Arsenal,2025-08-17,2526,Arsenal,Manchester United,1,0,0,3,1.6,1.4,1.6,1.7,1.0,1.9,2.175438596491228,0.9298245614035088
20250823_Arsenal_Leeds,2025-08-23,2526,Arsenal,Leeds,5,0,1,3,1.4,1.0,2.0,1.7,1.0,1.9,2.1652173913043478,0.9217391304347826
20250831_Liverpool_Arsenal,2025-08-31,2526,Arsenal,Liverpool,0,1,0,0,2.2,0.6,2.6,2.0,0.9,1.9,2.189655172413793,0.9137931034482759
20250913_Arsenal_NottinghamForest,2025-09-13,2526,Arsenal,Nottingham Forest,3,0,1,3,1.8,0.4,2.4,1.9,0.9,1.8,2.1709401709401708,0.9145299145299145
20250921_Arsenal_ManchesterCity,2025-09-21,2526,Arsenal,Manchester City,1,1,1,1,2.2,0.4,2.4,2.1,0.8,2.0,2.1779661016949152,0.9067796610169492
20250928_NewcastleUnited_Arsenal,2025-09-28,2526,Arsenal,Newcastle United,2,1,0,3,2.0,0.4,2.0,1.8,0.9,1.8,2.168067226890756,0.907563025210084
20251004_Arsenal_WestHamUnited,2025-10-04,2526,Arsenal,West Ham United,2,0,1,3,2.2,0.6,2.0,1.8,0.8,2.0,2.1666666666666665,0.9083333333333333
20251018_Fulham_Arsenal,2025-10-18,2526,Arsenal,Fulham,1,0,0,3,1.6,0.6,2.0,1.9,0.6,2.3,2.165289256198347,0.9008264462809917
20251026_Arsenal_CrystalPalace,2025-10-26,2526,Arsenal,Crystal Palace,1,0,1,3,1.8,0.4,2.6,1.8,0.4,2.5,2.1557377049180326,0.8934426229508197
20251101_Burnley_Arsenal,2025-11-01,2526,Arsenal,Burnley,2,0,0,3,1.4,0.4,2.6,1.8,0.4,2.5,2.1463414634146343,0.8861788617886179
20251108_Sunderland_Arsenal,2025-11-08,2526,Arsenal,Sunderland,2,2,0,1,1.6,0.2,3.0,1.8,0.3,2.5,2.1451612903225805,0.8790322580645161
20251123_Arsenal_TottenhamHotspur,2025-11-23,2526,Arsenal,Tottenham Hotspur,4,1,1,3,1.6,0.4,2.6,1.9,0.5,2.3,2.144,0.888
20251130_Chelsea_Arsenal,2025-11-30,2526,Arsenal,Chelsea,1,1,0,1,2.0,0.6,2.6,1.8,0.6,2.3,2.1587301587301586,0.8888888888888888
20251203_Arsenal_Brentford,2025-12-03,2526,Arsenal,Brentford,2,0,1,3,2.0,0.8,2.2,1.9,0.6,2.4,2.1496062992125986,0.889763779527559
20251206_AstonVilla_Arsenal,2025-12-06,2526,Arsenal,Aston Villa,1,2,0,0,2.2,0.8,2.2,1.8,0.6,2.4,2.1484375,0.8828125
20251213_Arsenal_WolverhamptonWanderers,2025-12-13,2526,Arsenal,Wolverhampton Wanderers,2,1,1,3,2.0,1.2,1.6,1.8,0.7,2.3,2.13953488372093,0.8914728682170543
20251220_Everton_Arsenal,2025-12-20,2526,Arsenal,Everton,1,0,0,3,2.0,1.0,2.0,1.8,0.7,2.3,2.1384615384615384,0.8923076923076924
20251227_Arsenal_Brighton,2025-12-27,2526,Arsenal,Brighton,2,1,1,3,1.4,0.8,2.0,1.7,0.7,2.3,2.1297709923664123,0.8854961832061069
20251230_Arsenal_AstonVilla,2025-12-30,2526,Arsenal,Aston Villa,4,1,1,3,1.6,0.8,2.4,1.8,0.8,2.3,2.128787878787879,0.8863636363636364
20260103_Bournemouth_Arsenal,2026-01-03,2526,Arsenal,Bournemouth,3,2,0,3,2.0,1.0,2.4,2.1,0.9,2.3,2.142857142857143,0.8872180451127819
20260108_Arsenal_Liverpool,2026-01-08,2526,Arsenal,Liverpool,0,0,1,1,2.4,1.0,3.0,2.2,1.1,2.3,2.1492537313432836,0.8955223880597015
20260117_NottinghamForest_Arsenal,2026-01-17,2526,Arsenal,Nottingham Forest,0,0,0,1,2.0,0.8,2.6,2.0,0.9,2.3,2.1333333333333333,0.8888888888888888
20260125_Arsenal_ManchesterUnited,2026-01-25,2526,Arsenal,Manchester United,2,3,1,0,1.8,0.8,2.2,1.6,0.8,2.1,2.1176470588235294,0.8823529411764706
20260131_Leeds_Arsenal,2026-01-31,2526,Arsenal,Leeds,4,0,0,3,1.8,1.2,1.6,1.7,1.0,2.0,2.116788321167883,0.8978102189781022
20260207_Arsenal_Sunderland,2026-02-07,2526,Arsenal,Sunderland,3,0,1,3,1.8,1.0,1.6,1.9,1.0,2.0,2.130434782608696,0.8913043478260869
20260212_Brentford_Arsenal,2026-02-12,2526,Arsenal,Brentford,1,1,0,1,1.8,0.6,1.6,2.1,0.8,2.3,2.1366906474820144,0.8848920863309353
20260218_WolverhamptonWanderers_Arsenal,2026-02-18,2526,Arsenal,Wolverhampton Wanderers,2,2,0,1,2.0,0.8,1.6,2.0,0.8,2.1,2.1285714285714286,0.8857142857142857
20260222_TottenhamHotspur_Arsenal,2026-02-22,2526,Arsenal,Tottenham Hotspur,4,1,0,3,2.4,1.2,1.6,2.1,1.0,1.9,2.127659574468085,0.8936170212765957
20260301_Arsenal_Chelsea,2026-03-01,2526,Arsenal,Chelsea,2,1,1,3,2.8,0.8,2.2,2.3,1.0,1.9,2.140845070422535,0.8943661971830986
20260304_Brighton_Arsenal,2026-03-04,2526,Arsenal,Brighton,1,0,0,3,2.4,1.0,2.2,2.1,1.0,1.9,2.13986013986014,0.8951048951048951
20260314_Arsenal_Everton,2026-03-14,2526,Arsenal,Everton,2,0,1,3,2.0,1.0,2.2,1.9,0.8,1.9,2.1319444444444446,0.8888888888888888
20260411_Arsenal_Bournemouth,2026-04-11,2526,Arsenal,Bournemouth,1,2,1,0,2.2,0.8,2.6,2.1,0.8,2.1,2.1310344827586207,0.8827586206896552
20260419_ManchesterCity_Arsenal,2026-04-19,2526,Arsenal,Manchester City,1,2,0,0,2.0,0.8,2.4,2.2,1.0,2.0,2.1232876712328768,0.8904109589041096
20260425_Arsenal_NewcastleUnited,2026-04-25,2526,Arsenal,Newcastle United,1,0,1,3,1.4,1.0,1.8,2.1,0.9,2.0,2.1156462585034013,0.8979591836734694
20260502_Arsenal_Fulham,2026-05-02,2526,Arsenal,Fulham,3,0,1,3,1.2,0.8,1.8,1.8,0.9,2.0,2.108108108108108,0.8918918918918919
20260510_WestHamUnited_Arsenal,2026-05-10,2526,Arsenal,West Ham United,1,0,0,3,1.6,0.8,1.8,1.8,0.9,2.0,2.1140939597315436,0.8859060402684564
20260518_Arsenal_Burnley,2026-05-18,2526,Arsenal,Burnley,1,0,1,3,1.4,0.8,1.8,1.8,0.8,2.2,2.1066666666666665,0.88
20260524_CrystalPalace_Arsenal,2026-05-24,2526,Arsenal,Crystal Palace,2,1,0,3,1.4,0.4,2.4,1.7,0.6,2.4,2.0993377483443707,0.8741721854304636
20220806_Bournemouth_AstonVilla,2022-08-06,2223,Aston Villa,Bournemouth,0,2,0,0,,,,,,,,
20220813_AstonVilla_Everton,2022-08-13,2223,Aston Villa,Everton,2,1,1,3,,,,,,,,
20220820_CrystalPalace_AstonVilla,2022-08-20,2223,Aston Villa,Crystal Palace,1,3,0,0,,,,,,,,
20220828_AstonVilla_WestHamUnited,2022-08-28,2223,Aston Villa,West Ham United,0,1,1,0,1.0,2.0,1.0,1.0,2.0,1.0,1.0,2.0
20220831_Arsenal_AstonVilla,2022-08-31,2223,Aston Villa,Arsenal,1,2,0,0,0.75,1.75,0.75,0.75,1.75,0.75,0.75,1.75
20220903_AstonVilla_ManchesterCity,2022-09-03,2223,Aston Villa,Manchester City,1,1,1,1,0.8,1.8,0.6,0.8,1.8,0.6,0.8,1.8
20220916_AstonVilla_Southampton,2022-09-16,2223,Aston Villa,Southampton,1,0,1,3,1.0,1.6,0.8,0.8333333333333334,1.6666666666666667,0.6666666666666666,0.8333333333333334,1.6666666666666667
20221002_Leeds_AstonVilla,2022-10-02,2223,Aston Villa,Leeds,0,0,0,1,0.8,1.4,0.8,0.8571428571428571,1.4285714285714286,1.0,0.8571428571428571,1.4285714285714286
20221010_NottinghamForest_AstonVilla,2022-10-10,2223,Aston Villa,Nottingham Forest,1,1,0,1,0.6,0.8,1.0,0.75,1.25,1.0,0.75,1.25
20221016_AstonVilla_Chelsea,2022-10-16,2223,Aston Villa,Chelsea,0,2,1,0,0.8,0.8,1.2,0.7777777777777778,1.2222222222222223,1.0,0.7777777777777778,1.2222222222222223
20221020_Fulham_AstonVilla,2022-10-20,2223,Aston Villa,Fulham,0,3,0,0,0.6,0.8,1.2,0.7,1.3,0.9,0.7,1.3
20221023_AstonVilla_Brentford,2022-10-23,2223,Aston Villa,Brentford,4,0,1,3,0.4,1.2,1.0,0.7,1.4,0.9,0.6363636363636364,1.4545454545454546
20221029_NewcastleUnited_AstonVilla,2022-10-29,2223,Aston Villa,Newcastle United,0,4,0,0,1.0,1.2,1.0,0.9,1.3,0.9,0.9166666666666666,1.3333333333333333
20221106_AstonVilla_ManchesterUnited,2022-11-06,2223,Aston Villa,Manchester United,3,1,1,3,1.0,2.0,0.8,0.8,1.4,0.9,0.8461538461538461,1.5384615384615385
20221113_Brighton_AstonVilla,2022-11-13,2223,Aston Villa,Brighton,2,1,0,3,1.4,2.0,1.2,1.1,1.4,1.2,1.0,1.5
20221226_AstonVilla_Liverpool,2022-12-26,2223,Aston Villa,Liverpool,1,3,1,0,1.8,1.8,1.8,1.2,1.3,1.5,1.0666666666666667,1.4666666666666666
20230101_TottenhamHotspur_AstonVilla,2023-01-01,2223,Aston Villa,Tottenham Hotspur,2,0,0,3,2.0,1.8,1.8,1.2,1.5,1.4,1.0625,1.5625
20230104_AstonVilla_WolverhamptonWanderers,2023-01-04,2223,Aston Villa,Wolverhampton Wanderers,1,1,1,1,1.6,1.8,1.8,1.3,1.5,1.4,1.1176470588235294,1.4705882352941178
20230113_AstonVilla_Leeds,2023-01-13,2223,Aston Villa,Leeds,2,1,1,3,1.8,1.2,2.0,1.4,1.6,1.4,1.1111111111111112,1.4444444444444444
20230121_Southampton_AstonVilla,2023-01-21,2223,Aston Villa,Southampton,1,0,0,3,1.6,1.2,2.0,1.5,1.6,1.6,1.1578947368421053,1.4210526315789473
20230204_AstonVilla_LeicesterCity,2023-02-04,2223,Aston Villa,Leicester City,2,4,1,0,1.4,1.0,2.0,1.6,1.4,1.9,1.15,1.35
20230212_ManchesterCity_AstonVilla,2023-02-12,2223,Aston Villa,Manchester City,1,3,0,0,1.6,1.2,2.0,1.8,1.5,1.9,1.1904761904761905,1.4761904761904763
20230218_AstonVilla_Arsenal,2023-02-18,2223,Aston Villa,Arsenal,2,4,1,0,1.4,1.8,1.4,1.5,1.8,1.6,1.1818181818181819,1.5454545454545454
20230225_Everton_AstonVilla,2023-02-25,2223,Aston Villa,Everton,2,0,0,3,1.6,2.4,1.2,1.7,1.8,1.6,1.2173913043478262,1.6521739130434783
20230304_AstonVilla_CrystalPalace,2023-03-04,2223,Aston Villa,Crystal Palace,1,0,1,3,1.6,2.2,1.2,1.6,1.7,1.6,1.25,1.5833333333333333
20230312_WestHamUnited_AstonVilla,2023-03-12,2223,Aston Villa,West Ham United,1,1,0,1,1.6,2.2,1.2,1.5,1.6,1.6,1.24,1.52
20230318_AstonVilla_Bournemouth,2023-03-18,2223,Aston Villa,Bournemouth,3,0,1,3,1.4,1.6,1.4,1.5,1.4,1.7,1.2307692307692308,1.5
20230401_Chelsea_AstonVilla,2023-04-01,2223,Aston Villa,Chelsea,2,0,0,3,1.8,1.0,2.0,1.6,1.4,1.7,1.2962962962962963,1.4444444444444444
20230404_LeicesterCity_AstonVilla,2023-04-04,2223,Aston Villa,Leicester City,2,1,0,3,1.8,0.2,2.6,1.7,1.3,1.9,1.3214285714285714,1.3928571428571428
20230408_AstonVilla_NottinghamForest,2023-04-08,2223,Aston Villa,Nottingham Forest,2,0,1,3,1.8,0.4,2.6,1.7,1.3,1.9,1.3448275862068966,1.3793103448275863
20230415_AstonVilla_NewcastleUnited,2023-04-15,2223,Aston Villa,Newcastle United,3,0,1,3,2.0,0.4,2.6,1.8,1.3,1.9,1.3666666666666667,1.3333333333333333
20230422_Brentford_AstonVilla,2023-04-22,2223,Aston Villa,Brentford,1,1,0,1,2.4,0.2,3.0,1.9,0.9,2.2,1.4193548387096775,1.2903225806451613
20230425_AstonVilla_Fulham,2023-04-25,2223,Aston Villa,Fulham,1,0,1,3,2.0,0.4,2.6,1.9,0.7,2.3,1.40625,1.28125
20230430_ManchesterUnited_AstonVilla,2023-04-30,2223,Aston Villa,Manchester United,0,1,0,0,1.8,0.4,2.6,1.8,0.3,2.6,1.393939393939394,1.2424242424242424
20230506_WolverhamptonWanderers_AstonVilla,2023-05-06,2223,Aston Villa,Wolverhampton Wanderers,0,1,0,0,1.4,0.4,2.0,1.6,0.4,2.3,1.3529411764705883,1.2352941176470589
20230513_AstonVilla_TottenhamHotspur,2023-05-13,2223,Aston Villa,Tottenham Hotspur,2,1,1,3,1.0,0.6,1.4,1.5,0.5,2.0,1.3142857142857143,1.2285714285714286
20230520_Liverpool_AstonVilla,2023-05-20,2223,Aston Villa,Liverpool,1,1,0,1,0.8,0.8,1.4,1.6,0.5,2.2,1.3333333333333333,1.2222222222222223
20230528_AstonVilla_Brighton,2023-05-28,2223,Aston Villa,Brighton,2,1,1,3,0.8,0.8,1.4,1.4,0.6,2.0,1.3243243243243243,1.2162162162162162
20230812_NewcastleUnited_AstonVilla,2023-08-12,2324,Aston Villa,Newcastle United,1,5,0,0,1.0,1.0,1.4,1.4,0.7,2.0,1.3421052631578947,1.2105263157894737
20230820_AstonVilla_Everton,2023-08-20,2324,Aston Villa,Everton,4,0,1,3,1.2,1.8,1.4,1.3,1.1,1.7,1.3333333333333333,1.3076923076923077
20230827_Burnley_AstonVilla,2023-08-27,2324,Aston Villa,Burnley,3,1,0,3,2.0,1.6,2.0,1.5,1.1,1.7,1.4,1.275
20230903_Liverpool_AstonVilla,2023-09-03,2324,Aston Villa,Liverpool,0,3,0,0,2.2,1.6,2.0,1.5,1.2,1.7,1.4390243902439024,1.2682926829268293
20230916_AstonVilla_CrystalPalace,2023-09-16,2324,Aston Villa,Crystal Palace,3,1,1,3,2.0,2.0,1.8,1.4,1.4,1.6,1.4047619047619047,1.3095238095238095
20230924_Chelsea_AstonVilla,2023-09-24,2324,Aston Villa,Chelsea,1,0,0,3,2.2,2.0,1.8,1.6,1.5,1.6,1.441860465116279,1.302325581395349
20230930_AstonVilla_Brighton,2023-09-30,2324,Aston Villa,Brighton,6,1,1,3,2.2,1.0,2.4,1.7,1.4,1.9,1.4318181818181819,1.2727272727272727
20231008_WolverhamptonWanderers_AstonVilla,2023-10-08,2324,Aston Villa,Wolverhampton Wanderers,1,1,0,1,2.6,1.2,2.4,2.3,1.4,2.2,1.5333333333333334,1.2666666666666666
20231022_AstonVilla_WestHamUnited,2023-10-22,2324,Aston Villa,West Ham United,4,1,1,3,2.2,1.2,2.0,2.2,1.4,2.0,1.5217391304347827,1.2608695652173914
20231029_AstonVilla_Luton,2023-10-29,2324,Aston Villa,Luton,3,1,1,3,3.0,0.8,2.6,2.5,1.4,2.2,1.574468085106383,1.2553191489361701
20231105_NottinghamForest_AstonVilla,2023-11-05,2324,Aston Villa,Nottingham Forest,0,2,0,0,3.0,0.8,2.6,2.6,1.4,2.2,1.6041666666666667,1.25
20231112_AstonVilla_Fulham,2023-11-12,2324,Aston Villa,Fulham,3,1,1,3,2.8,1.2,2.0,2.5,1.1,2.2,1.5714285714285714,1.2653061224489797
20231126_TottenhamHotspur_AstonVilla,2023-11-26,2324,Aston Villa,Tottenham Hotspur,2,1,0,3,2.2,1.2,2.0,2.4,1.2,2.2,1.6,1.26
20231203_Bournemouth_AstonVilla,2023-12-03,2324,Aston Villa,Bournemouth,2,2,0,1,2.4,1.2,2.4,2.3,1.2,2.2,1.607843137254902,1.2549019607843137
20231206_AstonVilla_ManchesterCity,2023-12-06,2324,Aston Villa,Manchester City,1,0,1,3,2.0,1.4,2.0,2.5,1.1,2.3,1.6153846153846154,1.2692307692307692
20231209_AstonVilla_Arsenal,2023-12-09,2324,Aston Villa,Arsenal,1,0,1,3,1.6,1.2,2.0,2.3,1.0,2.3,1.6037735849056605,1.2452830188679245
20231217_Brentford_AstonVilla,2023-12-17,2324,Aston Villa,Brentford,2,1,0,3,1.8,0.8,2.6,2.3,1.0,2.3,1.5925925925925926,1.2222222222222223
20231222_AstonVilla_SheffieldUnited,2023-12-22,2324,Aston Villa,Sheffield United,1,1,1,1,1.6,0.8,2.6,1.9,1.0,2.3,1.6,1.2181818181818183
20231226_ManchesterUnited_AstonVilla,2023-12-26,2324,Aston Villa,Manchester United,2,3,0,0,1.4,0.8,2.2,1.9,1.0,2.3,1.5892857142857142,1.2142857142857142
20231230_AstonVilla_Burnley,2023-12-30,2324,Aston Villa,Burnley,3,2,1,3,1.4,1.0,2.0,1.7,1.2,2.0,1.5964912280701755,1.2456140350877194
20240114_Everton_AstonVilla,2024-01-14,2324,Aston Villa,Everton,0,0,0,1,1.8,1.4,2.0,1.7,1.3,2.0,1.6206896551724137,1.2586206896551724
20240130_AstonVilla_NewcastleUnited,2024-01-30,2324,Aston Villa,Newcastle United,1,3,1,0,1.6,1.4,1.6,1.7,1.1,2.1,1.5932203389830508,1.2372881355932204
20240203_SheffieldUnited_AstonVilla,2024-02-03,2324,Aston Villa,Sheffield United,5,0,0,3,1.4,1.8,1.0,1.5,1.3,1.8,1.5833333333333333,1.2666666666666666
20240211_AstonVilla_ManchesterUnited,2024-02-11,2324,Aston Villa,Manchester United,1,2,1,0,2.2,1.6,1.4,1.8,1.2,1.8,1.639344262295082,1.2459016393442623
20240217_Fulham_AstonVilla,2024-02-17,2324,Aston Villa,Fulham,2,1,0,3,2.0,1.4,1.4,1.7,1.2,1.7,1.6290322580645162,1.2580645161290323
20240224_AstonVilla_NottinghamForest,2024-02-24,2324,Aston Villa,Nottingham Forest,4,2,1,3,1.8,1.2,1.4,1.8,1.3,1.7,1.6349206349206349,1.253968253968254
20240302_Luton_AstonVilla,2024-03-02,2324,Aston Villa,Luton,3,2,0,3,2.6,1.6,1.8,2.1,1.5,1.7,1.671875,1.265625
20240310_AstonVilla_TottenhamHotspur,2024-03-10,2324,Aston Villa,Tottenham Hotspur,0,4,1,0,3.0,1.4,2.4,2.2,1.6,1.7,1.6923076923076923,1.2769230769230768
20240317_WestHamUnited_AstonVilla,2024-03-17,2324,Aston Villa,West Ham United,1,1,0,1,2.0,2.2,1.8,2.1,1.9,1.6,1.6666666666666667,1.3181818181818181
20240330_AstonVilla_WolverhamptonWanderers,2024-03-30,2324,Aston Villa,Wolverhampton Wanderers,2,0,1,3,2.0,2.0,2.0,2.0,1.7,1.7,1.6567164179104477,1.3134328358208955
20240403_ManchesterCity_AstonVilla,2024-04-03,2324,Aston Villa,Manchester City,1,4,0,0,2.0,1.8,2.0,1.9,1.5,1.7,1.661764705882353,1.2941176470588236
20240406_AstonVilla_Brentford,2024-04-06,2324,Aston Villa,Brentford,3,3,1,1,1.4,2.2,1.4,2.0,1.9,1.6,1.6521739130434783,1.3333333333333333
20240414_Arsenal_AstonVilla,2024-04-14,2324,Aston Villa,Arsenal,2,0,0,3,1.4,2.4,1.0,2.2,1.9,1.7,1.6714285714285715,1.3571428571428572
20240421_AstonVilla_Bournemouth,2024-04-21,2324,Aston Villa,Bournemouth,3,1,1,3,1.8,1.6,1.6,1.9,1.9,1.7,1.676056338028169,1.3380281690140845
20240427_AstonVilla_Chelsea,2024-04-27,2324,Aston Villa,Chelsea,2,2,1,1,2.2,1.6,2.0,2.1,1.8,2.0,1.6944444444444444,1.3333333333333333
20240505_Brighton_AstonVilla,2024-05-05,2324,Aston Villa,Brighton,0,1,0,0,2.2,2.0,1.6,2.1,1.9,1.8,1.6986301369863013,1.3424657534246576
20240513_AstonVilla_Liverpool,2024-05-13,2324,Aston Villa,Liverpool,3,3,1,1,2.0,1.4,1.6,1.7,1.8,1.5,1.6756756756756757,1.337837837837838
20240519_CrystalPalace_AstonVilla,2024-05-19,2324,Aston Villa,Crystal Palace,0,5,0,0,2.0,1.4,1.6,1.7,1.9,1.3,1.6933333333333334,1.36
20240817_WestHamUnited_AstonVilla,2024-08-17,2425,Aston Villa,West Ham United,2,1,0,3,1.6,2.4,1.0,1.7,2.0,1.3,1.6710526315789473,1.4078947368421053
20240824_AstonVilla_Arsenal,2024-08-24,2425,Aston Villa,Arsenal,0,2,1,0,1.4,2.4,1.0,1.8,2.0,1.5,1.6753246753246753,1.4025974025974026
20240831_LeicesterCity_AstonVilla,2024-08-31,2425,Aston Villa,Leicester City,2,1,0,3,1.0,2.4,0.8,1.6,2.2,1.2,1.6538461538461537,1.4102564102564104
20240914_AstonVilla_Everton,2024-09-14,2425,Aston Villa,Everton,3,2,1,3,1.4,2.4,1.4,1.7,1.9,1.5,1.6582278481012658,1.4050632911392404
20240921_AstonVilla_WolverhamptonWanderers,2024-09-21,2425,Aston Villa,Wolverhampton Wanderers,3,1,1,3,1.4,2.2,1.8,1.7,1.8,1.7,1.675,1.4125
20240929_Ipswich_AstonVilla,2024-09-29,2425,Aston Villa,Ipswich,2,2,0,1,2.0,1.4,2.4,1.8,1.9,1.7,1.691358024691358,1.4074074074074074
20241006_AstonVilla_ManchesterUnited,2024-10-06,2425,Aston Villa,Manchester United,0,0,1,1,2.0,1.6,2.0,1.7,2.0,1.5,1.6951219512195121,1.4146341463414633
20241019_Fulham_AstonVilla,2024-10-19,2425,Aston Villa,Fulham,3,1,0,3,2.0,1.2,2.2,1.5,1.8,1.5,1.6746987951807228,1.3975903614457832
20241026_AstonVilla_Bournemouth,2024-10-26,2425,Aston Villa,Bournemouth,1,1,1,1,2.2,1.2,2.2,1.8,1.8,1.8,1.6904761904761905,1.3928571428571428
20241103_TottenhamHotspur_AstonVilla,2024-11-03,2425,Aston Villa,Tottenham Hotspur,1,4,0,0,1.8,1.0,1.8,1.6,1.6,1.8,1.6823529411764706,1.388235294117647
20241109_Liverpool_AstonVilla,2024-11-09,2425,Aston Villa,Liverpool,0,2,0,0,1.4,1.6,1.2,1.7,1.5,1.8,1.6744186046511629,1.4186046511627908
20241123_AstonVilla_CrystalPalace,2024-11-23,2425,Aston Villa,Crystal Palace,2,2,1,1,1.0,1.6,1.0,1.5,1.6,1.5,1.6551724137931034,1.4252873563218391
20241201_Chelsea_AstonVilla,2024-12-01,2425,Aston Villa,Chelsea,0,3,0,0,1.4,2.0,1.0,1.7,1.6,1.6,1.6590909090909092,1.4318181818181819
20241204_AstonVilla_Brentford,2024-12-04,2425,Aston Villa,Brentford,3,1,1,3,0.8,2.4,0.4,1.5,1.8,1.3,1.6404494382022472,1.449438202247191
20241207_AstonVilla_Southampton,2024-12-07,2425,Aston Villa,Southampton,1,0,1,3,1.2,2.4,0.8,1.5,1.7,1.3,1.6555555555555554,1.4444444444444444
20241214_NottinghamForest_AstonVilla,2024-12-14,2425,Aston Villa,Nottingham Forest,1,2,0,0,1.2,1.6,1.4,1.3,1.6,1.3,1.6483516483516483,1.4285714285714286
20241221_AstonVilla_ManchesterCity,2024-12-21,2425,Aston Villa,Manchester City,2,1,1,3,1.4,1.6,1.4,1.2,1.6,1.2,1.641304347826087,1.434782608695652
20241226_NewcastleUnited_AstonVilla,2024-12-26,2425,Aston Villa,Newcastle United,0,3,0,0,1.4,1.4,1.8,1.4,1.7,1.4,1.6451612903225807,1.4301075268817205
20241230_AstonVilla_Brighton,2024-12-30,2425,Aston Villa,Brighton,2,2,1,1,1.4,1.4,1.8,1.1,1.9,1.1,1.627659574468085,1.446808510638298
20250104_AstonVilla_LeicesterCity,2025-01-04,2425,Aston Villa,Leicester City,2,1,1,3,1.2,1.6,1.4,1.2,2.0,1.1,1.631578947368421,1.4526315789473685
20250115_Everton_AstonVilla,2025-01-15,2425,Aston Villa,Everton,1,0,0,3,1.4,1.8,1.4,1.3,1.7,1.4,1.6354166666666667,1.4479166666666667
20250118_Arsenal_AstonVilla,2025-01-18,2425,Aston Villa,Arsenal,2,2,0,1,1.4,1.4,2.0,1.4,1.5,1.7,1.6288659793814433,1.4329896907216495
20250126_AstonVilla_WestHamUnited,2025-01-26,2425,Aston Villa,West Ham United,1,1,1,1,1.4,1.6,1.6,1.4,1.5,1.7,1.6326530612244898,1.4387755102040816
20250201_WolverhamptonWanderers_AstonVilla,2025-02-01,2425,Aston Villa,Wolverhampton Wanderers,0,2,0,0,1.6,1.2,1.8,1.5,1.3,1.8,1.6262626262626263,1.4343434343434343
20250215_AstonVilla_Ipswich,2025-02-15,2425,Aston Villa,Ipswich,1,1,1,1,1.2,1.2,1.6,1.2,1.4,1.5,1.61,1.44
20250219_AstonVilla_Liverpool,2025-02-19,2425,Aston Villa,Liverpool,2,2,1,1,1.0,1.2,1.2,1.2,1.5,1.3,1.603960396039604,1.4356435643564356
20250222_AstonVilla_Chelsea,2025-02-22,2425,Aston Villa,Chelsea,2,1,1,3,1.2,1.6,0.8,1.3,1.5,1.4,1.607843137254902,1.4411764705882353
20250225_CrystalPalace_AstonVilla,2025-02-25,2425,Aston Villa,Crystal Palace,1,4,0,0,1.2,1.4,1.2,1.3,1.5,1.4,1.6116504854368932,1.4368932038834952
20250308_Brentford_AstonVilla,2025-03-08,2425,Aston Villa,Brentford,1,0,0,3,1.2,2.0,1.0,1.4,1.6,1.4,1.6057692307692308,1.4615384615384615
20250402_Brighton_AstonVilla,2025-04-02,2425,Aston Villa,Brighton,3,0,0,3,1.4,1.6,1.6,1.3,1.4,1.6,1.6,1.4476190476190476
20250405_AstonVilla_NottinghamForest,2025-04-05,2425,Aston Villa,Nottingham Forest,2,1,1,3,1.8,1.4,2.0,1.4,1.3,1.6,1.6132075471698113,1.4339622641509433
20250412_Southampton_AstonVilla,2025-04-12,2425,Aston Villa,Southampton,3,0,0,3,1.8,1.2,2.4,1.5,1.4,1.6,1.6168224299065421,1.4299065420560748
20250419_AstonVilla_NewcastleUnited,2025-04-19,2425,Aston Villa,Newcastle United,4,1,1,3,2.0,1.0,2.4,1.6,1.2,1.8,1.6296296296296295,1.4166666666666667
20250422_ManchesterCity_AstonVilla,2025-04-22,2425,Aston Villa,Manchester City,1,2,0,0,2.6,0.4,3.0,1.9,1.2,2.0,1.651376146788991,1.4128440366972477
20250503_AstonVilla_Fulham,2025-05-03,2425,Aston Villa,Fulham,1,0,1,3,2.6,0.8,2.4,2.0,1.2,2.0,1.6454545454545455,1.4181818181818182
20250510_Bournemouth_AstonVilla,2025-05-10,2425,Aston Villa,Bournemouth,1,0,0,3,2.2,0.8,2.4,2.0,1.1,2.2,1.6396396396396395,1.4054054054054055
20250516_AstonVilla_TottenhamHotspur,2025-05-16,2425,Aston Villa,Tottenham Hotspur,2,0,1,3,2.0,0.6,2.4,1.9,0.9,2.4,1.6339285714285714,1.3928571428571428
20250525_ManchesterUnited_AstonVilla,2025-05-25,2425,Aston Villa,Manchester United,0,2,0,0,1.8,0.6,2.4,1.9,0.8,2.4,1.6371681415929205,1.3805309734513274
20250816_AstonVilla_NewcastleUnited,2025-08-16,2526,Aston Villa,Newcastle United,0,0,1,1,1.0,0.8,1.8,1.8,0.6,2.4,1.6228070175438596,1.3859649122807018
20250823_Brentford_AstonVilla,2025-08-23,2526,Aston Villa,Brentford,0,1,0,0,0.8,0.4,2.0,1.7,0.6,2.2,1.608695652173913,1.373913043478261
20250831_AstonVilla_CrystalPalace,2025-08-31,2526,Aston Villa,Crystal Palace,0,3,1,0,0.6,0.6,1.4,1.4,0.7,1.9,1.5948275862068966,1.3706896551724137
20250913_Everton_AstonVilla,2025-09-13,2526,Aston Villa,Everton,0,0,0,1,0.4,1.2,0.8,1.2,0.9,1.6,1.5811965811965811,1.3846153846153846
20250921_Sunderland_AstonVilla,2025-09-21,2526,Aston Villa,Sunderland,1,1,0,1,0.0,1.2,0.4,0.9,0.9,1.4,1.5677966101694916,1.3728813559322033
20250928_AstonVilla_Fulham,2025-09-28,2526,Aston Villa,Fulham,3,1,1,3,0.2,1.0,0.6,0.6,0.9,1.2,1.5630252100840336,1.3697478991596639
20251005_AstonVilla_Burnley,2025-10-05,2526,Aston Villa,Burnley,2,1,1,3,0.8,1.2,1.0,0.8,0.8,1.5,1.575,1.3666666666666667
20251019_TottenhamHotspur_AstonVilla,2025-10-19,2526,Aston Villa,Tottenham Hotspur,2,1,0,3,1.2,1.2,1.6,0.9,0.9,1.5,1.578512396694215,1.3636363636363635
20251026_AstonVilla_ManchesterCity,2025-10-26,2526,Aston Villa,Manchester City,1,0,1,3,1.6,0.8,2.2,1.0,1.0,1.5,1.5819672131147542,1.360655737704918
20251101_Liverpool_AstonVilla,2025-11-01,2526,Aston Villa,Liverpool,0,2,0,0,1.8,0.8,2.6,0.9,1.0,1.5,1.5772357723577235,1.3495934959349594
20251109_AstonVilla_Bournemouth,2025-11-09,2526,Aston Villa,Bournemouth,4,0,1,3,1.6,1.0,2.4,0.9,1.0,1.5,1.564516129032258,1.3548387096774193
20251123_Leeds_AstonVilla,2025-11-23,2526,Aston Villa,Leeds,2,1,0,3,1.8,0.8,2.4,1.3,1.0,1.7,1.584,1.344
20251130_AstonVilla_WolverhamptonWanderers,2025-11-30,2526,Aston Villa,Wolverhampton Wanderers,1,0,1,3,1.8,0.8,2.4,1.5,1.0,2.0,1.5873015873015872,1.3412698412698412
20251203_Brighton_AstonVilla,2025-12-03,2526,Aston Villa,Brighton,4,3,0,3,1.6,0.6,2.4,1.6,0.7,2.3,1.5826771653543308,1.330708661417323
20251206_AstonVilla_Arsenal,2025-12-06,2526,Aston Villa,Arsenal,2,1,1,3,2.2,1.2,2.4,2.0,1.0,2.5,1.6015625,1.34375
20251214_WestHamUnited_AstonVilla,2025-12-14,2526,Aston Villa,West Ham United,3,2,0,3,2.6,1.0,3.0,2.1,1.0,2.7,1.6046511627906976,1.3410852713178294
20251221_AstonVilla_ManchesterUnited,2025-12-21,2526,Aston Villa,Manchester United,2,1,1,3,2.4,1.4,3.0,2.1,1.1,2.7,1.6153846153846154,1.3461538461538463
20251227_Chelsea_AstonVilla,2025-12-27,2526,Aston Villa,Chelsea,2,1,0,3,2.4,1.4,3.0,2.1,1.1,2.7,1.618320610687023,1.3435114503816794
20251230_Arsenal_AstonVilla,2025-12-30,2526,Aston Villa,Arsenal,1,4,0,0,2.6,1.6,3.0,2.1,1.1,2.7,1.621212121212121,1.3409090909090908
20260103_AstonVilla_NottinghamForest,2026-01-03,2526,Aston Villa,Nottingham Forest,3,1,1,3,2.0,1.8,2.4,2.1,1.5,2.4,1.6165413533834587,1.3609022556390977
20260107_CrystalPalace_AstonVilla,2026-01-07,2526,Aston Villa,Crystal Palace,0,0,0,1,2.2,1.8,2.4,2.4,1.4,2.7,1.626865671641791,1.3582089552238805
20260118_AstonVilla_Everton,2026-01-18,2526,Aston Villa,Everton,0,1,1,0,1.6,1.4,2.0,2.0,1.4,2.5,1.614814814814815,1.348148148148148
20260125_NewcastleUnited_AstonVilla,2026-01-25,2526,Aston Villa,Newcastle United,2,0,0,3,1.2,1.4,1.4,1.8,1.4,2.2,1.6029411764705883,1.3455882352941178
20260201_AstonVilla_Brentford,2026-02-01,2526,Aston Villa,Brentford,0,1,1,0,1.2,1.2,1.4,1.9,1.4,2.2,1.6058394160583942,1.3357664233576643
20260207_Bournemouth_AstonVilla,2026-02-07,2526,Aston Villa,Bournemouth,1,1,0,1,1.0,0.6,1.4,1.5,1.2,1.9,1.5942028985507246,1.3333333333333333
20260211_AstonVilla_Brighton,2026-02-11,2526,Aston Villa,Brighton,1,0,1,3,0.6,0.6,1.0,1.4,1.2,1.7,1.589928057553957,1.330935251798561
20260221_AstonVilla_Leeds,2026-02-21,2526,Aston Villa,Leeds,1,1,1,1,0.8,0.6,1.4,1.2,1.0,1.7,1.5857142857142856,1.3214285714285714
20260227_WolverhamptonWanderers_AstonVilla,2026-02-27,2526,Aston Villa,Wolverhampton Wanderers,0,2,0,0,1.0,0.6,1.6,1.1,1.0,1.5,1.5815602836879432,1.3191489361702127
20260304_AstonVilla_Chelsea,2026-03-04,2526,Aston Villa,Chelsea,1,4,1,0,0.6,1.0,1.0,0.9,1.1,1.2,1.5704225352112675,1.323943661971831
20260315_ManchesterUnited_AstonVilla,2026-03-15,2526,Aston Villa,Manchester United,1,3,0,0,0.8,1.6,1.0,0.9,1.1,1.2,1.5664335664335665,1.3426573426573427
20260322_AstonVilla_WestHamUnited,2026-03-22,2526,Aston Villa,West Ham United,2,0,1,3,0.8,2.0,0.8,0.7,1.3,0.9,1.5625,1.3541666666666667
20260412_NottinghamForest_AstonVilla,2026-04-12,2526,Aston Villa,Nottingham Forest,1,1,0,1,1.0,2.0,0.8,0.9,1.3,1.1,1.5655172413793104,1.3448275862068966
20260419_AstonVilla_Sunderland,2026-04-19,2526,Aston Villa,Sunderland,4,3,1,3,1.0,2.0,0.8,1.0,1.3,1.2,1.5616438356164384,1.3424657534246576
20260425_Fulham_AstonVilla,2026-04-25,2526,Aston Villa,Fulham,0,1,0,0,1.8,2.2,1.4,1.2,1.6,1.2,1.5782312925170068,1.3537414965986394
20260503_AstonVilla_TottenhamHotspur,2026-05-03,2526,Aston Villa,Tottenham Hotspur,1,2,1,0,1.6,1.6,1.4,1.2,1.6,1.2,1.5675675675675675,1.3513513513513513
20260510_Burnley_AstonVilla,2026-05-10,2526,Aston Villa,Burnley,2,2,0,1,1.6,1.4,1.4,1.2,1.7,1.1,1.563758389261745,1.3557046979865772
20260515_AstonVilla_Liverpool,2026-05-15,2526,Aston Villa,Liverpool,4,2,1,3,1.6,1.8,1.0,1.3,1.9,0.9,1.5666666666666667,1.36
20260524_ManchesterCity_AstonVilla,2026-05-24,2526,Aston Villa,Manchester City,2,1,0,3,2.2,2.0,1.4,1.6,2.0,1.1,1.5827814569536425,1.3642384105960266
20220806_Bournemouth_AstonVilla,2022-08-06,2223,Bournemouth,Aston Villa,2,0,1,3,,,,,,,,
20220813_ManchesterCity_Bournemouth,2022-08-13,2223,Bournemouth,Manchester City,0,4,0,0,,,,,,,,
20220820_Bournemouth_Arsenal,2022-08-20,2223,Bournemouth,Arsenal,0,3,1,0,,,,,,,,
20220827_Liverpool_Bournemouth,2022-08-27,2223,Bournemouth,Liverpool,0,9,0,0,0.6666666666666666,2.3333333333333335,1.0,0.6666666666666666,2.3333333333333335,1.0,0.6666666666666666,2.3333333333333335
20220831_Bournemouth_WolverhamptonWanderers,2022-08-31,2223,Bournemouth,Wolverhampton Wanderers,0,0,1,1,0.5,4.0,0.75,0.5,4.0,0.75,0.5,4.0
20220903_NottinghamForest_Bournemouth,2022-09-03,2223,Bournemouth,Nottingham Forest,3,2,0,3,0.4,3.2,0.8,0.4,3.2,0.8,0.4,3.2
20220917_NewcastleUnited_Bournemouth,2022-09-17,2223,Bournemouth,Newcastle United,1,1,0,1,0.6,3.6,0.8,0.8333333333333334,3.0,1.1666666666666667,0.8333333333333334,3.0
20221001_Bournemouth_Brentford,2022-10-01,2223,Bournemouth,Brentford,0,0,1,1,0.8,3.0,1.0,0.8571428571428571,2.7142857142857144,1.1428571428571428,0.8571428571428571,2.7142857142857144
20221008_Bournemouth_LeicesterCity,2022-10-08,2223,Bournemouth,Leicester City,2,1,1,3,0.8,2.4,1.2,0.75,2.375,1.125,0.75,2.375
20221015_Fulham_Bournemouth,2022-10-15,2223,Bournemouth,Fulham,2,2,0,1,1.2,0.8,1.8,0.8888888888888888,2.2222222222222223,1.3333333333333333,0.8888888888888888,2.2222222222222223
20221019_Bournemouth_Southampton,2022-10-19,2223,Bournemouth,Southampton,0,1,1,0,1.6,1.2,1.8,1.0,2.2,1.3,1.0,2.2
20221024_WestHamUnited_Bournemouth,2022-10-24,2223,Bournemouth,West Ham United,0,2,0,0,1.0,1.0,1.2,0.8,2.3,1.0,0.9090909090909091,2.090909090909091
20221029_Bournemouth_TottenhamHotspur,2022-10-29,2223,Bournemouth,Tottenham Hotspur,2,3,1,0,0.8,1.2,1.0,0.8,2.1,1.0,0.8333333333333334,2.0833333333333335
20221105_Leeds_Bournemouth,2022-11-05,2223,Bournemouth,Leeds,3,4,0,0,1.2,1.8,0.8,1.0,2.1,1.0,0.9230769230769231,2.1538461538461537
20221112_Bournemouth_Everton,2022-11-12,2223,Bournemouth,Everton,3,0,1,3,1.4,2.4,0.2,1.3,1.6,1.0,1.0714285714285714,2.2857142857142856
20221227_Chelsea_Bournemouth,2022-12-27,2223,Bournemouth,Chelsea,0,2,0,0,1.6,2.0,0.6,1.6,1.6,1.2,1.2,2.1333333333333333
20221231_Bournemouth_CrystalPalace,2022-12-31,2223,Bournemouth,Crystal Palace,0,2,1,0,1.6,2.2,0.6,1.3,1.6,0.9,1.125,2.125
20230103_ManchesterUnited_Bournemouth,2023-01-03,2223,Bournemouth,Manchester United,0,3,0,0,1.6,2.2,0.6,1.2,1.7,0.8,1.0588235294117647,2.1176470588235294
20230114_Brentford_Bournemouth,2023-01-14,2223,Bournemouth,Brentford,0,2,0,0,1.2,2.2,0.6,1.2,2.0,0.7,1.0,2.1666666666666665
20230121_Bournemouth_NottinghamForest,2023-01-21,2223,Bournemouth,Nottingham Forest,1,1,1,1,0.6,1.8,0.6,1.0,2.1,0.4,0.9473684210526315,2.1578947368421053
20230204_Brighton_Bournemouth,2023-02-04,2223,Bournemouth,Brighton,0,1,0,0,0.2,2.0,0.2,0.9,2.0,0.4,0.95,2.1
20230211_Bournemouth_NewcastleUnited,2023-02-11,2223,Bournemouth,Newcastle United,1,1,1,1,0.2,1.8,0.2,0.9,2.0,0.4,0.9047619047619048,2.0476190476190474
20230218_WolverhamptonWanderers_Bournemouth,2023-02-18,2223,Bournemouth,Wolverhampton Wanderers,1,0,0,3,0.4,1.6,0.4,1.0,1.9,0.5,0.9090909090909091,2.0
20230225_Bournemouth_ManchesterCity,2023-02-25,2223,Bournemouth,Manchester City,1,4,1,0,0.6,1.0,1.0,0.9,1.6,0.8,0.9130434782608695,1.9130434782608696
20230304_Arsenal_Bournemouth,2023-03-04,2223,Bournemouth,Arsenal,2,3,0,0,0.8,1.4,1.0,0.7,1.6,0.8,0.9166666666666666,2.0
20230311_Bournemouth_Liverpool,2023-03-11,2223,Bournemouth,Liverpool,1,0,1,3,1.0,1.8,0.8,0.6,1.9,0.5,0.96,2.04
20230318_AstonVilla_Bournemouth,2023-03-18,2223,Bournemouth,Aston Villa,0,3,0,0,1.2,1.6,1.4,0.7,1.7,0.8,0.9615384615384616,1.9615384615384615
20230401_Bournemouth_Fulham,2023-04-01,2223,Bournemouth,Fulham,2,1,1,3,1.0,2.0,1.2,0.7,1.8,0.8,0.9259259259259259,2.0
20230404_Bournemouth_Brighton,2023-04-04,2223,Bournemouth,Brighton,0,2,1,0,1.2,2.2,1.2,0.9,1.6,1.1,0.9642857142857143,1.9642857142857142
20230408_LeicesterCity_Bournemouth,2023-04-08,2223,Bournemouth,Leicester City,1,0,0,3,1.0,1.8,1.2,0.9,1.6,1.1,0.9310344827586207,1.9655172413793103
20230415_TottenhamHotspur_Bournemouth,2023-04-15,2223,Bournemouth,Tottenham Hotspur,3,2,0,3,0.8,1.2,1.8,0.9,1.5,1.3,0.9333333333333333,1.9
20230423_Bournemouth_WestHamUnited,2023-04-23,2223,Bournemouth,West Ham United,0,4,1,0,1.2,1.6,1.8,1.2,1.6,1.6,1.0,1.903225806451613
20230427_Southampton_Bournemouth,2023-04-27,2223,Bournemouth,Southampton,1,0,0,3,1.2,1.8,1.8,1.1,1.9,1.5,0.96875,1.96875
20230430_Bournemouth_Leeds,2023-04-30,2223,Bournemouth,Leeds,4,1,1,3,1.0,1.6,1.8,1.1,1.9,1.5,0.9696969696969697,1.9090909090909092
20230506_Bournemouth_Chelsea,2023-05-06,2223,Bournemouth,Chelsea,1,3,1,0,1.8,1.4,2.4,1.4,1.6,1.8,1.0588235294117647,1.8823529411764706
20230513_CrystalPalace_Bournemouth,2023-05-13,2223,Bournemouth,Crystal Palace,0,2,0,0,1.8,2.0,1.8,1.3,1.6,1.8,1.0571428571428572,1.9142857142857144
20230520_Bournemouth_ManchesterUnited,2023-05-20,2223,Bournemouth,Manchester United,0,1,1,0,1.2,2.0,1.2,1.2,1.8,1.5,1.0277777777777777,1.9166666666666667
20230528_Everton_Bournemouth,2023-05-28,2223,Bournemouth,Everton,0,1,0,0,1.2,1.4,1.2,1.2,1.6,1.5,1.0,1.8918918918918919
20230812_Bournemouth_WestHamUnited,2023-08-12,2324,Bournemouth,West Ham United,1,1,1,1,1.0,1.6,0.6,1.0,1.6,1.2,0.9736842105263158,1.868421052631579
20230819_Liverpool_Bournemouth,2023-08-19,2324,Bournemouth,Liverpool,1,3,0,0,0.4,1.6,0.2,1.1,1.5,1.3,0.9743589743589743,1.8461538461538463
20230826_Bournemouth_TottenhamHotspur,2023-08-26,2324,Bournemouth,Tottenham Hotspur,0,2,1,0,0.4,1.6,0.2,1.1,1.8,1.0,0.975,1.875
20230902_Brentford_Bournemouth,2023-09-02,2324,Bournemouth,Brentford,2,2,0,1,0.4,1.6,0.2,0.8,1.8,0.7,0.9512195121951219,1.8780487804878048
20230917_Bournemouth_Chelsea,2023-09-17,2324,Bournemouth,Chelsea,0,0,1,1,0.8,1.8,0.4,1.0,1.6,0.8,0.9761904761904762,1.880952380952381
20230924_Brighton_Bournemouth,2023-09-24,2324,Bournemouth,Brighton,1,3,0,0,0.8,1.6,0.6,0.9,1.6,0.6,0.9534883720930233,1.8372093023255813
20230930_Bournemouth_Arsenal,2023-09-30,2324,Bournemouth,Arsenal,0,4,1,0,0.8,2.0,0.4,0.6,1.8,0.3,0.9545454545454546,1.8636363636363635
20231007_Everton_Bournemouth,2023-10-07,2324,Bournemouth,Everton,0,3,0,0,0.6,2.2,0.4,0.5,1.9,0.3,0.9333333333333333,1.9111111111111112
20231021_Bournemouth_WolverhamptonWanderers,2023-10-21,2324,Bournemouth,Wolverhampton Wanderers,1,2,1,0,0.6,2.4,0.4,0.5,2.0,0.3,0.9130434782608695,1.934782608695652
20231028_Bournemouth_Burnley,2023-10-28,2324,Bournemouth,Burnley,2,1,1,3,0.4,2.4,0.2,0.6,2.1,0.3,0.9148936170212766,1.9361702127659575
20231104_ManchesterCity_Bournemouth,2023-11-04,2324,Bournemouth,Manchester City,1,6,0,0,0.8,2.6,0.6,0.8,2.1,0.6,0.9375,1.9166666666666667
20231111_Bournemouth_NewcastleUnited,2023-11-11,2324,Bournemouth,Newcastle United,2,0,1,3,0.8,3.2,0.6,0.8,2.6,0.5,0.9387755102040817,2.0
20231125_SheffieldUnited_Bournemouth,2023-11-25,2324,Bournemouth,Sheffield United,3,1,0,3,1.2,2.4,1.2,0.9,2.3,0.8,0.96,1.96
20231203_Bournemouth_AstonVilla,2023-12-03,2324,Bournemouth,Aston Villa,2,2,1,1,1.8,2.0,1.8,1.2,2.2,1.1,1.0,1.9411764705882353
20231206_CrystalPalace_Bournemouth,2023-12-06,2324,Bournemouth,Crystal Palace,2,0,0,3,2.0,2.0,2.0,1.2,2.2,1.1,1.0192307692307692,1.9423076923076923
20231209_ManchesterUnited_Bournemouth,2023-12-09,2324,Bournemouth,Manchester United,3,0,0,3,2.0,1.8,2.0,1.4,2.2,1.3,1.0377358490566038,1.9056603773584906
20231223_NottinghamForest_Bournemouth,2023-12-23,2324,Bournemouth,Nottingham Forest,3,2,0,3,2.4,0.6,2.6,1.6,1.9,1.6,1.0740740740740742,1.8703703703703705
20231226_Bournemouth_Fulham,2023-12-26,2324,Bournemouth,Fulham,3,0,1,3,2.6,1.0,2.6,1.9,1.7,1.9,1.1090909090909091,1.8727272727272728
20231231_TottenhamHotspur_Bournemouth,2023-12-31,2324,Bournemouth,Tottenham Hotspur,1,3,0,0,2.6,0.8,2.6,2.2,1.4,2.2,1.1428571428571428,1.8392857142857142
20240121_Bournemouth_Liverpool,2024-01-21,2324,Bournemouth,Liverpool,0,4,1,0,2.4,1.0,2.4,2.2,1.5,2.2,1.1403508771929824,1.8596491228070176
20240201_WestHamUnited_Bournemouth,2024-02-01,2324,Bournemouth,West Ham United,1,1,0,1,2.0,1.8,1.8,2.0,1.8,1.9,1.1206896551724137,1.896551724137931
20240204_Bournemouth_NottinghamForest,2024-02-04,2324,Bournemouth,Nottingham Forest,1,1,1,1,1.6,2.0,1.4,2.0,1.3,2.0,1.11864406779661,1.88135593220339
20240210_Fulham_Bournemouth,2024-02-10,2324,Bournemouth,Fulham,1,3,0,0,1.2,1.8,1.0,1.9,1.4,1.8,1.1166666666666667,1.8666666666666667
20240217_NewcastleUnited_Bournemouth,2024-02-17,2324,Bournemouth,Newcastle United,2,2,0,1,0.8,2.4,0.4,1.7,1.6,1.5,1.1147540983606556,1.8852459016393444
20240224_Bournemouth_ManchesterCity,2024-02-24,2324,Bournemouth,Manchester City,0,1,1,0,1.0,2.2,0.6,1.7,1.6,1.5,1.1290322580645162,1.8870967741935485
20240303_Burnley_Bournemouth,2024-03-03,2324,Bournemouth,Burnley,2,0,0,3,1.0,1.6,0.6,1.5,1.7,1.2,1.1111111111111112,1.873015873015873
20240309_Bournemouth_SheffieldUnited,2024-03-09,2324,Bournemouth,Sheffield United,2,2,1,1,1.2,1.4,1.0,1.4,1.7,1.2,1.125,1.84375
20240313_Bournemouth_Luton,2024-03-13,2324,Bournemouth,Luton,4,3,1,3,1.4,1.6,1.0,1.3,1.7,1.0,1.1384615384615384,1.8461538461538463
20240330_Bournemouth_Everton,2024-03-30,2324,Bournemouth,Everton,2,1,1,3,2.0,1.6,1.6,1.4,2.0,1.0,1.1818181818181819,1.8636363636363635
20240402_Bournemouth_CrystalPalace,2024-04-02,2324,Bournemouth,Crystal Palace,1,0,1,3,2.0,1.4,2.0,1.5,1.8,1.3,1.1940298507462686,1.8507462686567164
20240406_Luton_Bournemouth,2024-04-06,2324,Bournemouth,Luton,1,2,0,0,2.2,1.2,2.6,1.6,1.4,1.6,1.1911764705882353,1.8235294117647058
20240413_Bournemouth_ManchesterUnited,2024-04-13,2324,Bournemouth,Manchester United,2,2,1,1,2.0,1.6,2.0,1.6,1.5,1.5,1.1884057971014492,1.826086956521739
20240421_AstonVilla_Bournemouth,2024-04-21,2324,Bournemouth,Aston Villa,1,3,0,0,2.0,1.6,2.0,1.7,1.6,1.5,1.2,1.8285714285714285
20240424_WolverhamptonWanderers_Bournemouth,2024-04-24,2324,Bournemouth,Wolverhampton Wanderers,1,0,0,3,1.4,1.6,1.4,1.7,1.6,1.5,1.1971830985915493,1.8450704225352113
20240428_Bournemouth_Brighton,2024-04-28,2324,Bournemouth,Brighton,3,0,1,3,1.2,1.4,1.4,1.6,1.4,1.7,1.1944444444444444,1.8194444444444444
20240504_Arsenal_Bournemouth,2024-05-04,2324,Bournemouth,Arsenal,0,3,0,0,1.6,1.4,1.4,1.9,1.3,2.0,1.2191780821917808,1.7945205479452055
20240511_Bournemouth_Brentford,2024-05-11,2324,Bournemouth,Brentford,1,2,1,0,1.4,1.6,1.4,1.7,1.6,1.7,1.2027027027027026,1.8108108108108107
20240519_Chelsea_Bournemouth,2024-05-19,2324,Bournemouth,Chelsea,1,2,0,0,1.2,1.6,1.2,1.6,1.6,1.6,1.2,1.8133333333333332
20240817_NottinghamForest_Bournemouth,2024-08-17,2425,Bournemouth,Nottingham Forest,1,1,0,1,1.2,1.4,1.2,1.3,1.5,1.3,1.1973684210526316,1.8157894736842106
20240825_Bournemouth_NewcastleUnited,2024-08-25,2425,Bournemouth,Newcastle United,1,1,1,1,1.2,1.6,0.8,1.2,1.5,1.1,1.1948051948051948,1.8051948051948052
20240831_Everton_Bournemouth,2024-08-31,2425,Bournemouth,Everton,3,2,0,3,0.8,1.8,0.4,1.2,1.6,0.9,1.1923076923076923,1.794871794871795
20240914_Bournemouth_Chelsea,2024-09-14,2425,Bournemouth,Chelsea,0,1,1,0,1.4,1.6,1.0,1.4,1.6,1.2,1.2151898734177216,1.7974683544303798
20240921_Liverpool_Bournemouth,2024-09-21,2425,Bournemouth,Liverpool,0,3,0,0,1.2,1.4,1.0,1.2,1.5,1.1,1.2,1.7875
20240930_Bournemouth_Southampton,2024-09-30,2425,Bournemouth,Southampton,3,1,1,3,1.0,1.6,1.0,1.1,1.5,1.1,1.1851851851851851,1.8024691358024691
20241005_LeicesterCity_Bournemouth,2024-10-05,2425,Bournemouth,Leicester City,0,1,0,0,1.4,1.6,1.4,1.3,1.6,1.1,1.2073170731707317,1.7926829268292683
20241019_Bournemouth_Arsenal,2024-10-19,2425,Bournemouth,Arsenal,2,0,1,3,1.2,1.6,1.2,1.0,1.7,0.8,1.1927710843373494,1.783132530120482
20241026_AstonVilla_Bournemouth,2024-10-26,2425,Bournemouth,Aston Villa,1,1,0,1,1.0,1.2,1.2,1.2,1.4,1.1,1.2023809523809523,1.7619047619047619
20241102_Bournemouth_ManchesterCity,2024-11-02,2425,Bournemouth,Manchester City,2,1,1,3,1.2,1.2,1.4,1.2,1.3,1.2,1.2,1.7529411764705882
20241109_Brentford_Bournemouth,2024-11-09,2425,Bournemouth,Brentford,2,3,0,0,1.6,0.8,2.0,1.3,1.2,1.5,1.2093023255813953,1.744186046511628
20241123_Bournemouth_Brighton,2024-11-23,2425,Bournemouth,Brighton,1,2,1,0,1.4,1.2,1.4,1.4,1.4,1.4,1.2183908045977012,1.7586206896551724
20241130_WolverhamptonWanderers_Bournemouth,2024-11-30,2425,Bournemouth,Wolverhampton Wanderers,4,2,0,3,1.6,1.4,1.4,1.4,1.5,1.3,1.2159090909090908,1.7613636363636365
20241205_Bournemouth_TottenhamHotspur,2024-12-05,2425,Bournemouth,Tottenham Hotspur,1,0,1,3,2.0,1.8,1.4,1.5,1.5,1.3,1.247191011235955,1.7640449438202248
20241208_Ipswich_Bournemouth,2024-12-08,2425,Bournemouth,Ipswich,2,1,0,3,2.0,1.6,1.8,1.6,1.4,1.6,1.2444444444444445,1.7444444444444445
20241216_Bournemouth_WestHamUnited,2024-12-16,2425,Bournemouth,West Ham United,1,1,1,1,2.0,1.6,1.8,1.8,1.2,1.9,1.2527472527472527,1.7362637362637363
20241222_ManchesterUnited_Bournemouth,2024-12-22,2425,Bournemouth,Manchester United,3,0,0,3,1.8,1.2,2.0,1.6,1.2,1.7,1.25,1.7282608695652173
20241226_Bournemouth_CrystalPalace,2024-12-26,2425,Bournemouth,Crystal Palace,0,0,1,1,2.2,0.8,2.6,1.9,1.1,2.0,1.2688172043010753,1.7096774193548387
20241229_Fulham_Bournemouth,2024-12-29,2425,Bournemouth,Fulham,2,2,0,1,1.4,0.4,2.2,1.7,1.1,1.8,1.2553191489361701,1.6914893617021276
20250104_Bournemouth_Everton,2025-01-04,2425,Bournemouth,Everton,1,0,1,3,1.6,0.8,1.8,1.8,1.2,1.8,1.263157894736842,1.694736842105263
20250114_Chelsea_Bournemouth,2025-01-14,2425,Bournemouth,Chelsea,2,2,0,1,1.4,0.6,1.8,1.7,1.1,1.8,1.2604166666666667,1.6770833333333333
20250118_NewcastleUnited_Bournemouth,2025-01-18,2425,Bournemouth,Newcastle United,4,1,0,3,1.6,0.8,1.8,1.7,1.0,1.9,1.268041237113402,1.6804123711340206
20250125_Bournemouth_NottinghamForest,2025-01-25,2425,Bournemouth,Nottingham Forest,5,0,1,3,1.8,1.0,1.8,2.0,0.9,2.2,1.2959183673469388,1.6734693877551021
20250201_Bournemouth_Liverpool,2025-02-01,2425,Bournemouth,Liverpool,0,2,1,0,2.8,1.0,2.2,2.1,0.7,2.2,1.3333333333333333,1.6565656565656566
20250215_Southampton_Bournemouth,2025-02-15,2425,Bournemouth,Southampton,3,1,0,3,2.4,1.0,2.0,2.0,0.9,1.9,1.32,1.66
20250222_Bournemouth_WolverhamptonWanderers,2025-02-22,2425,Bournemouth,Wolverhampton Wanderers,0,1,1,0,2.8,1.2,2.0,2.1,0.9,1.9,1.3366336633663367,1.6534653465346534
20250225_Brighton_Bournemouth,2025-02-25,2425,Bournemouth,Brighton,1,2,0,0,2.4,1.0,1.8,2.0,0.9,1.8,1.3235294117647058,1.6470588235294117
20250309_TottenhamHotspur_Bournemouth,2025-03-09,2425,Bournemouth,Tottenham Hotspur,2,2,0,1,1.8,1.2,1.2,1.8,1.1,1.5,1.3203883495145632,1.6504854368932038
20250315_Bournemouth_Brentford,2025-03-15,2425,Bournemouth,Brentford,1,2,1,0,1.2,1.6,0.8,2.0,1.3,1.5,1.3269230769230769,1.6538461538461537
20250402_Bournemouth_Ipswich,2025-04-02,2425,Bournemouth,Ipswich,1,2,1,0,1.4,1.6,0.8,1.9,1.3,1.4,1.3238095238095238,1.6571428571428573
20250405_WestHamUnited_Bournemouth,2025-04-05,2425,Bournemouth,West Ham United,2,2,0,1,1.0,1.8,0.2,1.9,1.5,1.1,1.320754716981132,1.6603773584905661
20250414_Bournemouth_Fulham,2025-04-14,2425,Bournemouth,Fulham,1,0,1,3,1.4,2.0,0.4,1.9,1.5,1.1,1.3271028037383177,1.6635514018691588
20250419_CrystalPalace_Bournemouth,2025-04-19,2425,Bournemouth,Crystal Palace,0,0,0,1,1.4,1.6,1.0,1.6,1.4,1.1,1.3240740740740742,1.6481481481481481
20250427_Bournemouth_ManchesterUnited,2025-04-27,2425,Bournemouth,Manchester United,1,1,1,1,1.0,1.2,1.0,1.1,1.4,0.9,1.311926605504587,1.6330275229357798
20250503_Arsenal_Bournemouth,2025-05-03,2425,Bournemouth,Arsenal,2,1,0,3,1.0,1.0,1.2,1.2,1.3,1.0,1.309090909090909,1.6272727272727272
20250510_Bournemouth_AstonVilla,2025-05-10,2425,Bournemouth,Aston Villa,0,1,1,0,1.2,0.8,1.8,1.1,1.3,1.0,1.3153153153153154,1.6216216216216217
20250520_ManchesterCity_Bournemouth,2025-05-20,2425,Bournemouth,Manchester City,1,3,0,0,0.8,0.6,1.6,1.1,1.3,1.0,1.3035714285714286,1.6160714285714286
20250525_Bournemouth_LeicesterCity,2025-05-25,2425,Bournemouth,Leicester City,2,0,1,3,0.8,1.2,1.0,1.1,1.4,1.0,1.3008849557522124,1.6283185840707965
20250815_Liverpool_Bournemouth,2025-08-15,2526,Bournemouth,Liverpool,2,4,0,0,1.2,1.2,1.4,1.1,1.2,1.2,1.3070175438596492,1.6140350877192982
20250823_Bournemouth_WolverhamptonWanderers,2025-08-23,2526,Bournemouth,Wolverhampton Wanderers,1,0,1,3,1.4,1.8,1.2,1.2,1.4,1.2,1.3130434782608695,1.6347826086956523
20250830_TottenhamHotspur_Bournemouth,2025-08-30,2526,Bournemouth,Tottenham Hotspur,1,0,0,3,1.2,1.6,1.2,1.2,1.2,1.5,1.3103448275862069,1.6206896551724137
20250913_Bournemouth_Brighton,2025-09-13,2526,Bournemouth,Brighton,2,1,1,3,1.4,1.4,1.8,1.1,1.0,1.7,1.3076923076923077,1.606837606837607
20250921_Bournemouth_NewcastleUnited,2025-09-21,2526,Bournemouth,Newcastle United,0,0,1,1,1.6,1.0,2.4,1.2,1.1,1.7,1.3135593220338984,1.6016949152542372
20250927_Leeds_Bournemouth,2025-09-27,2526,Bournemouth,Leeds,2,2,0,1,1.2,1.0,2.0,1.2,1.1,1.7,1.3025210084033614,1.588235294117647
20251003_Bournemouth_Fulham,2025-10-03,2526,Bournemouth,Fulham,3,1,1,3,1.2,0.6,2.2,1.3,1.2,1.7,1.3083333333333333,1.5916666666666666
20251018_CrystalPalace_Bournemouth,2025-10-18,2526,Bournemouth,Crystal Palace,3,3,0,1,1.6,0.8,2.2,1.4,1.2,1.7,1.322314049586777,1.5867768595041323
20251026_Bournemouth_NottinghamForest,2025-10-26,2526,Bournemouth,Nottingham Forest,2,0,1,3,2.0,1.4,1.8,1.7,1.4,1.8,1.3360655737704918,1.598360655737705
20251102_ManchesterCity_Bournemouth,2025-11-02,2526,Bournemouth,Manchester City,1,3,0,0,2.0,1.2,1.8,1.8,1.1,2.1,1.3414634146341464,1.5853658536585367
20251109_AstonVilla_Bournemouth,2025-11-09,2526,Bournemouth,Aston Villa,0,4,0,0,2.2,1.8,1.6,1.7,1.4,1.8,1.3387096774193548,1.596774193548387
20251122_Bournemouth_WestHamUnited,2025-11-22,2526,Bournemouth,West Ham United,2,2,1,1,1.8,2.2,1.4,1.5,1.4,1.8,1.328,1.616
20251129_Sunderland_Bournemouth,2025-11-29,2526,Bournemouth,Sunderland,2,3,0,0,1.6,2.4,1.0,1.6,1.6,1.6,1.3333333333333333,1.619047619047619
20251202_Bournemouth_Everton,2025-12-02,2526,Bournemouth,Everton,0,1,1,0,1.4,2.4,0.8,1.7,1.9,1.3,1.3385826771653544,1.6299212598425197
20251206_Bournemouth_Chelsea,2025-12-06,2526,Bournemouth,Chelsea,0,0,1,1,1.0,2.6,0.2,1.5,1.9,1.0,1.328125,1.625
20251215_ManchesterUnited_Bournemouth,2025-12-15,2526,Bournemouth,Manchester United,4,4,0,1,0.8,2.0,0.4,1.5,1.9,1.0,1.317829457364341,1.6124031007751938
20251220_Bournemouth_Burnley,2025-12-20,2526,Bournemouth,Burnley,1,1,1,1,1.6,2.0,0.6,1.7,2.1,1.0,1.3384615384615384,1.6307692307692307
20251227_Brentford_Bournemouth,2025-12-27,2526,Bournemouth,Brentford,1,4,0,0,1.4,1.8,0.6,1.5,2.1,0.8,1.3358778625954197,1.6259541984732824
20251230_Chelsea_Bournemouth,2025-12-30,2526,Bournemouth,Chelsea,2,2,0,1,1.2,2.0,0.6,1.3,2.2,0.7,1.3333333333333333,1.643939393939394
20260103_Bournemouth_Arsenal,2026-01-03,2526,Bournemouth,Arsenal,2,3,1,0,1.6,2.2,0.8,1.3,2.4,0.5,1.3383458646616542,1.6466165413533835
20260107_Bournemouth_TottenhamHotspur,2026-01-07,2526,Bournemouth,Tottenham Hotspur,3,2,1,3,2.0,2.8,0.6,1.4,2.4,0.5,1.3432835820895523,1.6567164179104477
20260119_Brighton_Bournemouth,2026-01-19,2526,Bournemouth,Brighton,1,1,0,1,1.8,2.4,1.0,1.7,2.2,0.8,1.3555555555555556,1.6592592592592592
20260124_Bournemouth_Liverpool,2026-01-24,2526,Bournemouth,Liverpool,3,2,1,3,1.8,2.4,1.0,1.6,2.1,0.8,1.3529411764705883,1.6544117647058822
20260131_WolverhamptonWanderers_Bournemouth,2026-01-31,2526,Bournemouth,Wolverhampton Wanderers,2,0,0,3,2.2,2.0,1.6,1.7,2.0,1.1,1.364963503649635,1.6569343065693432
20260207_Bournemouth_AstonVilla,2026-02-07,2526,Bournemouth,Aston Villa,1,1,1,1,2.2,1.6,2.0,1.9,1.9,1.4,1.3695652173913044,1.644927536231884
20260210_Everton_Bournemouth,2026-02-10,2526,Bournemouth,Everton,2,1,0,3,2.0,1.2,2.2,2.0,2.0,1.4,1.3669064748201438,1.6402877697841727
20260221_WestHamUnited_Bournemouth,2026-02-21,2526,Bournemouth,West Ham United,0,0,0,1,1.8,1.0,2.2,1.8,1.7,1.6,1.3714285714285714,1.6357142857142857
20260228_Bournemouth_Sunderland,2026-02-28,2526,Bournemouth,Sunderland,1,1,1,1,1.6,0.8,2.2,1.7,1.6,1.6,1.3617021276595744,1.624113475177305
20260303_Bournemouth_Brentford,2026-03-03,2526,Bournemouth,Brentford,0,0,1,1,1.2,0.6,1.8,1.7,1.3,1.7,1.3591549295774648,1.619718309859155
20260314_Burnley_Bournemouth,2026-03-14,2526,Bournemouth,Burnley,0,0,0,1,0.8,0.6,1.4,1.5,1.1,1.7,1.3496503496503496,1.6083916083916083
20260320_Bournemouth_ManchesterUnited,2026-03-20,2526,Bournemouth,Manchester United,2,2,1,1,0.6,0.4,1.4,1.3,0.8,1.8,1.3402777777777777,1.5972222222222223
20260411_Arsenal_Bournemouth,2026-04-11,2526,Bournemouth,Arsenal,2,1,0,3,0.6,0.6,1.0,1.2,0.8,1.6,1.3448275862068966,1.6
20260418_NewcastleUnited_Bournemouth,2026-04-18,2526,Bournemouth,Newcastle United,2,1,0,3,1.0,0.8,1.4,1.3,0.8,1.8,1.3493150684931507,1.595890410958904
20260422_Bournemouth_Leeds,2026-04-22,2526,Bournemouth,Leeds,2,2,1,1,1.2,0.8,1.8,1.2,0.7,1.8,1.3537414965986394,1.5918367346938775
20260503_Bournemouth_CrystalPalace,2026-05-03,2526,Bournemouth,Crystal Palace,3,0,1,3,1.6,1.2,1.8,1.2,0.9,1.6,1.3581081081081081,1.5945945945945945
20260509_Fulham_Bournemouth,2026-05-09,2526,Bournemouth,Fulham,1,0,0,3,2.2,1.2,2.2,1.4,0.8,1.8,1.3691275167785235,1.5838926174496644
20260519_Bournemouth_ManchesterCity,2026-05-19,2526,Bournemouth,Manchester City,1,1,1,1,2.0,0.8,2.6,1.3,0.7,1.8,1.3666666666666667,1.5733333333333333
20260524_NottinghamForest_Bournemouth,2026-05-24,2526,Bournemouth,Nottingham Forest,1,1,0,1,1.8,0.8,2.2,1.4,0.8,1.8,1.3642384105960266,1.5695364238410596
20220807_LeicesterCity_Brentford,2022-08-07,2223,Brentford,Leicester City,2,2,0,1,,,,,,,,
20220813_Brentford_ManchesterUnited,2022-08-13,2223,Brentford,Manchester United,4,0,1,3,,,,,,,,
20220820_Fulham_Brentford,2022-08-20,2223,Brentford,Fulham,2,3,0,0,,,,,,,,
20220827_Brentford_Everton,2022-08-27,2223,Brentford,Everton,1,1,1,1,2.6666666666666665,1.6666666666666667,1.3333333333333333,2.6666666666666665,1.6666666666666667,1.3333333333333333,2.6666666666666665,1.6666666666666667
20220830_CrystalPalace_Brentford,2022-08-30,2223,Brentford,Crystal Palace,1,1,0,1,2.25,1.5,1.25,2.25,1.5,1.25,2.25,1.5
20220903_Brentford_Leeds,2022-09-03,2223,Brentford,Leeds,5,2,1,3,2.0,1.4,1.2,2.0,1.4,1.2,2.0,1.4
20220918_Brentford_Arsenal,2022-09-18,2223,Brentford,Arsenal,0,3,1,0,2.6,1.4,1.6,2.5,1.5,1.5,2.5,1.5
20221001_Bournemouth_Brentford,2022-10-01,2223,Brentford,Bournemouth,0,0,0,1,1.8,2.0,1.0,2.142857142857143,1.7142857142857142,1.2857142857142858,2.142857142857143,1.7142857142857142
20221008_NewcastleUnited_Brentford,2022-10-08,2223,Brentford,Newcastle United,1,5,0,0,1.4,1.4,1.2,1.875,1.5,1.25,1.875,1.5
20221014_Brentford_Brighton,2022-10-14,2223,Brentford,Brighton,2,0,1,3,1.4,2.2,1.0,1.7777777777777777,1.8888888888888888,1.1111111111111112,1.7777777777777777,1.8888888888888888
20221019_Brentford_Chelsea,2022-10-19,2223,Brentford,Chelsea,0,0,1,1,1.6,2.0,1.4,1.8,1.7,1.3,1.8,1.7
20221023_AstonVilla_Brentford,2022-10-23,2223,Brentford,Aston Villa,0,4,0,0,0.6,1.6,1.0,1.6,1.5,1.3,1.6363636363636365,1.5454545454545454
20221029_Brentford_WolverhamptonWanderers,2022-10-29,2223,Brentford,Wolverhampton Wanderers,1,1,1,1,0.6,1.8,1.0,1.2,1.9,1.0,1.5,1.75
20221105_NottinghamForest_Brentford,2022-11-05,2223,Brentford,Nottingham Forest,2,2,0,1,0.8,2.0,1.0,1.1,1.7,1.1,1.4615384615384615,1.6923076923076923
20221112_ManchesterCity_Brentford,2022-11-12,2223,Brentford,Manchester City,2,1,0,3,1.0,1.4,1.2,1.2,1.8,1.1,1.5,1.7142857142857142
20221226_Brentford_TottenhamHotspur,2022-12-26,2223,Brentford,Tottenham Hotspur,2,2,1,1,1.0,1.6,1.2,1.3,1.8,1.3,1.5333333333333334,1.6666666666666667
20221230_WestHamUnited_Brentford,2022-12-30,2223,Brentford,West Ham United,2,0,0,3,1.4,2.0,1.2,1.0,1.8,1.1,1.5625,1.6875
20230102_Brentford_Liverpool,2023-01-02,2223,Brentford,Liverpool,3,1,1,3,1.8,1.2,1.8,1.2,1.5,1.4,1.588235294117647,1.588235294117647
20230114_Brentford_Bournemouth,2023-01-14,2223,Brentford,Bournemouth,2,0,1,3,2.2,1.2,2.2,1.5,1.6,1.6,1.6666666666666667,1.5555555555555556
20230122_Leeds_Brentford,2023-01-22,2223,Brentford,Leeds,0,0,0,1,2.2,0.8,2.6,1.6,1.1,1.9,1.6842105263157894,1.4736842105263157
20230204_Brentford_Southampton,2023-02-04,2223,Brentford,Southampton,3,0,1,3,1.8,0.6,2.2,1.4,1.1,1.7,1.6,1.4
20230211_Arsenal_Brentford,2023-02-11,2223,Brentford,Arsenal,1,1,0,1,2.0,0.2,2.6,1.7,1.1,1.9,1.6666666666666667,1.3333333333333333
20230218_Brentford_CrystalPalace,2023-02-18,2223,Brentford,Crystal Palace,1,1,1,1,1.8,0.4,2.2,1.8,0.8,2.0,1.6363636363636365,1.3181818181818181
20230306_Brentford_Fulham,2023-03-06,2223,Brentford,Fulham,3,2,1,3,1.4,0.4,1.8,1.8,0.8,2.0,1.608695652173913,1.3043478260869565
20230311_Everton_Brentford,2023-03-11,2223,Brentford,Everton,0,1,0,0,1.6,0.8,1.8,1.9,0.8,2.2,1.6666666666666667,1.3333333333333333
20230315_Southampton_Brentford,2023-03-15,2223,Brentford,Southampton,2,0,0,3,1.6,1.0,1.6,1.7,0.8,1.9,1.6,1.32
20230318_Brentford_LeicesterCity,2023-03-18,2223,Brentford,Leicester City,1,1,1,1,1.4,1.0,1.6,1.7,0.6,2.1,1.6153846153846154,1.2692307692307692
20230401_Brighton_Brentford,2023-04-01,2223,Brentford,Brighton,3,3,0,1,1.4,1.0,1.6,1.6,0.7,1.9,1.5925925925925926,1.2592592592592593
20230405_ManchesterUnited_Brentford,2023-04-05,2223,Brentford,Manchester United,0,1,0,0,1.8,1.4,1.6,1.6,0.9,1.7,1.6428571428571428,1.3214285714285714
20230408_Brentford_NewcastleUnited,2023-04-08,2223,Brentford,Newcastle United,1,2,1,0,1.2,1.2,1.0,1.4,1.0,1.4,1.5862068965517242,1.3103448275862069
20230415_WolverhamptonWanderers_Brentford,2023-04-15,2223,Brentford,Wolverhampton Wanderers,0,2,0,0,1.4,1.4,1.0,1.5,1.2,1.3,1.5666666666666667,1.3333333333333333
20230422_Brentford_AstonVilla,2023-04-22,2223,Brentford,Aston Villa,1,1,1,1,1.0,1.8,0.4,1.2,1.4,1.0,1.5161290322580645,1.3548387096774193
20230426_Chelsea_Brentford,2023-04-26,2223,Brentford,Chelsea,2,0,0,3,1.0,1.8,0.4,1.2,1.4,1.0,1.5,1.34375
20230429_Brentford_NottinghamForest,2023-04-29,2223,Brentford,Nottingham Forest,2,1,1,3,0.8,1.2,0.8,1.3,1.3,1.2,1.5151515151515151,1.303030303030303
20230506_Liverpool_Brentford,2023-05-06,2223,Brentford,Liverpool,0,1,0,0,1.2,1.2,1.4,1.2,1.2,1.2,1.5294117647058822,1.2941176470588236
20230514_Brentford_WestHamUnited,2023-05-14,2223,Brentford,West Ham United,2,0,1,3,1.0,1.0,1.4,1.2,1.2,1.2,1.4857142857142858,1.2857142857142858
20230520_TottenhamHotspur_Brentford,2023-05-20,2223,Brentford,Tottenham Hotspur,3,1,0,3,1.4,0.6,2.0,1.2,1.2,1.2,1.5,1.25
20230528_Brentford_ManchesterCity,2023-05-28,2223,Brentford,Manchester City,1,0,1,3,1.8,0.6,2.4,1.4,1.2,1.4,1.5405405405405406,1.2432432432432432
20230813_Brentford_TottenhamHotspur,2023-08-13,2324,Brentford,Tottenham Hotspur,2,2,1,1,1.6,0.6,2.4,1.2,0.9,1.6,1.5263157894736843,1.2105263157894737
20230819_Fulham_Brentford,2023-08-19,2324,Brentford,Fulham,3,0,0,3,1.6,0.8,2.0,1.4,1.0,1.7,1.5384615384615385,1.2307692307692308
20230826_Brentford_CrystalPalace,2023-08-26,2324,Brentford,Crystal Palace,1,1,1,1,2.2,0.6,2.6,1.6,0.8,2.0,1.575,1.2
20230902_Brentford_Bournemouth,2023-09-02,2324,Brentford,Bournemouth,2,2,1,1,2.0,0.8,2.2,1.7,0.7,2.1,1.5609756097560976,1.1951219512195121
20230916_NewcastleUnited_Brentford,2023-09-16,2324,Brentford,Newcastle United,0,1,0,0,1.8,1.0,1.8,1.8,0.8,2.1,1.5714285714285714,1.2142857142857142
20230923_Brentford_Everton,2023-09-23,2324,Brentford,Everton,1,3,1,0,1.6,1.2,1.2,1.6,0.9,1.8,1.5348837209302326,1.2093023255813953
20231001_NottinghamForest_Brentford,2023-10-01,2324,Brentford,Nottingham Forest,1,1,0,1,1.4,1.4,1.0,1.5,1.1,1.5,1.5227272727272727,1.25
20231007_ManchesterUnited_Brentford,2023-10-07,2324,Brentford,Manchester United,1,2,0,0,1.0,1.6,0.6,1.6,1.1,1.6,1.511111111111111,1.2444444444444445
20231021_Brentford_Burnley,2023-10-21,2324,Brentford,Burnley,3,0,1,3,1.0,1.8,0.4,1.5,1.3,1.3,1.5,1.2608695652173914
20231028_Chelsea_Brentford,2023-10-28,2324,Brentford,Chelsea,2,0,0,3,1.2,1.4,0.8,1.5,1.2,1.3,1.5319148936170213,1.2340425531914894
20231104_Brentford_WestHamUnited,2023-11-04,2324,Brentford,West Ham United,3,2,1,3,1.6,1.2,1.4,1.6,1.2,1.3,1.5416666666666667,1.2083333333333333
20231112_Liverpool_Brentford,2023-11-12,2324,Brentford,Liverpool,0,3,0,0,2.0,1.0,2.0,1.7,1.2,1.5,1.5714285714285714,1.2244897959183674
20231125_Brentford_Arsenal,2023-11-25,2324,Brentford,Arsenal,0,1,1,0,1.8,1.4,1.8,1.4,1.5,1.2,1.54,1.26
20231202_Brentford_Luton,2023-12-02,2324,Brentford,Luton,3,1,1,3,1.6,1.2,1.8,1.3,1.5,1.1,1.5098039215686274,1.2549019607843137
20231206_Brighton_Brentford,2023-12-06,2324,Brentford,Brighton,1,2,0,0,1.6,1.4,1.8,1.4,1.4,1.3,1.5384615384615385,1.25
20231209_SheffieldUnited_Brentford,2023-12-09,2324,Brentford,Sheffield United,0,1,0,0,1.4,1.8,1.2,1.5,1.5,1.3,1.528301886792453,1.2641509433962264
20231217_Brentford_AstonVilla,2023-12-17,2324,Brentford,Aston Villa,1,2,1,0,0.8,1.6,0.6,1.4,1.3,1.3,1.5,1.2592592592592593
20231227_Brentford_WolverhamptonWanderers,2023-12-27,2324,Brentford,Wolverhampton Wanderers,1,4,1,0,1.0,1.4,0.6,1.4,1.4,1.2,1.490909090909091,1.2727272727272727
20231230_CrystalPalace_Brentford,2023-12-30,2324,Brentford,Crystal Palace,1,3,0,0,1.2,2.0,0.6,1.4,1.6,1.2,1.4821428571428572,1.3214285714285714
20240120_Brentford_NottinghamForest,2024-01-20,2324,Brentford,Nottingham Forest,3,2,1,3,0.8,2.4,0.0,1.2,1.9,0.9,1.4736842105263157,1.3508771929824561
20240131_TottenhamHotspur_Brentford,2024-01-31,2324,Brentford,Tottenham Hotspur,2,3,0,0,1.2,2.4,0.6,1.3,2.1,0.9,1.5,1.3620689655172413
20240205_Brentford_ManchesterCity,2024-02-05,2324,Brentford,Manchester City,1,3,1,0,1.6,2.8,0.6,1.2,2.2,0.6,1.5084745762711864,1.3898305084745763
20240210_WolverhamptonWanderers_Brentford,2024-02-10,2324,Brentford,Wolverhampton Wanderers,2,0,0,3,1.6,3.0,0.6,1.3,2.2,0.6,1.5,1.4166666666666667
20240217_Brentford_Liverpool,2024-02-17,2324,Brentford,Liverpool,1,4,1,0,1.8,2.2,1.2,1.5,2.1,0.9,1.5081967213114753,1.3934426229508197
20240220_ManchesterCity_Brentford,2024-02-20,2324,Brentford,Manchester City,0,1,0,0,1.8,2.4,1.2,1.3,2.4,0.6,1.5,1.435483870967742
20240226_WestHamUnited_Brentford,2024-02-26,2324,Brentford,West Ham United,2,4,0,0,1.2,2.2,0.6,1.2,2.3,0.6,1.4761904761904763,1.4285714285714286
20240302_Brentford_Chelsea,2024-03-02,2324,Brentford,Chelsea,2,2,1,1,1.2,2.4,0.6,1.4,2.6,0.6,1.484375,1.46875
20240309_Arsenal_Brentford,2024-03-09,2324,Brentford,Arsenal,1,2,0,0,1.4,2.2,0.8,1.5,2.6,0.7,1.4923076923076923,1.476923076923077
20240316_Burnley_Brentford,2024-03-16,2324,Brentford,Burnley,1,2,0,0,1.2,2.6,0.2,1.5,2.4,0.7,1.4848484848484849,1.4848484848484849
20240330_Brentford_ManchesterUnited,2024-03-30,2324,Brentford,Manchester United,1,1,1,1,1.2,2.2,0.2,1.5,2.3,0.7,1.4776119402985075,1.492537313432836
20240403_Brentford_Brighton,2024-04-03,2324,Brentford,Brighton,0,0,1,1,1.4,2.2,0.4,1.3,2.2,0.5,1.4705882352941178,1.4852941176470589
20240406_AstonVilla_Brentford,2024-04-06,2324,Brentford,Aston Villa,3,3,0,1,1.0,1.4,0.6,1.1,1.9,0.6,1.4492753623188406,1.463768115942029
20240413_Brentford_SheffieldUnited,2024-04-13,2324,Brentford,Sheffield United,2,0,1,3,1.2,1.6,0.6,1.3,1.9,0.7,1.4714285714285715,1.4857142857142858
20240420_Luton_Brentford,2024-04-20,2324,Brentford,Luton,5,1,0,3,1.4,1.2,1.2,1.3,1.9,0.7,1.4788732394366197,1.4647887323943662
20240427_Everton_Brentford,2024-04-27,2324,Brentford,Everton,0,1,0,0,2.2,1.0,1.8,1.7,1.6,1.0,1.5277777777777777,1.4583333333333333
20240504_Brentford_Fulham,2024-05-04,2324,Brentford,Fulham,0,0,1,1,2.0,1.0,1.6,1.7,1.6,1.0,1.5068493150684932,1.452054794520548
20240511_Bournemouth_Brentford,2024-05-11,2324,Brentford,Bournemouth,2,1,0,3,2.0,1.0,1.6,1.5,1.2,1.1,1.4864864864864864,1.4324324324324325
20240519_Brentford_NewcastleUnited,2024-05-19,2324,Brentford,Newcastle United,2,4,1,0,1.8,0.6,2.0,1.5,1.1,1.3,1.4933333333333334,1.4266666666666667
20240818_Brentford_CrystalPalace,2024-08-18,2425,Brentford,Crystal Palace,2,1,1,3,1.8,1.4,1.4,1.6,1.3,1.3,1.5,1.4605263157894737
20240825_Liverpool_Brentford,2024-08-25,2425,Brentford,Liverpool,0,2,0,0,1.2,1.4,1.4,1.7,1.2,1.6,1.5064935064935066,1.4545454545454546
20240831_Brentford_Southampton,2024-08-31,2425,Brentford,Southampton,3,1,1,3,1.2,1.6,1.4,1.6,1.3,1.5,1.4871794871794872,1.4615384615384615
20240914_ManchesterCity_Brentford,2024-09-14,2425,Brentford,Manchester City,1,2,0,0,1.8,1.8,1.8,1.9,1.4,1.7,1.5063291139240507,1.4556962025316456
20240921_TottenhamHotspur_Brentford,2024-09-21,2425,Brentford,Tottenham Hotspur,1,3,0,0,1.6,2.0,1.2,1.7,1.3,1.6,1.5,1.4625
20240928_Brentford_WestHamUnited,2024-09-28,2425,Brentford,West Ham United,1,1,1,1,1.4,1.8,1.2,1.6,1.6,1.3,1.4938271604938271,1.4814814814814814
20241005_Brentford_WolverhamptonWanderers,2024-10-05,2425,Brentford,Wolverhampton Wanderers,5,3,1,3,1.2,1.8,0.8,1.2,1.6,1.1,1.4878048780487805,1.475609756097561
20241019_ManchesterUnited_Brentford,2024-10-19,2425,Brentford,Manchester United,1,2,0,0,2.2,2.0,1.4,1.7,1.8,1.4,1.5301204819277108,1.4939759036144578
20241026_Brentford_Ipswich,2024-10-26,2425,Brentford,Ipswich,4,3,1,3,1.8,2.2,0.8,1.8,2.0,1.3,1.5238095238095237,1.5
20241104_Fulham_Brentford,2024-11-04,2425,Brentford,Fulham,1,2,0,0,2.4,2.4,1.4,2.0,2.2,1.3,1.5529411764705883,1.5176470588235293
20241109_Brentford_Bournemouth,2024-11-09,2425,Brentford,Bournemouth,3,2,1,3,2.4,2.2,1.4,1.9,2.0,1.3,1.5465116279069768,1.5232558139534884
20241123_Everton_Brentford,2024-11-23,2425,Brentford,Everton,0,0,0,1,2.8,2.4,1.8,2.0,2.1,1.3,1.5632183908045978,1.528735632183908
20241130_Brentford_LeicesterCity,2024-11-30,2425,Brentford,Leicester City,4,1,1,3,1.8,1.8,1.4,2.0,1.9,1.4,1.5454545454545454,1.5113636363636365
20241204_AstonVilla_Brentford,2024-12-04,2425,Brentford,Aston Villa,1,3,0,0,2.4,1.6,2.0,2.1,1.9,1.4,1.5730337078651686,1.5056179775280898
20241207_Brentford_NewcastleUnited,2024-12-07,2425,Brentford,Newcastle United,4,2,1,3,1.8,1.6,1.4,2.1,2.0,1.4,1.5666666666666667,1.5222222222222221
20241215_Chelsea_Brentford,2024-12-15,2425,Brentford,Chelsea,1,2,0,0,2.4,1.6,2.0,2.4,1.9,1.7,1.5934065934065933,1.5274725274725274
20241221_Brentford_NottinghamForest,2024-12-21,2425,Brentford,Nottingham Forest,0,2,1,0,2.0,1.6,1.4,2.4,2.0,1.6,1.5869565217391304,1.5326086956521738
20241227_Brighton_Brentford,2024-12-27,2425,Brentford,Brighton,0,0,0,1,2.0,2.0,1.2,1.9,1.9,1.3,1.5698924731182795,1.5376344086021505
20250101_Brentford_Arsenal,2025-01-01,2425,Brentford,Arsenal,1,3,1,0,1.2,1.8,0.8,1.8,1.7,1.4,1.553191489361702,1.5212765957446808
20250104_Southampton_Brentford,2025-01-04,2425,Brentford,Southampton,5,0,0,3,1.2,1.8,0.8,1.5,1.7,1.1,1.5473684210526315,1.5368421052631578
20250114_Brentford_ManchesterCity,2025-01-14,2425,Brentford,Manchester City,2,2,1,1,1.4,1.4,0.8,1.9,1.5,1.4,1.5833333333333333,1.5208333333333333
20250118_Brentford_Liverpool,2025-01-18,2425,Brentford,Liverpool,0,2,1,0,1.6,1.4,1.0,1.8,1.5,1.2,1.5876288659793814,1.5257731958762886
20250126_CrystalPalace_Brentford,2025-01-26,2425,Brentford,Crystal Palace,2,1,0,3,1.6,1.4,1.0,1.8,1.7,1.1,1.5714285714285714,1.530612244897959
20250202_Brentford_TottenhamHotspur,2025-02-02,2425,Brentford,Tottenham Hotspur,0,2,1,0,2.0,1.6,1.4,1.6,1.7,1.1,1.5757575757575757,1.5252525252525253
20250215_WestHamUnited_Brentford,2025-02-15,2425,Brentford,West Ham United,1,0,0,3,1.8,1.4,1.4,1.5,1.6,1.1,1.56,1.53
20250221_LeicesterCity_Brentford,2025-02-21,2425,Brentford,Leicester City,4,0,0,3,1.0,1.4,1.4,1.2,1.4,1.1,1.5544554455445545,1.5148514851485149
20250226_Brentford_Everton,2025-02-26,2425,Brentford,Everton,1,1,1,1,1.4,1.0,1.8,1.5,1.2,1.4,1.5784313725490196,1.5
20250308_Brentford_AstonVilla,2025-03-08,2425,Brentford,Aston Villa,0,1,1,0,1.6,0.8,2.0,1.6,1.1,1.5,1.5728155339805825,1.4951456310679612
20250315_Bournemouth_Brentford,2025-03-15,2425,Brentford,Bournemouth,2,1,0,3,1.2,0.8,1.4,1.6,1.2,1.4,1.5576923076923077,1.4903846153846154
20250402_NewcastleUnited_Brentford,2025-04-02,2425,Brentford,Newcastle United,1,2,0,0,1.6,0.6,2.0,1.7,1.0,1.7,1.561904761904762,1.4857142857142858
20250406_Brentford_Chelsea,2025-04-06,2425,Brentford,Chelsea,0,0,1,1,1.6,1.0,1.4,1.3,1.2,1.4,1.5566037735849056,1.490566037735849
20250412_Arsenal_Brentford,2025-04-12,2425,Brentford,Arsenal,1,1,0,1,0.8,1.0,1.0,1.1,1.0,1.4,1.5420560747663552,1.4766355140186915
20250419_Brentford_Brighton,2025-04-19,2425,Brentford,Brighton,4,2,1,3,0.8,1.0,1.0,1.2,0.9,1.5,1.537037037037037,1.4722222222222223
20250501_NottinghamForest_Brentford,2025-05-01,2425,Brentford,Nottingham Forest,2,0,0,3,1.6,1.2,1.6,1.4,1.0,1.5,1.5596330275229358,1.4770642201834863
20250504_Brentford_ManchesterUnited,2025-05-04,2425,Brentford,Manchester United,4,3,1,3,1.6,1.0,1.6,1.6,0.8,1.8,1.5636363636363637,1.4636363636363636
20250510_Ipswich_Brentford,2025-05-10,2425,Brentford,Ipswich,1,0,0,3,2.2,1.2,2.2,1.9,1.1,1.8,1.5855855855855856,1.4774774774774775
20250518_Brentford_Fulham,2025-05-18,2425,Brentford,Fulham,2,3,1,0,2.4,1.2,2.6,1.6,1.1,1.8,1.5803571428571428,1.4642857142857142
20250525_WolverhamptonWanderers_Brentford,2025-05-25,2425,Brentford,Wolverhampton Wanderers,1,1,0,1,2.6,1.6,2.4,1.7,1.3,1.7,1.584070796460177,1.4778761061946903
20250817_NottinghamForest_Brentford,2025-08-17,2526,Brentford,Nottingham Forest,1,3,0,0,2.0,1.4,2.0,1.8,1.3,1.8,1.5789473684210527,1.4736842105263157
20250823_Brentford_AstonVilla,2025-08-23,2526,Brentford,Aston Villa,1,0,1,3,1.8,2.0,1.4,1.7,1.5,1.5,1.5739130434782609,1.4869565217391305
20250830_Sunderland_Brentford,2025-08-30,2526,Brentford,Sunderland,1,2,0,0,1.2,1.4,1.4,1.7,1.3,1.8,1.5689655172413792,1.4741379310344827
20250913_Brentford_Chelsea,2025-09-13,2526,Brentford,Chelsea,2,2,1,1,1.2,1.8,0.8,1.8,1.5,1.7,1.564102564102564,1.4786324786324787
20250920_Fulham_Brentford,2025-09-20,2526,Brentford,Fulham,1,3,0,0,1.2,1.6,1.0,1.9,1.6,1.7,1.5677966101694916,1.4830508474576272
20250927_Brentford_ManchesterUnited,2025-09-27,2526,Brentford,Manchester United,3,1,1,3,1.2,2.0,0.8,1.6,1.7,1.4,1.5630252100840336,1.495798319327731
20251005_Brentford_ManchesterCity,2025-10-05,2526,Brentford,Manchester City,0,1,1,0,1.6,1.6,1.4,1.7,1.8,1.4,1.575,1.4916666666666667
20251020_WestHamUnited_Brentford,2025-10-20,2526,Brentford,West Ham United,2,0,0,3,1.4,1.8,0.8,1.3,1.6,1.1,1.56198347107438,1.487603305785124
20251025_Brentford_Liverpool,2025-10-25,2526,Brentford,Liverpool,3,2,1,3,1.6,1.4,1.4,1.4,1.6,1.1,1.5655737704918034,1.4754098360655739
20251101_CrystalPalace_Brentford,2025-11-01,2526,Brentford,Crystal Palace,0,2,0,0,1.8,1.4,1.8,1.5,1.5,1.4,1.5772357723577235,1.4796747967479675
20251109_Brentford_NewcastleUnited,2025-11-09,2526,Brentford,Newcastle United,3,1,1,3,1.6,1.2,1.8,1.4,1.6,1.3,1.564516129032258,1.4838709677419355
20251122_Brighton_Brentford,2025-11-22,2526,Brentford,Brighton,1,2,0,0,1.6,1.2,1.8,1.6,1.4,1.6,1.576,1.48
20251129_Brentford_Burnley,2025-11-29,2526,Brentford,Burnley,3,1,1,3,1.8,1.4,1.8,1.6,1.6,1.3,1.5714285714285714,1.4841269841269842
20251203_Arsenal_Brentford,2025-12-03,2526,Brentford,Arsenal,0,2,0,0,2.0,1.6,1.8,1.8,1.5,1.6,1.5826771653543308,1.4803149606299213
20251206_TottenhamHotspur_Brentford,2025-12-06,2526,Brentford,Tottenham Hotspur,0,2,0,0,1.4,1.6,1.2,1.6,1.5,1.5,1.5703125,1.484375
20251214_Brentford_Leeds,2025-12-14,2526,Brentford,Leeds,1,1,1,1,1.4,1.6,1.2,1.5,1.4,1.5,1.558139534883721,1.4883720930232558
20251220_WolverhamptonWanderers_Brentford,2025-12-20,2526,Brentford,Wolverhampton Wanderers,2,0,0,3,1.0,1.6,0.8,1.3,1.4,1.3,1.5538461538461539,1.4846153846153847
20251227_Brentford_Bournemouth,2025-12-27,2526,Brentford,Bournemouth,4,1,1,3,1.2,1.2,1.4,1.5,1.3,1.6,1.5572519083969465,1.4732824427480915
20260101_Brentford_TottenhamHotspur,2026-01-01,2526,Brentford,Tottenham Hotspur,0,0,1,1,1.4,1.2,1.4,1.7,1.4,1.6,1.5757575757575757,1.4696969696969697
20260104_Everton_Brentford,2026-01-04,2526,Brentford,Everton,4,2,0,3,1.4,0.8,1.6,1.4,1.2,1.4,1.5639097744360901,1.4586466165413534
20260107_Brentford_Sunderland,2026-01-07,2526,Brentford,Sunderland,3,0,1,3,2.2,0.8,2.2,1.8,1.2,1.7,1.5820895522388059,1.462686567164179
20260117_Chelsea_Brentford,2026-01-17,2526,Brentford,Chelsea,0,2,0,0,2.6,0.6,2.6,1.8,1.1,1.7,1.5925925925925926,1.451851851851852
20260125_Brentford_NottinghamForest,2026-01-25,2526,Brentford,Nottingham Forest,0,2,1,0,2.2,1.0,2.0,1.7,1.1,1.7,1.5808823529411764,1.4558823529411764
20260201_AstonVilla_Brentford,2026-02-01,2526,Brentford,Aston Villa,1,0,0,3,1.4,1.2,1.4,1.4,1.2,1.4,1.5693430656934306,1.4598540145985401
20260207_NewcastleUnited_Brentford,2026-02-07,2526,Brentford,Newcastle United,3,2,0,3,1.6,1.2,1.8,1.5,1.0,1.7,1.565217391304348,1.4492753623188406
20260212_Brentford_Arsenal,2026-02-12,2526,Brentford,Arsenal,1,1,1,1,1.4,1.2,1.8,1.8,1.0,2.0,1.5755395683453237,1.4532374100719425
20260221_Brentford_Brighton,2026-02-21,2526,Brentford,Brighton,0,2,1,0,1.0,1.4,1.4,1.8,1.0,2.0,1.5714285714285714,1.45
20260228_Burnley_Brentford,2026-02-28,2526,Brentford,Burnley,4,3,0,3,1.0,1.4,1.4,1.6,1.2,1.7,1.5602836879432624,1.4539007092198581
20260303_Bournemouth_Brentford,2026-03-03,2526,Brentford,Bournemouth,0,0,0,1,1.8,1.6,2.0,1.6,1.4,1.7,1.5774647887323943,1.4647887323943662
20260316_Brentford_WolverhamptonWanderers,2026-03-16,2526,Brentford,Wolverhampton Wanderers,2,2,1,1,1.6,1.6,1.6,1.6,1.4,1.7,1.5664335664335665,1.4545454545454546
20260321_Leeds_Brentford,2026-03-21,2526,Brentford,Leeds,0,0,0,1,1.4,1.6,1.2,1.4,1.4,1.5,1.5694444444444444,1.4583333333333333
20260411_Brentford_Everton,2026-04-11,2526,Brentford,Everton,2,2,1,1,1.2,1.4,1.2,1.1,1.4,1.3,1.5586206896551724,1.4482758620689655
20260418_Brentford_Fulham,2026-04-18,2526,Brentford,Fulham,0,0,1,1,1.6,1.4,1.4,1.3,1.4,1.4,1.5616438356164384,1.452054794520548
20260427_ManchesterUnited_Brentford,2026-04-27,2526,Brentford,Manchester United,1,2,0,0,0.8,0.8,1.0,1.3,1.2,1.5,1.5510204081632653,1.4421768707482994
20260502_Brentford_WestHamUnited,2026-05-02,2526,Brentford,West Ham United,3,0,1,3,1.0,1.2,0.8,1.3,1.4,1.2,1.5472972972972974,1.445945945945946
20260509_ManchesterCity_Brentford,2026-05-09,2526,Brentford,Manchester City,0,3,0,0,1.2,0.8,1.2,1.3,1.2,1.2,1.5570469798657718,1.436241610738255
20260517_Brentford_CrystalPalace,2026-05-17,2526,Brentford,Crystal Palace,2,2,1,1,1.2,1.4,1.0,1.2,1.4,1.1,1.5466666666666666,1.4466666666666668
20260524_Liverpool_Brentford,2026-05-24,2526,Brentford,Liverpool,1,1,0,1,1.2,1.4,1.0,1.4,1.4,1.2,1.5496688741721854,1.4503311258278146
20220807_ManchesterUnited_Brighton,2022-08-07,2223,Brighton,Manchester United,2,1,0,3,,,,,,,,
20220813_Brighton_NewcastleUnited,2022-08-13,2223,Brighton,Newcastle United,0,0,1,1,,,,,,,,
20220821_WestHamUnited_Brighton,2022-08-21,2223,Brighton,West Ham United,2,0,0,3,,,,,,,,
20220827_Brighton_Leeds,2022-08-27,2223,Brighton,Leeds,1,0,1,3,1.3333333333333333,0.3333333333333333,2.3333333333333335,1.3333333333333333,0.3333333333333333,2.3333333333333335,1.3333333333333333,0.3333333333333333
20220830_Fulham_Brighton,2022-08-30,2223,Brighton,Fulham,1,2,0,0,1.25,0.25,2.5,1.25,0.25,2.5,1.25,0.25
20220904_Brighton_LeicesterCity,2022-09-04,2223,Brighton,Leicester City,5,2,1,3,1.2,0.6,2.0,1.2,0.6,2.0,1.2,0.6
20221001_Liverpool_Brighton,2022-10-01,2223,Brighton,Liverpool,3,3,0,1,1.8,0.8,2.0,1.8333333333333333,0.8333333333333334,2.1666666666666665,1.8333333333333333,0.8333333333333334
20221008_Brighton_TottenhamHotspur,2022-10-08,2223,Brighton,Tottenham Hotspur,0,1,1,0,2.4,1.4,2.0,2.0,1.1428571428571428,2.0,2.0,1.1428571428571428
20221014_Brentford_Brighton,2022-10-14,2223,Brighton,Brentford,0,2,0,0,2.0,1.6,1.4,1.75,1.125,1.75,1.75,1.125
20221018_Brighton_NottinghamForest,2022-10-18,2223,Brighton,Nottingham Forest,0,0,1,1,1.8,2.0,0.8,1.5555555555555556,1.2222222222222223,1.5555555555555556,1.5555555555555556,1.2222222222222223
20221022_ManchesterCity_Brighton,2022-10-22,2223,Brighton,Manchester City,1,3,0,0,1.6,1.6,1.0,1.4,1.1,1.5,1.4,1.1
20221029_Brighton_Chelsea,2022-10-29,2223,Brighton,Chelsea,4,1,1,3,0.8,1.8,0.4,1.3,1.3,1.2,1.3636363636363635,1.2727272727272727
20221105_WolverhamptonWanderers_Brighton,2022-11-05,2223,Brighton,Wolverhampton Wanderers,3,2,0,3,1.0,1.4,0.8,1.7,1.4,1.4,1.5833333333333333,1.25
20221113_Brighton_AstonVilla,2022-11-13,2223,Brighton,Aston Villa,1,2,1,0,1.6,1.6,1.4,1.8,1.6,1.4,1.6923076923076923,1.3076923076923077
20221226_Southampton_Brighton,2022-12-26,2223,Brighton,Southampton,3,1,0,3,1.8,1.6,1.4,1.8,1.8,1.1,1.6428571428571428,1.3571428571428572
20221231_Brighton_Arsenal,2022-12-31,2223,Brighton,Arsenal,2,4,1,0,2.4,1.8,1.8,2.0,1.7,1.4,1.7333333333333334,1.3333333333333333
20230103_Everton_Brighton,2023-01-03,2223,Brighton,Everton,4,1,0,3,2.6,2.0,1.8,1.7,1.9,1.1,1.75,1.5
20230114_Brighton_Liverpool,2023-01-14,2223,Brighton,Liverpool,3,0,1,3,2.6,2.0,1.8,1.8,1.7,1.3,1.8823529411764706,1.4705882352941178
20230121_LeicesterCity_Brighton,2023-01-21,2223,Brighton,Leicester City,2,2,0,1,2.6,1.6,1.8,2.1,1.6,1.6,1.9444444444444444,1.3888888888888888
20230204_Brighton_Bournemouth,2023-02-04,2223,Brighton,Bournemouth,1,0,1,3,2.8,1.6,2.0,2.3,1.6,1.7,1.9473684210526316,1.4210526315789473
20230211_CrystalPalace_Brighton,2023-02-11,2223,Brighton,Crystal Palace,1,1,0,1,2.4,1.4,2.0,2.4,1.6,1.9,1.9,1.35
20230218_Brighton_Fulham,2023-02-18,2223,Brighton,Fulham,0,1,1,0,2.2,0.8,2.2,2.4,1.4,2.0,1.8571428571428572,1.3333333333333333
20230304_Brighton_WestHamUnited,2023-03-04,2223,Brighton,West Ham United,4,0,1,3,1.4,0.8,1.6,2.0,1.4,1.7,1.7727272727272727,1.3181818181818181
20230311_Leeds_Brighton,2023-03-11,2223,Brighton,Leeds,2,2,0,1,1.6,0.8,1.6,2.1,1.2,1.7,1.8695652173913044,1.2608695652173914
20230315_Brighton_CrystalPalace,2023-03-15,2223,Brighton,Crystal Palace,1,0,1,3,1.6,0.8,1.6,2.2,1.2,1.8,1.875,1.2916666666666667
20230401_Brighton_Brentford,2023-04-01,2223,Brighton,Brentford,3,3,1,1,1.6,0.8,1.6,2.0,1.1,1.8,1.84,1.24
20230404_Bournemouth_Brighton,2023-04-04,2223,Brighton,Bournemouth,2,0,0,3,2.0,1.2,1.6,2.1,1.0,1.9,1.8846153846153846,1.3076923076923077
20230408_TottenhamHotspur_Brighton,2023-04-08,2223,Brighton,Tottenham Hotspur,1,2,0,0,2.4,1.0,2.2,1.9,0.9,1.9,1.8888888888888888,1.2592592592592593
20230415_Chelsea_Brighton,2023-04-15,2223,Brighton,Chelsea,2,1,0,3,1.8,1.4,1.6,1.7,1.1,1.6,1.8571428571428572,1.2857142857142858
20230426_NottinghamForest_Brighton,2023-04-26,2223,Brighton,Nottingham Forest,1,3,0,0,1.8,1.2,2.0,1.7,1.0,1.8,1.8620689655172413,1.2758620689655173
20230429_Brighton_WolverhamptonWanderers,2023-04-29,2223,Brighton,Wolverhampton Wanderers,6,0,1,3,1.8,1.8,1.4,1.7,1.3,1.5,1.8333333333333333,1.3333333333333333
20230504_Brighton_ManchesterUnited,2023-05-04,2223,Brighton,Manchester United,1,0,1,3,2.4,1.2,1.8,2.2,1.2,1.7,1.967741935483871,1.2903225806451613
20230508_Brighton_Everton,2023-05-08,2223,Brighton,Everton,1,5,1,0,2.2,1.2,1.8,2.3,1.1,2.0,1.9375,1.25
20230514_Arsenal_Brighton,2023-05-14,2223,Brighton,Arsenal,3,0,0,3,2.2,1.8,1.8,2.0,1.6,1.7,1.9090909090909092,1.3636363636363635
20230518_NewcastleUnited_Brighton,2023-05-18,2223,Brighton,Newcastle United,1,4,0,0,2.4,1.6,1.8,2.1,1.4,1.9,1.9411764705882353,1.3235294117647058
20230521_Brighton_Southampton,2023-05-21,2223,Brighton,Southampton,3,1,1,3,2.4,1.8,1.8,2.1,1.8,1.6,1.9142857142857144,1.4
20230524_Brighton_ManchesterCity,2023-05-24,2223,Brighton,Manchester City,1,1,1,1,1.8,2.0,1.8,2.1,1.6,1.8,1.9444444444444444,1.3888888888888888
20230528_AstonVilla_Brighton,2023-05-28,2223,Brighton,Aston Villa,1,2,0,0,1.8,2.2,1.4,2.0,1.7,1.6,1.9189189189189189,1.3783783783783783
20230812_Brighton_Luton,2023-08-12,2324,Brighton,Luton,4,1,1,3,1.8,1.6,1.4,2.0,1.7,1.6,1.894736842105263,1.394736842105263
20230819_WolverhamptonWanderers_Brighton,2023-08-19,2324,Brighton,Wolverhampton Wanderers,4,1,0,3,2.0,1.8,1.4,2.2,1.7,1.6,1.9487179487179487,1.3846153846153846
20230826_Brighton_WestHamUnited,2023-08-26,2324,Brighton,West Ham United,1,3,1,0,2.6,1.2,2.0,2.5,1.5,1.9,2.0,1.375
20230902_Brighton_NewcastleUnited,2023-09-02,2324,Brighton,Newcastle United,3,1,1,3,2.2,1.6,1.4,2.0,1.8,1.6,1.975609756097561,1.4146341463414633
20230916_ManchesterUnited_Brighton,2023-09-16,2324,Brighton,Manchester United,3,1,0,3,2.6,1.6,1.8,2.2,1.9,1.6,2.0,1.4047619047619047
20230924_Brighton_Bournemouth,2023-09-24,2324,Brighton,Bournemouth,3,1,1,3,3.0,1.4,2.4,2.4,1.5,1.9,2.0232558139534884,1.3953488372093024
20230930_AstonVilla_Brighton,2023-09-30,2324,Brighton,Aston Villa,1,6,0,0,2.8,1.4,2.4,2.4,1.6,1.9,2.0454545454545454,1.3863636363636365
20231008_Brighton_Liverpool,2023-10-08,2324,Brighton,Liverpool,2,2,1,1,2.2,2.4,1.8,2.4,1.8,1.9,2.022222222222222,1.488888888888889
20231021_ManchesterCity_Brighton,2023-10-21,2324,Brighton,Manchester City,1,2,0,0,2.4,2.2,2.0,2.3,1.9,1.7,2.0217391304347827,1.5
20231029_Brighton_Fulham,2023-10-29,2324,Brighton,Fulham,1,1,1,1,2.0,2.4,1.4,2.3,2.0,1.6,2.0,1.5106382978723405
20231104_Everton_Brighton,2023-11-04,2324,Brighton,Everton,1,1,0,1,1.6,2.4,1.0,2.3,1.9,1.7,1.9791666666666667,1.5
20231112_Brighton_SheffieldUnited,2023-11-12,2324,Brighton,Sheffield United,1,1,1,1,1.2,2.4,0.6,2.0,1.9,1.5,1.9591836734693877,1.489795918367347
20231125_NottinghamForest_Brighton,2023-11-25,2324,Brighton,Nottingham Forest,3,2,0,3,1.2,1.4,0.8,1.7,1.9,1.3,1.94,1.48
20231203_Chelsea_Brighton,2023-12-03,2324,Brighton,Chelsea,2,3,0,0,1.4,1.4,1.2,1.9,1.8,1.6,1.9607843137254901,1.4901960784313726
20231206_Brighton_Brentford,2023-12-06,2324,Brighton,Brentford,2,1,1,3,1.6,1.6,1.2,1.8,2.0,1.3,1.9615384615384615,1.5192307692307692
20231209_Brighton_Burnley,2023-12-09,2324,Brighton,Burnley,1,1,1,1,1.8,1.6,1.6,1.7,2.0,1.3,1.9622641509433962,1.509433962264151
20231217_Arsenal_Brighton,2023-12-17,2324,Brighton,Arsenal,0,2,0,0,1.8,1.6,1.6,1.5,2.0,1.1,1.9444444444444444,1.5
20231221_CrystalPalace_Brighton,2023-12-21,2324,Brighton,Crystal Palace,1,1,0,1,1.6,1.8,1.4,1.4,1.6,1.1,1.9090909090909092,1.509090909090909
20231228_Brighton_TottenhamHotspur,2023-12-28,2324,Brighton,Tottenham Hotspur,4,2,1,3,1.2,1.6,1.0,1.3,1.5,1.1,1.8928571428571428,1.5
20240102_WestHamUnited_Brighton,2024-01-02,2324,Brighton,West Ham United,0,0,0,1,1.6,1.4,1.6,1.6,1.5,1.4,1.9298245614035088,1.5087719298245614
20240122_Brighton_WolverhamptonWanderers,2024-01-22,2324,Brighton,Wolverhampton Wanderers,0,0,1,1,1.2,1.2,1.2,1.5,1.4,1.4,1.896551724137931,1.4827586206896552
20240130_Luton_Brighton,2024-01-30,2324,Brighton,Luton,0,4,0,0,1.0,1.0,1.2,1.4,1.3,1.4,1.8644067796610169,1.4576271186440677
20240203_Brighton_CrystalPalace,2024-02-03,2324,Brighton,Crystal Palace,4,1,1,3,1.0,1.4,1.2,1.3,1.6,1.3,1.8333333333333333,1.5
20240210_TottenhamHotspur_Brighton,2024-02-10,2324,Brighton,Tottenham Hotspur,1,2,0,0,1.6,1.4,1.6,1.4,1.5,1.3,1.8688524590163935,1.4918032786885247
20240218_SheffieldUnited_Brighton,2024-02-18,2324,Brighton,Sheffield United,5,0,0,3,1.0,1.4,1.0,1.3,1.4,1.3,1.8548387096774193,1.5
20240224_Brighton_Everton,2024-02-24,2324,Brighton,Everton,1,1,1,1,2.0,1.4,1.4,1.6,1.3,1.3,1.9047619047619047,1.4761904761904763
20240302_Fulham_Brighton,2024-03-02,2324,Brighton,Fulham,0,3,0,0,2.2,1.6,1.4,1.6,1.3,1.3,1.890625,1.46875
20240310_Brighton_NottinghamForest,2024-03-10,2324,Brighton,Nottingham Forest,1,0,1,3,2.2,1.4,1.4,1.6,1.4,1.3,1.8615384615384616,1.4923076923076923
20240331_Liverpool_Brighton,2024-03-31,2324,Brighton,Liverpool,1,2,0,0,1.6,1.2,1.4,1.6,1.3,1.5,1.8484848484848484,1.4696969696969697
20240403_Brentford_Brighton,2024-04-03,2324,Brighton,Brentford,0,0,0,1,1.6,1.2,1.4,1.3,1.3,1.2,1.835820895522388,1.4776119402985075
20240406_Brighton_Arsenal,2024-04-06,2324,Brighton,Arsenal,0,3,1,0,0.6,1.2,1.0,1.3,1.3,1.2,1.8088235294117647,1.4558823529411764
20240413_Burnley_Brighton,2024-04-13,2324,Brighton,Burnley,1,1,0,1,0.4,1.6,0.8,1.3,1.6,1.1,1.7826086956521738,1.4782608695652173
20240425_Brighton_ManchesterCity,2024-04-25,2324,Brighton,Manchester City,0,4,1,0,0.6,1.2,1.0,1.4,1.3,1.2,1.7714285714285714,1.4714285714285715
20240428_Bournemouth_Brighton,2024-04-28,2324,Brighton,Bournemouth,0,3,0,0,0.4,2.0,0.4,1.0,1.6,0.9,1.7464788732394365,1.5070422535211268
20240505_Brighton_AstonVilla,2024-05-05,2324,Brighton,Aston Villa,1,0,1,3,0.2,2.2,0.4,0.9,1.7,0.9,1.7222222222222223,1.5277777777777777
20240511_NewcastleUnited_Brighton,2024-05-11,2324,Brighton,Newcastle United,1,1,0,1,0.4,2.2,0.8,0.5,1.7,0.9,1.7123287671232876,1.5068493150684932
20240515_Brighton_Chelsea,2024-05-15,2324,Brighton,Chelsea,1,2,1,0,0.6,1.8,1.0,0.5,1.7,0.9,1.7027027027027026,1.5
20240519_Brighton_ManchesterUnited,2024-05-19,2324,Brighton,Manchester United,0,2,1,0,0.6,2.0,0.8,0.6,1.6,0.9,1.6933333333333334,1.5066666666666666
20240817_Everton_Brighton,2024-08-17,2425,Brighton,Everton,3,0,0,3,0.6,1.6,0.8,0.5,1.8,0.6,1.6710526315789473,1.513157894736842
20240824_Brighton_ManchesterUnited,2024-08-24,2425,Brighton,Manchester United,2,1,1,3,1.2,1.0,1.4,0.7,1.6,0.9,1.6883116883116882,1.4935064935064934
20240831_Arsenal_Brighton,2024-08-31,2425,Brighton,Arsenal,1,1,0,1,1.4,1.2,1.4,0.9,1.7,1.1,1.6923076923076923,1.4871794871794872
20240914_Brighton_Ipswich,2024-09-14,2425,Brighton,Ipswich,0,0,1,1,1.4,1.2,1.4,1.0,1.5,1.2,1.6835443037974684,1.481012658227848
20240922_Brighton_NottinghamForest,2024-09-22,2425,Brighton,Nottingham Forest,2,2,1,1,1.2,0.8,1.6,0.9,1.4,1.2,1.6625,1.4625
20240928_Chelsea_Brighton,2024-09-28,2425,Brighton,Chelsea,2,4,0,0,1.6,0.8,1.8,1.1,1.2,1.3,1.6666666666666667,1.4691358024691359
20241006_Brighton_TottenhamHotspur,2024-10-06,2425,Brighton,Tottenham Hotspur,3,2,1,3,1.4,1.6,1.2,1.3,1.3,1.3,1.670731707317073,1.5
20241019_NewcastleUnited_Brighton,2024-10-19,2425,Brighton,Newcastle United,1,0,0,3,1.6,1.8,1.2,1.5,1.5,1.3,1.6867469879518073,1.5060240963855422
20241026_Brighton_WolverhamptonWanderers,2024-10-26,2425,Brighton,Wolverhampton Wanderers,2,2,1,1,1.6,1.6,1.6,1.5,1.4,1.5,1.6785714285714286,1.4880952380952381
20241102_Liverpool_Brighton,2024-11-02,2425,Brighton,Liverpool,1,2,0,0,2.0,2.0,1.6,1.6,1.4,1.6,1.6823529411764706,1.4941176470588236
20241109_Brighton_ManchesterCity,2024-11-09,2425,Brighton,Manchester City,2,1,1,3,1.8,2.0,1.4,1.7,1.4,1.6,1.6744186046511629,1.5
20241123_Bournemouth_Brighton,2024-11-23,2425,Brighton,Bournemouth,2,1,0,3,1.8,1.4,2.0,1.6,1.5,1.6,1.6781609195402298,1.4942528735632183
20241129_Brighton_Southampton,2024-11-29,2425,Brighton,Southampton,1,1,1,1,1.6,1.2,2.0,1.6,1.5,1.6,1.6818181818181819,1.4886363636363635
20241205_Fulham_Brighton,2024-12-05,2425,Brighton,Fulham,1,3,0,0,1.6,1.4,1.6,1.6,1.5,1.6,1.6741573033707866,1.4831460674157304
20241208_LeicesterCity_Brighton,2024-12-08,2425,Brighton,Leicester City,2,2,0,1,1.4,1.6,1.4,1.7,1.8,1.5,1.6666666666666667,1.5
20241215_Brighton_CrystalPalace,2024-12-15,2425,Brighton,Crystal Palace,1,3,1,0,1.6,1.6,1.6,1.7,1.8,1.5,1.6703296703296704,1.5054945054945055
20241221_WestHamUnited_Brighton,2024-12-21,2425,Brighton,West Ham United,1,1,0,1,1.4,2.0,1.0,1.6,1.7,1.5,1.6630434782608696,1.5217391304347827
20241227_Brighton_Brentford,2024-12-27,2425,Brighton,Brentford,0,0,1,1,1.2,2.0,0.6,1.4,1.6,1.3,1.6559139784946237,1.5161290322580645
20241230_AstonVilla_Brighton,2024-12-30,2425,Brighton,Aston Villa,2,2,0,1,1.0,1.8,0.6,1.3,1.6,1.1,1.6382978723404256,1.5
20250104_Brighton_Arsenal,2025-01-04,2425,Brighton,Arsenal,1,1,1,1,1.2,1.6,0.8,1.3,1.6,1.1,1.6421052631578947,1.5052631578947369
20250116_Ipswich_Brighton,2025-01-16,2425,Brighton,Ipswich,2,0,0,3,1.0,1.4,0.8,1.3,1.5,1.2,1.6354166666666667,1.5
20250119_ManchesterUnited_Brighton,2025-01-19,2425,Brighton,Manchester United,3,1,0,3,1.2,0.8,1.4,1.3,1.4,1.2,1.6391752577319587,1.4845360824742269
20250125_Brighton_Everton,2025-01-25,2425,Brighton,Everton,0,1,1,0,1.6,0.8,1.8,1.4,1.4,1.2,1.653061224489796,1.4795918367346939
20250201_NottinghamForest_Brighton,2025-02-01,2425,Brighton,Nottingham Forest,0,7,0,0,1.6,1.0,1.6,1.3,1.4,1.1,1.6363636363636365,1.4747474747474747
20250214_Brighton_Chelsea,2025-02-14,2425,Brighton,Chelsea,3,0,1,3,1.2,2.0,1.4,1.2,1.8,1.1,1.62,1.53
20250222_Southampton_Brighton,2025-02-22,2425,Brighton,Southampton,4,0,0,3,1.6,1.8,1.8,1.3,1.6,1.3,1.6336633663366336,1.5148514851485149
20250225_Brighton_Bournemouth,2025-02-25,2425,Brighton,Bournemouth,2,1,1,3,2.0,1.8,1.8,1.6,1.3,1.6,1.6568627450980393,1.5
20250308_Brighton_Fulham,2025-03-08,2425,Brighton,Fulham,2,1,1,3,1.8,1.8,1.8,1.7,1.3,1.8,1.6601941747572815,1.4951456310679612
20250315_ManchesterCity_Brighton,2025-03-15,2425,Brighton,Manchester City,2,2,0,1,2.2,1.8,2.4,1.9,1.4,2.0,1.6634615384615385,1.4903846153846154
20250402_Brighton_AstonVilla,2025-04-02,2425,Brighton,Aston Villa,0,3,1,0,2.6,0.8,2.6,1.9,1.4,2.0,1.6666666666666667,1.4952380952380953
20250405_CrystalPalace_Brighton,2025-04-05,2425,Brighton,Crystal Palace,1,2,0,0,2.0,1.4,2.0,1.8,1.6,1.9,1.650943396226415,1.509433962264151
20250412_Brighton_LeicesterCity,2025-04-12,2425,Brighton,Leicester City,2,2,1,1,1.4,1.8,1.4,1.7,1.8,1.6,1.644859813084112,1.514018691588785
20250419_Brentford_Brighton,2025-04-19,2425,Brighton,Brentford,2,4,0,0,1.4,2.0,1.0,1.6,1.9,1.4,1.6481481481481481,1.5185185185185186
20250426_Brighton_WestHamUnited,2025-04-26,2425,Brighton,West Ham United,3,2,1,3,1.4,2.6,0.4,1.8,2.2,1.4,1.651376146788991,1.5412844036697249
20250504_Brighton_NewcastleUnited,2025-05-04,2425,Brighton,Newcastle United,1,1,1,1,1.6,2.6,0.8,2.1,1.7,1.7,1.6636363636363636,1.5454545454545454
20250510_WolverhamptonWanderers_Brighton,2025-05-10,2425,Brighton,Wolverhampton Wanderers,2,0,0,3,1.8,2.2,1.0,1.9,1.8,1.5,1.6576576576576576,1.5405405405405406
20250519_Brighton_Liverpool,2025-05-19,2425,Brighton,Liverpool,3,2,1,3,2.0,1.8,1.6,1.7,1.8,1.5,1.6607142857142858,1.5267857142857142
20250525_TottenhamHotspur_Brighton,2025-05-25,2425,Brighton,Tottenham Hotspur,4,1,0,3,2.2,1.8,2.0,1.8,1.9,1.5,1.6725663716814159,1.5309734513274336
20250816_Brighton_Fulham,2025-08-16,2526,Brighton,Fulham,1,1,1,1,2.6,1.2,2.6,2.0,1.9,1.5,1.6929824561403508,1.5263157894736843
20250824_Everton_Brighton,2025-08-24,2526,Brighton,Everton,0,2,0,0,2.2,1.0,2.2,1.9,1.8,1.5,1.6869565217391305,1.5217391304347827
20250831_Brighton_ManchesterCity,2025-08-31,2526,Brighton,Manchester City,2,1,1,3,2.0,1.2,2.0,1.9,1.7,1.5,1.6724137931034482,1.5258620689655173
20250913_Bournemouth_Brighton,2025-09-13,2526,Brighton,Bournemouth,1,2,0,0,2.0,1.4,2.0,2.0,1.6,1.8,1.6752136752136753,1.5213675213675213
20250920_Brighton_TottenhamHotspur,2025-09-20,2526,Brighton,Tottenham Hotspur,2,2,1,1,1.6,1.4,1.4,1.9,1.6,1.7,1.6694915254237288,1.5254237288135593
20250927_Chelsea_Brighton,2025-09-27,2526,Brighton,Chelsea,3,1,0,3,1.2,1.6,1.0,1.9,1.4,1.8,1.6722689075630253,1.5294117647058822
20251005_WolverhamptonWanderers_Brighton,2025-10-05,2526,Brighton,Wolverhampton Wanderers,1,1,0,1,1.6,1.6,1.4,1.9,1.3,1.8,1.6833333333333333,1.525
20251018_Brighton_NewcastleUnited,2025-10-18,2526,Brighton,Newcastle United,2,1,1,3,1.8,1.4,1.6,1.9,1.3,1.8,1.677685950413223,1.5206611570247934
20251025_ManchesterUnited_Brighton,2025-10-25,2526,Brighton,Manchester United,2,4,0,0,1.8,1.4,1.6,1.9,1.4,1.8,1.680327868852459,1.5163934426229508
20251101_Brighton_Leeds,2025-11-01,2526,Brighton,Leeds,3,0,1,3,2.0,1.8,1.6,1.8,1.6,1.5,1.6829268292682926,1.5365853658536586
20251109_CrystalPalace_Brighton,2025-11-09,2526,Brighton,Crystal Palace,0,0,0,1,2.2,1.4,2.0,1.7,1.5,1.5,1.6935483870967742,1.5241935483870968
20251122_Brighton_Brentford,2025-11-22,2526,Brighton,Brentford,2,1,1,3,1.6,1.2,1.6,1.6,1.4,1.5,1.68,1.512
20251130_NottinghamForest_Brighton,2025-11-30,2526,Brighton,Nottingham Forest,2,0,0,3,1.8,1.2,2.0,1.8,1.3,1.8,1.6825396825396826,1.507936507936508
20251203_Brighton_AstonVilla,2025-12-03,2526,Brighton,Aston Villa,3,4,1,0,1.8,1.0,2.0,1.8,1.2,1.8,1.68503937007874,1.4960629921259843
20251207_Brighton_WestHamUnited,2025-12-07,2526,Brighton,West Ham United,1,1,1,1,2.0,1.0,2.0,2.0,1.4,1.8,1.6953125,1.515625
20251213_Liverpool_Brighton,2025-12-13,2526,Brighton,Liverpool,0,2,0,0,1.6,1.2,1.6,1.9,1.3,1.8,1.689922480620155,1.5116279069767442
20251220_Brighton_Sunderland,2025-12-20,2526,Brighton,Sunderland,0,0,1,1,1.6,1.6,1.4,1.6,1.4,1.5,1.676923076923077,1.5153846153846153
20251227_Arsenal_Brighton,2025-12-27,2526,Brighton,Arsenal,1,2,0,0,1.2,1.4,1.0,1.5,1.3,1.5,1.6641221374045803,1.5038167938931297
20251230_WestHamUnited_Brighton,2025-12-30,2526,Brighton,West Ham United,2,2,0,1,1.0,1.8,0.4,1.4,1.4,1.2,1.6590909090909092,1.5075757575757576
20260103_Brighton_Burnley,2026-01-03,2526,Brighton,Burnley,2,0,1,3,0.8,1.4,0.6,1.4,1.2,1.3,1.6616541353383458,1.5112781954887218
20260107_ManchesterCity_Brighton,2026-01-07,2526,Brighton,Manchester City,1,1,0,1,1.0,1.2,1.0,1.3,1.2,1.3,1.664179104477612,1.5
20260119_Brighton_Bournemouth,2026-01-19,2526,Brighton,Bournemouth,1,1,1,1,1.2,1.0,1.2,1.4,1.3,1.3,1.6592592592592592,1.4962962962962962
20260124_Fulham_Brighton,2026-01-24,2526,Brighton,Fulham,1,2,0,0,1.4,1.2,1.2,1.3,1.3,1.1,1.6544117647058822,1.4926470588235294
20260131_Brighton_Everton,2026-01-31,2526,Brighton,Everton,1,1,1,1,1.4,1.2,1.2,1.2,1.5,0.8,1.6496350364963503,1.4963503649635037
20260208_Brighton_CrystalPalace,2026-02-08,2526,Brighton,Crystal Palace,0,1,1,0,1.2,1.0,1.2,1.0,1.2,0.9,1.644927536231884,1.4927536231884058
20260211_AstonVilla_Brighton,2026-02-11,2526,Brighton,Aston Villa,0,1,0,0,0.8,1.2,0.6,0.9,1.2,0.8,1.6330935251798562,1.4892086330935252
20260221_Brentford_Brighton,2026-02-21,2526,Brighton,Brentford,2,0,0,3,0.6,1.2,0.4,0.9,1.1,0.8,1.6214285714285714,1.4857142857142858
20260301_Brighton_NottinghamForest,2026-03-01,2526,Brighton,Nottingham Forest,2,1,1,3,0.8,1.0,0.8,1.1,1.1,1.0,1.624113475177305,1.475177304964539
20260304_Brighton_Arsenal,2026-03-04,2526,Brighton,Arsenal,0,1,1,0,1.0,0.8,1.4,1.2,1.0,1.3,1.6267605633802817,1.471830985915493
20260314_Sunderland_Brighton,2026-03-14,2526,Brighton,Sunderland,1,0,0,3,0.8,0.8,1.2,1.0,0.9,1.2,1.6153846153846154,1.4685314685314685
20260321_Brighton_Liverpool,2026-03-21,2526,Brighton,Liverpool,2,1,1,3,1.0,0.6,1.8,0.9,0.9,1.2,1.6111111111111112,1.4583333333333333
20260411_Burnley_Brighton,2026-04-11,2526,Brighton,Burnley,2,0,0,3,1.4,0.6,2.4,1.0,0.9,1.4,1.6137931034482758,1.4551724137931035
20260418_TottenhamHotspur_Brighton,2026-04-18,2526,Brighton,Tottenham Hotspur,2,2,0,1,1.4,0.6,2.4,1.1,0.8,1.6,1.6164383561643836,1.4452054794520548
20260421_Brighton_Chelsea,2026-04-21,2526,Brighton,Chelsea,3,0,1,3,1.4,0.8,2.0,1.2,0.8,1.7,1.619047619047619,1.4489795918367347
20260502_NewcastleUnited_Brighton,2026-05-02,2526,Brighton,Newcastle United,1,3,0,0,2.0,0.6,2.6,1.4,0.7,1.9,1.6283783783783783,1.4391891891891893
20260509_Brighton_WolverhamptonWanderers,2026-05-09,2526,Brighton,Wolverhampton Wanderers,3,0,1,3,2.0,1.2,2.0,1.5,0.9,1.9,1.6241610738255035,1.4496644295302012
20260517_Leeds_Brighton,2026-05-17,2526,Brighton,Leeds,0,1,0,0,2.2,1.0,2.0,1.8,0.8,2.2,1.6333333333333333,1.44
20260524_Brighton_ManchesterUnited,2026-05-24,2526,Brighton,Manchester United,0,3,1,0,1.8,1.2,1.4,1.6,0.9,1.9,1.6225165562913908,1.4370860927152318
20230811_Burnley_ManchesterCity,2023-08-11,2324,Burnley,Manchester City,0,3,1,0,,,,,,,,
20230827_Burnley_AstonVilla,2023-08-27,2324,Burnley,Aston Villa,1,3,1,0,,,,,,,,
20230902_Burnley_TottenhamHotspur,2023-09-02,2324,Burnley,Tottenham Hotspur,2,5,1,0,,,,,,,,
20230918_NottinghamForest_Burnley,2023-09-18,2324,Burnley,Nottingham Forest,1,1,0,1,1.0,3.6666666666666665,0.0,1.0,3.6666666666666665,0.0,1.0,3.6666666666666665
20230923_Burnley_ManchesterUnited,2023-09-23,2324,Burnley,Manchester United,0,1,1,0,1.0,3.0,0.25,1.0,3.0,0.25,1.0,3.0
20230930_NewcastleUnited_Burnley,2023-09-30,2324,Burnley,Newcastle United,0,2,0,0,0.8,2.6,0.2,0.8,2.6,0.2,0.8,2.6
20231003_Luton_Burnley,2023-10-03,2324,Burnley,Luton,2,1,0,3,0.8,2.4,0.2,0.6666666666666666,2.5,0.16666666666666666,0.6666666666666666,2.5
20231007_Burnley_Chelsea,2023-10-07,2324,Burnley,Chelsea,1,4,1,0,1.0,2.0,0.8,0.8571428571428571,2.2857142857142856,0.5714285714285714,0.8571428571428571,2.2857142857142856
20231021_Brentford_Burnley,2023-10-21,2324,Burnley,Brentford,0,3,0,0,0.8,1.8,0.8,0.875,2.5,0.5,0.875,2.5
20231028_Bournemouth_Burnley,2023-10-28,2324,Burnley,Bournemouth,1,2,0,0,0.6,2.2,0.6,0.7777777777777778,2.5555555555555554,0.4444444444444444,0.7777777777777778,2.5555555555555554
20231104_Burnley_CrystalPalace,2023-11-04,2324,Burnley,Crystal Palace,0,2,1,0,0.8,2.4,0.6,0.8,2.5,0.4,0.8,2.5
20231111_Arsenal_Burnley,2023-11-11,2324,Burnley,Arsenal,1,3,0,0,0.8,2.4,0.6,0.8,2.4,0.4,0.7272727272727273,2.4545454545454546
20231125_Burnley_WestHamUnited,2023-11-25,2324,Burnley,West Ham United,1,2,1,0,0.6,2.8,0.0,0.8,2.4,0.4,0.75,2.5
20231202_Burnley_SheffieldUnited,2023-12-02,2324,Burnley,Sheffield United,5,0,1,3,0.6,2.4,0.0,0.7,2.1,0.4,0.7692307692307693,2.4615384615384617
20231205_WolverhamptonWanderers_Burnley,2023-12-05,2324,Burnley,Wolverhampton Wanderers,0,1,0,0,1.6,1.8,0.6,1.1,2.0,0.6,1.0714285714285714,2.2857142857142856
20231209_Brighton_Burnley,2023-12-09,2324,Burnley,Brighton,1,1,0,1,1.4,1.6,0.6,1.1,2.0,0.6,1.0,2.2
20231216_Burnley_Everton,2023-12-16,2324,Burnley,Everton,0,2,1,0,1.6,1.4,0.8,1.2,1.9,0.7,1.0,2.125
20231223_Fulham_Burnley,2023-12-23,2324,Burnley,Fulham,2,0,0,3,1.4,1.2,0.8,1.0,2.0,0.4,0.9411764705882353,2.1176470588235294
20231226_Burnley_Liverpool,2023-12-26,2324,Burnley,Liverpool,0,2,1,0,1.6,0.8,1.4,1.1,1.6,0.7,1.0,2.0
20231230_AstonVilla_Burnley,2023-12-30,2324,Burnley,Aston Villa,2,3,0,0,0.6,1.2,0.8,1.1,1.5,0.7,0.9473684210526315,2.0
20240112_Burnley_Luton,2024-01-12,2324,Burnley,Luton,1,1,1,1,1.0,1.6,0.8,1.2,1.6,0.7,1.0,2.05
20240131_ManchesterCity_Burnley,2024-01-31,2324,Burnley,Manchester City,1,3,0,0,1.0,1.6,0.8,1.3,1.5,0.8,1.0,2.0
20240203_Burnley_Fulham,2024-02-03,2324,Burnley,Fulham,2,2,1,1,1.2,1.8,0.8,1.3,1.5,0.8,1.0,2.0454545454545454
20240210_Liverpool_Burnley,2024-02-10,2324,Burnley,Liverpool,1,3,0,0,1.2,2.2,0.4,1.4,1.5,0.9,1.0434782608695652,2.0434782608695654
20240217_Burnley_Arsenal,2024-02-17,2324,Burnley,Arsenal,0,5,1,0,1.4,2.4,0.4,1.0,1.8,0.6,1.0416666666666667,2.0833333333333335
20240224_CrystalPalace_Burnley,2024-02-24,2324,Burnley,Crystal Palace,0,3,0,0,1.0,2.8,0.4,1.0,2.2,0.6,1.0,2.2
20240303_Burnley_Bournemouth,2024-03-03,2324,Burnley,Bournemouth,0,2,1,0,0.8,3.2,0.2,0.9,2.4,0.5,0.9615384615384616,2.230769230769231
20240310_WestHamUnited_Burnley,2024-03-10,2324,Burnley,West Ham United,2,2,0,1,0.6,3.0,0.2,0.9,2.4,0.5,0.9259259259259259,2.2222222222222223
20240316_Burnley_Brentford,2024-03-16,2324,Burnley,Brentford,2,1,1,3,0.6,3.0,0.2,0.9,2.6,0.3,0.9642857142857143,2.2142857142857144
20240330_Chelsea_Burnley,2024-03-30,2324,Burnley,Chelsea,2,2,0,1,0.8,2.6,0.8,1.1,2.5,0.6,1.0,2.1724137931034484
20240402_Burnley_WolverhamptonWanderers,2024-04-02,2324,Burnley,Wolverhampton Wanderers,1,1,1,1,1.2,2.0,1.0,1.1,2.4,0.7,1.0333333333333334,2.1666666666666665
20240406_Everton_Burnley,2024-04-06,2324,Burnley,Everton,0,1,0,0,1.4,1.6,1.2,1.1,2.4,0.7,1.032258064516129,2.129032258064516
20240413_Burnley_Brighton,2024-04-13,2324,Burnley,Brighton,1,1,1,1,1.4,1.4,1.2,1.0,2.2,0.7,1.0,2.09375
20240420_SheffieldUnited_Burnley,2024-04-20,2324,Burnley,Sheffield United,4,1,0,3,1.2,1.2,1.2,0.9,2.1,0.7,1.0,2.0606060606060606
20240427_ManchesterUnited_Burnley,2024-04-27,2324,Burnley,Manchester United,1,1,0,1,1.6,1.2,1.2,1.2,1.9,1.0,1.088235294117647,2.0294117647058822
20240504_Burnley_NewcastleUnited,2024-05-04,2324,Burnley,Newcastle United,1,4,1,0,1.4,1.0,1.2,1.3,1.5,1.1,1.0857142857142856,2.0
20240511_TottenhamHotspur_Burnley,2024-05-11,2324,Burnley,Tottenham Hotspur,1,2,0,0,1.4,1.6,1.0,1.4,1.6,1.1,1.0833333333333333,2.0555555555555554
20240519_Burnley_NottinghamForest,2024-05-19,2324,Burnley,Nottingham Forest,1,2,1,0,1.6,1.8,1.0,1.5,1.6,1.1,1.0810810810810811,2.054054054054054
20250816_TottenhamHotspur_Burnley,2025-08-16,2526,Burnley,Tottenham Hotspur,0,3,0,0,1.6,2.0,0.8,1.4,1.6,1.0,1.0789473684210527,2.0526315789473686
20250823_Burnley_Sunderland,2025-08-23,2526,Burnley,Sunderland,2,0,1,3,0.8,2.4,0.2,1.2,1.8,0.7,1.0512820512820513,2.076923076923077
20250830_ManchesterUnited_Burnley,2025-08-30,2526,Burnley,Manchester United,2,3,0,0,1.0,2.2,0.6,1.2,1.6,0.9,1.075,2.025
20250914_Burnley_Liverpool,2025-09-14,2526,Burnley,Liverpool,0,1,1,0,1.2,2.0,0.6,1.3,1.8,0.8,1.0975609756097562,2.048780487804878
20250920_Burnley_NottinghamForest,2025-09-20,2526,Burnley,Nottingham Forest,1,1,1,1,1.0,1.8,0.6,1.3,1.8,0.8,1.0714285714285714,2.0238095238095237
20250927_ManchesterCity_Burnley,2025-09-27,2526,Burnley,Manchester City,1,5,0,0,1.0,1.6,0.8,1.3,1.8,0.8,1.069767441860465,2.0
20251005_AstonVilla_Burnley,2025-10-05,2526,Burnley,Aston Villa,1,2,0,0,1.2,2.0,0.8,1.0,2.2,0.5,1.0681818181818181,2.0681818181818183
20251018_Burnley_Leeds,2025-10-18,2526,Burnley,Leeds,2,0,1,3,1.0,2.4,0.2,1.0,2.3,0.4,1.0666666666666667,2.066666666666667
20251026_WolverhamptonWanderers_Burnley,2025-10-26,2526,Burnley,Wolverhampton Wanderers,3,2,0,3,1.0,1.8,0.8,1.1,1.9,0.7,1.0869565217391304,2.0217391304347827
20251101_Burnley_Arsenal,2025-11-01,2526,Burnley,Arsenal,0,2,1,0,1.6,2.0,1.4,1.3,1.9,1.0,1.127659574468085,2.021276595744681
20251108_WestHamUnited_Burnley,2025-11-08,2526,Burnley,West Ham United,2,3,0,0,1.4,2.2,1.2,1.2,1.9,1.0,1.1041666666666667,2.0208333333333335
20251122_Burnley_Chelsea,2025-11-22,2526,Burnley,Chelsea,0,2,1,0,1.6,1.8,1.2,1.4,1.9,1.0,1.1224489795918366,2.0408163265306123
20251129_Brentford_Burnley,2025-11-29,2526,Burnley,Brentford,1,3,0,0,1.4,1.8,1.2,1.2,2.1,0.7,1.1,2.04
20251203_Burnley_CrystalPalace,2025-12-03,2526,Burnley,Crystal Palace,0,1,1,0,1.2,2.4,0.6,1.1,2.1,0.7,1.0980392156862746,2.0588235294117645
20251206_NewcastleUnited_Burnley,2025-12-06,2526,Burnley,Newcastle United,1,2,0,0,0.6,2.2,0.0,1.1,2.1,0.7,1.0769230769230769,2.0384615384615383
20251213_Burnley_Fulham,2025-12-13,2526,Burnley,Fulham,2,3,1,0,0.8,2.2,0.0,1.1,2.2,0.6,1.0754716981132075,2.0377358490566038
20251220_Bournemouth_Burnley,2025-12-20,2526,Burnley,Bournemouth,1,1,0,1,0.8,2.2,0.0,1.2,2.0,0.6,1.0925925925925926,2.0555555555555554
20251227_Burnley_Everton,2025-12-27,2526,Burnley,Everton,0,0,1,1,1.0,2.0,0.2,1.2,1.9,0.7,1.0909090909090908,2.036363636363636
20251230_Burnley_NewcastleUnited,2025-12-30,2526,Burnley,Newcastle United,1,3,1,0,0.8,1.4,0.4,1.0,1.9,0.5,1.0714285714285714,2.0
20260103_Brighton_Burnley,2026-01-03,2526,Burnley,Brighton,0,2,0,0,1.0,1.8,0.4,0.8,2.0,0.2,1.0701754385964912,2.017543859649123
20260107_Burnley_ManchesterUnited,2026-01-07,2526,Burnley,Manchester United,2,2,1,1,0.8,1.8,0.4,0.8,2.0,0.2,1.0517241379310345,2.0172413793103448
20260117_Liverpool_Burnley,2026-01-17,2526,Burnley,Liverpool,1,1,0,1,0.8,1.6,0.6,0.8,1.9,0.3,1.0677966101694916,2.016949152542373
20260124_Burnley_TottenhamHotspur,2026-01-24,2526,Burnley,Tottenham Hotspur,2,2,1,1,0.8,1.6,0.6,0.9,1.8,0.4,1.0666666666666667,2.0
20260202_Sunderland_Burnley,2026-02-02,2526,Burnley,Sunderland,0,3,0,0,1.2,2.0,0.6,1.0,1.7,0.5,1.0819672131147542,2.0
20260207_Burnley_WestHamUnited,2026-02-07,2526,Burnley,West Ham United,0,2,1,0,1.0,2.0,0.6,1.0,1.9,0.5,1.064516129032258,2.0161290322580645
20260211_CrystalPalace_Burnley,2026-02-11,2526,Burnley,Crystal Palace,3,2,0,3,1.0,2.0,0.6,0.9,1.9,0.5,1.0476190476190477,2.015873015873016
20260221_Chelsea_Burnley,2026-02-21,2526,Burnley,Chelsea,1,1,0,1,1.2,2.0,1.0,1.0,1.8,0.8,1.078125,2.015625
20260228_Burnley_Brentford,2026-02-28,2526,Burnley,Brentford,3,4,1,0,1.2,2.0,1.0,1.0,1.8,0.8,1.0769230769230769,2.0
20260303_Everton_Burnley,2026-03-03,2526,Burnley,Everton,0,2,0,0,1.4,2.4,0.8,1.3,2.2,0.7,1.106060606060606,2.0303030303030303
20260314_Burnley_Bournemouth,2026-03-14,2526,Burnley,Bournemouth,0,0,1,1,1.4,2.2,0.8,1.2,2.1,0.7,1.0895522388059702,2.029850746268657
20260321_Fulham_Burnley,2026-03-21,2526,Burnley,Fulham,1,3,0,0,1.4,1.8,1.0,1.2,1.9,0.8,1.0735294117647058,2.0
20260411_Burnley_Brighton,2026-04-11,2526,Burnley,Brighton,0,2,1,0,1.0,2.0,0.4,1.1,2.0,0.7,1.0724637681159421,2.0144927536231885
20260419_NottinghamForest_Burnley,2026-04-19,2526,Burnley,Nottingham Forest,1,4,0,0,0.8,2.2,0.2,1.0,2.1,0.6,1.0571428571428572,2.0142857142857142
20260422_Burnley_ManchesterCity,2026-04-22,2526,Burnley,Manchester City,0,1,1,0,0.4,2.2,0.2,0.9,2.3,0.5,1.056338028169014,2.0422535211267605
20260501_Leeds_Burnley,2026-05-01,2526,Burnley,Leeds,1,3,0,0,0.4,2.0,0.2,0.9,2.1,0.5,1.0416666666666667,2.0277777777777777
20260510_Burnley_AstonVilla,2026-05-10,2526,Burnley,Aston Villa,2,2,1,1,0.6,2.6,0.0,1.0,2.2,0.5,1.0410958904109588,2.041095890410959
20260518_Arsenal_Burnley,2026-05-18,2526,Burnley,Arsenal,0,1,0,0,0.8,2.4,0.2,0.9,2.2,0.3,1.054054054054054,2.0405405405405403
20260524_Burnley_WolverhamptonWanderers,2026-05-24,2526,Burnley,Wolverhampton Wanderers,1,1,1,1,0.8,2.2,0.2,0.8,2.2,0.2,1.04,2.026666666666667
20220806_Everton_Chelsea,2022-08-06,2223,Chelsea,Everton,1,0,0,3,,,,,,,,
20220814_Chelsea_TottenhamHotspur,2022-08-14,2223,Chelsea,Tottenham Hotspur,2,2,1,1,,,,,,,,
20220821_Leeds_Chelsea,2022-08-21,2223,Chelsea,Leeds,0,3,0,0,,,,,,,,
20220827_Chelsea_LeicesterCity,2022-08-27,2223,Chelsea,Leicester City,2,1,1,3,1.0,1.6666666666666667,1.3333333333333333,1.0,1.6666666666666667,1.3333333333333333,1.0,1.6666666666666667
20220830_Southampton_Chelsea,2022-08-30,2223,Chelsea,Southampton,1,2,0,0,1.25,1.5,1.75,1.25,1.5,1.75,1.25,1.5
20220903_Chelsea_WestHamUnited,2022-09-03,2223,Chelsea,West Ham United,2,1,1,3,1.2,1.6,1.4,1.2,1.6,1.4,1.2,1.6
20221001_CrystalPalace_Chelsea,2022-10-01,2223,Chelsea,Crystal Palace,2,1,0,3,1.4,1.8,1.4,1.3333333333333333,1.5,1.6666666666666667,1.3333333333333333,1.5
20221008_Chelsea_WolverhamptonWanderers,2022-10-08,2223,Chelsea,Wolverhampton Wanderers,3,0,1,3,1.4,1.6,1.8,1.4285714285714286,1.4285714285714286,1.8571428571428572,1.4285714285714286,1.4285714285714286
20221016_AstonVilla_Chelsea,2022-10-16,2223,Chelsea,Aston Villa,2,0,0,3,2.0,1.0,2.4,1.625,1.25,2.0,1.625,1.25
20221019_Brentford_Chelsea,2022-10-19,2223,Chelsea,Brentford,0,0,0,1,2.0,0.8,2.4,1.6666666666666667,1.1111111111111112,2.111111111111111,1.6666666666666667,1.1111111111111112
20221022_Chelsea_ManchesterUnited,2022-10-22,2223,Chelsea,Manchester United,1,1,1,1,1.8,0.4,2.6,1.5,1.0,2.0,1.5,1.0
20221029_Brighton_Chelsea,2022-10-29,2223,Chelsea,Brighton,1,4,0,0,1.6,0.4,2.2,1.5,1.1,1.8,1.4545454545454546,1.0
20221106_Chelsea_Arsenal,2022-11-06,2223,Chelsea,Arsenal,0,1,1,0,1.4,1.0,1.6,1.4,1.3,1.7,1.4166666666666667,1.25
20221112_NewcastleUnited_Chelsea,2022-11-12,2223,Chelsea,Newcastle United,0,1,0,0,0.8,1.2,1.0,1.4,1.1,1.7,1.3076923076923077,1.2307692307692308
20221227_Chelsea_Bournemouth,2022-12-27,2223,Chelsea,Bournemouth,2,0,1,3,0.4,1.4,0.4,1.2,1.1,1.4,1.2142857142857142,1.2142857142857142
20230101_NottinghamForest_Chelsea,2023-01-01,2223,Chelsea,Nottingham Forest,1,1,0,1,0.8,1.4,0.8,1.3,0.9,1.7,1.2666666666666666,1.1333333333333333
20230105_Chelsea_ManchesterCity,2023-01-05,2223,Chelsea,Manchester City,0,1,1,0,0.8,1.4,0.8,1.2,0.9,1.5,1.25,1.125
20230112_Fulham_Chelsea,2023-01-12,2223,Chelsea,Fulham,1,2,0,0,0.6,0.8,0.8,1.0,0.9,1.2,1.1764705882352942,1.1176470588235294
20230115_Chelsea_CrystalPalace,2023-01-15,2223,Chelsea,Crystal Palace,1,0,1,3,0.8,1.0,0.8,0.8,1.1,0.9,1.1666666666666667,1.1666666666666667
20230121_Liverpool_Chelsea,2023-01-21,2223,Chelsea,Liverpool,0,0,0,1,1.0,0.8,1.4,0.7,1.1,0.9,1.1578947368421053,1.105263157894737
20230203_Chelsea_Fulham,2023-02-03,2223,Chelsea,Fulham,0,0,1,1,0.6,0.8,1.0,0.7,1.1,0.9,1.1,1.05
20230211_WestHamUnited_Chelsea,2023-02-11,2223,Chelsea,West Ham United,1,1,0,1,0.4,0.6,1.0,0.6,1.0,0.9,1.0476190476190477,1.0
20230218_Chelsea_Southampton,2023-02-18,2223,Chelsea,Southampton,0,1,1,0,0.6,0.6,1.2,0.6,0.7,1.0,1.0454545454545454,1.0
20230226_TottenhamHotspur_Chelsea,2023-02-26,2223,Chelsea,Tottenham Hotspur,0,2,0,0,0.4,0.4,1.2,0.6,0.7,1.0,1.0,1.0
20230304_Chelsea_Leeds,2023-03-04,2223,Chelsea,Leeds,1,0,1,3,0.2,0.8,0.6,0.6,0.8,1.0,0.9583333333333334,1.0416666666666667
20230311_LeicesterCity_Chelsea,2023-03-11,2223,Chelsea,Leicester City,3,1,0,3,0.4,0.8,1.0,0.5,0.8,1.0,0.96,1.0
20230318_Chelsea_Everton,2023-03-18,2223,Chelsea,Everton,2,2,1,1,1.0,1.0,1.4,0.7,0.8,1.2,1.0384615384615385,1.0
20230401_Chelsea_AstonVilla,2023-04-01,2223,Chelsea,Aston Villa,0,2,1,0,1.2,1.2,1.4,0.9,0.9,1.3,1.0740740740740742,1.037037037037037
20230404_Chelsea_Liverpool,2023-04-04,2223,Chelsea,Liverpool,0,0,1,1,1.2,1.4,1.4,0.8,0.9,1.3,1.0357142857142858,1.0714285714285714
20230408_WolverhamptonWanderers_Chelsea,2023-04-08,2223,Chelsea,Wolverhampton Wanderers,0,1,0,0,1.2,1.0,1.6,0.7,0.9,1.1,1.0,1.0344827586206897
20230415_Chelsea_Brighton,2023-04-15,2223,Chelsea,Brighton,1,2,1,0,1.0,1.2,1.0,0.7,1.0,1.0,0.9666666666666667,1.0333333333333334
20230426_Chelsea_Brentford,2023-04-26,2223,Chelsea,Brentford,0,2,1,0,0.6,1.4,0.4,0.8,1.2,0.9,0.967741935483871,1.064516129032258
20230502_Arsenal_Chelsea,2023-05-02,2223,Chelsea,Arsenal,1,3,0,0,0.2,1.4,0.2,0.7,1.3,0.8,0.9375,1.09375
20230506_Bournemouth_Chelsea,2023-05-06,2223,Chelsea,Bournemouth,3,1,0,3,0.4,1.6,0.2,0.8,1.5,0.8,0.9393939393939394,1.1515151515151516
20230513_Chelsea_NottinghamForest,2023-05-13,2223,Chelsea,Nottingham Forest,2,2,1,1,1.0,1.8,0.6,1.1,1.4,1.1,1.0,1.1470588235294117
20230521_ManchesterCity_Chelsea,2023-05-21,2223,Chelsea,Manchester City,0,1,0,0,1.4,2.0,0.8,1.2,1.6,0.9,1.0285714285714285,1.1714285714285715
20230525_ManchesterUnited_Chelsea,2023-05-25,2223,Chelsea,Manchester United,1,4,0,0,1.2,1.8,0.8,0.9,1.6,0.6,1.0,1.1666666666666667
20230528_Chelsea_NewcastleUnited,2023-05-28,2223,Chelsea,Newcastle United,1,1,1,1,1.4,2.2,0.8,0.8,1.8,0.5,1.0,1.2432432432432432
20230813_Chelsea_Liverpool,2023-08-13,2324,Chelsea,Liverpool,1,1,1,1,1.4,1.8,1.0,0.9,1.7,0.6,1.0,1.236842105263158
20230820_WestHamUnited_Chelsea,2023-08-20,2324,Chelsea,West Ham United,1,3,0,0,1.0,1.8,0.6,1.0,1.8,0.6,1.0,1.2307692307692308
20230825_Chelsea_Luton,2023-08-25,2324,Chelsea,Luton,3,0,1,3,0.8,2.0,0.4,1.1,2.0,0.6,1.0,1.275
20230902_Chelsea_NottinghamForest,2023-09-02,2324,Chelsea,Nottingham Forest,0,1,1,0,1.4,1.8,1.0,1.3,1.8,0.9,1.048780487804878,1.2439024390243902
20230917_Bournemouth_Chelsea,2023-09-17,2324,Chelsea,Bournemouth,0,0,0,1,1.2,1.2,1.0,1.3,1.7,0.9,1.0238095238095237,1.2380952380952381
20230924_Chelsea_AstonVilla,2023-09-24,2324,Chelsea,Aston Villa,0,1,1,0,1.0,1.0,1.0,1.2,1.4,1.0,1.0,1.2093023255813953
20231002_Fulham_Chelsea,2023-10-02,2324,Chelsea,Fulham,2,0,0,3,0.8,1.0,0.8,0.9,1.4,0.7,0.9772727272727273,1.2045454545454546
20231007_Burnley_Chelsea,2023-10-07,2324,Chelsea,Burnley,4,1,0,3,1.0,0.4,1.4,0.9,1.2,0.9,1.0,1.1777777777777778
20231021_Chelsea_Arsenal,2023-10-21,2324,Chelsea,Arsenal,2,2,1,1,1.2,0.6,1.4,1.3,1.2,1.2,1.065217391304348,1.173913043478261
20231028_Chelsea_Brentford,2023-10-28,2324,Chelsea,Brentford,0,2,1,0,1.6,0.8,1.6,1.4,1.0,1.3,1.0851063829787233,1.1914893617021276
20231106_TottenhamHotspur_Chelsea,2023-11-06,2324,Chelsea,Tottenham Hotspur,4,1,0,3,1.6,1.2,1.4,1.3,1.1,1.2,1.0625,1.2083333333333333
20231112_Chelsea_ManchesterCity,2023-11-12,2324,Chelsea,Manchester City,4,4,1,1,2.4,1.2,2.0,1.6,1.1,1.4,1.1224489795918366,1.2040816326530612
20231125_NewcastleUnited_Chelsea,2023-11-25,2324,Chelsea,Newcastle United,1,4,0,0,2.8,2.0,1.6,1.9,1.2,1.5,1.18,1.26
20231203_Chelsea_Brighton,2023-12-03,2324,Chelsea,Brighton,3,2,1,3,2.2,2.6,1.0,1.7,1.6,1.2,1.1764705882352942,1.3137254901960784
20231206_ManchesterUnited_Chelsea,2023-12-06,2324,Chelsea,Manchester United,1,2,0,0,2.4,2.6,1.4,2.0,1.7,1.5,1.2115384615384615,1.3269230769230769
20231210_Everton_Chelsea,2023-12-10,2324,Chelsea,Everton,0,2,0,0,2.6,2.6,1.4,2.1,1.9,1.4,1.2075471698113207,1.3396226415094339
20231216_Chelsea_SheffieldUnited,2023-12-16,2324,Chelsea,Sheffield United,2,0,1,3,1.8,2.8,0.8,2.1,2.0,1.4,1.1851851851851851,1.3518518518518519
20231224_WolverhamptonWanderers_Chelsea,2023-12-24,2324,Chelsea,Wolverhampton Wanderers,1,2,0,0,1.4,2.0,1.2,2.1,2.0,1.4,1.2,1.3272727272727274
20231227_Chelsea_CrystalPalace,2023-12-27,2324,Chelsea,Crystal Palace,2,1,1,3,1.4,1.6,1.2,1.8,2.1,1.1,1.1964285714285714,1.3392857142857142
20231230_Luton_Chelsea,2023-12-30,2324,Chelsea,Luton,3,2,0,3,1.2,1.4,1.2,1.8,2.0,1.3,1.2105263157894737,1.3333333333333333
20240113_Chelsea_Fulham,2024-01-13,2324,Chelsea,Fulham,1,0,1,3,1.6,1.4,1.8,2.1,2.0,1.6,1.2413793103448276,1.3448275862068966
20240131_Liverpool_Chelsea,2024-01-31,2324,Chelsea,Liverpool,1,4,0,0,1.8,1.0,2.4,1.8,1.9,1.6,1.2372881355932204,1.3220338983050848
20240204_Chelsea_WolverhamptonWanderers,2024-02-04,2324,Chelsea,Wolverhampton Wanderers,2,4,1,0,1.6,1.8,1.8,1.5,1.9,1.5,1.2333333333333334,1.3666666666666667
20240212_CrystalPalace_Chelsea,2024-02-12,2324,Chelsea,Crystal Palace,3,1,0,3,1.8,2.2,1.8,1.6,1.9,1.5,1.2459016393442623,1.4098360655737705
20240217_ManchesterCity_Chelsea,2024-02-17,2324,Chelsea,Manchester City,1,1,0,1,2.0,2.2,1.8,1.6,1.8,1.5,1.2741935483870968,1.403225806451613
20240302_Brentford_Chelsea,2024-03-02,2324,Chelsea,Brentford,2,2,0,1,1.6,2.0,1.4,1.6,1.7,1.6,1.2698412698412698,1.3968253968253967
20240311_Chelsea_NewcastleUnited,2024-03-11,2324,Chelsea,Newcastle United,3,2,1,3,1.8,2.4,1.0,1.8,1.7,1.7,1.28125,1.40625
20240330_Chelsea_Burnley,2024-03-30,2324,Chelsea,Burnley,2,2,1,1,2.2,2.0,1.6,1.9,1.9,1.7,1.3076923076923077,1.4153846153846155
20240404_Chelsea_ManchesterUnited,2024-04-04,2324,Chelsea,Manchester United,4,3,1,3,2.2,1.6,1.8,2.0,1.9,1.8,1.3181818181818181,1.4242424242424243
20240407_SheffieldUnited_Chelsea,2024-04-07,2324,Chelsea,Sheffield United,2,2,0,1,2.4,2.0,1.8,2.2,2.1,1.8,1.3582089552238805,1.4477611940298507
20240415_Chelsea_Everton,2024-04-15,2324,Chelsea,Everton,6,0,1,3,2.6,2.2,1.8,2.1,2.1,1.6,1.3676470588235294,1.4558823529411764
20240423_Arsenal_Chelsea,2024-04-23,2324,Chelsea,Arsenal,0,5,0,0,3.4,1.8,2.2,2.6,2.1,1.6,1.434782608695652,1.434782608695652
20240427_AstonVilla_Chelsea,2024-04-27,2324,Chelsea,Aston Villa,2,2,0,1,2.8,2.4,1.6,2.5,2.2,1.6,1.4142857142857144,1.4857142857142858
20240502_Chelsea_TottenhamHotspur,2024-05-02,2324,Chelsea,Tottenham Hotspur,2,0,1,3,2.8,2.4,1.6,2.5,2.0,1.7,1.4225352112676057,1.4929577464788732
20240505_Chelsea_WestHamUnited,2024-05-05,2324,Chelsea,West Ham United,5,0,1,3,2.4,1.8,1.6,2.4,1.9,1.7,1.4305555555555556,1.4722222222222223
20240511_NottinghamForest_Chelsea,2024-05-11,2324,Chelsea,Nottingham Forest,3,2,0,3,3.0,1.4,2.0,2.8,1.8,1.9,1.4794520547945205,1.452054794520548
20240515_Brighton_Chelsea,2024-05-15,2324,Chelsea,Brighton,2,1,0,3,2.4,1.8,2.0,2.9,1.8,2.1,1.5,1.4594594594594594
20240519_Chelsea_Bournemouth,2024-05-19,2324,Chelsea,Bournemouth,2,1,1,3,2.8,1.0,2.6,2.8,1.7,2.1,1.5066666666666666,1.4533333333333334
20240818_Chelsea_ManchesterCity,2024-08-18,2425,Chelsea,Manchester City,0,2,1,0,2.8,0.8,3.0,2.8,1.6,2.3,1.513157894736842,1.4473684210526316
20240825_WolverhamptonWanderers_Chelsea,2024-08-25,2425,Chelsea,Wolverhampton Wanderers,6,2,0,3,2.4,1.2,2.4,2.4,1.5,2.0,1.4935064935064934,1.4545454545454546
20240901_Chelsea_CrystalPalace,2024-09-01,2425,Chelsea,Crystal Palace,1,1,1,1,2.6,1.6,2.4,2.8,1.5,2.2,1.5512820512820513,1.4615384615384615
20240914_Bournemouth_Chelsea,2024-09-14,2425,Chelsea,Bournemouth,1,0,0,3,2.2,1.4,2.0,2.3,1.6,2.0,1.5443037974683544,1.4556962025316456
20240921_WestHamUnited_Chelsea,2024-09-21,2425,Chelsea,West Ham United,3,0,0,3,2.0,1.2,2.0,2.4,1.1,2.3,1.5375,1.4375
20240928_Chelsea_Brighton,2024-09-28,2425,Chelsea,Brighton,4,2,1,3,2.2,1.0,2.0,2.5,0.9,2.5,1.5555555555555556,1.4197530864197532
20241006_Chelsea_NottinghamForest,2024-10-06,2425,Chelsea,Nottingham Forest,1,1,1,1,3.0,1.0,2.6,2.7,1.1,2.5,1.5853658536585367,1.4268292682926829
20241020_Liverpool_Chelsea,2024-10-20,2425,Chelsea,Liverpool,1,2,0,0,2.0,0.8,2.2,2.3,1.2,2.3,1.5783132530120483,1.4216867469879517
20241027_Chelsea_NewcastleUnited,2024-10-27,2425,Chelsea,Newcastle United,2,1,1,3,2.0,1.0,2.0,2.1,1.2,2.0,1.5714285714285714,1.4285714285714286
20241103_ManchesterUnited_Chelsea,2024-11-03,2425,Chelsea,Manchester United,1,1,0,1,2.2,1.2,2.0,2.1,1.2,2.0,1.576470588235294,1.423529411764706
20241110_Chelsea_Arsenal,2024-11-10,2425,Chelsea,Arsenal,1,1,1,1,1.8,1.4,1.6,2.0,1.2,1.8,1.569767441860465,1.4186046511627908
20241123_LeicesterCity_Chelsea,2024-11-23,2425,Chelsea,Leicester City,2,1,0,3,1.2,1.2,1.2,2.1,1.1,1.9,1.5632183908045978,1.4137931034482758
20241201_Chelsea_AstonVilla,2024-12-01,2425,Chelsea,Aston Villa,3,0,1,3,1.4,1.2,1.6,1.7,1.0,1.9,1.5681818181818181,1.4090909090909092
20241204_Southampton_Chelsea,2024-12-04,2425,Chelsea,Southampton,5,1,0,3,1.8,0.8,2.2,1.9,0.9,2.1,1.5842696629213484,1.3932584269662922
20241208_TottenhamHotspur_Chelsea,2024-12-08,2425,Chelsea,Tottenham Hotspur,4,3,0,3,2.4,0.8,2.2,2.3,1.0,2.1,1.6222222222222222,1.3888888888888888
20241215_Chelsea_Brentford,2024-12-15,2425,Chelsea,Brentford,2,1,1,3,3.0,1.2,2.6,2.4,1.3,2.1,1.6483516483516483,1.4065934065934067
20241222_Everton_Chelsea,2024-12-22,2425,Chelsea,Everton,0,0,0,1,3.2,1.2,3.0,2.2,1.2,2.1,1.6521739130434783,1.4021739130434783
20241226_Chelsea_Fulham,2024-12-26,2425,Chelsea,Fulham,1,2,1,0,2.8,1.0,2.6,2.1,1.1,2.1,1.6344086021505377,1.3870967741935485
20241230_Ipswich_Chelsea,2024-12-30,2425,Chelsea,Ipswich,0,2,0,0,2.4,1.4,2.0,2.1,1.1,2.1,1.627659574468085,1.3936170212765957
20250104_CrystalPalace_Chelsea,2025-01-04,2425,Chelsea,Crystal Palace,1,1,0,1,1.4,1.6,1.4,1.9,1.2,1.8,1.6105263157894736,1.4
20250114_Chelsea_Bournemouth,2025-01-14,2425,Chelsea,Bournemouth,2,2,1,1,0.8,1.2,1.0,1.9,1.2,1.8,1.6041666666666667,1.3958333333333333
20250120_Chelsea_WolverhamptonWanderers,2025-01-20,2425,Chelsea,Wolverhampton Wanderers,3,1,1,3,0.8,1.4,0.6,2.0,1.3,1.8,1.6082474226804124,1.402061855670103
20250125_ManchesterCity_Chelsea,2025-01-25,2425,Chelsea,Manchester City,1,3,0,0,1.4,1.6,1.0,2.1,1.3,1.8,1.6224489795918366,1.3979591836734695
20250203_Chelsea_WestHamUnited,2025-02-03,2425,Chelsea,West Ham United,2,1,1,3,1.4,1.8,1.0,1.9,1.6,1.5,1.6161616161616161,1.4141414141414141
20250214_Brighton_Chelsea,2025-02-14,2425,Chelsea,Brighton,0,3,0,0,1.8,1.6,1.6,1.6,1.6,1.5,1.62,1.41
20250222_AstonVilla_Chelsea,2025-02-22,2425,Chelsea,Aston Villa,1,2,0,0,1.6,2.0,1.4,1.2,1.6,1.2,1.603960396039604,1.4257425742574257
20250225_Chelsea_Southampton,2025-02-25,2425,Chelsea,Southampton,4,0,1,3,1.4,2.0,1.2,1.1,1.7,0.9,1.5980392156862746,1.4313725490196079
20250309_Chelsea_LeicesterCity,2025-03-09,2425,Chelsea,Leicester City,1,0,1,3,1.6,1.8,1.2,1.5,1.7,1.1,1.6213592233009708,1.4174757281553398
20250316_Arsenal_Chelsea,2025-03-16,2425,Chelsea,Arsenal,0,1,0,0,1.6,1.2,1.8,1.5,1.5,1.4,1.6153846153846154,1.4038461538461537
20250403_Chelsea_TottenhamHotspur,2025-04-03,2425,Chelsea,Tottenham Hotspur,1,0,1,3,1.2,1.2,1.2,1.5,1.4,1.4,1.6,1.4
20250406_Brentford_Chelsea,2025-04-06,2425,Chelsea,Brentford,0,0,0,1,1.4,0.6,1.8,1.5,1.3,1.6,1.5943396226415094,1.3867924528301887
20250413_Chelsea_Ipswich,2025-04-13,2425,Chelsea,Ipswich,2,2,1,1,1.2,0.2,2.0,1.3,1.1,1.6,1.5794392523364487,1.3738317757009346
20250420_Fulham_Chelsea,2025-04-20,2425,Chelsea,Fulham,2,1,0,3,0.8,0.6,1.6,1.2,1.2,1.4,1.5833333333333333,1.3796296296296295
20250426_Chelsea_Everton,2025-04-26,2425,Chelsea,Everton,1,0,1,3,1.0,0.8,1.6,1.3,1.0,1.7,1.5871559633027523,1.3761467889908257
20250504_Chelsea_Liverpool,2025-05-04,2425,Chelsea,Liverpool,3,1,1,3,1.2,0.6,2.2,1.2,0.9,1.7,1.5818181818181818,1.3636363636363635
20250511_NewcastleUnited_Chelsea,2025-05-11,2425,Chelsea,Newcastle United,0,2,0,0,1.6,0.8,2.2,1.5,0.7,2.0,1.5945945945945945,1.3603603603603605
20250516_Chelsea_ManchesterUnited,2025-05-16,2425,Chelsea,Manchester United,1,0,1,3,1.6,1.2,2.0,1.4,0.7,2.0,1.5803571428571428,1.3660714285714286
20250525_NottinghamForest_Chelsea,2025-05-25,2425,Chelsea,Nottingham Forest,1,0,0,3,1.4,0.8,2.4,1.1,0.7,2.0,1.575221238938053,1.3539823008849559
20250817_Chelsea_CrystalPalace,2025-08-17,2526,Chelsea,Crystal Palace,0,0,1,1,1.2,0.6,2.4,1.1,0.7,2.0,1.5701754385964912,1.3421052631578947
20250822_WestHamUnited_Chelsea,2025-08-22,2526,Chelsea,West Ham United,5,1,0,3,1.0,0.6,2.0,1.1,0.6,2.1,1.5565217391304347,1.3304347826086957
20250830_Chelsea_Fulham,2025-08-30,2526,Chelsea,Fulham,2,0,1,3,1.4,0.6,2.0,1.5,0.7,2.1,1.5862068965517242,1.3275862068965518
20250913_Brentford_Chelsea,2025-09-13,2526,Chelsea,Brentford,2,2,0,1,1.8,0.2,2.6,1.7,0.7,2.3,1.5897435897435896,1.3162393162393162
20250920_ManchesterUnited_Chelsea,2025-09-20,2526,Chelsea,Manchester United,1,2,0,0,2.0,0.6,2.2,1.7,0.7,2.3,1.5932203389830508,1.3220338983050848
20250927_Chelsea_Brighton,2025-09-27,2526,Chelsea,Brighton,1,3,1,0,2.0,1.0,1.6,1.6,0.8,2.0,1.588235294117647,1.3277310924369747
20251004_Chelsea_Liverpool,2025-10-04,2526,Chelsea,Liverpool,2,1,1,3,2.2,1.6,1.4,1.6,1.1,1.7,1.5833333333333333,1.3416666666666666
20251018_NottinghamForest_Chelsea,2025-10-18,2526,Chelsea,Nottingham Forest,3,0,0,3,1.6,1.6,1.4,1.5,1.1,1.7,1.5867768595041323,1.3388429752066116
20251025_Chelsea_Sunderland,2025-10-25,2526,Chelsea,Sunderland,1,2,1,0,1.8,1.6,1.4,1.8,0.9,2.0,1.598360655737705,1.3278688524590163
20251101_TottenhamHotspur_Chelsea,2025-11-01,2526,Chelsea,Tottenham Hotspur,1,0,0,3,1.6,1.6,1.2,1.8,1.1,1.7,1.5934959349593496,1.3333333333333333
20251108_Chelsea_WolverhamptonWanderers,2025-11-08,2526,Chelsea,Wolverhampton Wanderers,3,0,1,3,1.6,1.2,1.8,1.8,1.1,1.7,1.5887096774193548,1.3225806451612903
20251122_Burnley_Chelsea,2025-11-22,2526,Chelsea,Burnley,2,0,0,3,2.0,0.6,2.4,2.1,1.1,1.9,1.6,1.312
20251130_Chelsea_Arsenal,2025-11-30,2526,Chelsea,Arsenal,1,1,1,1,2.0,0.4,2.4,1.8,1.0,1.9,1.6031746031746033,1.3015873015873016
20251203_Leeds_Chelsea,2025-12-03,2526,Chelsea,Leeds,1,3,0,0,1.6,0.6,2.0,1.7,1.1,1.7,1.5984251968503937,1.2992125984251968
20251206_Bournemouth_Chelsea,2025-12-06,2526,Chelsea,Bournemouth,0,0,0,1,1.6,0.8,2.0,1.6,1.2,1.6,1.59375,1.3125
20251213_Chelsea_Everton,2025-12-13,2526,Chelsea,Everton,2,0,1,3,1.4,0.8,1.6,1.5,1.0,1.7,1.5813953488372092,1.302325581395349
20251220_NewcastleUnited_Chelsea,2025-12-20,2526,Chelsea,Newcastle United,2,2,0,1,1.2,0.8,1.6,1.6,0.7,2.0,1.5846153846153845,1.2923076923076924
20251227_Chelsea_AstonVilla,2025-12-27,2526,Chelsea,Aston Villa,1,2,1,0,1.2,1.2,1.2,1.6,0.8,1.8,1.5877862595419847,1.297709923664122
20251230_Chelsea_Bournemouth,2025-12-30,2526,Chelsea,Bournemouth,2,2,1,1,1.2,1.4,1.0,1.4,1.0,1.5,1.5833333333333333,1.303030303030303
20260104_ManchesterCity_Chelsea,2026-01-04,2526,Chelsea,Manchester City,1,1,0,1,1.4,1.2,1.2,1.5,1.0,1.6,1.586466165413534,1.3082706766917294
20260107_Fulham_Chelsea,2026-01-07,2526,Chelsea,Fulham,1,2,0,0,1.6,1.4,1.2,1.5,1.1,1.4,1.5820895522388059,1.3059701492537314
20260117_Chelsea_Brentford,2026-01-17,2526,Chelsea,Brentford,2,0,1,3,1.4,1.8,0.6,1.3,1.3,1.1,1.5777777777777777,1.3111111111111111
20260125_CrystalPalace_Chelsea,2026-01-25,2526,Chelsea,Crystal Palace,3,1,0,3,1.4,1.4,1.0,1.3,1.3,1.1,1.5808823529411764,1.3014705882352942
20260131_Chelsea_WestHamUnited,2026-01-31,2526,Chelsea,West Ham United,3,2,1,3,1.8,1.2,1.6,1.5,1.3,1.3,1.5912408759124088,1.2992700729927007
20260207_WolverhamptonWanderers_Chelsea,2026-02-07,2526,Chelsea,Wolverhampton Wanderers,3,1,0,3,2.0,1.2,2.0,1.7,1.2,1.6,1.6014492753623188,1.3043478260869565
20260210_Chelsea_Leeds,2026-02-10,2526,Chelsea,Leeds,2,2,1,1,2.4,1.2,2.4,2.0,1.3,1.8,1.6115107913669064,1.3021582733812949
20260221_Chelsea_Burnley,2026-02-21,2526,Chelsea,Burnley,1,1,1,1,2.6,1.2,2.6,2.0,1.5,1.6,1.6142857142857143,1.3071428571428572
20260301_Arsenal_Chelsea,2026-03-01,2526,Chelsea,Arsenal,1,2,0,0,2.4,1.4,2.2,1.9,1.4,1.6,1.6099290780141844,1.3049645390070923
20260304_AstonVilla_Chelsea,2026-03-04,2526,Chelsea,Aston Villa,4,1,0,3,2.0,1.6,1.6,1.9,1.4,1.6,1.6056338028169015,1.3098591549295775
20260314_Chelsea_NewcastleUnited,2026-03-14,2526,Chelsea,Newcastle United,0,1,1,0,2.2,1.4,1.6,2.1,1.3,1.8,1.6223776223776223,1.3076923076923077
20260321_Everton_Chelsea,2026-03-21,2526,Chelsea,Everton,0,3,0,0,1.6,1.4,1.0,2.0,1.3,1.7,1.6111111111111112,1.3055555555555556
20260412_Chelsea_ManchesterCity,2026-04-12,2526,Chelsea,Manchester City,0,3,1,0,1.2,1.6,0.8,1.9,1.4,1.7,1.6,1.3172413793103448
20260418_Chelsea_ManchesterUnited,2026-04-18,2526,Chelsea,Manchester United,0,1,1,0,1.0,2.0,0.6,1.7,1.7,1.4,1.5890410958904109,1.3287671232876712
20260421_Brighton_Chelsea,2026-04-21,2526,Chelsea,Brighton,0,3,0,0,0.8,1.8,0.6,1.4,1.7,1.1,1.5782312925170068,1.3265306122448979
20260504_Chelsea_NottinghamForest,2026-05-04,2526,Chelsea,Nottingham Forest,1,3,1,0,0.0,2.2,0.0,1.1,1.8,0.8,1.5675675675675675,1.337837837837838
20260509_Liverpool_Chelsea,2026-05-09,2526,Chelsea,Liverpool,1,1,0,1,0.2,2.6,0.0,0.9,2.0,0.5,1.563758389261745,1.348993288590604
20260519_Chelsea_TottenhamHotspur,2026-05-19,2526,Chelsea,Tottenham Hotspur,2,1,1,3,0.4,2.2,0.2,0.8,1.9,0.5,1.56,1.3466666666666667
20260524_Sunderland_Chelsea,2026-05-24,2526,Chelsea,Sunderland,1,2,0,0,0.8,1.8,0.8,0.9,1.9,0.7,1.5629139072847682,1.3443708609271523
20220805_CrystalPalace_Arsenal,2022-08-05,2223,Crystal Palace,Arsenal,0,2,1,0,,,,,,,,
20220815_Liverpool_CrystalPalace,2022-08-15,2223,Crystal Palace,Liverpool,1,1,0,1,,,,,,,,
20220820_CrystalPalace_AstonVilla,2022-08-20,2223,Crystal Palace,Aston Villa,3,1,1,3,,,,,,,,
20220827_ManchesterCity_CrystalPalace,2022-08-27,2223,Crystal Palace,Manchester City,2,4,0,0,1.3333333333333333,1.3333333333333333,1.3333333333333333,1.3333333333333333,1.3333333333333333,1.3333333333333333,1.3333333333333333,1.3333333333333333
20220830_CrystalPalace_Brentford,2022-08-30,2223,Crystal Palace,Brentford,1,1,1,1,1.5,2.0,1.0,1.5,2.0,1.0,1.5,2.0
20220903_NewcastleUnited_CrystalPalace,2022-09-03,2223,Crystal Palace,Newcastle United,0,0,0,1,1.4,1.8,1.0,1.4,1.8,1.0,1.4,1.8
20221001_CrystalPalace_Chelsea,2022-10-01,2223,Crystal Palace,Chelsea,1,2,1,0,1.4,1.4,1.2,1.1666666666666667,1.5,1.0,1.1666666666666667,1.5
20221009_CrystalPalace_Leeds,2022-10-09,2223,Crystal Palace,Leeds,2,1,1,3,1.4,1.6,1.0,1.1428571428571428,1.5714285714285714,0.8571428571428571,1.1428571428571428,1.5714285714285714
20221015_LeicesterCity_CrystalPalace,2022-10-15,2223,Crystal Palace,Leicester City,0,0,0,1,1.2,1.6,1.0,1.25,1.5,1.125,1.25,1.5
20221018_CrystalPalace_WolverhamptonWanderers,2022-10-18,2223,Crystal Palace,Wolverhampton Wanderers,2,1,1,3,0.8,0.8,1.2,1.1111111111111112,1.3333333333333333,1.1111111111111112,1.1111111111111112,1.3333333333333333
20221022_Everton_CrystalPalace,2022-10-22,2223,Crystal Palace,Everton,0,3,0,0,1.0,0.8,1.6,1.2,1.3,1.3,1.2,1.3
20221029_CrystalPalace_Southampton,2022-10-29,2223,Crystal Palace,Southampton,1,0,1,3,1.0,1.4,1.4,1.2,1.4,1.3,1.0909090909090908,1.4545454545454546
20221106_WestHamUnited_CrystalPalace,2022-11-06,2223,Crystal Palace,West Ham United,2,1,0,3,1.0,1.0,2.0,1.2,1.3,1.5,1.0833333333333333,1.3333333333333333
20221112_NottinghamForest_CrystalPalace,2022-11-12,2223,Crystal Palace,Nottingham Forest,0,1,0,0,1.0,1.0,2.0,1.1,1.3,1.5,1.1538461538461537,1.3076923076923077
20221226_CrystalPalace_Fulham,2022-12-26,2223,Crystal Palace,Fulham,0,3,1,0,1.0,1.2,1.8,0.9,1.0,1.5,1.0714285714285714,1.2857142857142858
20221231_Bournemouth_CrystalPalace,2022-12-31,2223,Crystal Palace,Bournemouth,2,0,0,3,0.6,1.6,1.2,0.8,1.2,1.4,1.0,1.4
20230104_CrystalPalace_TottenhamHotspur,2023-01-04,2223,Crystal Palace,Tottenham Hotspur,0,4,1,0,1.0,1.0,1.8,1.0,1.2,1.6,1.0625,1.3125
20230115_Chelsea_CrystalPalace,2023-01-15,2223,Crystal Palace,Chelsea,0,1,0,0,0.8,1.8,1.2,0.9,1.4,1.6,1.0,1.4705882352941178
20230118_CrystalPalace_ManchesterUnited,2023-01-18,2223,Crystal Palace,Manchester United,1,1,1,1,0.4,1.8,0.6,0.7,1.4,1.3,0.9444444444444444,1.4444444444444444
20230121_CrystalPalace_NewcastleUnited,2023-01-21,2223,Crystal Palace,Newcastle United,0,0,1,1,0.6,1.8,0.8,0.8,1.5,1.3,0.9473684210526315,1.4210526315789473
20230204_ManchesterUnited_CrystalPalace,2023-02-04,2223,Crystal Palace,Manchester United,1,2,0,0,0.6,1.2,1.0,0.6,1.4,1.1,0.9,1.35
20230211_CrystalPalace_Brighton,2023-02-11,2223,Crystal Palace,Brighton,1,1,1,1,0.4,1.6,0.4,0.7,1.3,1.1,0.9047619047619048,1.380952380952381
20230218_Brentford_CrystalPalace,2023-02-18,2223,Crystal Palace,Brentford,1,1,0,1,0.6,1.0,0.6,0.7,1.4,0.9,0.9090909090909091,1.3636363636363635
20230225_CrystalPalace_Liverpool,2023-02-25,2223,Crystal Palace,Liverpool,0,0,1,1,0.8,1.0,0.8,0.6,1.4,0.7,0.9130434782608695,1.3478260869565217
20230304_AstonVilla_CrystalPalace,2023-03-04,2223,Crystal Palace,Aston Villa,0,1,0,0,0.6,0.8,0.8,0.6,1.3,0.8,0.875,1.2916666666666667
20230311_CrystalPalace_ManchesterCity,2023-03-11,2223,Crystal Palace,Manchester City,0,1,1,0,0.6,1.0,0.6,0.6,1.1,0.8,0.84,1.28
20230315_Brighton_CrystalPalace,2023-03-15,2223,Crystal Palace,Brighton,0,1,0,0,0.4,0.8,0.6,0.4,1.2,0.5,0.8076923076923077,1.2692307692307692
20230319_Arsenal_CrystalPalace,2023-03-19,2223,Crystal Palace,Arsenal,1,4,0,0,0.2,0.8,0.4,0.4,0.9,0.5,0.7777777777777778,1.2592592592592593
20230401_CrystalPalace_LeicesterCity,2023-04-01,2223,Crystal Palace,Leicester City,2,1,1,3,0.2,1.4,0.2,0.5,1.2,0.5,0.7857142857142857,1.3571428571428572
20230409_Leeds_CrystalPalace,2023-04-09,2223,Crystal Palace,Leeds,5,1,0,3,0.6,1.6,0.6,0.6,1.2,0.7,0.8275862068965517,1.3448275862068966
20230415_Southampton_CrystalPalace,2023-04-15,2223,Crystal Palace,Southampton,2,0,0,3,1.6,1.6,1.2,1.1,1.3,0.9,0.9666666666666667,1.3333333333333333
20230422_CrystalPalace_Everton,2023-04-22,2223,Crystal Palace,Everton,0,0,1,1,2.0,1.4,1.8,1.2,1.1,1.2,1.0,1.2903225806451613
20230425_WolverhamptonWanderers_CrystalPalace,2023-04-25,2223,Crystal Palace,Wolverhampton Wanderers,0,2,0,0,2.0,1.2,2.0,1.1,1.0,1.2,0.96875,1.25
20230429_CrystalPalace_WestHamUnited,2023-04-29,2223,Crystal Palace,West Ham United,4,3,1,3,1.8,0.8,2.0,1.0,1.1,1.1,0.9393939393939394,1.2727272727272727
20230506_TottenhamHotspur_CrystalPalace,2023-05-06,2223,Crystal Palace,Tottenham Hotspur,0,1,0,0,2.2,1.2,2.0,1.4,1.4,1.3,1.0294117647058822,1.3235294117647058
20230513_CrystalPalace_Bournemouth,2023-05-13,2223,Crystal Palace,Bournemouth,2,0,1,3,1.2,1.2,1.4,1.4,1.4,1.3,1.0,1.3142857142857143
20230520_Fulham_CrystalPalace,2023-05-20,2223,Crystal Palace,Fulham,2,2,0,1,1.2,1.2,1.4,1.6,1.3,1.6,1.0277777777777777,1.2777777777777777
20230528_CrystalPalace_NottinghamForest,2023-05-28,2223,Crystal Palace,Nottingham Forest,1,1,1,1,1.6,1.6,1.4,1.8,1.4,1.7,1.054054054054054,1.2972972972972974
20230812_SheffieldUnited_CrystalPalace,2023-08-12,2324,Crystal Palace,Sheffield United,1,0,0,3,1.8,1.4,1.6,1.8,1.1,1.8,1.0526315789473684,1.2894736842105263
20230821_CrystalPalace_Arsenal,2023-08-21,2324,Crystal Palace,Arsenal,0,1,1,0,1.2,0.8,1.6,1.7,1.0,1.8,1.0512820512820513,1.2564102564102564
20230826_Brentford_CrystalPalace,2023-08-26,2324,Crystal Palace,Brentford,1,1,0,1,1.2,0.8,1.6,1.2,1.0,1.5,1.025,1.25
20230903_CrystalPalace_WolverhamptonWanderers,2023-09-03,2324,Crystal Palace,Wolverhampton Wanderers,3,2,1,3,1.0,1.0,1.2,1.1,1.1,1.3,1.024390243902439,1.2439024390243902
20230916_AstonVilla_CrystalPalace,2023-09-16,2324,Crystal Palace,Aston Villa,1,3,0,0,1.2,1.0,1.6,1.4,1.3,1.5,1.0714285714285714,1.2619047619047619
20230923_CrystalPalace_Fulham,2023-09-23,2324,Crystal Palace,Fulham,0,0,1,1,1.2,1.4,1.4,1.5,1.4,1.5,1.069767441860465,1.302325581395349
20230930_ManchesterUnited_CrystalPalace,2023-09-30,2324,Crystal Palace,Manchester United,1,0,0,3,1.0,1.4,1.0,1.1,1.1,1.3,1.0454545454545454,1.2727272727272727
20231007_CrystalPalace_NottinghamForest,2023-10-07,2324,Crystal Palace,Nottingham Forest,0,0,1,1,1.2,1.2,1.6,1.2,1.0,1.6,1.0444444444444445,1.2444444444444445
20231021_NewcastleUnited_CrystalPalace,2023-10-21,2324,Crystal Palace,Newcastle United,0,4,0,0,1.0,1.0,1.6,1.0,1.0,1.4,1.0217391304347827,1.2173913043478262
20231027_CrystalPalace_TottenhamHotspur,2023-10-27,2324,Crystal Palace,Tottenham Hotspur,1,2,1,0,0.4,1.4,1.0,0.8,1.2,1.3,1.0,1.2765957446808511
20231104_Burnley_CrystalPalace,2023-11-04,2324,Crystal Palace,Burnley,2,0,0,3,0.4,1.2,1.0,0.8,1.3,1.2,1.0,1.2916666666666667
20231111_CrystalPalace_Everton,2023-11-11,2324,Crystal Palace,Everton,2,3,1,0,0.8,1.2,1.4,0.9,1.3,1.2,1.0204081632653061,1.2653061224489797
20231125_Luton_CrystalPalace,2023-11-25,2324,Crystal Palace,Luton,1,2,0,0,1.0,1.8,0.8,1.1,1.5,1.2,1.04,1.3
20231203_WestHamUnited_CrystalPalace,2023-12-03,2324,Crystal Palace,West Ham United,1,1,0,1,1.2,2.2,0.6,1.1,1.6,1.1,1.0392156862745099,1.3137254901960784
20231206_CrystalPalace_Bournemouth,2023-12-06,2324,Crystal Palace,Bournemouth,0,2,1,0,1.4,1.6,0.8,0.9,1.5,0.9,1.0384615384615385,1.3076923076923077
20231209_CrystalPalace_Liverpool,2023-12-09,2324,Crystal Palace,Liverpool,1,2,1,0,1.2,1.6,0.8,0.8,1.4,0.9,1.0188679245283019,1.320754716981132
20231216_ManchesterCity_CrystalPalace,2023-12-16,2324,Crystal Palace,Manchester City,2,2,0,1,1.0,2.0,0.2,0.9,1.6,0.8,1.0185185185185186,1.3333333333333333
20231221_CrystalPalace_Brighton,2023-12-21,2324,Crystal Palace,Brighton,1,1,1,1,1.0,1.8,0.4,1.0,1.8,0.6,1.0363636363636364,1.3454545454545455
20231227_Chelsea_CrystalPalace,2023-12-27,2324,Crystal Palace,Chelsea,1,2,0,0,1.0,1.6,0.6,1.1,1.9,0.6,1.0357142857142858,1.3392857142857142
20231230_CrystalPalace_Brentford,2023-12-30,2324,Crystal Palace,Brentford,3,1,1,3,1.0,1.8,0.4,1.2,1.7,0.6,1.0350877192982457,1.3508771929824561
20240120_Arsenal_CrystalPalace,2024-01-20,2324,Crystal Palace,Arsenal,0,5,0,0,1.6,1.6,1.0,1.4,1.6,0.9,1.0689655172413792,1.3448275862068966
20240130_CrystalPalace_SheffieldUnited,2024-01-30,2324,Crystal Palace,Sheffield United,3,2,1,3,1.4,2.2,1.0,1.2,2.1,0.6,1.0508474576271187,1.4067796610169492
20240203_Brighton_CrystalPalace,2024-02-03,2324,Crystal Palace,Brighton,1,4,0,0,1.6,2.2,1.4,1.3,2.0,0.9,1.0833333333333333,1.4166666666666667
20240212_CrystalPalace_Chelsea,2024-02-12,2324,Crystal Palace,Chelsea,1,3,1,0,1.6,2.8,1.2,1.3,2.2,0.9,1.0819672131147542,1.459016393442623
20240219_Everton_CrystalPalace,2024-02-19,2324,Crystal Palace,Everton,1,1,0,1,1.6,3.0,1.2,1.3,2.4,0.8,1.0806451612903225,1.4838709677419355
20240224_CrystalPalace_Burnley,2024-02-24,2324,Crystal Palace,Burnley,3,0,1,3,1.2,3.0,0.8,1.4,2.3,0.9,1.0793650793650793,1.4761904761904763
20240302_TottenhamHotspur_CrystalPalace,2024-03-02,2324,Crystal Palace,Tottenham Hotspur,1,3,0,0,1.8,2.0,1.4,1.6,2.1,1.2,1.109375,1.453125
20240309_CrystalPalace_Luton,2024-03-09,2324,Crystal Palace,Luton,1,1,1,1,1.4,2.2,0.8,1.5,2.2,1.1,1.1076923076923078,1.476923076923077
20240330_NottinghamForest_CrystalPalace,2024-03-30,2324,Crystal Palace,Nottingham Forest,1,1,0,1,1.4,1.6,1.0,1.5,2.2,1.1,1.106060606060606,1.4696969696969697
20240402_Bournemouth_CrystalPalace,2024-04-02,2324,Crystal Palace,Bournemouth,0,1,0,0,1.4,1.2,1.2,1.5,2.1,1.2,1.1044776119402986,1.462686567164179
20240406_CrystalPalace_ManchesterCity,2024-04-06,2324,Crystal Palace,Manchester City,2,4,1,0,1.2,1.2,1.0,1.2,2.1,0.9,1.088235294117647,1.4558823529411764
20240414_Liverpool_CrystalPalace,2024-04-14,2324,Crystal Palace,Liverpool,1,0,0,3,1.0,2.0,0.4,1.4,2.0,0.9,1.1014492753623188,1.4927536231884058
20240421_CrystalPalace_WestHamUnited,2024-04-21,2324,Crystal Palace,West Ham United,5,2,1,3,1.0,1.4,1.0,1.2,1.8,0.9,1.1,1.4714285714285715
20240424_CrystalPalace_NewcastleUnited,2024-04-24,2324,Crystal Palace,Newcastle United,2,0,1,3,1.8,1.6,1.4,1.6,1.6,1.2,1.1549295774647887,1.4788732394366197
20240427_Fulham_CrystalPalace,2024-04-27,2324,Crystal Palace,Fulham,1,1,0,1,2.0,1.4,1.8,1.7,1.3,1.5,1.1666666666666667,1.4583333333333333
20240506_CrystalPalace_ManchesterUnited,2024-05-06,2324,Crystal Palace,Manchester United,4,0,1,3,2.2,1.4,2.0,1.7,1.3,1.5,1.1643835616438356,1.452054794520548
20240511_WolverhamptonWanderers_CrystalPalace,2024-05-11,2324,Crystal Palace,Wolverhampton Wanderers,3,1,0,3,2.6,0.6,2.6,1.8,1.3,1.5,1.2027027027027026,1.4324324324324325
20240519_CrystalPalace_AstonVilla,2024-05-19,2324,Crystal Palace,Aston Villa,5,0,1,3,3.0,0.8,2.6,2.0,1.1,1.8,1.2266666666666666,1.4266666666666667
20240818_Brentford_CrystalPalace,2024-08-18,2425,Crystal Palace,Brentford,1,2,0,0,3.0,0.4,2.6,2.4,1.0,2.0,1.2763157894736843,1.4078947368421053
20240824_CrystalPalace_WestHamUnited,2024-08-24,2425,Crystal Palace,West Ham United,0,2,1,0,2.8,0.8,2.0,2.4,1.1,1.9,1.2727272727272727,1.4155844155844155
20240901_Chelsea_CrystalPalace,2024-09-01,2425,Crystal Palace,Chelsea,1,1,0,1,2.6,1.0,1.8,2.4,1.2,1.9,1.2564102564102564,1.4230769230769231
20240914_CrystalPalace_LeicesterCity,2024-09-14,2425,Crystal Palace,Leicester City,2,2,1,1,2.0,1.2,1.4,2.3,0.9,2.0,1.2531645569620253,1.4177215189873418
20240921_CrystalPalace_ManchesterUnited,2024-09-21,2425,Crystal Palace,Manchester United,0,0,1,1,1.8,1.4,1.0,2.4,1.1,1.8,1.2625,1.425
20240928_Everton_CrystalPalace,2024-09-28,2425,Crystal Palace,Everton,1,2,0,0,0.8,1.4,0.6,1.9,0.9,1.6,1.2469135802469136,1.4074074074074074
20241005_CrystalPalace_Liverpool,2024-10-05,2425,Crystal Palace,Liverpool,0,1,1,0,0.8,1.4,0.6,1.8,1.1,1.3,1.2439024390243902,1.4146341463414633
20241021_NottinghamForest_CrystalPalace,2024-10-21,2425,Crystal Palace,Nottingham Forest,0,1,0,0,0.8,1.2,0.6,1.7,1.1,1.2,1.2289156626506024,1.4096385542168675
20241027_CrystalPalace_TottenhamHotspur,2024-10-27,2425,Crystal Palace,Tottenham Hotspur,1,0,1,3,0.6,1.2,0.4,1.3,1.2,0.9,1.2142857142857142,1.4047619047619047
20241102_WolverhamptonWanderers_CrystalPalace,2024-11-02,2425,Crystal Palace,Wolverhampton Wanderers,2,2,0,1,0.4,0.8,0.8,1.1,1.1,0.9,1.2117647058823529,1.388235294117647
20241109_CrystalPalace_Fulham,2024-11-09,2425,Crystal Palace,Fulham,0,2,1,0,0.8,1.2,0.8,0.8,1.3,0.7,1.2209302325581395,1.3953488372093024
20241123_AstonVilla_CrystalPalace,2024-11-23,2425,Crystal Palace,Aston Villa,2,2,0,1,0.6,1.2,0.8,0.7,1.3,0.7,1.206896551724138,1.4022988505747127
20241130_CrystalPalace_NewcastleUnited,2024-11-30,2425,Crystal Palace,Newcastle United,1,1,1,1,1.0,1.4,1.0,0.9,1.3,0.8,1.2159090909090908,1.4090909090909092
20241203_Ipswich_CrystalPalace,2024-12-03,2425,Crystal Palace,Ipswich,1,0,0,3,1.2,1.4,1.2,0.9,1.3,0.8,1.2134831460674158,1.404494382022472
20241207_CrystalPalace_ManchesterCity,2024-12-07,2425,Crystal Palace,Manchester City,2,2,1,1,1.2,1.4,1.2,0.8,1.1,1.0,1.211111111111111,1.3888888888888888
20241215_Brighton_CrystalPalace,2024-12-15,2425,Crystal Palace,Brighton,3,1,0,3,1.2,1.4,1.2,1.0,1.3,1.0,1.2197802197802199,1.3956043956043955
20241221_CrystalPalace_Arsenal,2024-12-21,2425,Crystal Palace,Arsenal,1,5,1,0,1.8,1.2,1.8,1.2,1.2,1.3,1.2391304347826086,1.391304347826087
20241226_Bournemouth_CrystalPalace,2024-12-26,2425,Crystal Palace,Bournemouth,0,0,0,1,1.6,1.8,1.6,1.3,1.6,1.3,1.2365591397849462,1.4301075268817205
20241229_CrystalPalace_Southampton,2024-12-29,2425,Crystal Palace,Southampton,2,1,1,3,1.4,1.6,1.6,1.3,1.5,1.4,1.2234042553191489,1.4148936170212767
20250104_CrystalPalace_Chelsea,2025-01-04,2425,Crystal Palace,Chelsea,1,1,1,1,1.6,1.8,1.6,1.4,1.6,1.4,1.231578947368421,1.4105263157894736
20250115_LeicesterCity_CrystalPalace,2025-01-15,2425,Crystal Palace,Leicester City,2,0,0,3,1.4,1.6,1.6,1.3,1.5,1.4,1.2291666666666667,1.40625
20250118_WestHamUnited_CrystalPalace,2025-01-18,2425,Crystal Palace,West Ham United,2,0,0,3,1.2,1.4,1.6,1.5,1.3,1.7,1.2371134020618557,1.3917525773195876
20250126_CrystalPalace_Brentford,2025-01-26,2425,Crystal Palace,Brentford,1,2,1,0,1.4,0.4,2.2,1.5,1.1,1.9,1.2448979591836735,1.3775510204081634
20250202_ManchesterUnited_CrystalPalace,2025-02-02,2425,Crystal Palace,Manchester United,2,0,0,3,1.6,0.8,2.0,1.5,1.2,1.8,1.2424242424242424,1.3838383838383839
20250215_CrystalPalace_Everton,2025-02-15,2425,Crystal Palace,Everton,1,2,1,0,1.6,0.6,2.0,1.6,1.2,1.8,1.25,1.37
20250222_Fulham_CrystalPalace,2025-02-22,2425,Crystal Palace,Fulham,2,0,0,3,1.6,0.8,1.8,1.5,1.2,1.7,1.2475247524752475,1.3762376237623761
20250225_CrystalPalace_AstonVilla,2025-02-25,2425,Crystal Palace,Aston Villa,4,1,1,3,1.6,0.8,1.8,1.4,1.1,1.7,1.2549019607843137,1.3627450980392157
20250308_CrystalPalace_Ipswich,2025-03-08,2425,Crystal Palace,Ipswich,1,0,1,3,2.0,1.0,1.8,1.7,0.7,2.0,1.2815533980582525,1.3592233009708738
20250402_Southampton_CrystalPalace,2025-04-02,2425,Crystal Palace,Southampton,1,1,0,1,2.0,0.6,2.4,1.8,0.7,2.2,1.2788461538461537,1.3461538461538463
20250405_CrystalPalace_Brighton,2025-04-05,2425,Crystal Palace,Brighton,2,1,1,3,1.8,0.8,2.0,1.7,0.7,2.0,1.276190476190476,1.3428571428571427
20250412_ManchesterCity_CrystalPalace,2025-04-12,2425,Crystal Palace,Manchester City,2,5,0,0,2.0,0.6,2.6,1.8,0.7,2.2,1.2830188679245282,1.3396226415094339
20250416_NewcastleUnited_CrystalPalace,2025-04-16,2425,Crystal Palace,Newcastle United,0,5,0,0,2.0,1.6,2.0,1.8,1.2,1.9,1.2897196261682242,1.3738317757009346
20250419_CrystalPalace_Bournemouth,2025-04-19,2425,Crystal Palace,Bournemouth,0,0,1,1,1.2,2.4,1.4,1.6,1.7,1.6,1.2777777777777777,1.4074074074074074
20250423_Arsenal_CrystalPalace,2025-04-23,2425,Crystal Palace,Arsenal,2,2,0,1,1.0,2.4,1.0,1.5,1.5,1.7,1.2660550458715596,1.3944954128440368
20250505_CrystalPalace_NottinghamForest,2025-05-05,2425,Crystal Palace,Nottingham Forest,1,1,1,1,1.2,2.6,1.0,1.5,1.7,1.5,1.2727272727272727,1.4
20250511_TottenhamHotspur_CrystalPalace,2025-05-11,2425,Crystal Palace,Tottenham Hotspur,2,0,0,3,1.0,2.6,0.6,1.5,1.6,1.6,1.2702702702702702,1.3963963963963963
20250520_CrystalPalace_WolverhamptonWanderers,2025-05-20,2425,Crystal Palace,Wolverhampton Wanderers,4,2,1,3,1.0,1.6,1.2,1.5,1.6,1.6,1.2767857142857142,1.3839285714285714
20250525_Liverpool_CrystalPalace,2025-05-25,2425,Crystal Palace,Liverpool,1,1,0,1,1.8,1.0,1.8,1.5,1.7,1.6,1.3008849557522124,1.3893805309734513
20250817_Chelsea_CrystalPalace,2025-08-17,2526,Crystal Palace,Chelsea,0,0,0,1,2.0,1.2,1.8,1.5,1.8,1.4,1.2982456140350878,1.3859649122807018
20250824_CrystalPalace_NottinghamForest,2025-08-24,2526,Crystal Palace,Nottingham Forest,1,1,1,1,1.6,0.8,1.8,1.4,1.7,1.4,1.2869565217391303,1.373913043478261
20250831_AstonVilla_CrystalPalace,2025-08-31,2526,Crystal Palace,Aston Villa,3,0,0,3,1.6,0.8,1.8,1.3,1.7,1.2,1.2844827586206897,1.3706896551724137
20250913_CrystalPalace_Sunderland,2025-09-13,2526,Crystal Palace,Sunderland,0,0,1,1,1.8,0.8,1.8,1.4,1.2,1.5,1.2991452991452992,1.358974358974359
20250920_WestHamUnited_CrystalPalace,2025-09-20,2526,Crystal Palace,West Ham United,2,1,0,3,1.0,0.4,1.4,1.4,0.7,1.6,1.2881355932203389,1.347457627118644
20250927_CrystalPalace_Liverpool,2025-09-27,2526,Crystal Palace,Liverpool,2,1,1,3,1.2,0.4,1.8,1.6,0.8,1.8,1.2941176470588236,1.3445378151260505
20251005_Everton_CrystalPalace,2025-10-05,2526,Crystal Palace,Everton,1,2,0,0,1.6,0.6,2.2,1.6,0.7,2.0,1.3,1.3416666666666666
20251018_CrystalPalace_Bournemouth,2025-10-18,2526,Crystal Palace,Bournemouth,3,3,1,1,1.6,0.8,2.0,1.6,0.8,1.9,1.2975206611570247,1.3471074380165289
20251026_Arsenal_CrystalPalace,2025-10-26,2526,Crystal Palace,Arsenal,0,1,0,0,1.6,1.4,1.6,1.7,1.1,1.7,1.3114754098360655,1.360655737704918
20251101_CrystalPalace_Brentford,2025-11-01,2526,Crystal Palace,Brentford,2,0,1,3,1.6,1.6,1.4,1.3,1.0,1.4,1.3008130081300813,1.3577235772357723
20251109_CrystalPalace_Brighton,2025-11-09,2526,Crystal Palace,Brighton,0,0,1,1,1.6,1.4,1.4,1.4,0.9,1.6,1.3064516129032258,1.346774193548387
20251122_WolverhamptonWanderers_CrystalPalace,2025-11-22,2526,Crystal Palace,Wolverhampton Wanderers,2,0,0,3,1.2,1.2,1.0,1.4,0.9,1.6,1.296,1.336
20251130_CrystalPalace_ManchesterUnited,2025-11-30,2526,Crystal Palace,Manchester United,1,2,1,0,1.4,0.8,1.6,1.5,0.8,1.8,1.3015873015873016,1.3253968253968254
20251203_Burnley_CrystalPalace,2025-12-03,2526,Crystal Palace,Burnley,1,0,0,3,1.0,0.6,1.4,1.3,1.0,1.5,1.2992125984251968,1.330708661417323
20251207_Fulham_CrystalPalace,2025-12-07,2526,Crystal Palace,Fulham,2,1,0,3,1.2,0.4,2.0,1.4,1.0,1.7,1.296875,1.3203125
20251214_CrystalPalace_ManchesterCity,2025-12-14,2526,Crystal Palace,Manchester City,0,3,1,0,1.2,0.6,2.0,1.4,1.0,1.7,1.302325581395349,1.317829457364341
20251220_Leeds_CrystalPalace,2025-12-20,2526,Crystal Palace,Leeds,1,4,0,0,1.2,1.2,1.8,1.2,1.2,1.4,1.2923076923076924,1.3307692307692307
20251228_CrystalPalace_TottenhamHotspur,2025-12-28,2526,Crystal Palace,Tottenham Hotspur,0,1,1,0,1.0,2.0,1.2,1.2,1.4,1.4,1.2900763358778626,1.3511450381679388
20260101_CrystalPalace_Fulham,2026-01-01,2526,Crystal Palace,Fulham,1,1,1,1,0.8,1.8,1.2,0.9,1.2,1.3,1.2803030303030303,1.3484848484848484
20260104_NewcastleUnited_CrystalPalace,2026-01-04,2526,Crystal Palace,Newcastle United,0,2,0,0,0.8,2.0,0.8,1.0,1.2,1.4,1.2781954887218046,1.3458646616541354
20260107_CrystalPalace_AstonVilla,2026-01-07,2526,Crystal Palace,Aston Villa,0,0,1,1,0.4,2.2,0.2,0.8,1.4,1.1,1.2686567164179106,1.3507462686567164
20260117_Sunderland_CrystalPalace,2026-01-17,2526,Crystal Palace,Sunderland,1,2,0,0,0.4,1.6,0.4,0.8,1.4,1.1,1.2592592592592593,1.3407407407407408
20260125_CrystalPalace_Chelsea,2026-01-25,2526,Crystal Palace,Chelsea,1,3,1,0,0.4,1.2,0.4,0.7,1.6,0.8,1.2573529411764706,1.3455882352941178
20260201_NottinghamForest_CrystalPalace,2026-02-01,2526,Crystal Palace,Nottingham Forest,1,1,0,1,0.6,1.6,0.4,0.7,1.7,0.8,1.2554744525547445,1.3576642335766422
20260208_Brighton_CrystalPalace,2026-02-08,2526,Crystal Palace,Brighton,1,0,0,3,0.6,1.6,0.4,0.7,1.8,0.6,1.2536231884057971,1.355072463768116
20260211_CrystalPalace_Burnley,2026-02-11,2526,Crystal Palace,Burnley,2,3,1,0,0.8,1.2,1.0,0.6,1.7,0.6,1.2517985611510791,1.3453237410071943
20260222_CrystalPalace_WolverhamptonWanderers,2026-02-22,2526,Crystal Palace,Wolverhampton Wanderers,1,0,1,3,1.2,1.8,0.8,0.8,1.7,0.6,1.2571428571428571,1.3571428571428572
20260301_ManchesterUnited_CrystalPalace,2026-03-01,2526,Crystal Palace,Manchester United,1,2,0,0,1.2,1.4,1.4,0.8,1.3,0.9,1.2553191489361701,1.3475177304964538
20260305_TottenhamHotspur_CrystalPalace,2026-03-05,2526,Crystal Palace,Tottenham Hotspur,3,1,0,3,1.2,1.2,1.4,0.9,1.4,0.9,1.2535211267605635,1.352112676056338
20260315_CrystalPalace_Leeds,2026-03-15,2526,Crystal Palace,Leeds,0,0,1,1,1.6,1.2,1.8,1.1,1.4,1.1,1.2657342657342658,1.3496503496503496
20260412_CrystalPalace_NewcastleUnited,2026-04-12,2526,Crystal Palace,Newcastle United,2,1,1,3,1.4,1.2,1.4,1.1,1.2,1.2,1.2569444444444444,1.3402777777777777
20260420_CrystalPalace_WestHamUnited,2026-04-20,2526,Crystal Palace,West Ham United,0,0,1,1,1.4,0.8,2.0,1.3,1.3,1.4,1.2620689655172415,1.3379310344827586
20260425_Liverpool_CrystalPalace,2026-04-25,2526,Crystal Palace,Liverpool,1,3,0,0,1.2,0.8,1.6,1.2,1.1,1.5,1.2534246575342465,1.3287671232876712
20260503_Bournemouth_CrystalPalace,2026-05-03,2526,Crystal Palace,Bournemouth,0,3,0,0,1.2,1.0,1.6,1.2,1.1,1.5,1.251700680272109,1.3401360544217686
20260510_CrystalPalace_Everton,2026-05-10,2526,Crystal Palace,Everton,2,2,1,1,0.6,1.4,1.0,1.1,1.3,1.4,1.2432432432432432,1.3513513513513513
20260513_ManchesterCity_CrystalPalace,2026-05-13,2526,Crystal Palace,Manchester City,0,3,0,0,1.0,1.8,1.0,1.2,1.5,1.2,1.2483221476510067,1.3557046979865772
20260517_Brentford_CrystalPalace,2026-05-17,2526,Crystal Palace,Brentford,2,2,0,1,0.6,2.2,0.4,1.0,1.5,1.2,1.24,1.3666666666666667
20260524_CrystalPalace_Arsenal,2026-05-24,2526,Crystal Palace,Arsenal,1,2,1,0,1.0,2.6,0.4,1.1,1.7,1.0,1.2450331125827814,1.3708609271523178
20220806_Everton_Chelsea,2022-08-06,2223,Everton,Chelsea,0,1,1,0,,,,,,,,
20220813_AstonVilla_Everton,2022-08-13,2223,Everton,Aston Villa,1,2,0,0,,,,,,,,
20220820_Everton_NottinghamForest,2022-08-20,2223,Everton,Nottingham Forest,1,1,1,1,,,,,,,,
20220827_Brentford_Everton,2022-08-27,2223,Everton,Brentford,1,1,0,1,0.6666666666666666,1.3333333333333333,0.3333333333333333,0.6666666666666666,1.3333333333333333,0.3333333333333333,0.6666666666666666,1.3333333333333333
20220830_Leeds_Everton,2022-08-30,2223,Everton,Leeds,1,1,0,1,0.75,1.25,0.5,0.75,1.25,0.5,0.75,1.25
20220903_Everton_Liverpool,2022-09-03,2223,Everton,Liverpool,0,0,1,1,0.8,1.2,0.6,0.8,1.2,0.6,0.8,1.2
20220918_Everton_WestHamUnited,2022-09-18,2223,Everton,West Ham United,1,0,1,3,0.8,1.0,0.8,0.6666666666666666,1.0,0.6666666666666666,0.6666666666666666,1.0
20221001_Southampton_Everton,2022-10-01,2223,Everton,Southampton,2,1,0,3,0.8,0.6,1.4,0.7142857142857143,0.8571428571428571,1.0,0.7142857142857143,0.8571428571428571
20221009_Everton_ManchesterUnited,2022-10-09,2223,Everton,Manchester United,1,2,1,0,1.0,0.6,1.8,0.875,0.875,1.25,0.875,0.875
20221015_TottenhamHotspur_Everton,2022-10-15,2223,Everton,Tottenham Hotspur,0,2,0,0,1.0,0.8,1.6,0.8888888888888888,1.0,1.1111111111111112,0.8888888888888888,1.0
20221019_NewcastleUnited_Everton,2022-10-19,2223,Everton,Newcastle United,0,1,0,0,0.8,1.0,1.4,0.8,1.1,1.0,0.8,1.1
20221022_Everton_CrystalPalace,2022-10-22,2223,Everton,Crystal Palace,3,0,1,3,0.8,1.2,1.2,0.8,1.1,1.0,0.7272727272727273,1.0909090909090908
20221029_Fulham_Everton,2022-10-29,2223,Everton,Fulham,0,0,0,1,1.2,1.2,1.2,1.0,0.9,1.3,0.9166666666666666,1.0
20221105_Everton_LeicesterCity,2022-11-05,2223,Everton,Leicester City,0,2,1,0,0.8,1.0,0.8,0.9,0.8,1.3,0.8461538461538461,0.9230769230769231
20221112_Bournemouth_Everton,2022-11-12,2223,Everton,Bournemouth,0,3,0,0,0.6,1.0,0.8,0.8,0.9,1.2,0.7857142857142857,1.0
20221226_Everton_WolverhamptonWanderers,2022-12-26,2223,Everton,Wolverhampton Wanderers,1,2,1,0,0.6,1.2,0.8,0.7,1.1,1.1,0.7333333333333333,1.1333333333333333
20221231_ManchesterCity_Everton,2022-12-31,2223,Everton,Manchester City,1,1,0,1,0.8,1.4,0.8,0.8,1.3,1.0,0.75,1.1875
20230103_Everton_Brighton,2023-01-03,2223,Everton,Brighton,1,4,1,0,0.4,1.6,0.4,0.8,1.4,0.8,0.7647058823529411,1.1764705882352942
20230114_Everton_Southampton,2023-01-14,2223,Everton,Southampton,1,2,1,0,0.6,2.4,0.2,0.7,1.7,0.5,0.7777777777777778,1.3333333333333333
20230121_WestHamUnited_Everton,2023-01-21,2223,Everton,West Ham United,0,2,0,0,0.8,2.4,0.2,0.7,1.7,0.5,0.7894736842105263,1.368421052631579
20230204_Everton_Arsenal,2023-02-04,2223,Everton,Arsenal,1,0,1,3,0.8,2.2,0.2,0.7,1.7,0.5,0.75,1.4
20230213_Liverpool_Everton,2023-02-13,2223,Everton,Liverpool,0,2,0,0,0.8,1.8,0.8,0.8,1.6,0.8,0.7619047619047619,1.3333333333333333
20230218_Everton_Leeds,2023-02-18,2223,Everton,Leeds,1,0,1,3,0.6,2.0,0.6,0.5,1.8,0.5,0.7272727272727273,1.3636363636363635
20230225_Everton_AstonVilla,2023-02-25,2223,Everton,Aston Villa,0,2,1,0,0.6,1.2,1.2,0.6,1.8,0.7,0.7391304347826086,1.3043478260869565
20230301_Arsenal_Everton,2023-03-01,2223,Everton,Arsenal,0,4,0,0,0.4,1.2,1.2,0.6,1.8,0.7,0.7083333333333334,1.3333333333333333
20230305_NottinghamForest_Everton,2023-03-05,2223,Everton,Nottingham Forest,2,2,0,1,0.4,1.6,1.2,0.6,1.9,0.7,0.68,1.44
20230311_Everton_Brentford,2023-03-11,2223,Everton,Brentford,1,0,1,3,0.6,2.0,0.8,0.7,1.9,0.8,0.7307692307692307,1.4615384615384615
20230318_Chelsea_Everton,2023-03-18,2223,Everton,Chelsea,2,2,0,1,0.8,1.6,1.4,0.7,1.8,1.0,0.7407407407407407,1.4074074074074074
20230403_Everton_TottenhamHotspur,2023-04-03,2223,Everton,Tottenham Hotspur,1,1,1,1,1.0,2.0,1.0,0.8,1.6,1.1,0.7857142857142857,1.4285714285714286
20230408_ManchesterUnited_Everton,2023-04-08,2223,Everton,Manchester United,0,2,0,0,1.2,1.8,1.2,0.8,1.5,1.2,0.7931034482758621,1.4137931034482758
20230415_Everton_Fulham,2023-04-15,2223,Everton,Fulham,1,3,1,0,1.2,1.4,1.2,0.8,1.5,1.2,0.7666666666666667,1.4333333333333333
20230422_CrystalPalace_Everton,2023-04-22,2223,Everton,Crystal Palace,0,0,0,1,1.0,1.6,1.0,0.8,1.8,0.9,0.7741935483870968,1.4838709677419355
20230427_Everton_NewcastleUnited,2023-04-27,2223,Everton,Newcastle United,1,4,1,0,0.8,1.6,0.6,0.8,1.6,1.0,0.75,1.4375
20230501_LeicesterCity_Everton,2023-05-01,2223,Everton,Leicester City,2,2,0,1,0.6,2.0,0.4,0.8,2.0,0.7,0.7575757575757576,1.5151515151515151
20230508_Brighton_Everton,2023-05-08,2223,Everton,Brighton,5,1,0,3,0.8,2.2,0.4,1.0,2.0,0.8,0.7941176470588235,1.5294117647058822
20230514_Everton_ManchesterCity,2023-05-14,2223,Everton,Manchester City,0,3,1,0,1.8,2.0,1.0,1.5,1.7,1.1,0.9142857142857143,1.5142857142857142
20230520_WolverhamptonWanderers_Everton,2023-05-20,2223,Everton,Wolverhampton Wanderers,1,1,0,1,1.6,2.0,1.0,1.3,1.8,1.0,0.8888888888888888,1.5555555555555556
20230528_Everton_Bournemouth,2023-05-28,2223,Everton,Bournemouth,1,0,1,3,1.8,2.2,1.0,1.3,1.9,0.8,0.8918918918918919,1.5405405405405406
20230812_Everton_Fulham,2023-08-12,2324,Everton,Fulham,0,1,1,0,1.8,1.4,1.6,1.2,1.7,1.0,0.8947368421052632,1.5
20230820_AstonVilla_Everton,2023-08-20,2324,Everton,Aston Villa,0,4,0,0,1.4,1.2,1.4,1.1,1.7,0.9,0.8717948717948718,1.4871794871794872
20230826_Everton_WolverhamptonWanderers,2023-08-26,2324,Everton,Wolverhampton Wanderers,0,1,1,0,0.4,1.8,0.8,1.1,1.9,0.9,0.85,1.55
20230902_SheffieldUnited_Everton,2023-09-02,2324,Everton,Sheffield United,2,2,0,1,0.4,1.4,0.8,1.0,1.7,0.9,0.8292682926829268,1.5365853658536586
20230917_Everton_Arsenal,2023-09-17,2324,Everton,Arsenal,0,1,1,0,0.6,1.6,0.8,1.2,1.9,0.9,0.8571428571428571,1.5476190476190477
20230923_Brentford_Everton,2023-09-23,2324,Everton,Brentford,3,1,0,3,0.4,1.8,0.2,1.1,1.6,0.9,0.8372093023255814,1.5348837209302326
20230930_Everton_Luton,2023-09-30,2324,Everton,Luton,1,2,1,0,1.0,1.8,0.8,1.2,1.5,1.1,0.8863636363636364,1.5227272727272727
20231007_Everton_Bournemouth,2023-10-07,2324,Everton,Bournemouth,3,0,1,3,1.2,1.4,0.8,0.8,1.6,0.8,0.8888888888888888,1.5333333333333334
20231021_Liverpool_Everton,2023-10-21,2324,Everton,Liverpool,0,2,0,0,1.8,1.2,1.4,1.1,1.3,1.1,0.9347826086956522,1.5
20231029_WestHamUnited_Everton,2023-10-29,2324,Everton,West Ham United,1,0,0,3,1.4,1.2,1.2,1.0,1.4,1.0,0.9148936170212766,1.5106382978723405
20231104_Everton_Brighton,2023-11-04,2324,Everton,Brighton,1,1,1,1,1.6,1.0,1.8,1.0,1.4,1.0,0.9166666666666666,1.4791666666666667
20231111_CrystalPalace_Everton,2023-11-11,2324,Everton,Crystal Palace,3,2,0,3,1.2,1.0,1.4,1.1,1.4,1.1,0.9183673469387755,1.469387755102041
20231126_Everton_ManchesterUnited,2023-11-26,2324,Everton,Manchester United,0,3,1,0,1.6,1.0,2.0,1.4,1.2,1.4,0.96,1.48
20231202_NottinghamForest_Everton,2023-12-02,2324,Everton,Nottingham Forest,1,0,0,3,1.0,1.6,1.4,1.4,1.4,1.4,0.9411764705882353,1.5098039215686274
20231207_Everton_NewcastleUnited,2023-12-07,2324,Everton,Newcastle United,3,0,1,3,1.2,1.2,2.0,1.3,1.2,1.6,0.9423076923076923,1.4807692307692308
20231210_Everton_Chelsea,2023-12-10,2324,Everton,Chelsea,2,0,1,3,1.6,1.2,2.0,1.6,1.1,1.9,0.9811320754716981,1.4528301886792452
20231216_Burnley_Everton,2023-12-16,2324,Everton,Burnley,2,0,0,3,1.8,1.0,2.4,1.5,1.0,1.9,1.0,1.4259259259259258
20231223_TottenhamHotspur_Everton,2023-12-23,2324,Everton,Tottenham Hotspur,1,2,0,0,1.6,0.6,2.4,1.6,0.8,2.2,1.018181818181818,1.4
20231227_Everton_ManchesterCity,2023-12-27,2324,Everton,Manchester City,1,3,1,0,1.8,0.4,2.4,1.4,1.0,1.9,1.0178571428571428,1.4107142857142858
20231230_WolverhamptonWanderers_Everton,2023-12-30,2324,Everton,Wolverhampton Wanderers,0,3,0,0,1.8,1.0,1.8,1.5,1.1,1.9,1.0175438596491229,1.4385964912280702
20240114_Everton_AstonVilla,2024-01-14,2324,Everton,Aston Villa,0,0,1,1,1.2,1.6,1.2,1.4,1.4,1.6,1.0,1.4655172413793103
20240130_Fulham_Everton,2024-01-30,2324,Everton,Fulham,0,0,0,1,0.8,1.6,0.8,1.3,1.3,1.6,0.9830508474576272,1.4406779661016949
20240203_Everton_TottenhamHotspur,2024-02-03,2324,Everton,Tottenham Hotspur,2,2,1,1,0.4,1.6,0.4,1.0,1.1,1.4,0.9666666666666667,1.4166666666666667
20240210_ManchesterCity_Everton,2024-02-10,2324,Everton,Manchester City,0,2,0,0,0.6,1.6,0.6,1.2,1.0,1.5,0.9836065573770492,1.4262295081967213
20240219_Everton_CrystalPalace,2024-02-19,2324,Everton,Crystal Palace,1,1,1,1,0.4,1.4,0.6,1.1,1.2,1.2,0.967741935483871,1.435483870967742
20240224_Brighton_Everton,2024-02-24,2324,Everton,Brighton,1,1,0,1,0.6,1.0,0.8,0.9,1.3,1.0,0.9682539682539683,1.4285714285714286
20240302_Everton_WestHamUnited,2024-03-02,2324,Everton,West Ham United,1,3,1,0,0.8,1.2,0.8,0.8,1.4,0.8,0.96875,1.421875
20240309_ManchesterUnited_Everton,2024-03-09,2324,Everton,Manchester United,0,2,0,0,1.0,1.8,0.6,0.7,1.7,0.5,0.9692307692307692,1.4461538461538461
20240330_Bournemouth_Everton,2024-03-30,2324,Everton,Bournemouth,1,2,0,0,0.6,1.8,0.4,0.6,1.7,0.5,0.9545454545454546,1.4545454545454546
20240402_NewcastleUnited_Everton,2024-04-02,2324,Everton,Newcastle United,1,1,0,1,0.8,1.8,0.4,0.6,1.6,0.5,0.9552238805970149,1.462686567164179
20240406_Everton_Burnley,2024-04-06,2324,Everton,Burnley,1,0,1,3,0.8,1.8,0.4,0.7,1.4,0.6,0.9558823529411765,1.4558823529411764
20240415_Chelsea_Everton,2024-04-15,2324,Everton,Chelsea,0,6,0,0,0.8,1.6,0.8,0.8,1.4,0.8,0.9565217391304348,1.434782608695652
20240421_Everton_NottinghamForest,2024-04-21,2324,Everton,Nottingham Forest,2,0,1,3,0.6,2.2,0.8,0.8,2.0,0.7,0.9428571428571428,1.5
20240424_Everton_Liverpool,2024-04-24,2324,Everton,Liverpool,2,0,1,3,1.0,1.8,1.4,0.8,1.8,0.9,0.9577464788732394,1.4788732394366197
20240427_Everton_Brentford,2024-04-27,2324,Everton,Brentford,1,0,1,3,1.2,1.4,2.0,1.0,1.6,1.2,0.9722222222222222,1.4583333333333333
20240503_Luton_Everton,2024-05-03,2324,Everton,Luton,1,1,0,1,1.2,1.2,2.4,1.0,1.5,1.4,0.9726027397260274,1.4383561643835616
20240511_Everton_SheffieldUnited,2024-05-11,2324,Everton,Sheffield United,1,0,1,3,1.2,1.4,2.0,1.0,1.5,1.4,0.972972972972973,1.4324324324324325
20240519_Arsenal_Everton,2024-05-19,2324,Everton,Arsenal,1,2,0,0,1.4,0.2,2.6,1.0,1.2,1.7,0.9733333333333334,1.4133333333333333
20240817_Everton_Brighton,2024-08-17,2425,Everton,Brighton,0,3,1,0,1.2,0.6,2.0,1.1,1.2,1.7,0.9736842105263158,1.4210526315789473
20240824_TottenhamHotspur_Everton,2024-08-24,2425,Everton,Tottenham Hotspur,0,4,0,0,0.8,1.2,1.4,1.0,1.3,1.7,0.961038961038961,1.4415584415584415
20240831_Everton_Bournemouth,2024-08-31,2425,Everton,Bournemouth,2,3,1,0,0.6,2.0,0.8,0.9,1.6,1.6,0.9487179487179487,1.4743589743589745
20240914_AstonVilla_Everton,2024-09-14,2425,Everton,Aston Villa,2,3,0,0,0.8,2.4,0.6,1.0,1.9,1.3,0.9620253164556962,1.4936708860759493
20240921_LeicesterCity_Everton,2024-09-21,2425,Everton,Leicester City,1,1,0,1,1.0,3.0,0.0,1.2,1.6,1.3,0.975,1.5125
20240928_Everton_CrystalPalace,2024-09-28,2425,Everton,Crystal Palace,2,1,1,3,1.0,2.8,0.2,1.1,1.7,1.1,0.9753086419753086,1.5061728395061729
20241005_Everton_NewcastleUnited,2024-10-05,2425,Everton,Newcastle United,0,0,1,1,1.4,2.4,0.8,1.1,1.8,1.1,0.9878048780487805,1.5
20241019_Ipswich_Everton,2024-10-19,2425,Everton,Ipswich,2,0,0,3,1.4,1.6,1.0,1.0,1.8,0.9,0.9759036144578314,1.4819277108433735
20241026_Everton_Fulham,2024-10-26,2425,Everton,Fulham,1,1,1,1,1.4,1.0,1.6,1.1,1.7,1.1,0.9880952380952381,1.4642857142857142
20241102_Southampton_Everton,2024-11-02,2425,Everton,Southampton,0,1,0,0,1.2,0.6,1.8,1.1,1.8,0.9,0.9882352941176471,1.4588235294117646
20241109_WestHamUnited_Everton,2024-11-09,2425,Everton,West Ham United,0,0,0,1,1.0,0.6,1.6,1.0,1.7,0.9,0.9767441860465116,1.4534883720930232
20241123_Everton_Brentford,2024-11-23,2425,Everton,Brentford,0,0,1,1,0.6,0.4,1.2,1.0,1.4,1.0,0.9655172413793104,1.4367816091954022
20241201_ManchesterUnited_Everton,2024-12-01,2425,Everton,Manchester United,0,4,0,0,0.6,0.4,1.2,1.0,1.0,1.1,0.9545454545454546,1.4204545454545454
20241204_Everton_WolverhamptonWanderers,2024-12-04,2425,Everton,Wolverhampton Wanderers,4,0,1,3,0.2,1.2,0.6,0.8,1.1,1.1,0.9438202247191011,1.449438202247191
20241214_Arsenal_Everton,2024-12-14,2425,Everton,Arsenal,0,0,0,1,0.8,1.0,1.0,1.0,0.8,1.4,0.9777777777777777,1.4333333333333333
20241222_Everton_Chelsea,2024-12-22,2425,Everton,Chelsea,0,0,1,1,0.8,0.8,1.2,0.9,0.7,1.4,0.967032967032967,1.4175824175824177
20241226_ManchesterCity_Everton,2024-12-26,2425,Everton,Manchester City,1,1,0,1,0.8,0.8,1.2,0.7,0.6,1.2,0.9565217391304348,1.4021739130434783
20241229_Everton_NottinghamForest,2024-12-29,2425,Everton,Nottingham Forest,0,2,1,0,1.0,1.0,1.2,0.8,0.7,1.2,0.956989247311828,1.3978494623655915
20250104_Bournemouth_Everton,2025-01-04,2425,Everton,Bournemouth,0,1,0,0,1.0,0.6,1.2,0.6,0.9,0.9,0.9468085106382979,1.4042553191489362
20250115_Everton_AstonVilla,2025-01-15,2425,Everton,Aston Villa,0,1,1,0,0.2,0.8,0.6,0.5,0.9,0.8,0.9368421052631579,1.4
20250119_Everton_TottenhamHotspur,2025-01-19,2425,Everton,Tottenham Hotspur,3,2,1,3,0.2,1.0,0.4,0.5,0.9,0.8,0.9270833333333334,1.3958333333333333
20250125_Brighton_Everton,2025-01-25,2425,Everton,Brighton,1,0,0,3,0.8,1.4,0.8,0.8,1.1,1.0,0.9484536082474226,1.402061855670103
20250201_Everton_LeicesterCity,2025-02-01,2425,Everton,Leicester City,4,0,1,3,0.8,1.2,1.2,0.9,1.1,1.2,0.9489795918367347,1.3877551020408163
20250212_Everton_Liverpool,2025-02-12,2425,Everton,Liverpool,2,2,1,1,1.6,0.8,1.8,1.3,0.7,1.5,0.9797979797979798,1.3737373737373737
20250215_CrystalPalace_Everton,2025-02-15,2425,Everton,Crystal Palace,2,1,0,3,2.0,1.0,2.0,1.1,0.9,1.3,0.99,1.38
20250222_Everton_ManchesterUnited,2025-02-22,2425,Everton,Manchester United,2,2,1,1,2.4,1.0,2.6,1.3,1.0,1.5,1.0,1.3762376237623761
20250226_Brentford_Everton,2025-02-26,2425,Everton,Brentford,1,1,0,1,2.2,1.0,2.2,1.5,1.2,1.5,1.0098039215686274,1.3823529411764706
20250308_WolverhamptonWanderers_Everton,2025-03-08,2425,Everton,Wolverhampton Wanderers,1,1,0,1,2.2,1.2,1.8,1.5,1.2,1.5,1.0097087378640777,1.3786407766990292
20250315_Everton_WestHamUnited,2025-03-15,2425,Everton,West Ham United,1,1,1,1,1.6,1.4,1.4,1.6,1.1,1.6,1.0096153846153846,1.375
20250402_Liverpool_Everton,2025-04-02,2425,Everton,Liverpool,0,1,0,0,1.4,1.2,1.4,1.7,1.1,1.7,1.0095238095238095,1.3714285714285714
20250405_Everton_Arsenal,2025-04-05,2425,Everton,Arsenal,1,1,1,1,1.0,1.2,0.8,1.7,1.1,1.7,1.0,1.3679245283018868
20250412_NottinghamForest_Everton,2025-04-12,2425,Everton,Nottingham Forest,1,0,0,3,0.8,1.0,0.8,1.5,1.0,1.5,1.0,1.3644859813084111
20250419_Everton_ManchesterCity,2025-04-19,2425,Everton,Manchester City,0,2,1,0,0.8,0.8,1.2,1.5,1.0,1.5,1.0,1.3518518518518519
20250426_Chelsea_Everton,2025-04-26,2425,Everton,Chelsea,0,1,0,0,0.6,1.0,1.0,1.1,1.2,1.2,0.9908256880733946,1.3577981651376148
20250503_Everton_Ipswich,2025-05-03,2425,Everton,Ipswich,2,2,1,1,0.4,1.0,0.8,0.9,1.1,1.1,0.9818181818181818,1.3545454545454545
20250510_Fulham_Everton,2025-05-10,2425,Everton,Fulham,3,1,0,3,0.8,1.2,1.0,0.9,1.2,0.9,0.990990990990991,1.3603603603603605
20250518_Everton_Southampton,2025-05-18,2425,Everton,Southampton,2,0,1,3,1.2,1.2,1.4,1.0,1.1,1.1,1.0089285714285714,1.3571428571428572
20250525_NewcastleUnited_Everton,2025-05-25,2425,Everton,Newcastle United,1,0,0,3,1.4,1.2,1.4,1.1,1.0,1.3,1.0176991150442478,1.345132743362832
20250818_Leeds_Everton,2025-08-18,2526,Everton,Leeds,0,1,0,0,1.6,0.8,2.0,1.1,0.9,1.5,1.0175438596491229,1.3333333333333333
20250824_Everton_Brighton,2025-08-24,2526,Everton,Brighton,2,0,1,3,1.6,0.8,2.0,1.0,0.9,1.4,1.008695652173913,1.3304347826086957
20250830_WolverhamptonWanderers_Everton,2025-08-30,2526,Everton,Wolverhampton Wanderers,3,2,0,3,1.6,0.4,2.4,1.2,0.8,1.7,1.0172413793103448,1.3189655172413792
20250913_Everton_AstonVilla,2025-09-13,2526,Everton,Aston Villa,0,0,1,1,1.6,0.6,2.4,1.4,0.9,1.9,1.0341880341880343,1.3247863247863247
20250920_Liverpool_Everton,2025-09-20,2526,Everton,Liverpool,1,2,0,0,1.2,0.6,2.0,1.3,0.9,1.7,1.0254237288135593,1.3135593220338984
20250929_Everton_WestHamUnited,2025-09-29,2526,Everton,West Ham United,1,1,1,1,1.2,1.0,1.4,1.4,0.9,1.7,1.0252100840336134,1.319327731092437
20251005_Everton_CrystalPalace,2025-10-05,2526,Everton,Crystal Palace,2,1,1,3,1.4,1.0,1.6,1.5,0.9,1.8,1.025,1.3166666666666667
20251018_ManchesterCity_Everton,2025-10-18,2526,Everton,Manchester City,0,2,0,0,1.4,1.2,1.6,1.5,0.8,2.0,1.0330578512396693,1.3140495867768596
20251026_Everton_TottenhamHotspur,2025-10-26,2526,Everton,Tottenham Hotspur,0,3,1,0,0.8,1.2,1.0,1.2,0.9,1.7,1.0245901639344261,1.319672131147541
20251103_Sunderland_Everton,2025-11-03,2526,Everton,Sunderland,1,1,0,1,0.8,1.8,0.8,1.0,1.2,1.4,1.016260162601626,1.3333333333333333
20251108_Everton_Fulham,2025-11-08,2526,Everton,Fulham,2,0,1,3,0.8,1.6,1.0,1.0,1.3,1.2,1.0161290322580645,1.3306451612903225
20251124_ManchesterUnited_Everton,2025-11-24,2526,Everton,Manchester United,1,0,0,3,1.0,1.4,1.4,1.2,1.2,1.5,1.024,1.32
20251129_Everton_NewcastleUnited,2025-11-29,2526,Everton,Newcastle United,1,4,1,0,0.8,1.2,1.4,1.1,1.2,1.5,1.0238095238095237,1.3095238095238095
20251202_Bournemouth_Everton,2025-12-02,2526,Everton,Bournemouth,1,0,0,3,1.0,1.6,1.4,0.9,1.4,1.2,1.0236220472440944,1.330708661417323
20251206_Everton_NottinghamForest,2025-12-06,2526,Everton,Nottingham Forest,3,0,1,3,1.2,1.0,2.0,1.0,1.4,1.4,1.0234375,1.3203125
20251213_Chelsea_Everton,2025-12-13,2526,Everton,Chelsea,0,2,0,0,1.6,0.8,2.4,1.2,1.2,1.7,1.0387596899224807,1.310077519379845
20251220_Everton_Arsenal,2025-12-20,2526,Everton,Arsenal,0,1,1,0,1.2,1.2,1.8,1.1,1.3,1.6,1.0307692307692307,1.3153846153846154
20251227_Burnley_Everton,2025-12-27,2526,Everton,Burnley,0,0,0,1,1.0,1.4,1.2,0.9,1.3,1.3,1.0229007633587786,1.3129770992366412
20251230_NottinghamForest_Everton,2025-12-30,2526,Everton,Nottingham Forest,2,0,0,3,0.8,0.6,1.4,0.9,1.1,1.4,1.0151515151515151,1.303030303030303
20260104_Everton_Brentford,2026-01-04,2526,Everton,Brentford,2,4,1,0,1.0,0.6,1.4,1.1,0.8,1.7,1.0225563909774436,1.2932330827067668
20260107_Everton_WolverhamptonWanderers,2026-01-07,2526,Everton,Wolverhampton Wanderers,1,1,1,1,0.8,1.4,0.8,1.2,1.1,1.6,1.0298507462686568,1.3134328358208955
20260118_AstonVilla_Everton,2026-01-18,2526,Everton,Aston Villa,1,0,0,3,1.0,1.2,1.0,1.1,1.2,1.4,1.0296296296296297,1.3111111111111111
20260126_Everton_Leeds,2026-01-26,2526,Everton,Leeds,1,1,1,1,1.2,1.0,1.6,1.1,1.2,1.4,1.0294117647058822,1.3014705882352942
20260131_Brighton_Everton,2026-01-31,2526,Everton,Brighton,1,1,0,1,1.4,1.2,1.6,1.1,0.9,1.5,1.0291970802919708,1.2992700729927007
20260207_Fulham_Everton,2026-02-07,2526,Everton,Fulham,2,1,0,3,1.2,1.4,1.2,1.1,1.0,1.3,1.0289855072463767,1.2971014492753623
20260210_Everton_Bournemouth,2026-02-10,2526,Everton,Bournemouth,1,2,1,0,1.2,0.8,1.8,1.0,1.1,1.3,1.0359712230215827,1.2949640287769784
20260223_Everton_ManchesterUnited,2026-02-23,2526,Everton,Manchester United,0,1,1,0,1.2,1.0,1.6,1.1,1.1,1.3,1.0357142857142858,1.3
20260228_NewcastleUnited_Everton,2026-02-28,2526,Everton,Newcastle United,3,2,0,3,1.0,1.2,1.0,1.1,1.1,1.3,1.0283687943262412,1.297872340425532
20260303_Everton_Burnley,2026-03-03,2526,Everton,Burnley,2,0,1,3,1.4,1.4,1.4,1.4,1.3,1.5,1.0422535211267605,1.3028169014084507
20260314_Arsenal_Everton,2026-03-14,2526,Everton,Arsenal,0,2,0,0,1.6,1.2,1.8,1.4,1.3,1.5,1.048951048951049,1.2937062937062938
20260321_Everton_Chelsea,2026-03-21,2526,Everton,Chelsea,3,0,1,3,1.2,1.4,1.2,1.2,1.1,1.5,1.0416666666666667,1.2986111111111112
20260411_Brentford_Everton,2026-04-11,2526,Everton,Brentford,2,2,0,1,1.6,1.0,1.8,1.4,1.0,1.7,1.0551724137931036,1.289655172413793
20260419_Everton_Liverpool,2026-04-19,2526,Everton,Liverpool,1,2,1,0,2.0,1.2,2.0,1.5,1.2,1.5,1.0616438356164384,1.2945205479452055
20260425_WestHamUnited_Everton,2026-04-25,2526,Everton,West Ham United,1,2,0,0,1.6,1.2,1.4,1.5,1.3,1.4,1.0612244897959184,1.2993197278911566
20260504_Everton_ManchesterCity,2026-05-04,2526,Everton,Manchester City,3,3,1,1,1.4,1.6,0.8,1.5,1.4,1.3,1.0608108108108107,1.304054054054054
20260510_CrystalPalace_Everton,2026-05-10,2526,Everton,Crystal Palace,2,2,0,1,2.0,1.8,1.0,1.6,1.6,1.1,1.0738255033557047,1.3154362416107384
20260517_Everton_Sunderland,2026-05-17,2526,Everton,Sunderland,1,3,1,0,1.8,2.2,0.6,1.7,1.6,1.2,1.08,1.32
20260524_TottenhamHotspur_Everton,2026-05-24,2526,Everton,Tottenham Hotspur,0,1,0,0,1.6,2.4,0.4,1.8,1.8,1.2,1.0794701986754967,1.3311258278145695
20220806_Fulham_Liverpool,2022-08-06,2223,Fulham,Liverpool,2,2,1,1,,,,,,,,
20220813_WolverhamptonWanderers_Fulham,2022-08-13,2223,Fulham,Wolverhampton Wanderers,0,0,0,1,,,,,,,,
20220820_Fulham_Brentford,2022-08-20,2223,Fulham,Brentford,3,2,1,3,,,,,,,,
20220827_Arsenal_Fulham,2022-08-27,2223,Fulham,Arsenal,1,2,0,0,1.6666666666666667,1.3333333333333333,1.6666666666666667,1.6666666666666667,1.3333333333333333,1.6666666666666667,1.6666666666666667,1.3333333333333333
20220830_Fulham_Brighton,2022-08-30,2223,Fulham,Brighton,2,1,1,3,1.5,1.5,1.25,1.5,1.5,1.25,1.5,1.5
20220903_TottenhamHotspur_Fulham,2022-09-03,2223,Fulham,Tottenham Hotspur,1,2,0,0,1.6,1.4,1.6,1.6,1.4,1.6,1.6,1.4
20220916_NottinghamForest_Fulham,2022-09-16,2223,Fulham,Nottingham Forest,3,2,0,3,1.4,1.4,1.4,1.5,1.5,1.3333333333333333,1.5,1.5
20221001_Fulham_NewcastleUnited,2022-10-01,2223,Fulham,Newcastle United,1,4,1,0,2.0,1.8,1.8,1.7142857142857142,1.5714285714285714,1.5714285714285714,1.7142857142857142,1.5714285714285714
20221009_WestHamUnited_Fulham,2022-10-09,2223,Fulham,West Ham United,1,3,0,0,1.6,2.2,1.2,1.625,1.875,1.375,1.625,1.875
20221015_Fulham_Bournemouth,2022-10-15,2223,Fulham,Bournemouth,2,2,1,1,1.6,2.4,1.2,1.5555555555555556,2.0,1.2222222222222223,1.5555555555555556,2.0
20221020_Fulham_AstonVilla,2022-10-20,2223,Fulham,Aston Villa,3,0,1,3,1.6,2.6,0.8,1.6,2.0,1.2,1.6,2.0
20221023_Leeds_Fulham,2022-10-23,2223,Fulham,Leeds,3,2,0,3,2.0,2.2,1.4,1.7,1.8,1.4,1.7272727272727273,1.8181818181818181
20221029_Fulham_Everton,2022-10-29,2223,Fulham,Everton,0,0,1,1,2.0,2.2,1.4,2.0,2.0,1.6,1.8333333333333333,1.8333333333333333
20221105_ManchesterCity_Fulham,2022-11-05,2223,Fulham,Manchester City,1,2,0,0,1.8,1.4,1.6,1.7,1.8,1.4,1.6923076923076923,1.6923076923076923
20221113_Fulham_ManchesterUnited,2022-11-13,2223,Fulham,Manchester United,1,2,1,0,1.8,1.2,1.6,1.7,1.8,1.4,1.6428571428571428,1.7142857142857142
20221226_CrystalPalace_Fulham,2022-12-26,2223,Fulham,Crystal Palace,3,0,0,3,1.6,1.2,1.4,1.6,1.9,1.1,1.6,1.7333333333333334
20221231_Fulham_Southampton,2022-12-31,2223,Fulham,Southampton,2,1,1,3,1.6,1.2,1.4,1.8,1.7,1.4,1.6875,1.625
20230103_LeicesterCity_Fulham,2023-01-03,2223,Fulham,Leicester City,1,0,0,3,1.4,1.0,1.4,1.7,1.6,1.4,1.7058823529411764,1.588235294117647
20230112_Fulham_Chelsea,2023-01-12,2223,Fulham,Chelsea,2,1,1,3,1.6,1.0,1.8,1.7,1.2,1.7,1.6666666666666667,1.5
20230115_NewcastleUnited_Fulham,2023-01-15,2223,Fulham,Newcastle United,0,1,0,0,1.8,0.8,2.4,1.8,1.0,2.0,1.6842105263157894,1.4736842105263157
20230123_Fulham_TottenhamHotspur,2023-01-23,2223,Fulham,Tottenham Hotspur,0,1,1,0,1.6,0.6,2.4,1.6,0.9,1.9,1.6,1.45
20230203_Chelsea_Fulham,2023-02-03,2223,Fulham,Chelsea,0,0,0,1,1.0,0.8,1.8,1.3,1.0,1.6,1.5238095238095237,1.4285714285714286
20230211_Fulham_NottinghamForest,2023-02-11,2223,Fulham,Nottingham Forest,2,0,1,3,0.6,0.6,1.4,1.0,0.8,1.4,1.4545454545454546,1.3636363636363635
20230218_Brighton_Fulham,2023-02-18,2223,Fulham,Brighton,1,0,0,3,0.8,0.6,1.4,1.2,0.8,1.6,1.4782608695652173,1.3043478260869565
20230224_Fulham_WolverhamptonWanderers,2023-02-24,2223,Fulham,Wolverhampton Wanderers,1,1,1,1,0.6,0.4,1.4,1.2,0.6,1.9,1.4583333333333333,1.25
20230306_Brentford_Fulham,2023-03-06,2223,Fulham,Brentford,2,3,0,0,0.8,0.4,1.6,1.2,0.5,2.0,1.44,1.24
20230312_Fulham_Arsenal,2023-03-12,2223,Fulham,Arsenal,0,3,1,0,1.2,0.8,1.6,1.1,0.8,1.7,1.4615384615384615,1.3076923076923077
20230401_Bournemouth_Fulham,2023-04-01,2223,Fulham,Bournemouth,1,2,0,0,1.2,1.4,1.4,0.9,1.0,1.4,1.4074074074074074,1.3703703703703705
20230408_Fulham_WestHamUnited,2023-04-08,2223,Fulham,West Ham United,0,1,1,0,1.0,1.8,0.8,0.9,1.2,1.1,1.3928571428571428,1.3928571428571428
20230415_Everton_Fulham,2023-04-15,2223,Fulham,Everton,3,1,0,3,0.8,2.0,0.2,0.7,1.2,0.8,1.3448275862068966,1.3793103448275863
20230422_Fulham_Leeds,2023-04-22,2223,Fulham,Leeds,2,1,1,3,1.2,2.0,0.6,1.0,1.2,1.1,1.4,1.3666666666666667
20230425_AstonVilla_Fulham,2023-04-25,2223,Fulham,Aston Villa,0,1,0,0,1.2,1.6,1.2,1.2,1.2,1.4,1.4193548387096775,1.3548387096774193
20230430_Fulham_ManchesterCity,2023-04-30,2223,Fulham,Manchester City,1,2,1,0,1.2,1.2,1.2,1.2,1.3,1.3,1.375,1.34375
20230503_Liverpool_Fulham,2023-05-03,2223,Fulham,Liverpool,0,1,0,0,1.2,1.2,1.2,1.1,1.5,1.0,1.3636363636363635,1.3636363636363635
20230508_Fulham_LeicesterCity,2023-05-08,2223,Fulham,Leicester City,5,3,1,3,1.2,1.2,1.2,1.0,1.6,0.7,1.3235294117647058,1.3529411764705883
20230513_Southampton_Fulham,2023-05-13,2223,Fulham,Southampton,2,0,0,3,1.6,1.6,1.2,1.4,1.8,0.9,1.4285714285714286,1.4
20230520_Fulham_CrystalPalace,2023-05-20,2223,Fulham,Crystal Palace,2,2,1,1,1.6,1.4,1.2,1.4,1.5,1.2,1.4444444444444444,1.3611111111111112
20230528_ManchesterUnited_Fulham,2023-05-28,2223,Fulham,Manchester United,1,2,0,0,2.0,1.6,1.4,1.6,1.4,1.3,1.4594594594594594,1.3783783783783783
20230812_Everton_Fulham,2023-08-12,2324,Fulham,Everton,1,0,0,3,2.0,1.6,1.4,1.6,1.4,1.3,1.4473684210526316,1.394736842105263
20230819_Fulham_Brentford,2023-08-19,2324,Fulham,Brentford,0,3,1,0,2.2,1.4,2.0,1.7,1.3,1.6,1.435897435897436,1.358974358974359
20230826_Arsenal_Fulham,2023-08-26,2324,Fulham,Arsenal,2,2,0,1,1.2,1.4,1.4,1.4,1.5,1.3,1.4,1.4
20230902_ManchesterCity_Fulham,2023-09-02,2324,Fulham,Manchester City,1,5,0,0,1.2,1.8,1.0,1.4,1.6,1.1,1.4146341463414633,1.4146341463414633
20230916_Fulham_Luton,2023-09-16,2324,Fulham,Luton,1,0,1,3,1.0,2.4,0.8,1.5,2.0,1.1,1.4047619047619047,1.5
20230923_CrystalPalace_Fulham,2023-09-23,2324,Fulham,Crystal Palace,0,0,0,1,1.0,2.0,1.4,1.5,1.8,1.4,1.3953488372093024,1.4651162790697674
20231002_Fulham_Chelsea,2023-10-02,2324,Fulham,Chelsea,0,2,1,0,0.8,2.0,1.0,1.5,1.7,1.5,1.3636363636363635,1.4318181818181819
20231007_Fulham_SheffieldUnited,2023-10-07,2324,Fulham,Sheffield United,3,1,1,3,0.8,1.8,1.0,1.0,1.6,1.2,1.3333333333333333,1.4444444444444444
20231023_TottenhamHotspur_Fulham,2023-10-23,2324,Fulham,Tottenham Hotspur,0,2,0,0,1.0,1.6,1.4,1.1,1.7,1.2,1.3695652173913044,1.434782608695652
20231029_Brighton_Fulham,2023-10-29,2324,Fulham,Brighton,1,1,0,1,0.8,1.0,1.4,0.9,1.7,1.1,1.3404255319148937,1.446808510638298
20231104_Fulham_ManchesterUnited,2023-11-04,2324,Fulham,Manchester United,0,1,1,0,0.8,1.2,1.0,0.9,1.6,1.2,1.3333333333333333,1.4375
20231112_AstonVilla_Fulham,2023-11-12,2324,Fulham,Aston Villa,1,3,0,0,0.8,1.4,0.8,0.8,1.7,0.9,1.3061224489795917,1.4285714285714286
20231127_Fulham_WolverhamptonWanderers,2023-11-27,2324,Fulham,Wolverhampton Wanderers,3,2,1,3,1.0,1.6,0.8,0.9,1.7,0.9,1.3,1.46
20231203_Liverpool_Fulham,2023-12-03,2324,Fulham,Liverpool,3,4,0,0,1.0,1.8,0.8,1.0,1.7,1.1,1.3333333333333333,1.4705882352941178
20231206_Fulham_NottinghamForest,2023-12-06,2324,Fulham,Nottingham Forest,5,0,1,3,1.6,2.2,0.8,1.2,1.6,1.1,1.3653846153846154,1.5192307692307692
20231210_Fulham_WestHamUnited,2023-12-10,2324,Fulham,West Ham United,5,0,1,3,2.4,2.0,1.2,1.6,1.6,1.1,1.4339622641509433,1.490566037735849
20231216_NewcastleUnited_Fulham,2023-12-16,2324,Fulham,Newcastle United,0,3,0,0,3.4,1.8,1.8,2.1,1.6,1.3,1.5,1.462962962962963
20231223_Fulham_Burnley,2023-12-23,2324,Fulham,Burnley,0,2,1,0,3.2,1.8,1.8,2.1,1.7,1.3,1.4727272727272727,1.490909090909091
20231226_Bournemouth_Fulham,2023-12-26,2324,Fulham,Bournemouth,0,3,0,0,2.6,1.8,1.2,1.8,1.8,1.0,1.4464285714285714,1.5
20231231_Fulham_Arsenal,2023-12-31,2324,Fulham,Arsenal,2,1,1,3,2.0,1.6,1.2,1.8,1.9,1.0,1.4210526315789473,1.5263157894736843
20240113_Chelsea_Fulham,2024-01-13,2324,Fulham,Chelsea,0,1,0,0,1.4,1.8,1.2,1.9,1.9,1.2,1.4310344827586208,1.5172413793103448
20240130_Fulham_Everton,2024-01-30,2324,Fulham,Everton,0,0,1,1,0.4,2.0,0.6,1.9,1.9,1.2,1.4067796610169492,1.5084745762711864
20240203_Burnley_Fulham,2024-02-03,2324,Fulham,Burnley,2,2,0,1,0.4,1.4,0.8,1.8,1.6,1.3,1.3833333333333333,1.4833333333333334
20240210_Fulham_Bournemouth,2024-02-10,2324,Fulham,Bournemouth,3,1,1,3,0.8,1.4,1.0,1.7,1.6,1.1,1.3934426229508197,1.4918032786885247
20240217_Fulham_AstonVilla,2024-02-17,2324,Fulham,Aston Villa,1,2,1,0,1.4,1.0,1.6,1.7,1.3,1.4,1.4193548387096775,1.4838709677419355
20240224_ManchesterUnited_Fulham,2024-02-24,2324,Fulham,Manchester United,2,1,0,3,1.2,1.2,1.0,1.3,1.5,1.1,1.4126984126984128,1.492063492063492
20240302_Fulham_Brighton,2024-03-02,2324,Fulham,Brighton,3,0,1,3,1.6,1.2,1.6,1.0,1.6,1.1,1.421875,1.484375
20240309_WolverhamptonWanderers_Fulham,2024-03-09,2324,Fulham,Wolverhampton Wanderers,1,2,0,0,2.2,1.2,2.0,1.3,1.3,1.4,1.4461538461538461,1.4615384615384615
20240316_Fulham_TottenhamHotspur,2024-03-16,2324,Fulham,Tottenham Hotspur,3,0,1,3,2.0,1.2,1.8,1.4,1.3,1.4,1.4393939393939394,1.4696969696969697
20240330_SheffieldUnited_Fulham,2024-03-30,2324,Fulham,Sheffield United,3,3,0,1,2.0,1.0,1.8,1.7,1.0,1.7,1.462686567164179,1.4477611940298507
20240402_NottinghamForest_Fulham,2024-04-02,2324,Fulham,Nottingham Forest,1,3,0,0,2.4,1.2,2.0,1.8,1.2,1.5,1.4852941176470589,1.4705882352941178
20240406_Fulham_NewcastleUnited,2024-04-06,2324,Fulham,Newcastle United,0,1,1,0,2.2,1.6,1.4,1.9,1.4,1.5,1.4782608695652173,1.4927536231884058
20240414_WestHamUnited_Fulham,2024-04-14,2324,Fulham,West Ham United,2,0,0,3,1.6,1.8,0.8,1.9,1.5,1.4,1.457142857142857,1.4857142857142858
20240421_Fulham_Liverpool,2024-04-21,2324,Fulham,Liverpool,1,3,1,0,1.8,1.4,1.4,1.9,1.3,1.6,1.4647887323943662,1.4647887323943662
20240427_Fulham_CrystalPalace,2024-04-27,2324,Fulham,Crystal Palace,1,1,1,1,1.4,2.0,0.8,1.7,1.5,1.3,1.4583333333333333,1.4861111111111112
20240504_Brentford_Fulham,2024-05-04,2324,Fulham,Brentford,0,0,0,1,1.0,1.6,0.8,1.7,1.4,1.4,1.452054794520548,1.4794520547945205
20240511_Fulham_ManchesterCity,2024-05-11,2324,Fulham,Manchester City,0,4,1,0,0.8,1.0,1.0,1.5,1.3,1.2,1.4324324324324325,1.4594594594594594
20240519_Luton_Fulham,2024-05-19,2324,Fulham,Luton,4,2,0,3,0.8,1.6,1.0,1.2,1.7,0.9,1.4133333333333333,1.4933333333333334
20240816_ManchesterUnited_Fulham,2024-08-16,2425,Fulham,Manchester United,0,1,0,0,1.2,2.0,1.0,1.5,1.7,1.2,1.4473684210526316,1.5
20240824_Fulham_LeicesterCity,2024-08-24,2425,Fulham,Leicester City,2,1,1,3,1.0,1.6,1.0,1.2,1.8,0.9,1.4285714285714286,1.4935064935064934
20240831_Ipswich_Fulham,2024-08-31,2425,Fulham,Ipswich,1,1,0,1,1.2,1.6,1.4,1.1,1.6,1.1,1.435897435897436,1.4871794871794872
20240914_Fulham_WestHamUnited,2024-09-14,2425,Fulham,West Ham United,1,1,1,1,1.4,1.8,1.4,1.1,1.4,1.2,1.4303797468354431,1.481012658227848
20240921_Fulham_NewcastleUnited,2024-09-21,2425,Fulham,Newcastle United,3,1,1,3,1.6,1.2,1.6,1.2,1.4,1.3,1.425,1.475
20240928_NottinghamForest_Fulham,2024-09-28,2425,Fulham,Nottingham Forest,1,0,0,3,1.4,1.0,1.6,1.3,1.5,1.3,1.4444444444444444,1.4691358024691359
20241005_ManchesterCity_Fulham,2024-10-05,2425,Fulham,Manchester City,2,3,0,0,1.6,0.8,2.2,1.3,1.2,1.6,1.4390243902439024,1.451219512195122
20241019_Fulham_AstonVilla,2024-10-19,2425,Fulham,Aston Villa,1,3,1,0,1.6,1.2,1.6,1.4,1.4,1.5,1.4457831325301205,1.4698795180722892
20241026_Everton_Fulham,2024-10-26,2425,Fulham,Everton,1,1,0,1,1.6,1.6,1.4,1.5,1.7,1.4,1.4404761904761905,1.4880952380952381
20241104_Fulham_Brentford,2024-11-04,2425,Fulham,Brentford,2,1,1,3,1.6,1.6,1.4,1.6,1.4,1.5,1.4352941176470588,1.4823529411764707
20241109_CrystalPalace_Fulham,2024-11-09,2425,Fulham,Crystal Palace,2,0,0,3,1.4,1.6,1.4,1.4,1.3,1.5,1.441860465116279,1.4767441860465116
20241123_Fulham_WolverhamptonWanderers,2024-11-23,2425,Fulham,Wolverhampton Wanderers,1,4,1,0,1.6,1.6,1.4,1.6,1.2,1.8,1.4482758620689655,1.4597701149425288
20241201_TottenhamHotspur_Fulham,2024-12-01,2425,Fulham,Tottenham Hotspur,1,1,0,1,1.4,1.8,1.4,1.5,1.5,1.5,1.4431818181818181,1.4886363636363635
20241205_Fulham_Brighton,2024-12-05,2425,Fulham,Brighton,3,1,1,3,1.4,1.4,1.6,1.5,1.5,1.5,1.4382022471910112,1.4831460674157304
20241208_Fulham_Arsenal,2024-12-08,2425,Fulham,Arsenal,1,1,1,1,1.8,1.4,2.0,1.7,1.5,1.7,1.4555555555555555,1.4777777777777779
20241214_Liverpool_Fulham,2024-12-14,2425,Fulham,Liverpool,2,2,0,1,1.6,1.4,1.6,1.5,1.5,1.5,1.4505494505494505,1.4725274725274726
20241222_Fulham_Southampton,2024-12-22,2425,Fulham,Southampton,0,0,1,1,1.6,1.8,1.2,1.6,1.7,1.3,1.4565217391304348,1.4782608695652173
20241226_Chelsea_Fulham,2024-12-26,2425,Fulham,Chelsea,2,1,0,3,1.4,1.0,1.4,1.4,1.4,1.4,1.4408602150537635,1.4623655913978495
20241229_Fulham_Bournemouth,2024-12-29,2425,Fulham,Bournemouth,2,2,1,1,1.6,1.0,1.8,1.5,1.2,1.7,1.446808510638298,1.4574468085106382
20250105_Fulham_Ipswich,2025-01-05,2425,Fulham,Ipswich,2,2,1,1,1.4,1.2,1.4,1.6,1.3,1.7,1.4526315789473685,1.4631578947368422
20250114_WestHamUnited_Fulham,2025-01-14,2425,Fulham,West Ham United,2,3,0,0,1.6,1.4,1.4,1.6,1.4,1.5,1.4583333333333333,1.46875
20250118_LeicesterCity_Fulham,2025-01-18,2425,Fulham,Leicester City,2,0,0,3,1.6,1.6,1.2,1.6,1.7,1.2,1.4639175257731958,1.4845360824742269
20250126_Fulham_ManchesterUnited,2025-01-26,2425,Fulham,Manchester United,0,1,1,0,2.0,1.6,1.6,1.7,1.3,1.5,1.469387755102041,1.469387755102041
20250201_NewcastleUnited_Fulham,2025-02-01,2425,Fulham,Newcastle United,2,1,0,3,1.6,1.6,1.0,1.6,1.3,1.4,1.4545454545454546,1.4646464646464648
20250215_Fulham_NottinghamForest,2025-02-15,2425,Fulham,Nottingham Forest,2,1,1,3,1.6,1.4,1.4,1.5,1.3,1.4,1.46,1.46
20250222_Fulham_CrystalPalace,2025-02-22,2425,Fulham,Crystal Palace,0,2,1,0,1.6,1.2,1.8,1.6,1.3,1.6,1.4653465346534653,1.4554455445544554
20250225_WolverhamptonWanderers_Fulham,2025-02-25,2425,Fulham,Wolverhampton Wanderers,2,1,0,3,1.2,1.0,1.8,1.4,1.3,1.5,1.4509803921568627,1.4607843137254901
20250308_Brighton_Fulham,2025-03-08,2425,Fulham,Brighton,1,2,0,0,1.2,1.2,1.8,1.6,1.4,1.7,1.4563106796116505,1.4563106796116505
20250316_Fulham_TottenhamHotspur,2025-03-16,2425,Fulham,Tottenham Hotspur,2,0,1,3,1.4,1.4,1.8,1.5,1.5,1.4,1.4519230769230769,1.4615384615384615
20250401_Arsenal_Fulham,2025-04-01,2425,Fulham,Arsenal,1,2,0,0,1.4,1.2,1.8,1.5,1.3,1.6,1.457142857142857,1.4476190476190476
20250406_Fulham_Liverpool,2025-04-06,2425,Fulham,Liverpool,3,2,1,3,1.2,1.4,1.2,1.4,1.3,1.5,1.4528301886792452,1.4528301886792452
20250414_Bournemouth_Fulham,2025-04-14,2425,Fulham,Bournemouth,0,1,0,0,1.8,1.4,1.8,1.5,1.2,1.8,1.4672897196261683,1.4579439252336448
20250420_Fulham_Chelsea,2025-04-20,2425,Fulham,Chelsea,1,2,1,0,1.4,1.4,1.2,1.3,1.3,1.5,1.4537037037037037,1.4537037037037037
20250426_Southampton_Fulham,2025-04-26,2425,Fulham,Southampton,2,1,0,3,1.4,1.4,1.2,1.4,1.4,1.5,1.4495412844036697,1.4587155963302751
20250503_AstonVilla_Fulham,2025-05-03,2425,Fulham,Aston Villa,0,1,0,0,1.4,1.6,1.2,1.4,1.4,1.5,1.4545454545454546,1.4545454545454546
20250510_Fulham_Everton,2025-05-10,2425,Fulham,Everton,1,3,1,0,1.2,1.4,1.2,1.2,1.4,1.2,1.4414414414414414,1.4504504504504505
20250518_Brentford_Fulham,2025-05-18,2425,Fulham,Brentford,3,2,0,3,0.8,1.6,0.6,1.3,1.5,1.2,1.4375,1.4642857142857142
20250525_Fulham_ManchesterCity,2025-05-25,2425,Fulham,Manchester City,0,2,1,0,1.4,1.8,1.2,1.4,1.6,1.2,1.4513274336283186,1.4690265486725664
20250816_Brighton_Fulham,2025-08-16,2526,Fulham,Brighton,1,1,0,1,1.2,1.8,1.2,1.3,1.6,1.2,1.4385964912280702,1.4736842105263157
20250824_Fulham_ManchesterUnited,2025-08-24,2526,Fulham,Manchester United,1,1,1,1,1.0,1.8,0.8,1.2,1.7,1.0,1.434782608695652,1.4695652173913043
20250830_Chelsea_Fulham,2025-08-30,2526,Fulham,Chelsea,0,2,0,0,1.2,1.8,1.0,1.2,1.6,1.1,1.4310344827586208,1.4655172413793103
20250913_Fulham_Leeds,2025-09-13,2526,Fulham,Leeds,1,0,1,3,1.0,1.6,1.0,0.9,1.6,0.8,1.4188034188034189,1.4700854700854702
20250920_Fulham_Brentford,2025-09-20,2526,Fulham,Brentford,3,1,1,3,0.6,1.2,1.0,1.0,1.5,1.1,1.4152542372881356,1.4576271186440677
20250928_AstonVilla_Fulham,2025-09-28,2526,Fulham,Aston Villa,1,3,0,0,1.2,1.0,1.6,1.2,1.4,1.4,1.4285714285714286,1.453781512605042
20251003_Bournemouth_Fulham,2025-10-03,2526,Fulham,Bournemouth,1,3,0,0,1.2,1.4,1.4,1.1,1.6,1.1,1.425,1.4666666666666666
20251018_Fulham_Arsenal,2025-10-18,2526,Fulham,Arsenal,0,1,1,0,1.2,1.8,1.2,1.2,1.8,1.1,1.421487603305785,1.4793388429752066
20251025_NewcastleUnited_Fulham,2025-10-25,2526,Fulham,Newcastle United,1,2,0,0,1.2,1.6,1.2,1.1,1.6,1.1,1.4098360655737705,1.4754098360655739
20251101_Fulham_WolverhamptonWanderers,2025-11-01,2526,Fulham,Wolverhampton Wanderers,3,0,1,3,1.2,2.0,0.6,0.9,1.6,0.8,1.4065040650406504,1.4796747967479675
20251108_Everton_Fulham,2025-11-08,2526,Fulham,Everton,0,2,0,0,1.2,1.8,0.6,1.2,1.4,1.1,1.4193548387096775,1.467741935483871
20251122_Fulham_Sunderland,2025-11-22,2526,Fulham,Sunderland,1,0,1,3,1.0,1.6,0.6,1.1,1.5,1.0,1.408,1.472
20251129_TottenhamHotspur_Fulham,2025-11-29,2526,Fulham,Tottenham Hotspur,2,1,0,3,1.0,1.0,1.2,1.1,1.4,1.2,1.4047619047619047,1.4603174603174602
20251202_Fulham_ManchesterCity,2025-12-02,2526,Fulham,Manchester City,4,5,1,0,1.4,1.0,1.8,1.3,1.3,1.5,1.4094488188976377,1.4566929133858268
20251207_Fulham_CrystalPalace,2025-12-07,2526,Fulham,Crystal Palace,1,2,1,0,2.0,1.6,1.8,1.6,1.8,1.2,1.4296875,1.484375
20251213_Burnley_Fulham,2025-12-13,2526,Fulham,Burnley,3,2,0,3,1.6,2.0,1.2,1.4,1.9,0.9,1.426356589147287,1.4883720930232558
20251222_Fulham_NottinghamForest,2025-12-22,2526,Fulham,Nottingham Forest,1,0,1,3,2.2,2.0,1.8,1.6,1.8,1.2,1.4384615384615385,1.4923076923076923
20251227_WestHamUnited_Fulham,2025-12-27,2526,Fulham,West Ham United,1,0,0,3,2.2,2.0,1.8,1.6,1.5,1.5,1.4351145038167938,1.4809160305343512
20260101_CrystalPalace_Fulham,2026-01-01,2526,Fulham,Crystal Palace,1,1,0,1,2.0,1.8,1.8,1.7,1.4,1.8,1.4318181818181819,1.4696969696969697
20260104_Fulham_Liverpool,2026-01-04,2526,Fulham,Liverpool,2,2,1,1,1.4,1.0,2.0,1.7,1.3,1.9,1.4285714285714286,1.4661654135338347
20260107_Fulham_Chelsea,2026-01-07,2526,Fulham,Chelsea,2,1,1,3,1.6,1.0,2.2,1.6,1.5,1.7,1.4328358208955223,1.4701492537313432
20260117_Leeds_Fulham,2026-01-17,2526,Fulham,Leeds,0,1,0,0,1.4,0.8,2.2,1.8,1.4,2.0,1.4370370370370371,1.4666666666666666
20260124_Fulham_Brighton,2026-01-24,2526,Fulham,Brighton,2,1,1,3,1.2,1.0,1.6,1.7,1.5,1.7,1.4264705882352942,1.463235294117647
20260201_ManchesterUnited_Fulham,2026-02-01,2526,Fulham,Manchester United,2,3,0,0,1.4,1.2,1.6,1.7,1.5,1.7,1.4306569343065694,1.4598540145985401
20260207_Fulham_Everton,2026-02-07,2526,Fulham,Everton,1,2,1,0,1.6,1.6,1.4,1.5,1.3,1.7,1.434782608695652,1.4710144927536233
20260211_ManchesterCity_Fulham,2026-02-11,2526,Fulham,Manchester City,0,3,0,0,1.4,1.6,1.2,1.5,1.3,1.7,1.4316546762589928,1.474820143884892
20260222_Sunderland_Fulham,2026-02-22,2526,Fulham,Sunderland,3,1,0,3,1.0,2.0,0.6,1.2,1.4,1.4,1.4214285714285715,1.4857142857142858
20260301_Fulham_TottenhamHotspur,2026-03-01,2526,Fulham,Tottenham Hotspur,2,1,1,3,1.6,2.0,1.2,1.4,1.5,1.4,1.4326241134751774,1.4822695035460993
20260304_Fulham_WestHamUnited,2026-03-04,2526,Fulham,West Ham United,0,1,1,0,1.6,2.0,1.2,1.5,1.6,1.4,1.4366197183098592,1.4788732394366197
20260315_NottinghamForest_Fulham,2026-03-15,2526,Fulham,Nottingham Forest,0,0,0,1,1.2,1.6,1.2,1.4,1.6,1.3,1.4265734265734267,1.4755244755244756
20260321_Fulham_Burnley,2026-03-21,2526,Fulham,Burnley,3,1,1,3,1.0,1.2,1.4,1.2,1.4,1.3,1.4166666666666667,1.4652777777777777
20260411_Liverpool_Fulham,2026-04-11,2526,Fulham,Liverpool,0,2,0,0,1.6,0.8,2.0,1.3,1.4,1.3,1.4275862068965517,1.4620689655172414
20260418_Brentford_Fulham,2026-04-18,2526,Fulham,Brentford,0,0,0,1,1.0,1.0,1.4,1.3,1.5,1.3,1.417808219178082,1.4657534246575343
20260425_Fulham_AstonVilla,2026-04-25,2526,Fulham,Aston Villa,1,0,1,3,0.6,0.8,1.0,1.1,1.4,1.1,1.4081632653061225,1.4557823129251701
20260502_Arsenal_Fulham,2026-05-02,2526,Fulham,Arsenal,0,3,0,0,0.8,0.6,1.6,1.0,1.1,1.4,1.4054054054054055,1.445945945945946
20260509_Fulham_Bournemouth,2026-05-09,2526,Fulham,Bournemouth,0,1,1,0,0.8,1.2,1.4,0.9,1.2,1.4,1.395973154362416,1.4563758389261745
20260517_WolverhamptonWanderers_Fulham,2026-05-17,2526,Fulham,Wolverhampton Wanderers,1,1,0,1,0.2,1.2,0.8,0.9,1.0,1.4,1.3866666666666667,1.4533333333333334
20260524_Fulham_NewcastleUnited,2026-05-24,2526,Fulham,Newcastle United,2,0,1,3,0.4,1.0,1.0,0.7,1.0,1.2,1.3841059602649006,1.4503311258278146
20240817_Ipswich_Liverpool,2024-08-17,2425,Ipswich,Liverpool,0,2,1,0,,,,,,,,
20240824_ManchesterCity_Ipswich,2024-08-24,2425,Ipswich,Manchester City,1,4,0,0,,,,,,,,
20240831_Ipswich_Fulham,2024-08-31,2425,Ipswich,Fulham,1,1,1,1,,,,,,,,
20240914_Brighton_Ipswich,2024-09-14,2425,Ipswich,Brighton,0,0,0,1,0.6666666666666666,2.3333333333333335,0.3333333333333333,0.6666666666666666,2.3333333333333335,0.3333333333333333,0.6666666666666666,2.3333333333333335
20240921_Southampton_Ipswich,2024-09-21,2425,Ipswich,Southampton,1,1,0,1,0.5,1.75,0.5,0.5,1.75,0.5,0.5,1.75
20240929_Ipswich_AstonVilla,2024-09-29,2425,Ipswich,Aston Villa,2,2,1,1,0.6,1.6,0.6,0.6,1.6,0.6,0.6,1.6
20241005_WestHamUnited_Ipswich,2024-10-05,2425,Ipswich,West Ham United,1,4,0,0,1.0,1.6,0.8,0.8333333333333334,1.6666666666666667,0.6666666666666666,0.8333333333333334,1.6666666666666667
20241019_Ipswich_Everton,2024-10-19,2425,Ipswich,Everton,0,2,1,0,1.0,1.6,0.8,0.8571428571428571,2.0,0.5714285714285714,0.8571428571428571,2.0
20241026_Brentford_Ipswich,2024-10-26,2425,Ipswich,Brentford,3,4,0,0,0.8,1.8,0.6,0.75,2.0,0.5,0.75,2.0
20241102_Ipswich_LeicesterCity,2024-11-02,2425,Ipswich,Leicester City,1,1,1,1,1.4,2.6,0.4,1.0,2.2222222222222223,0.4444444444444444,1.0,2.2222222222222223
20241110_TottenhamHotspur_Ipswich,2024-11-10,2425,Ipswich,Tottenham Hotspur,2,1,0,3,1.4,2.6,0.4,1.0,2.1,0.5,1.0,2.1
20241124_Ipswich_ManchesterUnited,2024-11-24,2425,Ipswich,Manchester United,1,1,1,1,1.4,2.4,0.8,1.2,2.0,0.8,1.0909090909090908,2.0
20241130_NottinghamForest_Ipswich,2024-11-30,2425,Ipswich,Nottingham Forest,0,1,0,0,1.4,1.8,1.0,1.2,1.7,0.9,1.0833333333333333,1.9166666666666667
20241203_Ipswich_CrystalPalace,2024-12-03,2425,Ipswich,Crystal Palace,0,1,1,0,1.4,1.6,1.0,1.1,1.7,0.8,1.0,1.8461538461538463
20241208_Ipswich_Bournemouth,2024-12-08,2425,Ipswich,Bournemouth,1,2,1,0,0.8,1.0,1.0,1.1,1.8,0.7,0.9285714285714286,1.7857142857142858
20241214_WolverhamptonWanderers_Ipswich,2024-12-14,2425,Ipswich,Wolverhampton Wanderers,2,1,0,3,0.8,1.2,0.8,1.1,1.9,0.6,0.9333333333333333,1.8
20241221_Ipswich_NewcastleUnited,2024-12-21,2425,Ipswich,Newcastle United,0,4,1,0,0.8,1.2,0.8,1.1,1.8,0.8,1.0,1.75
20241227_Arsenal_Ipswich,2024-12-27,2425,Ipswich,Arsenal,0,1,0,0,0.6,1.8,0.6,1.0,1.8,0.8,0.9411764705882353,1.8823529411764706
20241230_Ipswich_Chelsea,2024-12-30,2425,Ipswich,Chelsea,2,0,1,3,0.6,1.8,0.6,1.0,1.7,0.8,0.8888888888888888,1.8333333333333333
20250105_Fulham_Ipswich,2025-01-05,2425,Ipswich,Fulham,2,2,0,1,1.0,1.6,1.2,0.9,1.3,1.1,0.9473684210526315,1.736842105263158
20250116_Ipswich_Brighton,2025-01-16,2425,Ipswich,Brighton,0,2,1,0,1.2,1.6,1.4,1.0,1.4,1.1,1.0,1.75
20250119_Ipswich_ManchesterCity,2025-01-19,2425,Ipswich,Manchester City,0,6,1,0,0.8,1.8,0.8,0.8,1.5,0.8,0.9523809523809523,1.7619047619047619
20250125_Liverpool_Ipswich,2025-01-25,2425,Ipswich,Liverpool,1,4,0,0,0.8,2.2,0.8,0.7,2.0,0.7,0.9090909090909091,1.9545454545454546
20250201_Ipswich_Southampton,2025-02-01,2425,Ipswich,Southampton,1,2,1,0,1.0,2.8,0.8,0.8,2.3,0.7,0.9130434782608695,2.0434782608695654
20250215_AstonVilla_Ipswich,2025-02-15,2425,Ipswich,Aston Villa,1,1,0,1,0.8,3.2,0.2,0.9,2.4,0.7,0.9166666666666666,2.0416666666666665
20250222_Ipswich_TottenhamHotspur,2025-02-22,2425,Ipswich,Tottenham Hotspur,1,4,1,0,0.6,3.0,0.2,0.9,2.3,0.8,0.92,2.0
20250226_ManchesterUnited_Ipswich,2025-02-26,2425,Ipswich,Manchester United,2,3,0,0,0.8,3.4,0.2,0.8,2.6,0.5,0.9230769230769231,2.076923076923077
20250308_CrystalPalace_Ipswich,2025-03-08,2425,Ipswich,Crystal Palace,0,1,0,0,1.2,2.8,0.2,1.0,2.5,0.5,0.9629629629629629,2.111111111111111
20250315_Ipswich_NottinghamForest,2025-03-15,2425,Ipswich,Nottingham Forest,2,4,1,0,1.0,2.2,0.2,1.0,2.5,0.5,0.9285714285714286,2.0714285714285716
20250402_Bournemouth_Ipswich,2025-04-02,2425,Ipswich,Bournemouth,2,1,0,3,1.2,2.6,0.2,1.0,2.9,0.2,0.9655172413793104,2.1379310344827585
20250405_Ipswich_WolverhamptonWanderers,2025-04-05,2425,Ipswich,Wolverhampton Wanderers,1,2,1,0,1.4,2.6,0.6,1.0,2.8,0.4,1.0,2.1
20250413_Chelsea_Ipswich,2025-04-13,2425,Ipswich,Chelsea,2,2,0,1,1.4,2.2,0.6,1.1,2.8,0.4,1.0,2.096774193548387
20250420_Ipswich_Arsenal,2025-04-20,2425,Ipswich,Arsenal,0,4,1,0,1.4,2.0,0.8,1.3,2.4,0.5,1.03125,2.09375
20250426_NewcastleUnited_Ipswich,2025-04-26,2425,Ipswich,Newcastle United,0,3,0,0,1.4,2.6,0.8,1.2,2.4,0.5,1.0,2.1515151515151514
20250503_Everton_Ipswich,2025-05-03,2425,Ipswich,Everton,2,2,0,1,1.0,2.4,0.8,1.1,2.5,0.5,0.9705882352941176,2.176470588235294
20250510_Ipswich_Brentford,2025-05-10,2425,Ipswich,Brentford,0,1,1,0,1.0,2.6,0.4,1.2,2.6,0.5,1.0,2.1714285714285713
20250518_LeicesterCity_Ipswich,2025-05-18,2425,Ipswich,Leicester City,0,2,0,0,0.8,2.4,0.4,1.1,2.3,0.5,0.9722222222222222,2.138888888888889
20250525_Ipswich_WestHamUnited,2025-05-25,2425,Ipswich,West Ham United,1,3,1,0,0.4,2.4,0.2,0.9,2.2,0.5,0.9459459459459459,2.135135135135135
20220806_Leeds_WolverhamptonWanderers,2022-08-06,2223,Leeds,Wolverhampton Wanderers,2,1,1,3,,,,,,,,
20220813_Southampton_Leeds,2022-08-13,2223,Leeds,Southampton,2,2,0,1,,,,,,,,
20220821_Leeds_Chelsea,2022-08-21,2223,Leeds,Chelsea,3,0,1,3,,,,,,,,
20220827_Brighton_Leeds,2022-08-27,2223,Leeds,Brighton,0,1,0,0,2.3333333333333335,1.0,2.3333333333333335,2.3333333333333335,1.0,2.3333333333333335,2.3333333333333335,1.0
20220830_Leeds_Everton,2022-08-30,2223,Leeds,Everton,1,1,1,1,1.75,1.0,1.75,1.75,1.0,1.75,1.75,1.0
20220903_Brentford_Leeds,2022-09-03,2223,Leeds,Brentford,2,5,0,0,1.6,1.0,1.6,1.6,1.0,1.6,1.6,1.0
20221002_Leeds_AstonVilla,2022-10-02,2223,Leeds,Aston Villa,0,0,1,1,1.6,1.8,1.0,1.6666666666666667,1.6666666666666667,1.3333333333333333,1.6666666666666667,1.6666666666666667
20221009_CrystalPalace_Leeds,2022-10-09,2223,Leeds,Crystal Palace,1,2,0,0,1.2,1.4,1.0,1.4285714285714286,1.4285714285714286,1.2857142857142858,1.4285714285714286,1.4285714285714286
20221016_Leeds_Arsenal,2022-10-16,2223,Leeds,Arsenal,0,1,1,0,0.8,1.8,0.4,1.375,1.5,1.125,1.375,1.5
20221020_LeicesterCity_Leeds,2022-10-20,2223,Leeds,Leicester City,0,2,0,0,0.8,1.8,0.4,1.2222222222222223,1.4444444444444444,1.0,1.2222222222222223,1.4444444444444444
20221023_Leeds_Fulham,2022-10-23,2223,Leeds,Fulham,2,3,1,0,0.6,2.0,0.2,1.1,1.5,0.9,1.1,1.5
20221029_Liverpool_Leeds,2022-10-29,2223,Leeds,Liverpool,2,1,0,3,0.6,1.6,0.2,1.1,1.7,0.6,1.1818181818181819,1.6363636363636365
20221105_Leeds_Bournemouth,2022-11-05,2223,Leeds,Bournemouth,4,3,1,3,1.0,1.8,0.6,1.1,1.6,0.8,1.25,1.5833333333333333
20221112_TottenhamHotspur_Leeds,2022-11-12,2223,Leeds,Tottenham Hotspur,3,4,0,0,1.6,2.0,1.2,1.2,1.9,0.8,1.4615384615384615,1.6923076923076923
20221228_Leeds_ManchesterCity,2022-12-28,2223,Leeds,Manchester City,1,3,1,0,2.2,2.6,1.2,1.5,2.2,0.8,1.5714285714285714,1.8571428571428572
20221231_NewcastleUnited_Leeds,2022-12-31,2223,Leeds,Newcastle United,0,0,0,1,2.4,2.8,1.2,1.5,2.4,0.7,1.5333333333333334,1.9333333333333333
20230104_Leeds_WestHamUnited,2023-01-04,2223,Leeds,West Ham United,2,2,1,1,2.0,2.2,1.4,1.3,1.9,0.8,1.4375,1.8125
20230113_AstonVilla_Leeds,2023-01-13,2223,Leeds,Aston Villa,1,2,0,0,2.0,2.4,1.0,1.5,2.1,0.8,1.4705882352941178,1.8235294117647058
20230122_Leeds_Brentford,2023-01-22,2223,Leeds,Brentford,0,0,1,1,1.4,2.2,0.4,1.5,2.1,0.8,1.4444444444444444,1.8333333333333333
20230205_NottinghamForest_Leeds,2023-02-05,2223,Leeds,Nottingham Forest,0,1,0,0,0.8,1.4,0.6,1.5,2.0,0.9,1.368421052631579,1.736842105263158
20230208_ManchesterUnited_Leeds,2023-02-08,2223,Leeds,Manchester United,2,2,0,1,0.6,1.0,0.6,1.5,1.9,0.9,1.3,1.7
20230212_Leeds_ManchesterUnited,2023-02-12,2223,Leeds,Manchester United,0,2,1,0,1.0,1.4,0.6,1.5,1.8,1.0,1.3333333333333333,1.7142857142857142
20230218_Everton_Leeds,2023-02-18,2223,Leeds,Everton,0,1,0,0,0.6,1.4,0.4,1.3,1.9,0.7,1.2727272727272727,1.7272727272727273
20230225_Leeds_Southampton,2023-02-25,2223,Leeds,Southampton,1,0,1,3,0.4,1.2,0.4,0.9,1.7,0.4,1.2173913043478262,1.6956521739130435
20230304_Chelsea_Leeds,2023-03-04,2223,Leeds,Chelsea,0,1,0,0,0.6,1.2,0.8,0.7,1.3,0.7,1.2083333333333333,1.625
20230311_Leeds_Brighton,2023-03-11,2223,Leeds,Brighton,2,2,1,1,0.6,1.2,0.8,0.6,1.1,0.7,1.16,1.6
20230318_WolverhamptonWanderers_Leeds,2023-03-18,2223,Leeds,Wolverhampton Wanderers,4,2,0,3,0.6,1.2,0.8,0.8,1.3,0.7,1.1923076923076923,1.6153846153846154
20230401_Arsenal_Leeds,2023-04-01,2223,Leeds,Arsenal,1,4,0,0,1.4,1.2,1.4,1.0,1.3,0.9,1.2962962962962963,1.6296296296296295
20230404_Leeds_NottinghamForest,2023-04-04,2223,Leeds,Nottingham Forest,2,1,1,3,1.6,1.8,1.4,1.0,1.5,0.9,1.2857142857142858,1.7142857142857142
20230409_Leeds_CrystalPalace,2023-04-09,2223,Leeds,Crystal Palace,1,5,1,0,1.8,2.0,1.4,1.2,1.6,1.1,1.3103448275862069,1.6896551724137931
20230417_Leeds_Liverpool,2023-04-17,2223,Leeds,Liverpool,1,6,1,0,2.0,2.8,1.4,1.3,2.0,1.1,1.3,1.8
20230422_Fulham_Leeds,2023-04-22,2223,Leeds,Fulham,1,2,0,0,1.8,3.6,1.2,1.2,2.4,1.0,1.2903225806451613,1.935483870967742
20230425_Leeds_LeicesterCity,2023-04-25,2223,Leeds,Leicester City,1,1,1,1,1.2,3.6,0.6,1.3,2.4,1.0,1.28125,1.9375
20230430_Bournemouth_Leeds,2023-04-30,2223,Leeds,Bournemouth,1,4,0,0,1.2,3.0,0.8,1.4,2.4,1.1,1.2727272727272727,1.9090909090909092
20230506_ManchesterCity_Leeds,2023-05-06,2223,Leeds,Manchester City,1,2,0,0,1.0,3.6,0.2,1.4,2.8,0.8,1.2647058823529411,1.9705882352941178
20230513_Leeds_NewcastleUnited,2023-05-13,2223,Leeds,Newcastle United,2,2,1,1,1.0,3.0,0.2,1.5,2.9,0.8,1.2571428571428571,1.9714285714285715
20230521_WestHamUnited_Leeds,2023-05-21,2223,Leeds,West Ham United,1,3,0,0,1.2,2.2,0.4,1.5,2.9,0.8,1.2777777777777777,1.9722222222222223
20230528_Leeds_TottenhamHotspur,2023-05-28,2223,Leeds,Tottenham Hotspur,1,4,1,0,1.2,2.4,0.4,1.2,3.0,0.5,1.2702702702702702,2.0
20250818_Leeds_Everton,2025-08-18,2526,Leeds,Everton,1,0,1,3,1.2,3.0,0.2,1.2,3.0,0.5,1.263157894736842,2.0526315789473686
20250823_Arsenal_Leeds,2025-08-23,2526,Leeds,Arsenal,0,5,0,0,1.2,2.2,0.8,1.1,2.9,0.5,1.2564102564102564,2.0
20250830_Leeds_NewcastleUnited,2025-08-30,2526,Leeds,Newcastle United,0,0,1,1,1.0,2.8,0.8,1.0,2.9,0.5,1.225,2.075
20250913_Fulham_Leeds,2025-09-13,2526,Leeds,Fulham,0,1,0,0,0.6,2.4,0.8,0.9,2.3,0.6,1.1951219512195121,2.024390243902439
20250920_WolverhamptonWanderers_Leeds,2025-09-20,2526,Leeds,Wolverhampton Wanderers,3,1,0,3,0.4,2.0,0.8,0.8,2.2,0.6,1.1666666666666667,2.0
20250927_Leeds_Bournemouth,2025-09-27,2526,Leeds,Bournemouth,2,2,1,1,0.8,1.4,1.4,1.0,2.2,0.8,1.2093023255813953,1.9767441860465116
20251004_Leeds_TottenhamHotspur,2025-10-04,2526,Leeds,Tottenham Hotspur,1,2,1,0,1.0,1.8,1.0,1.1,2.0,0.9,1.2272727272727273,1.9772727272727273
20251018_Burnley_Leeds,2025-10-18,2526,Leeds,Burnley,0,2,0,0,1.2,1.2,1.0,1.1,2.0,0.9,1.2222222222222223,1.9777777777777779
20251024_Leeds_WestHamUnited,2025-10-24,2526,Leeds,West Ham United,2,1,1,3,1.2,1.6,0.8,0.9,2.0,0.8,1.1956521739130435,1.9782608695652173
20251101_Brighton_Leeds,2025-11-01,2526,Leeds,Brighton,0,3,0,0,1.6,1.6,1.4,1.0,1.8,1.1,1.2127659574468086,1.9574468085106382
20251109_NottinghamForest_Leeds,2025-11-09,2526,Leeds,Nottingham Forest,1,3,0,0,1.0,2.0,0.8,0.9,1.7,1.1,1.1875,1.9791666666666667
20251123_Leeds_AstonVilla,2025-11-23,2526,Leeds,Aston Villa,1,2,1,0,0.8,2.2,0.6,0.9,2.0,0.8,1.183673469387755,2.0
20251129_ManchesterCity_Leeds,2025-11-29,2526,Leeds,Manchester City,2,3,0,0,0.8,2.2,0.6,1.0,1.7,0.8,1.18,2.0
20251203_Leeds_Chelsea,2025-12-03,2526,Leeds,Chelsea,3,1,1,3,1.2,2.4,0.6,1.2,2.0,0.7,1.196078431372549,2.019607843137255
20251206_Leeds_Liverpool,2025-12-06,2526,Leeds,Liverpool,3,3,1,1,1.4,2.4,0.6,1.5,2.0,1.0,1.2307692307692308,2.0
20251214_Brentford_Leeds,2025-12-14,2526,Leeds,Brentford,1,1,0,1,2.0,2.4,0.8,1.5,2.2,0.8,1.2641509433962264,2.018867924528302
20251220_Leeds_CrystalPalace,2025-12-20,2526,Leeds,Crystal Palace,4,1,1,3,2.0,2.0,1.0,1.4,2.1,0.8,1.2592592592592593,2.0
20251228_Sunderland_Leeds,2025-12-28,2526,Leeds,Sunderland,1,1,0,1,2.6,1.8,1.6,1.7,2.0,1.1,1.309090909090909,1.981818181818182
20260101_Liverpool_Leeds,2026-01-01,2526,Leeds,Liverpool,0,0,0,1,2.4,1.4,1.8,1.8,1.9,1.2,1.3035714285714286,1.9642857142857142
20260104_Leeds_ManchesterUnited,2026-01-04,2526,Leeds,Manchester United,1,1,1,1,1.8,1.2,1.4,1.6,1.8,1.0,1.280701754385965,1.9298245614035088
20260107_NewcastleUnited_Leeds,2026-01-07,2526,Leeds,Newcastle United,3,4,0,0,1.4,0.8,1.4,1.7,1.6,1.1,1.2758620689655173,1.9137931034482758
20260117_Leeds_Fulham,2026-01-17,2526,Leeds,Fulham,1,0,1,3,1.8,1.4,1.2,1.9,1.7,1.1,1.305084745762712,1.9491525423728813
20260126_Everton_Leeds,2026-01-26,2526,Leeds,Everton,1,1,0,1,1.2,1.2,1.2,1.9,1.5,1.4,1.3,1.9166666666666667
20260131_Leeds_Arsenal,2026-01-31,2526,Leeds,Arsenal,0,4,1,0,1.2,1.2,1.2,1.8,1.3,1.5,1.2950819672131149,1.901639344262295
20260206_Leeds_NottinghamForest,2026-02-06,2526,Leeds,Nottingham Forest,3,1,1,3,1.2,2.0,1.0,1.5,1.6,1.2,1.2741935483870968,1.935483870967742
20260210_Chelsea_Leeds,2026-02-10,2526,Leeds,Chelsea,2,2,0,1,1.6,2.0,1.4,1.5,1.4,1.4,1.3015873015873016,1.9206349206349207
20260221_AstonVilla_Leeds,2026-02-21,2526,Leeds,Aston Villa,1,1,0,1,1.4,1.6,1.6,1.6,1.5,1.4,1.3125,1.921875
20260228_Leeds_ManchesterCity,2026-02-28,2526,Leeds,Manchester City,0,1,1,0,1.4,1.8,1.2,1.3,1.5,1.2,1.3076923076923077,1.9076923076923078
20260303_Leeds_Sunderland,2026-03-03,2526,Leeds,Sunderland,0,1,1,0,1.2,1.8,1.0,1.2,1.5,1.1,1.2878787878787878,1.893939393939394
20260315_CrystalPalace_Leeds,2026-03-15,2526,Leeds,Crystal Palace,0,0,0,1,1.2,1.2,1.0,1.2,1.6,1.0,1.2686567164179106,1.8805970149253732
20260321_Leeds_Brentford,2026-03-21,2526,Leeds,Brentford,0,0,1,1,0.6,1.0,0.6,1.1,1.5,1.0,1.25,1.8529411764705883
20260413_ManchesterUnited_Leeds,2026-04-13,2526,Leeds,Manchester United,2,1,0,3,0.2,0.6,0.6,0.8,1.1,1.1,1.2318840579710144,1.826086956521739
20260418_Leeds_WolverhamptonWanderers,2026-04-18,2526,Leeds,Wolverhampton Wanderers,3,0,1,3,0.4,0.6,1.0,0.9,1.2,1.1,1.2428571428571429,1.8142857142857143
20260422_Bournemouth_Leeds,2026-04-22,2526,Leeds,Bournemouth,2,2,0,1,1.0,0.4,1.6,1.1,1.1,1.3,1.267605633802817,1.7887323943661972
20260501_Leeds_Burnley,2026-05-01,2526,Leeds,Burnley,3,1,1,3,1.4,0.6,1.8,1.3,0.9,1.4,1.2777777777777777,1.7916666666666667
20260511_TottenhamHotspur_Leeds,2026-05-11,2526,Leeds,Tottenham Hotspur,1,1,0,1,2.0,0.8,2.2,1.3,0.9,1.4,1.3013698630136987,1.7808219178082192
20260517_Leeds_Brighton,2026-05-17,2526,Leeds,Brighton,1,0,1,3,2.2,1.0,2.2,1.2,0.8,1.4,1.2972972972972974,1.7702702702702702
20260524_WestHamUnited_Leeds,2026-05-24,2526,Leeds,West Ham United,0,3,0,0,2.0,0.8,2.2,1.2,0.7,1.6,1.2933333333333332,1.7466666666666666
20220807_LeicesterCity_Brentford,2022-08-07,2223,Leicester City,Brentford,2,2,1,1,,,,,,,,
20220813_Arsenal_LeicesterCity,2022-08-13,2223,Leicester City,Arsenal,2,4,0,0,,,,,,,,
20220820_LeicesterCity_Southampton,2022-08-20,2223,Leicester City,Southampton,1,2,1,0,,,,,,,,
20220827_Chelsea_LeicesterCity,2022-08-27,2223,Leicester City,Chelsea,1,2,0,0,1.6666666666666667,2.6666666666666665,0.3333333333333333,1.6666666666666667,2.6666666666666665,0.3333333333333333,1.6666666666666667,2.6666666666666665
20220901_LeicesterCity_ManchesterUnited,2022-09-01,2223,Leicester City,Manchester United,0,1,1,0,1.5,2.5,0.25,1.5,2.5,0.25,1.5,2.5
20220904_Brighton_LeicesterCity,2022-09-04,2223,Leicester City,Brighton,2,5,0,0,1.2,2.2,0.2,1.2,2.2,0.2,1.2,2.2
20220917_TottenhamHotspur_LeicesterCity,2022-09-17,2223,Leicester City,Tottenham Hotspur,2,6,0,0,1.2,2.8,0.0,1.3333333333333333,2.6666666666666665,0.16666666666666666,1.3333333333333333,2.6666666666666665
20221003_LeicesterCity_NottinghamForest,2022-10-03,2223,Leicester City,Nottingham Forest,4,0,1,3,1.2,3.2,0.0,1.4285714285714286,3.142857142857143,0.14285714285714285,1.4285714285714286,3.142857142857143
20221008_Bournemouth_LeicesterCity,2022-10-08,2223,Leicester City,Bournemouth,1,2,0,0,1.8,2.8,0.6,1.75,2.75,0.5,1.75,2.75
20221015_LeicesterCity_CrystalPalace,2022-10-15,2223,Leicester City,Crystal Palace,0,0,1,1,1.8,2.8,0.6,1.6666666666666667,2.6666666666666665,0.4444444444444444,1.6666666666666667,2.6666666666666665
20221020_LeicesterCity_Leeds,2022-10-20,2223,Leicester City,Leeds,2,0,1,3,1.8,2.6,0.8,1.5,2.4,0.5,1.5,2.4
20221023_WolverhamptonWanderers_LeicesterCity,2022-10-23,2223,Leicester City,Wolverhampton Wanderers,4,0,0,3,1.8,1.6,1.4,1.5,2.2,0.7,1.5454545454545454,2.1818181818181817
20221029_LeicesterCity_ManchesterCity,2022-10-29,2223,Leicester City,Manchester City,0,1,1,0,2.2,0.4,2.0,1.7,1.8,1.0,1.75,2.0
20221105_Everton_LeicesterCity,2022-11-05,2223,Leicester City,Everton,2,0,0,3,1.4,0.6,1.4,1.6,1.7,1.0,1.6153846153846154,1.9230769230769231
20221112_WestHamUnited_LeicesterCity,2022-11-12,2223,Leicester City,West Ham United,2,0,0,3,1.6,0.2,2.0,1.7,1.5,1.3,1.6428571428571428,1.7857142857142858
20221226_LeicesterCity_NewcastleUnited,2022-12-26,2223,Leicester City,Newcastle United,0,3,1,0,2.0,0.2,2.4,1.9,1.4,1.6,1.6666666666666667,1.6666666666666667
20221230_Liverpool_LeicesterCity,2022-12-30,2223,Leicester City,Liverpool,1,2,0,0,1.6,0.8,1.8,1.7,1.2,1.6,1.5625,1.75
20230103_LeicesterCity_Fulham,2023-01-03,2223,Leicester City,Fulham,0,1,1,0,1.0,1.2,1.2,1.6,0.8,1.6,1.5294117647058822,1.7647058823529411
20230114_NottinghamForest_LeicesterCity,2023-01-14,2223,Leicester City,Nottingham Forest,0,2,0,0,1.0,1.2,1.2,1.2,0.9,1.3,1.4444444444444444,1.7222222222222223
20230121_LeicesterCity_Brighton,2023-01-21,2223,Leicester City,Brighton,2,2,1,1,0.6,1.6,0.6,1.1,0.9,1.3,1.368421052631579,1.736842105263158
20230204_AstonVilla_LeicesterCity,2023-02-04,2223,Leicester City,Aston Villa,4,2,0,3,0.6,2.0,0.2,1.3,1.1,1.3,1.4,1.75
20230211_LeicesterCity_TottenhamHotspur,2023-02-11,2223,Leicester City,Tottenham Hotspur,4,1,1,3,1.4,1.8,0.8,1.5,1.3,1.3,1.5238095238095237,1.7619047619047619
20230219_ManchesterUnited_LeicesterCity,2023-02-19,2223,Leicester City,Manchester United,0,3,0,0,2.0,1.6,1.4,1.5,1.4,1.3,1.6363636363636365,1.7272727272727273
20230225_LeicesterCity_Arsenal,2023-02-25,2223,Leicester City,Arsenal,0,1,1,0,2.0,2.0,1.4,1.5,1.6,1.3,1.565217391304348,1.7826086956521738
20230304_Southampton_LeicesterCity,2023-03-04,2223,Leicester City,Southampton,0,1,0,0,2.0,1.8,1.4,1.3,1.7,1.0,1.5,1.75
20230311_LeicesterCity_Chelsea,2023-03-11,2223,Leicester City,Chelsea,1,3,1,0,1.6,1.6,1.2,1.1,1.8,0.7,1.44,1.72
20230318_Brentford_LeicesterCity,2023-03-18,2223,Leicester City,Brentford,1,1,0,1,1.0,1.8,0.6,1.2,1.8,0.7,1.4230769230769231,1.7692307692307692
20230401_CrystalPalace_LeicesterCity,2023-04-01,2223,Leicester City,Crystal Palace,1,2,0,0,0.4,1.8,0.2,1.2,1.7,0.8,1.4074074074074074,1.7407407407407407
20230404_LeicesterCity_AstonVilla,2023-04-04,2223,Leicester City,Aston Villa,1,2,1,0,0.6,1.6,0.2,1.3,1.8,0.8,1.3928571428571428,1.75
20230408_LeicesterCity_Bournemouth,2023-04-08,2223,Leicester City,Bournemouth,0,1,1,0,0.8,1.8,0.2,1.4,1.8,0.8,1.3793103448275863,1.7586206896551724
20230415_ManchesterCity_LeicesterCity,2023-04-15,2223,Leicester City,Manchester City,1,3,0,0,0.8,1.8,0.2,1.2,1.7,0.7,1.3333333333333333,1.7333333333333334
20230422_LeicesterCity_WolverhamptonWanderers,2023-04-22,2223,Leicester City,Wolverhampton Wanderers,2,1,1,3,0.8,1.8,0.2,0.9,1.8,0.4,1.3225806451612903,1.7741935483870968
20230425_Leeds_LeicesterCity,2023-04-25,2223,Leicester City,Leeds,1,1,0,1,1.0,1.8,0.6,0.7,1.8,0.4,1.34375,1.75
20230501_LeicesterCity_Everton,2023-05-01,2223,Leicester City,Everton,2,2,1,1,1.0,1.6,0.8,0.8,1.6,0.5,1.3333333333333333,1.7272727272727273
20230508_Fulham_LeicesterCity,2023-05-08,2223,Leicester City,Fulham,3,5,0,0,1.2,1.6,1.0,1.0,1.7,0.6,1.3529411764705883,1.7352941176470589
20230515_LeicesterCity_Liverpool,2023-05-15,2223,Leicester City,Liverpool,0,3,1,0,1.8,2.4,1.0,1.3,2.1,0.6,1.4,1.8285714285714285
20230522_NewcastleUnited_LeicesterCity,2023-05-22,2223,Leicester City,Newcastle United,0,0,0,1,1.6,2.4,1.0,1.2,2.1,0.6,1.3611111111111112,1.8611111111111112
20230528_LeicesterCity_WestHamUnited,2023-05-28,2223,Leicester City,West Ham United,2,1,1,3,1.2,2.2,0.6,1.1,2.0,0.6,1.3243243243243243,1.8108108108108107
20240819_LeicesterCity_TottenhamHotspur,2024-08-19,2425,Leicester City,Tottenham Hotspur,1,1,1,1,1.4,2.2,1.0,1.2,1.9,0.9,1.3421052631578947,1.7894736842105263
20240824_Fulham_LeicesterCity,2024-08-24,2425,Leicester City,Fulham,1,2,0,0,1.2,2.0,1.0,1.2,1.8,1.0,1.3333333333333333,1.7692307692307692
20240831_LeicesterCity_AstonVilla,2024-08-31,2425,Leicester City,Aston Villa,1,2,1,0,0.8,1.4,1.0,1.3,1.9,1.0,1.325,1.775
20240914_CrystalPalace_LeicesterCity,2024-09-14,2425,Leicester City,Crystal Palace,2,2,0,1,1.0,1.2,1.0,1.3,1.8,1.0,1.3170731707317074,1.7804878048780488
20240921_LeicesterCity_Everton,2024-09-21,2425,Leicester City,Everton,1,1,1,1,1.4,1.6,1.0,1.3,1.9,0.8,1.3333333333333333,1.7857142857142858
20240928_Arsenal_LeicesterCity,2024-09-28,2425,Leicester City,Arsenal,2,4,0,0,1.2,1.6,0.6,1.3,1.9,0.8,1.3255813953488371,1.7674418604651163
20241005_LeicesterCity_Bournemouth,2024-10-05,2425,Leicester City,Bournemouth,1,0,1,3,1.4,2.2,0.4,1.3,2.1,0.7,1.3409090909090908,1.8181818181818181
20241019_Southampton_LeicesterCity,2024-10-19,2425,Leicester City,Southampton,3,2,0,3,1.4,1.8,1.0,1.1,1.6,1.0,1.3333333333333333,1.7777777777777777
20241025_LeicesterCity_NottinghamForest,2024-10-25,2425,Leicester City,Nottingham Forest,1,3,1,0,1.8,1.8,1.6,1.4,1.5,1.3,1.3695652173913044,1.7826086956521738
20241102_Ipswich_LeicesterCity,2024-11-02,2425,Leicester City,Ipswich,1,1,0,1,1.6,2.0,1.4,1.5,1.8,1.2,1.3617021276595744,1.8085106382978724
20241110_ManchesterUnited_LeicesterCity,2024-11-10,2425,Leicester City,Manchester United,0,3,0,0,1.6,2.0,1.4,1.4,1.8,1.0,1.3541666666666667,1.7916666666666667
20241123_LeicesterCity_Chelsea,2024-11-23,2425,Leicester City,Chelsea,1,2,1,0,1.2,1.8,1.4,1.3,2.0,0.9,1.3265306122448979,1.816326530612245
20241130_Brentford_LeicesterCity,2024-11-30,2425,Leicester City,Brentford,1,4,0,0,1.2,2.2,0.8,1.3,2.0,0.9,1.32,1.82
20241203_LeicesterCity_WestHamUnited,2024-12-03,2425,Leicester City,West Ham United,3,1,1,3,0.8,2.6,0.2,1.3,2.2,0.9,1.3137254901960784,1.8627450980392157
20241208_LeicesterCity_Brighton,2024-12-08,2425,Leicester City,Brighton,2,2,1,1,1.2,2.2,0.8,1.4,2.1,1.1,1.3461538461538463,1.8461538461538463
20241214_NewcastleUnited_LeicesterCity,2024-12-14,2425,Leicester City,Newcastle United,0,4,0,0,1.4,2.4,0.8,1.5,2.2,1.1,1.3584905660377358,1.849056603773585
20241222_LeicesterCity_WolverhamptonWanderers,2024-12-22,2425,Leicester City,Wolverhampton Wanderers,0,3,1,0,1.4,2.6,0.8,1.3,2.2,1.1,1.3333333333333333,1.8888888888888888
20241226_Liverpool_LeicesterCity,2024-12-26,2425,Leicester City,Liverpool,1,3,0,0,1.2,2.8,0.8,1.2,2.5,0.8,1.309090909090909,1.9090909090909092
20241229_LeicesterCity_ManchesterCity,2024-12-29,2425,Leicester City,Manchester City,0,2,1,0,1.2,2.6,0.8,1.0,2.6,0.5,1.3035714285714286,1.9285714285714286
20250104_AstonVilla_LeicesterCity,2025-01-04,2425,Leicester City,Aston Villa,1,2,0,0,0.6,2.8,0.2,0.9,2.5,0.5,1.280701754385965,1.9298245614035088
20250115_LeicesterCity_CrystalPalace,2025-01-15,2425,Leicester City,Crystal Palace,0,2,1,0,0.4,2.8,0.0,0.9,2.6,0.4,1.2758620689655173,1.9310344827586208
20250118_LeicesterCity_Fulham,2025-01-18,2425,Leicester City,Fulham,0,2,1,0,0.4,2.4,0.0,0.9,2.5,0.4,1.2542372881355932,1.9322033898305084
20250126_TottenhamHotspur_LeicesterCity,2025-01-26,2425,Leicester City,Tottenham Hotspur,2,1,0,3,0.4,2.2,0.0,0.8,2.5,0.4,1.2333333333333334,1.9333333333333333
20250201_Everton_LeicesterCity,2025-02-01,2425,Leicester City,Everton,0,4,0,0,0.6,1.8,0.6,0.9,2.2,0.7,1.2459016393442623,1.9180327868852458
20250215_LeicesterCity_Arsenal,2025-02-15,2425,Leicester City,Arsenal,0,2,1,0,0.6,2.2,0.6,0.6,2.5,0.4,1.2258064516129032,1.9516129032258065
20250221_LeicesterCity_Brentford,2025-02-21,2425,Leicester City,Brentford,0,4,1,0,0.4,2.2,0.6,0.4,2.5,0.3,1.2063492063492063,1.9523809523809523
20250227_WestHamUnited_LeicesterCity,2025-02-27,2425,Leicester City,West Ham United,0,2,0,0,0.4,2.6,0.6,0.4,2.5,0.3,1.1875,1.984375
20250309_Chelsea_LeicesterCity,2025-03-09,2425,Leicester City,Chelsea,0,1,0,0,0.4,2.6,0.6,0.4,2.4,0.3,1.1692307692307693,1.9846153846153847
20250316_LeicesterCity_ManchesterUnited,2025-03-16,2425,Leicester City,Manchester United,0,3,1,0,0.0,2.6,0.0,0.3,2.2,0.3,1.1515151515151516,1.9696969696969697
20250402_ManchesterCity_LeicesterCity,2025-04-02,2425,Leicester City,Manchester City,0,2,0,0,0.0,2.4,0.0,0.3,2.3,0.3,1.1343283582089552,1.9850746268656716
20250407_LeicesterCity_NewcastleUnited,2025-04-07,2425,Leicester City,Newcastle United,0,3,1,0,0.0,2.4,0.0,0.2,2.3,0.3,1.1176470588235294,1.9852941176470589
20250412_Brighton_LeicesterCity,2025-04-12,2425,Leicester City,Brighton,2,2,0,1,0.0,2.2,0.0,0.2,2.4,0.3,1.1014492753623188,2.0
20250420_LeicesterCity_Liverpool,2025-04-20,2425,Leicester City,Liverpool,0,1,1,0,0.4,2.2,0.2,0.4,2.4,0.4,1.1142857142857143,2.0
20250426_WolverhamptonWanderers_LeicesterCity,2025-04-26,2425,Leicester City,Wolverhampton Wanderers,0,3,0,0,0.4,2.2,0.2,0.2,2.4,0.1,1.0985915492957747,1.9859154929577465
20250503_LeicesterCity_Southampton,2025-05-03,2425,Leicester City,Southampton,2,0,1,3,0.4,2.2,0.2,0.2,2.3,0.1,1.0833333333333333,2.0
20250511_NottinghamForest_LeicesterCity,2025-05-11,2425,Leicester City,Nottingham Forest,2,2,0,1,0.8,1.8,0.8,0.4,2.1,0.4,1.095890410958904,1.9726027397260273
20250518_LeicesterCity_Ipswich,2025-05-18,2425,Leicester City,Ipswich,2,0,1,3,1.2,1.6,1.0,0.6,1.9,0.5,1.1081081081081081,1.972972972972973
20250525_Bournemouth_LeicesterCity,2025-05-25,2425,Leicester City,Bournemouth,0,2,0,0,1.2,1.2,1.4,0.8,1.7,0.8,1.12,1.9466666666666668
20220806_Fulham_Liverpool,2022-08-06,2223,Liverpool,Fulham,2,2,0,1,,,,,,,,
20220815_Liverpool_CrystalPalace,2022-08-15,2223,Liverpool,Crystal Palace,1,1,1,1,,,,,,,,
20220822_ManchesterUnited_Liverpool,2022-08-22,2223,Liverpool,Manchester United,1,2,0,0,,,,,,,,
20220827_Liverpool_Bournemouth,2022-08-27,2223,Liverpool,Bournemouth,9,0,1,3,1.3333333333333333,1.6666666666666667,0.6666666666666666,1.3333333333333333,1.6666666666666667,0.6666666666666666,1.3333333333333333,1.6666666666666667
20220831_Liverpool_NewcastleUnited,2022-08-31,2223,Liverpool,Newcastle United,2,1,1,3,3.25,1.25,1.25,3.25,1.25,1.25,3.25,1.25
20220903_Everton_Liverpool,2022-09-03,2223,Liverpool,Everton,0,0,0,1,3.0,1.2,1.6,3.0,1.2,1.6,3.0,1.2
20221001_Liverpool_Brighton,2022-10-01,2223,Liverpool,Brighton,3,3,1,1,2.6,0.8,1.6,2.5,1.0,1.5,2.5,1.0
20221009_Arsenal_Liverpool,2022-10-09,2223,Liverpool,Arsenal,2,3,0,0,3.0,1.2,1.6,2.5714285714285716,1.2857142857142858,1.4285714285714286,2.5714285714285716,1.2857142857142858
20221016_Liverpool_ManchesterCity,2022-10-16,2223,Liverpool,Manchester City,1,0,1,3,3.2,1.4,1.6,2.5,1.5,1.25,2.5,1.5
20221019_Liverpool_WestHamUnited,2022-10-19,2223,Liverpool,West Ham United,1,0,1,3,1.6,1.4,1.6,2.3333333333333335,1.3333333333333333,1.4444444444444444,2.3333333333333335,1.3333333333333333
20221022_NottinghamForest_Liverpool,2022-10-22,2223,Liverpool,Nottingham Forest,0,1,0,0,1.4,1.2,1.6,2.2,1.2,1.6,2.2,1.2
20221029_Liverpool_Leeds,2022-10-29,2223,Liverpool,Leeds,1,2,1,0,1.4,1.4,1.4,2.0,1.1,1.5,2.0,1.1818181818181819
20221106_TottenhamHotspur_Liverpool,2022-11-06,2223,Liverpool,Tottenham Hotspur,2,1,0,3,1.0,1.2,1.2,2.0,1.2,1.4,1.9166666666666667,1.25
20221112_Liverpool_Southampton,2022-11-12,2223,Liverpool,Southampton,3,1,1,3,1.0,0.8,1.8,2.1,1.1,1.7,1.9230769230769231,1.2307692307692308
20221226_AstonVilla_Liverpool,2022-12-26,2223,Liverpool,Aston Villa,3,1,0,3,1.4,1.0,1.8,1.5,1.2,1.7,2.0,1.2142857142857142
20221230_Liverpool_LeicesterCity,2022-12-30,2223,Liverpool,Leicester City,2,1,1,3,1.8,1.2,1.8,1.6,1.2,1.7,2.066666666666667,1.2
20230102_Brentford_Liverpool,2023-01-02,2223,Liverpool,Brentford,1,3,0,0,2.2,1.2,2.4,1.8,1.3,1.9,2.0625,1.1875
20230114_Brighton_Liverpool,2023-01-14,2223,Liverpool,Brighton,0,3,0,0,2.2,1.4,2.4,1.6,1.3,1.8,2.0,1.2941176470588236
20230121_Liverpool_Chelsea,2023-01-21,2223,Liverpool,Chelsea,0,0,1,1,1.8,1.8,1.8,1.4,1.3,1.8,1.8888888888888888,1.3888888888888888
20230204_WolverhamptonWanderers_Liverpool,2023-02-04,2223,Liverpool,Wolverhampton Wanderers,0,3,0,0,1.2,1.6,1.4,1.3,1.3,1.6,1.7894736842105263,1.3157894736842106
20230213_Liverpool_Everton,2023-02-13,2223,Liverpool,Everton,2,0,1,3,0.6,2.0,0.8,1.2,1.6,1.3,1.7,1.4
20230218_NewcastleUnited_Liverpool,2023-02-18,2223,Liverpool,Newcastle United,2,0,0,3,0.6,1.8,0.8,1.4,1.5,1.6,1.7142857142857142,1.3333333333333333
20230225_CrystalPalace_Liverpool,2023-02-25,2223,Liverpool,Crystal Palace,0,0,0,1,0.8,1.2,1.4,1.5,1.3,1.9,1.7272727272727273,1.2727272727272727
20230301_Liverpool_WolverhamptonWanderers,2023-03-01,2223,Liverpool,Wolverhampton Wanderers,2,0,1,3,0.8,0.6,1.6,1.3,1.2,1.7,1.6521739130434783,1.2173913043478262
20230305_Liverpool_ManchesterUnited,2023-03-05,2223,Liverpool,Manchester United,7,0,1,3,1.2,0.6,2.0,1.2,1.1,1.7,1.6666666666666667,1.1666666666666667
20230311_Bournemouth_Liverpool,2023-03-11,2223,Liverpool,Bournemouth,0,1,0,0,2.6,0.0,2.6,1.6,1.0,1.7,1.88,1.12
20230401_ManchesterCity_Liverpool,2023-04-01,2223,Liverpool,Manchester City,1,4,0,0,2.2,0.2,2.0,1.4,1.0,1.4,1.8076923076923077,1.1153846153846154
20230404_Chelsea_Liverpool,2023-04-04,2223,Liverpool,Chelsea,0,0,0,1,2.0,1.0,1.4,1.4,1.1,1.4,1.7777777777777777,1.2222222222222223
20230409_Liverpool_Arsenal,2023-04-09,2223,Liverpool,Arsenal,2,2,1,1,2.0,1.0,1.4,1.4,0.8,1.5,1.7142857142857142,1.1785714285714286
20230417_Leeds_Liverpool,2023-04-17,2223,Liverpool,Leeds,6,1,0,3,2.0,1.4,1.0,1.6,1.0,1.5,1.7241379310344827,1.206896551724138
20230422_Liverpool_NottinghamForest,2023-04-22,2223,Liverpool,Nottingham Forest,3,2,1,3,1.8,1.6,1.0,2.2,0.8,1.8,1.8666666666666667,1.2
20230426_WestHamUnited_Liverpool,2023-04-26,2223,Liverpool,West Ham United,2,1,0,3,2.4,1.8,1.6,2.3,1.0,1.8,1.903225806451613,1.2258064516129032
20230430_Liverpool_TottenhamHotspur,2023-04-30,2223,Liverpool,Tottenham Hotspur,4,3,1,3,2.6,1.2,2.2,2.3,1.1,1.8,1.90625,1.21875
20230503_Liverpool_Fulham,2023-05-03,2223,Liverpool,Fulham,1,0,1,3,3.4,1.8,2.6,2.7,1.4,2.0,1.9696969696969697,1.2727272727272727
20230506_Liverpool_Brentford,2023-05-06,2223,Liverpool,Brentford,1,0,1,3,3.2,1.4,3.0,2.6,1.4,2.0,1.9411764705882353,1.2352941176470589
20230515_LeicesterCity_Liverpool,2023-05-15,2223,Liverpool,Leicester City,3,0,0,3,2.2,1.2,3.0,2.0,1.4,2.0,1.9142857142857144,1.2
20230520_Liverpool_AstonVilla,2023-05-20,2223,Liverpool,Aston Villa,1,1,1,1,2.2,0.8,3.0,2.3,1.3,2.3,1.9444444444444444,1.1666666666666667
20230528_Southampton_Liverpool,2023-05-28,2223,Liverpool,Southampton,4,4,0,1,2.0,0.8,2.6,2.3,1.0,2.4,1.9189189189189189,1.162162162162162
20230813_Chelsea_Liverpool,2023-08-13,2324,Liverpool,Chelsea,1,1,0,1,2.0,1.0,2.2,2.7,1.4,2.4,1.9736842105263157,1.236842105263158
20230819_Liverpool_Bournemouth,2023-08-19,2324,Liverpool,Bournemouth,3,1,1,3,2.0,1.2,1.8,2.6,1.3,2.4,1.9487179487179487,1.2307692307692308
20230827_NewcastleUnited_Liverpool,2023-08-27,2324,Liverpool,Newcastle United,2,1,0,3,2.4,1.4,1.8,2.3,1.3,2.4,1.975,1.225
20230903_Liverpool_AstonVilla,2023-09-03,2324,Liverpool,Aston Villa,3,0,1,3,2.2,1.6,1.8,2.2,1.2,2.4,1.975609756097561,1.2195121951219512
20230916_WolverhamptonWanderers_Liverpool,2023-09-16,2324,Liverpool,Wolverhampton Wanderers,3,1,0,3,2.6,1.4,2.2,2.3,1.1,2.4,2.0,1.1904761904761905
20230924_Liverpool_WestHamUnited,2023-09-24,2324,Liverpool,West Ham United,3,1,1,3,2.4,0.8,2.6,2.2,0.9,2.4,2.0232558139534884,1.186046511627907
20230930_TottenhamHotspur_Liverpool,2023-09-30,2324,Liverpool,Tottenham Hotspur,1,2,0,0,2.8,0.8,3.0,2.4,1.0,2.4,2.0454545454545454,1.1818181818181819
20231008_Brighton_Liverpool,2023-10-08,2324,Liverpool,Brighton,2,2,0,1,2.4,1.0,2.4,2.4,1.2,2.1,2.022222222222222,1.2
20231021_Liverpool_Everton,2023-10-21,2324,Liverpool,Everton,2,0,1,3,2.4,1.2,2.0,2.3,1.4,1.9,2.0217391304347827,1.2173913043478262
20231029_Liverpool_NottinghamForest,2023-10-29,2324,Liverpool,Nottingham Forest,3,0,1,3,2.2,1.2,2.0,2.4,1.3,2.1,2.021276595744681,1.1914893617021276
20231105_Luton_Liverpool,2023-11-05,2324,Liverpool,Luton,1,1,0,1,2.2,1.0,2.0,2.3,0.9,2.3,2.0416666666666665,1.1666666666666667
20231112_Liverpool_Brentford,2023-11-12,2324,Liverpool,Brentford,3,0,1,3,1.8,1.0,1.6,2.3,0.9,2.3,2.020408163265306,1.163265306122449
20231125_ManchesterCity_Liverpool,2023-11-25,2324,Liverpool,Manchester City,1,1,0,1,2.2,0.6,2.2,2.3,0.8,2.3,2.04,1.14
20231203_Liverpool_Fulham,2023-12-03,2324,Liverpool,Fulham,4,3,1,3,2.0,0.4,2.2,2.2,0.8,2.1,2.019607843137255,1.1372549019607843
20231206_SheffieldUnited_Liverpool,2023-12-06,2324,Liverpool,Sheffield United,2,0,0,3,2.4,1.0,2.2,2.3,1.1,2.1,2.0576923076923075,1.1730769230769231
20231209_CrystalPalace_Liverpool,2023-12-09,2324,Liverpool,Crystal Palace,2,1,0,3,2.2,1.0,2.2,2.2,1.0,2.1,2.056603773584906,1.150943396226415
20231217_Liverpool_ManchesterUnited,2023-12-17,2324,Liverpool,Manchester United,0,0,1,1,2.4,1.0,2.6,2.1,1.0,2.1,2.0555555555555554,1.1481481481481481
20231223_Liverpool_Arsenal,2023-12-23,2324,Liverpool,Arsenal,1,1,1,1,1.8,1.0,2.2,2.0,0.8,2.2,2.018181818181818,1.1272727272727272
20231226_Burnley_Liverpool,2023-12-26,2324,Liverpool,Burnley,2,0,0,3,1.8,1.0,2.2,1.9,0.7,2.2,2.0,1.125
20240101_Liverpool_NewcastleUnited,2024-01-01,2324,Liverpool,Newcastle United,4,2,1,3,1.4,0.4,2.2,1.9,0.7,2.2,2.0,1.105263157894737
20240121_Bournemouth_Liverpool,2024-01-21,2324,Liverpool,Bournemouth,4,0,0,3,1.8,0.8,2.2,2.0,0.9,2.2,2.0344827586206895,1.1206896551724137
20240131_Liverpool_Chelsea,2024-01-31,2324,Liverpool,Chelsea,4,1,1,3,2.2,0.6,2.2,2.3,0.8,2.4,2.0677966101694913,1.1016949152542372
20240204_Arsenal_Liverpool,2024-02-04,2324,Liverpool,Arsenal,1,3,0,0,3.0,0.8,2.6,2.4,0.9,2.4,2.1,1.1
20240210_Liverpool_Burnley,2024-02-10,2324,Liverpool,Burnley,3,1,1,3,3.0,1.2,2.4,2.4,1.1,2.3,2.081967213114754,1.1311475409836065
20240217_Brentford_Liverpool,2024-02-17,2324,Liverpool,Brentford,4,1,0,3,3.2,1.4,2.4,2.3,0.9,2.3,2.096774193548387,1.1290322580645162
20240221_Liverpool_Luton,2024-02-21,2324,Liverpool,Luton,4,1,1,3,3.2,1.2,2.4,2.5,1.0,2.3,2.126984126984127,1.126984126984127
20240302_NottinghamForest_Liverpool,2024-03-02,2324,Liverpool,Nottingham Forest,1,0,0,3,3.2,1.4,2.4,2.7,1.0,2.3,2.15625,1.125
20240310_Liverpool_ManchesterCity,2024-03-10,2324,Liverpool,Manchester City,1,1,1,1,2.6,1.2,2.4,2.8,1.0,2.5,2.1384615384615384,1.1076923076923078
20240331_Liverpool_Brighton,2024-03-31,2324,Liverpool,Brighton,2,1,1,3,2.6,0.8,2.6,2.8,1.0,2.5,2.121212121212121,1.106060606060606
20240404_Liverpool_SheffieldUnited,2024-04-04,2324,Liverpool,Sheffield United,3,1,1,3,2.4,0.8,2.6,2.8,1.1,2.5,2.1194029850746268,1.1044776119402986
20240407_ManchesterUnited_Liverpool,2024-04-07,2324,Liverpool,Manchester United,2,2,0,1,2.2,0.8,2.6,2.7,1.0,2.5,2.1323529411764706,1.1029411764705883
20240414_Liverpool_CrystalPalace,2024-04-14,2324,Liverpool,Crystal Palace,0,1,1,0,1.8,1.0,2.2,2.5,1.2,2.3,2.130434782608696,1.1159420289855073
20240421_Fulham_Liverpool,2024-04-21,2324,Liverpool,Fulham,3,1,0,3,1.6,1.2,1.6,2.1,1.2,2.0,2.1,1.1142857142857143
20240424_Everton_Liverpool,2024-04-24,2324,Liverpool,Everton,0,2,0,0,2.0,1.2,2.0,2.3,1.0,2.3,2.112676056338028,1.1126760563380282
20240427_WestHamUnited_Liverpool,2024-04-27,2324,Liverpool,West Ham United,2,2,0,1,1.6,1.4,1.4,2.0,1.1,2.0,2.0833333333333335,1.125
20240505_Liverpool_TottenhamHotspur,2024-05-05,2324,Liverpool,Tottenham Hotspur,4,2,1,3,1.4,1.6,1.0,1.8,1.2,1.8,2.0821917808219177,1.1369863013698631
20240513_AstonVilla_Liverpool,2024-05-13,2324,Liverpool,Aston Villa,3,3,0,1,1.8,1.6,1.4,1.8,1.3,1.8,2.108108108108108,1.1486486486486487
20240519_Liverpool_WolverhamptonWanderers,2024-05-19,2324,Liverpool,Wolverhampton Wanderers,2,0,1,3,2.4,2.0,1.6,2.0,1.6,1.6,2.12,1.1733333333333333
20240817_Ipswich_Liverpool,2024-08-17,2425,Liverpool,Ipswich,2,0,0,3,2.2,1.8,1.6,2.1,1.5,1.8,2.1184210526315788,1.1578947368421053
20240825_Liverpool_Brentford,2024-08-25,2425,Liverpool,Brentford,2,0,1,3,2.6,1.4,2.2,2.1,1.4,1.8,2.116883116883117,1.1428571428571428
20240901_ManchesterUnited_Liverpool,2024-09-01,2425,Liverpool,Manchester United,3,0,0,3,2.6,1.0,2.6,2.0,1.3,1.8,2.1153846153846154,1.1282051282051282
20240914_Liverpool_NottinghamForest,2024-09-14,2425,Liverpool,Nottingham Forest,0,1,1,0,2.4,0.6,2.6,2.1,1.1,2.0,2.1265822784810124,1.1139240506329113
20240921_Liverpool_Bournemouth,2024-09-21,2425,Liverpool,Bournemouth,3,0,1,3,1.8,0.2,2.4,2.1,1.1,2.0,2.1,1.1125
20240928_WolverhamptonWanderers_Liverpool,2024-09-28,2425,Liverpool,Wolverhampton Wanderers,2,1,0,3,2.0,0.2,2.4,2.1,1.0,2.0,2.111111111111111,1.0987654320987654
20241005_CrystalPalace_Liverpool,2024-10-05,2425,Liverpool,Crystal Palace,1,0,0,3,2.0,0.4,2.4,2.3,0.9,2.3,2.1097560975609757,1.0975609756097562
20241020_Liverpool_Chelsea,2024-10-20,2425,Liverpool,Chelsea,2,1,1,3,1.8,0.4,2.4,2.2,0.7,2.5,2.0963855421686746,1.0843373493975903
20241027_Arsenal_Liverpool,2024-10-27,2425,Liverpool,Arsenal,2,2,0,1,1.6,0.6,2.4,2.0,0.6,2.5,2.0952380952380953,1.0833333333333333
20241102_Liverpool_Brighton,2024-11-02,2425,Liverpool,Brighton,2,1,1,3,2.0,0.8,2.6,1.9,0.5,2.5,2.0941176470588236,1.0941176470588236
20241109_Liverpool_AstonVilla,2024-11-09,2425,Liverpool,Aston Villa,2,0,1,3,1.8,1.0,2.6,1.9,0.6,2.5,2.0930232558139537,1.0930232558139534
20241124_Southampton_Liverpool,2024-11-24,2425,Liverpool,Southampton,3,2,0,3,1.8,0.8,2.6,1.9,0.6,2.5,2.0919540229885056,1.0804597701149425
20241201_Liverpool_ManchesterCity,2024-12-01,2425,Liverpool,Manchester City,2,0,1,3,2.2,1.2,2.6,2.0,0.8,2.5,2.102272727272727,1.0909090909090908
20241204_NewcastleUnited_Liverpool,2024-12-04,2425,Liverpool,Newcastle United,3,3,0,1,2.2,1.0,2.6,1.9,0.8,2.5,2.101123595505618,1.0786516853932584
20241214_Liverpool_Fulham,2024-12-14,2425,Liverpool,Fulham,2,2,1,1,2.4,1.2,2.6,2.2,1.0,2.6,2.111111111111111,1.1
20241222_TottenhamHotspur_Liverpool,2024-12-22,2425,Liverpool,Tottenham Hotspur,6,3,0,3,2.4,1.4,2.2,2.1,1.2,2.4,2.10989010989011,1.10989010989011
20241226_Liverpool_LeicesterCity,2024-12-26,2425,Liverpool,Leicester City,3,1,1,3,3.2,2.0,2.2,2.5,1.4,2.4,2.152173913043478,1.1304347826086956
20241229_WestHamUnited_Liverpool,2024-12-29,2425,Liverpool,West Ham United,5,0,0,3,3.2,1.8,2.2,2.7,1.5,2.4,2.161290322580645,1.1290322580645162
20250105_Liverpool_ManchesterUnited,2025-01-05,2425,Liverpool,Manchester United,2,2,1,1,3.8,1.8,2.2,3.0,1.4,2.4,2.1914893617021276,1.1170212765957446
20250114_NottinghamForest_Liverpool,2025-01-14,2425,Liverpool,Nottingham Forest,1,1,0,1,3.6,1.6,2.2,3.0,1.4,2.4,2.1894736842105265,1.1263157894736842
20250118_Brentford_Liverpool,2025-01-18,2425,Liverpool,Brentford,2,0,0,3,3.4,1.4,2.2,2.9,1.4,2.2,2.1770833333333335,1.125
20250125_Liverpool_Ipswich,2025-01-25,2425,Liverpool,Ipswich,4,1,1,3,2.6,0.8,2.2,2.9,1.4,2.2,2.1752577319587627,1.1134020618556701
20250201_Bournemouth_Liverpool,2025-02-01,2425,Liverpool,Bournemouth,2,0,0,3,2.8,0.8,2.2,3.0,1.3,2.2,2.193877551020408,1.1122448979591837
20250212_Everton_Liverpool,2025-02-12,2425,Liverpool,Everton,2,2,0,1,2.2,0.8,2.2,3.0,1.3,2.2,2.191919191919192,1.101010101010101
20250216_Liverpool_WolverhamptonWanderers,2025-02-16,2425,Liverpool,Wolverhampton Wanderers,2,1,1,3,2.2,0.8,2.2,2.9,1.2,2.2,2.19,1.11
20250219_AstonVilla_Liverpool,2025-02-19,2425,Liverpool,Aston Villa,2,2,0,1,2.4,0.8,2.6,2.9,1.1,2.4,2.1881188118811883,1.108910891089109
20250223_ManchesterCity_Liverpool,2025-02-23,2425,Liverpool,Manchester City,2,0,0,3,2.4,1.2,2.2,2.5,1.0,2.2,2.1862745098039214,1.1176470588235294
20250226_Liverpool_NewcastleUnited,2025-02-26,2425,Liverpool,Newcastle United,2,0,1,3,2.0,1.0,2.2,2.4,0.9,2.2,2.1844660194174756,1.1067961165048543
20250308_Liverpool_Southampton,2025-03-08,2425,Liverpool,Southampton,3,1,1,3,2.0,1.0,2.2,2.1,0.9,2.2,2.1826923076923075,1.0961538461538463
20250402_Liverpool_Everton,2025-04-02,2425,Liverpool,Everton,1,0,1,3,2.2,0.8,2.6,2.2,0.8,2.4,2.1904761904761907,1.0952380952380953
20250406_Fulham_Liverpool,2025-04-06,2425,Liverpool,Fulham,2,3,0,0,2.0,0.6,2.6,2.2,0.7,2.6,2.1792452830188678,1.0849056603773586
20250413_Liverpool_WestHamUnited,2025-04-13,2425,Liverpool,West Ham United,2,1,1,3,2.0,0.8,2.4,2.2,1.0,2.3,2.177570093457944,1.102803738317757
20250420_LeicesterCity_Liverpool,2025-04-20,2425,Liverpool,Leicester City,1,0,0,3,2.0,1.0,2.4,2.0,1.0,2.3,2.175925925925926,1.1018518518518519
20250427_Liverpool_TottenhamHotspur,2025-04-27,2425,Liverpool,Tottenham Hotspur,5,1,1,3,1.8,1.0,2.4,1.9,1.0,2.3,2.165137614678899,1.091743119266055
20250504_Chelsea_Liverpool,2025-05-04,2425,Liverpool,Chelsea,1,3,0,0,2.2,1.0,2.4,2.2,0.9,2.5,2.190909090909091,1.0909090909090908
20250511_Liverpool_Arsenal,2025-05-11,2425,Liverpool,Arsenal,2,2,1,1,2.2,1.6,1.8,2.1,1.1,2.2,2.18018018018018,1.1081081081081081
20250519_Brighton_Liverpool,2025-05-19,2425,Liverpool,Brighton,2,3,0,0,2.2,1.4,2.0,2.1,1.1,2.2,2.1785714285714284,1.1160714285714286
20250525_Liverpool_CrystalPalace,2025-05-25,2425,Liverpool,Crystal Palace,1,1,1,1,2.2,1.8,1.4,2.1,1.4,1.9,2.1769911504424777,1.1327433628318584
20250815_Liverpool_Bournemouth,2025-08-15,2526,Liverpool,Bournemouth,4,2,1,3,2.2,2.0,1.0,2.0,1.5,1.7,2.1666666666666665,1.131578947368421
20250825_NewcastleUnited_Liverpool,2025-08-25,2526,Liverpool,Newcastle United,3,2,0,3,2.0,2.2,1.0,2.1,1.6,1.7,2.1826086956521737,1.1391304347826088
20250831_Liverpool_Arsenal,2025-08-31,2526,Liverpool,Arsenal,1,0,1,3,2.4,2.0,1.6,2.3,1.8,1.7,2.189655172413793,1.146551724137931
20250914_Burnley_Liverpool,2025-09-14,2526,Liverpool,Burnley,1,0,0,3,2.2,1.6,2.0,2.2,1.5,2.0,2.1794871794871793,1.1367521367521367
20250920_Liverpool_Everton,2025-09-20,2526,Liverpool,Everton,2,1,1,3,2.0,1.0,2.6,2.1,1.4,2.0,2.169491525423729,1.1271186440677967
20250927_CrystalPalace_Liverpool,2025-09-27,2526,Liverpool,Crystal Palace,1,2,0,0,2.2,1.0,3.0,2.2,1.5,2.0,2.168067226890756,1.1260504201680672
20251004_Chelsea_Liverpool,2025-10-04,2526,Liverpool,Chelsea,1,2,0,0,1.6,1.0,2.4,1.8,1.6,1.7,2.158333333333333,1.1333333333333333
20251019_Liverpool_ManchesterUnited,2025-10-19,2526,Liverpool,Manchester United,1,2,1,0,1.2,1.0,1.8,1.8,1.5,1.7,2.1487603305785123,1.140495867768595
20251025_Brentford_Liverpool,2025-10-25,2526,Liverpool,Brentford,2,3,0,0,1.2,1.4,1.2,1.7,1.5,1.6,2.139344262295082,1.1475409836065573
20251101_Liverpool_AstonVilla,2025-11-01,2526,Liverpool,Aston Villa,2,0,1,3,1.4,2.0,0.6,1.7,1.5,1.6,2.138211382113821,1.1626016260162602
20251109_ManchesterCity_Liverpool,2025-11-09,2526,Liverpool,Manchester City,0,3,0,0,1.4,1.8,0.6,1.8,1.4,1.8,2.1370967741935485,1.153225806451613
20251122_Liverpool_NottinghamForest,2025-11-22,2526,Liverpool,Nottingham Forest,0,3,1,0,1.2,2.0,0.6,1.4,1.5,1.5,2.12,1.168
20251130_WestHamUnited_Liverpool,2025-11-30,2526,Liverpool,West Ham United,2,0,0,3,1.0,2.2,0.6,1.1,1.6,1.2,2.1031746031746033,1.1825396825396826
20251203_Liverpool_Sunderland,2025-12-03,2526,Liverpool,Sunderland,1,1,1,1,1.2,1.8,1.2,1.2,1.6,1.2,2.1023622047244093,1.1732283464566928
20251206_Leeds_Liverpool,2025-12-06,2526,Liverpool,Leeds,3,3,0,1,1.0,1.4,1.4,1.2,1.7,1.0,2.09375,1.171875
20251213_Liverpool_Brighton,2025-12-13,2526,Liverpool,Brighton,2,0,1,3,1.2,2.0,1.0,1.3,1.9,0.8,2.10077519379845,1.186046511627907
20251220_TottenhamHotspur_Liverpool,2025-12-20,2526,Liverpool,Tottenham Hotspur,2,1,0,3,1.6,1.4,1.6,1.4,1.7,1.1,2.1,1.176923076923077
20251227_Liverpool_WolverhamptonWanderers,2025-12-27,2526,Liverpool,Wolverhampton Wanderers,2,1,1,3,2.0,1.0,2.2,1.5,1.6,1.4,2.099236641221374,1.1755725190839694
20260101_Liverpool_Leeds,2026-01-01,2526,Liverpool,Leeds,0,0,1,1,2.0,1.2,2.2,1.6,1.5,1.7,2.0984848484848486,1.1742424242424243
20260104_Fulham_Liverpool,2026-01-04,2526,Liverpool,Fulham,2,2,0,1,1.8,1.0,2.2,1.4,1.2,1.8,2.082706766917293,1.1654135338345866
20260108_Arsenal_Liverpool,2026-01-08,2526,Liverpool,Arsenal,0,0,0,1,1.6,0.8,2.2,1.4,1.4,1.6,2.082089552238806,1.171641791044776
20260117_Liverpool_Burnley,2026-01-17,2526,Liverpool,Burnley,1,1,1,1,1.2,0.8,1.8,1.4,1.1,1.7,2.066666666666667,1.162962962962963
20260124_Bournemouth_Liverpool,2026-01-24,2526,Liverpool,Bournemouth,2,3,0,0,1.0,0.8,1.4,1.5,0.9,1.8,2.0588235294117645,1.161764705882353
20260131_Liverpool_NewcastleUnited,2026-01-31,2526,Liverpool,Newcastle United,4,1,1,3,1.0,1.2,0.8,1.5,1.2,1.5,2.0583941605839415,1.1751824817518248
20260208_Liverpool_ManchesterCity,2026-02-08,2526,Liverpool,Manchester City,1,2,1,0,1.8,1.4,1.2,1.8,1.2,1.7,2.072463768115942,1.173913043478261
20260211_Sunderland_Liverpool,2026-02-11,2526,Liverpool,Sunderland,1,0,0,3,1.6,1.4,1.0,1.6,1.1,1.6,2.064748201438849,1.1798561151079137
20260222_NottinghamForest_Liverpool,2026-02-22,2526,Liverpool,Nottingham Forest,1,0,0,3,1.8,1.4,1.4,1.5,1.1,1.6,2.057142857142857,1.1714285714285715
20260228_Liverpool_WestHamUnited,2026-02-28,2526,Liverpool,West Ham United,5,2,1,3,1.8,1.2,1.8,1.4,1.0,1.6,2.049645390070922,1.1631205673758864
20260303_WolverhamptonWanderers_Liverpool,2026-03-03,2526,Liverpool,Wolverhampton Wanderers,1,2,0,0,2.4,1.0,2.4,1.7,1.1,1.6,2.0704225352112675,1.1690140845070423
20260315_Liverpool_TottenhamHotspur,2026-03-15,2526,Liverpool,Tottenham Hotspur,1,1,1,1,1.8,1.2,1.8,1.8,1.3,1.5,2.062937062937063,1.1748251748251748
20260321_Brighton_Liverpool,2026-03-21,2526,Liverpool,Brighton,1,2,0,0,1.8,1.0,2.0,1.7,1.2,1.5,2.0555555555555554,1.1736111111111112
20260411_Liverpool_Fulham,2026-04-11,2526,Liverpool,Fulham,2,0,1,3,1.8,1.4,1.4,1.8,1.4,1.4,2.0482758620689654,1.1793103448275861
20260419_Everton_Liverpool,2026-04-19,2526,Liverpool,Everton,2,1,0,3,2.0,1.4,1.4,1.9,1.3,1.6,2.047945205479452,1.1712328767123288
20260425_Liverpool_CrystalPalace,2026-04-25,2526,Liverpool,Crystal Palace,3,1,1,3,1.4,1.2,1.4,1.9,1.1,1.9,2.0476190476190474,1.1700680272108843
20260503_ManchesterUnited_Liverpool,2026-05-03,2526,Liverpool,Manchester United,2,3,0,0,1.8,1.0,2.0,1.8,1.1,1.9,2.054054054054054,1.1689189189189189
20260509_Liverpool_Chelsea,2026-05-09,2526,Liverpool,Chelsea,1,1,1,1,2.0,1.4,1.8,1.9,1.2,1.9,2.053691275167785,1.1812080536912752
20260515_AstonVilla_Liverpool,2026-05-15,2526,Liverpool,Aston Villa,2,4,0,0,2.0,1.2,2.0,1.9,1.3,1.7,2.046666666666667,1.18
20260524_Liverpool_Brentford,2026-05-24,2526,Liverpool,Brentford,1,1,1,1,2.0,2.0,1.4,2.0,1.7,1.4,2.0463576158940397,1.1986754966887416
20230812_Brighton_Luton,2023-08-12,2324,Luton,Brighton,1,4,0,0,,,,,,,,
20230825_Chelsea_Luton,2023-08-25,2324,Luton,Chelsea,0,3,0,0,,,,,,,,
20230901_Luton_WestHamUnited,2023-09-01,2324,Luton,West Ham United,1,2,1,0,,,,,,,,
20230916_Fulham_Luton,2023-09-16,2324,Luton,Fulham,0,1,0,0,0.6666666666666666,3.0,0.0,0.6666666666666666,3.0,0.0,0.6666666666666666,3.0
20230923_Luton_WolverhamptonWanderers,2023-09-23,2324,Luton,Wolverhampton Wanderers,1,1,1,1,0.5,2.5,0.0,0.5,2.5,0.0,0.5,2.5
20230930_Everton_Luton,2023-09-30,2324,Luton,Everton,2,1,0,3,0.6,2.2,0.2,0.6,2.2,0.2,0.6,2.2
20231003_Luton_Burnley,2023-10-03,2324,Luton,Burnley,1,2,1,0,0.8,1.6,0.8,0.8333333333333334,2.0,0.6666666666666666,0.8333333333333334,2.0
20231007_Luton_TottenhamHotspur,2023-10-07,2324,Luton,Tottenham Hotspur,0,1,1,0,1.0,1.4,0.8,0.8571428571428571,2.0,0.5714285714285714,0.8571428571428571,2.0
20231021_NottinghamForest_Luton,2023-10-21,2324,Luton,Nottingham Forest,2,2,0,1,0.8,1.2,0.8,0.75,1.875,0.5,0.75,1.875
20231029_AstonVilla_Luton,2023-10-29,2324,Luton,Aston Villa,1,3,0,0,1.2,1.4,1.0,0.8888888888888888,1.8888888888888888,0.5555555555555556,0.8888888888888888,1.8888888888888888
20231105_Luton_Liverpool,2023-11-05,2324,Luton,Liverpool,1,1,1,1,1.2,1.8,0.8,0.9,2.0,0.5,0.9,2.0
20231111_ManchesterUnited_Luton,2023-11-11,2324,Luton,Manchester United,0,1,0,0,1.0,1.8,0.4,0.9,1.7,0.6,0.9090909090909091,1.9090909090909092
20231125_Luton_CrystalPalace,2023-11-25,2324,Luton,Crystal Palace,2,1,1,3,0.8,1.6,0.4,0.9,1.5,0.6,0.8333333333333334,1.8333333333333333
20231202_Brentford_Luton,2023-12-02,2324,Luton,Brentford,1,3,0,0,1.2,1.6,1.0,1.0,1.4,0.9,0.9230769230769231,1.7692307692307692
20231205_Luton_Arsenal,2023-12-05,2324,Luton,Arsenal,3,4,1,0,1.0,1.8,0.8,1.1,1.6,0.9,0.9285714285714286,1.8571428571428572
20231210_Luton_ManchesterCity,2023-12-10,2324,Luton,Manchester City,1,2,1,0,1.4,2.0,0.8,1.3,1.9,0.8,1.0666666666666667,2.0
20231223_Luton_NewcastleUnited,2023-12-23,2324,Luton,Newcastle United,1,0,1,3,1.4,2.2,0.6,1.2,2.0,0.5,1.0625,2.0
20231226_SheffieldUnited_Luton,2023-12-26,2324,Luton,Sheffield United,3,2,0,3,1.6,2.0,1.2,1.2,1.8,0.8,1.0588235294117647,1.8823529411764706
20231230_Luton_Chelsea,2023-12-30,2324,Luton,Chelsea,2,3,1,0,1.8,2.2,1.2,1.5,1.9,1.1,1.1666666666666667,1.8888888888888888
20240112_Burnley_Luton,2024-01-12,2324,Luton,Burnley,1,1,0,1,2.0,2.2,1.2,1.5,2.0,1.0,1.2105263157894737,1.9473684210526316
20240130_Luton_Brighton,2024-01-30,2324,Luton,Brighton,4,0,1,3,1.6,1.6,1.4,1.5,1.8,1.1,1.2,1.9
20240203_NewcastleUnited_Luton,2024-02-03,2324,Luton,Newcastle United,4,4,0,1,2.2,1.2,2.0,1.8,1.7,1.3,1.3333333333333333,1.8095238095238095
20240210_Luton_SheffieldUnited,2024-02-10,2324,Luton,Sheffield United,1,3,1,0,2.8,2.0,1.6,2.2,2.0,1.4,1.4545454545454546,1.9090909090909092
20240218_Luton_ManchesterUnited,2024-02-18,2324,Luton,Manchester United,1,2,1,0,2.4,2.2,1.0,2.1,2.2,1.1,1.434782608695652,1.9565217391304348
20240221_Liverpool_Luton,2024-02-21,2324,Luton,Liverpool,1,4,0,0,2.2,2.0,1.0,2.1,2.1,1.1,1.4166666666666667,1.9583333333333333
20240302_Luton_AstonVilla,2024-03-02,2324,Luton,Aston Villa,2,3,1,0,2.2,2.6,0.8,1.9,2.1,1.1,1.4,2.04
20240309_CrystalPalace_Luton,2024-03-09,2324,Luton,Crystal Palace,1,1,0,1,1.8,3.2,0.2,2.0,2.2,1.1,1.4230769230769231,2.076923076923077
20240313_Bournemouth_Luton,2024-03-13,2324,Luton,Bournemouth,3,4,0,0,1.2,2.6,0.2,2.0,2.3,0.9,1.4074074074074074,2.037037037037037
20240316_Luton_NottinghamForest,2024-03-16,2324,Luton,Nottingham Forest,1,1,1,1,1.6,2.8,0.2,2.0,2.5,0.6,1.4642857142857142,2.107142857142857
20240330_TottenhamHotspur_Luton,2024-03-30,2324,Luton,Tottenham Hotspur,1,2,0,0,1.6,2.6,0.4,1.9,2.3,0.7,1.4482758620689655,2.0689655172413794
20240403_Arsenal_Luton,2024-04-03,2324,Luton,Arsenal,0,2,0,0,1.6,2.2,0.4,1.9,2.4,0.6,1.4333333333333333,2.066666666666667
20240406_Luton_Bournemouth,2024-04-06,2324,Luton,Bournemouth,2,1,1,3,1.2,2.0,0.4,1.5,2.6,0.3,1.3870967741935485,2.064516129032258
20240413_ManchesterCity_Luton,2024-04-13,2324,Luton,Manchester City,1,5,0,0,1.4,2.0,0.8,1.3,2.3,0.5,1.40625,2.03125
20240420_Luton_Brentford,2024-04-20,2324,Luton,Brentford,1,5,1,0,1.0,2.2,0.8,1.3,2.5,0.5,1.393939393939394,2.121212121212121
20240427_WolverhamptonWanderers_Luton,2024-04-27,2324,Luton,Wolverhampton Wanderers,1,2,0,0,1.0,3.0,0.6,1.3,2.8,0.5,1.3823529411764706,2.2058823529411766
20240503_Luton_Everton,2024-05-03,2324,Luton,Everton,1,1,1,1,1.0,3.0,0.6,1.3,2.6,0.5,1.3714285714285714,2.2
20240511_WestHamUnited_Luton,2024-05-11,2324,Luton,West Ham United,1,3,0,0,1.2,2.8,0.8,1.2,2.4,0.6,1.3611111111111112,2.1666666666666665
20240519_Luton_Fulham,2024-05-19,2324,Luton,Fulham,2,4,1,0,1.0,3.2,0.2,1.2,2.6,0.5,1.3513513513513513,2.189189189189189
20220807_WestHamUnited_ManchesterCity,2022-08-07,2223,Manchester City,West Ham United,2,0,0,3,,,,,,,,
20220813_ManchesterCity_Bournemouth,2022-08-13,2223,Manchester City,Bournemouth,4,0,1,3,,,,,,,,
20220821_NewcastleUnited_ManchesterCity,2022-08-21,2223,Manchester City,Newcastle United,3,3,0,1,,,,,,,,
20220827_ManchesterCity_CrystalPalace,2022-08-27,2223,Manchester City,Crystal Palace,4,2,1,3,3.0,1.0,2.3333333333333335,3.0,1.0,2.3333333333333335,3.0,1.0
20220831_ManchesterCity_NottinghamForest,2022-08-31,2223,Manchester City,Nottingham Forest,6,0,1,3,3.25,1.25,2.5,3.25,1.25,2.5,3.25,1.25
20220903_AstonVilla_ManchesterCity,2022-09-03,2223,Manchester City,Aston Villa,1,1,0,1,3.8,1.0,2.6,3.8,1.0,2.6,3.8,1.0
20220917_WolverhamptonWanderers_ManchesterCity,2022-09-17,2223,Manchester City,Wolverhampton Wanderers,3,0,0,3,3.6,1.2,2.2,3.3333333333333335,1.0,2.3333333333333335,3.3333333333333335,1.0
20221002_ManchesterCity_ManchesterUnited,2022-10-02,2223,Manchester City,Manchester United,6,3,1,3,3.4,1.2,2.2,3.2857142857142856,0.8571428571428571,2.4285714285714284,3.2857142857142856,0.8571428571428571
20221008_ManchesterCity_Southampton,2022-10-08,2223,Manchester City,Southampton,4,0,1,3,4.0,1.2,2.6,3.625,1.125,2.5,3.625,1.125
20221016_Liverpool_ManchesterCity,2022-10-16,2223,Manchester City,Liverpool,0,1,0,0,4.0,0.8,2.6,3.6666666666666665,1.0,2.5555555555555554,3.6666666666666665,1.0
20221022_ManchesterCity_Brighton,2022-10-22,2223,Manchester City,Brighton,3,1,1,3,2.8,1.0,2.0,3.3,1.0,2.3,3.3,1.0
20221029_LeicesterCity_ManchesterCity,2022-10-29,2223,Manchester City,Leicester City,1,0,0,3,3.2,1.0,2.4,3.4,1.1,2.3,3.272727272727273,1.0
20221105_ManchesterCity_Fulham,2022-11-05,2223,Manchester City,Fulham,2,1,1,3,2.8,1.0,2.4,3.1,1.1,2.3,3.0833333333333335,0.9166666666666666
20221112_ManchesterCity_Brentford,2022-11-12,2223,Manchester City,Brentford,1,2,1,0,2.0,0.6,2.4,3.0,0.9,2.5,3.0,0.9230769230769231
20221228_Leeds_ManchesterCity,2022-12-28,2223,Manchester City,Leeds,3,1,0,3,1.4,1.0,1.8,2.7,0.9,2.2,2.857142857142857,1.0
20221231_ManchesterCity_Everton,2022-12-31,2223,Manchester City,Everton,1,1,1,1,2.0,1.0,2.4,2.4,1.0,2.2,2.8666666666666667,1.0
20230105_Chelsea_ManchesterCity,2023-01-05,2223,Manchester City,Chelsea,1,0,0,3,1.6,1.0,2.0,2.4,1.0,2.2,2.75,1.0
20230114_ManchesterUnited_ManchesterCity,2023-01-14,2223,Manchester City,Manchester United,1,2,0,0,1.6,1.0,2.0,2.2,1.0,2.2,2.6470588235294117,0.9411764705882353
20230119_ManchesterCity_TottenhamHotspur,2023-01-19,2223,Manchester City,Tottenham Hotspur,4,2,1,3,1.4,1.2,1.4,1.7,0.9,1.9,2.5555555555555554,1.0
20230122_ManchesterCity_WolverhamptonWanderers,2023-01-22,2223,Manchester City,Wolverhampton Wanderers,3,0,1,3,2.0,1.2,2.0,1.7,1.1,1.9,2.6315789473684212,1.0526315789473684
20230205_TottenhamHotspur_ManchesterCity,2023-02-05,2223,Manchester City,Tottenham Hotspur,0,1,0,0,2.0,1.0,2.0,2.0,1.0,2.2,2.65,1.0
20230212_ManchesterCity_AstonVilla,2023-02-12,2223,Manchester City,Aston Villa,3,1,1,3,1.8,1.0,1.8,1.7,1.0,1.9,2.5238095238095237,1.0
20230215_Arsenal_ManchesterCity,2023-02-15,2223,Manchester City,Arsenal,3,1,0,3,2.2,1.2,1.8,1.9,1.1,1.9,2.5454545454545454,1.0
20230218_NottinghamForest_ManchesterCity,2023-02-18,2223,Manchester City,Nottingham Forest,1,1,0,1,2.6,1.0,2.4,2.0,1.1,1.9,2.5652173913043477,1.0
20230225_Bournemouth_ManchesterCity,2023-02-25,2223,Manchester City,Bournemouth,4,1,0,3,2.0,0.8,2.0,2.0,1.0,2.0,2.5,1.0
20230304_ManchesterCity_NewcastleUnited,2023-03-04,2223,Manchester City,Newcastle United,2,0,1,3,2.2,1.0,2.0,2.1,1.0,2.0,2.56,1.0
20230311_CrystalPalace_ManchesterCity,2023-03-11,2223,Manchester City,Crystal Palace,1,0,0,3,2.6,0.8,2.6,2.2,0.9,2.2,2.5384615384615383,0.9615384615384616
20230401_ManchesterCity_Liverpool,2023-04-01,2223,Manchester City,Liverpool,4,1,1,3,2.2,0.6,2.6,2.2,0.9,2.2,2.4814814814814814,0.9259259259259259
20230408_Southampton_ManchesterCity,2023-04-08,2223,Manchester City,Southampton,4,1,0,3,2.4,0.6,2.6,2.5,0.8,2.5,2.5357142857142856,0.9285714285714286
20230415_ManchesterCity_LeicesterCity,2023-04-15,2223,Manchester City,Leicester City,3,1,1,3,3.0,0.6,3.0,2.5,0.7,2.5,2.586206896551724,0.9310344827586207
20230426_ManchesterCity_Arsenal,2023-04-26,2223,Manchester City,Arsenal,4,1,1,3,2.8,0.6,3.0,2.5,0.8,2.5,2.6,0.9333333333333333
20230430_Fulham_ManchesterCity,2023-04-30,2223,Manchester City,Fulham,2,1,0,3,3.2,0.8,3.0,2.9,0.8,2.8,2.6451612903225805,0.9354838709677419
20230503_ManchesterCity_WestHamUnited,2023-05-03,2223,Manchester City,West Ham United,3,0,1,3,3.4,1.0,3.0,2.8,0.8,2.8,2.625,0.9375
20230506_ManchesterCity_Leeds,2023-05-06,2223,Manchester City,Leeds,2,1,1,3,3.2,0.8,3.0,2.8,0.7,2.8,2.6363636363636362,0.9090909090909091
20230514_Everton_ManchesterCity,2023-05-14,2223,Manchester City,Everton,3,0,0,3,2.8,0.8,3.0,2.9,0.7,3.0,2.6176470588235294,0.9117647058823529
20230521_ManchesterCity_Chelsea,2023-05-21,2223,Manchester City,Chelsea,1,0,1,3,2.8,0.6,3.0,2.8,0.6,3.0,2.6285714285714286,0.8857142857142857
20230524_Brighton_ManchesterCity,2023-05-24,2223,Manchester City,Brighton,1,1,0,1,2.2,0.4,3.0,2.7,0.6,3.0,2.5833333333333335,0.8611111111111112
20230528_Brentford_ManchesterCity,2023-05-28,2223,Manchester City,Brentford,0,1,0,0,2.0,0.4,2.6,2.7,0.7,2.8,2.5405405405405403,0.8648648648648649
20230811_Burnley_ManchesterCity,2023-08-11,2324,Manchester City,Burnley,3,0,0,3,1.4,0.6,2.0,2.3,0.7,2.5,2.473684210526316,0.868421052631579
20230819_ManchesterCity_NewcastleUnited,2023-08-19,2324,Manchester City,Newcastle United,1,0,1,3,1.6,0.4,2.0,2.2,0.6,2.5,2.4871794871794872,0.8461538461538461
20230827_SheffieldUnited_ManchesterCity,2023-08-27,2324,Manchester City,Sheffield United,2,1,0,3,1.2,0.4,2.0,2.0,0.5,2.5,2.45,0.825
20230902_ManchesterCity_Fulham,2023-09-02,2324,Manchester City,Fulham,5,1,1,3,1.4,0.6,2.0,1.8,0.5,2.5,2.4390243902439024,0.8292682926829268
20230916_WestHamUnited_ManchesterCity,2023-09-16,2324,Manchester City,West Ham United,3,1,0,3,2.2,0.6,2.4,2.1,0.5,2.5,2.5,0.8333333333333334
20230923_ManchesterCity_NottinghamForest,2023-09-23,2324,Manchester City,Nottingham Forest,2,0,1,3,2.8,0.6,3.0,2.1,0.6,2.5,2.511627906976744,0.8372093023255814
20230930_WolverhamptonWanderers_ManchesterCity,2023-09-30,2324,Manchester City,Wolverhampton Wanderers,1,2,0,0,2.6,0.6,3.0,2.1,0.5,2.5,2.5,0.8181818181818182
20231008_Arsenal_ManchesterCity,2023-10-08,2324,Manchester City,Arsenal,0,1,0,0,2.6,1.0,2.4,1.9,0.7,2.2,2.466666666666667,0.8444444444444444
20231021_ManchesterCity_Brighton,2023-10-21,2324,Manchester City,Brighton,2,1,1,3,2.2,1.0,1.8,1.8,0.8,1.9,2.4130434782608696,0.8478260869565217
20231029_ManchesterUnited_ManchesterCity,2023-10-29,2324,Manchester City,Manchester United,3,0,0,3,1.6,1.0,1.8,1.9,0.8,2.1,2.404255319148936,0.851063829787234
20231104_ManchesterCity_Bournemouth,2023-11-04,2324,Manchester City,Bournemouth,6,1,1,3,1.6,0.8,1.8,2.2,0.7,2.4,2.4166666666666665,0.8333333333333334
20231112_Chelsea_ManchesterCity,2023-11-12,2324,Manchester City,Chelsea,4,4,0,1,2.4,1.0,1.8,2.5,0.8,2.4,2.489795918367347,0.8367346938775511
20231125_ManchesterCity_Liverpool,2023-11-25,2324,Manchester City,Liverpool,1,1,1,1,3.0,1.4,2.0,2.8,1.2,2.2,2.52,0.9
20231203_ManchesterCity_TottenhamHotspur,2023-12-03,2324,Manchester City,Tottenham Hotspur,3,3,1,1,3.2,1.4,2.2,2.7,1.2,2.0,2.4901960784313726,0.9019607843137255
20231206_AstonVilla_ManchesterCity,2023-12-06,2324,Manchester City,Aston Villa,0,1,0,0,3.4,1.8,1.8,2.5,1.4,1.8,2.5,0.9423076923076923
20231210_Luton_ManchesterCity,2023-12-10,2324,Manchester City,Luton,2,1,0,3,2.8,2.0,1.2,2.2,1.4,1.5,2.452830188679245,0.9433962264150944
20231216_ManchesterCity_CrystalPalace,2023-12-16,2324,Manchester City,Crystal Palace,2,2,1,1,2.0,2.0,1.2,2.2,1.5,1.5,2.4444444444444446,0.9444444444444444
20231227_Everton_ManchesterCity,2023-12-27,2324,Manchester City,Everton,3,1,0,3,1.6,1.6,1.2,2.3,1.5,1.6,2.4363636363636365,0.9636363636363636
20231230_ManchesterCity_SheffieldUnited,2023-12-30,2324,Manchester City,Sheffield United,2,0,1,3,2.0,1.6,1.6,2.6,1.5,1.9,2.4464285714285716,0.9642857142857143
20240113_NewcastleUnited_ManchesterCity,2024-01-13,2324,Manchester City,Newcastle United,3,2,0,3,1.8,1.0,2.0,2.6,1.4,1.9,2.43859649122807,0.9473684210526315
20240131_ManchesterCity_Burnley,2024-01-31,2324,Manchester City,Burnley,3,1,1,3,2.4,1.2,2.6,2.6,1.6,1.9,2.4482758620689653,0.9655172413793104
20240205_Brentford_ManchesterCity,2024-02-05,2324,Manchester City,Brentford,3,1,0,3,2.6,1.2,2.6,2.3,1.6,1.9,2.457627118644068,0.9661016949152542
20240210_ManchesterCity_Everton,2024-02-10,2324,Manchester City,Everton,2,0,1,3,2.8,1.0,3.0,2.2,1.3,2.1,2.466666666666667,0.9666666666666667
20240217_ManchesterCity_Chelsea,2024-02-17,2324,Manchester City,Chelsea,1,1,1,1,2.6,0.8,3.0,2.3,1.2,2.3,2.459016393442623,0.9508196721311475
20240220_ManchesterCity_Brentford,2024-02-20,2324,Manchester City,Brentford,1,0,1,3,2.4,1.0,2.6,2.1,1.0,2.3,2.435483870967742,0.9516129032258065
20240224_Bournemouth_ManchesterCity,2024-02-24,2324,Manchester City,Bournemouth,1,0,0,3,2.0,0.6,2.6,2.2,0.9,2.6,2.4126984126984126,0.9365079365079365
20240303_ManchesterCity_ManchesterUnited,2024-03-03,2324,Manchester City,Manchester United,3,1,1,3,1.6,0.4,2.6,2.1,0.8,2.6,2.390625,0.921875
20240310_Liverpool_ManchesterCity,2024-03-10,2324,Manchester City,Liverpool,1,1,0,1,1.6,0.4,2.6,2.2,0.7,2.8,2.4,0.9230769230769231
20240331_ManchesterCity_Arsenal,2024-03-31,2324,Manchester City,Arsenal,0,0,1,1,1.4,0.6,2.2,2.0,0.7,2.6,2.378787878787879,0.9242424242424242
20240403_ManchesterCity_AstonVilla,2024-04-03,2324,Manchester City,Aston Villa,4,1,1,3,1.2,0.4,2.2,1.8,0.7,2.4,2.343283582089552,0.9104477611940298
20240406_CrystalPalace_ManchesterCity,2024-04-06,2324,Manchester City,Crystal Palace,4,2,0,3,1.8,0.6,2.2,1.9,0.6,2.4,2.3676470588235294,0.9117647058823529
20240413_ManchesterCity_Luton,2024-04-13,2324,Manchester City,Luton,5,1,1,3,2.4,1.0,2.2,2.0,0.7,2.4,2.391304347826087,0.927536231884058
20240425_Brighton_ManchesterCity,2024-04-25,2324,Manchester City,Brighton,4,0,0,3,2.8,1.0,2.2,2.2,0.7,2.4,2.4285714285714284,0.9285714285714286
20240428_NottinghamForest_ManchesterCity,2024-04-28,2324,Manchester City,Nottingham Forest,2,0,0,3,3.4,0.8,2.6,2.4,0.7,2.4,2.4507042253521125,0.9154929577464789
20240504_ManchesterCity_WolverhamptonWanderers,2024-05-04,2324,Manchester City,Wolverhampton Wanderers,5,1,1,3,3.8,0.8,3.0,2.5,0.6,2.6,2.4444444444444446,0.9027777777777778
20240511_Fulham_ManchesterCity,2024-05-11,2324,Manchester City,Fulham,4,0,0,3,4.0,0.8,3.0,2.9,0.7,2.6,2.4794520547945207,0.9041095890410958
20240514_TottenhamHotspur_ManchesterCity,2024-05-14,2324,Manchester City,Tottenham Hotspur,2,0,0,3,4.0,0.4,3.0,3.2,0.7,2.6,2.5,0.8918918918918919
20240519_ManchesterCity_WestHamUnited,2024-05-19,2324,Manchester City,West Ham United,3,1,1,3,3.4,0.2,3.0,3.1,0.6,2.6,2.493333333333333,0.88
20240818_Chelsea_ManchesterCity,2024-08-18,2425,Manchester City,Chelsea,2,0,0,3,3.2,0.4,3.0,3.3,0.6,2.8,2.5,0.881578947368421
20240824_ManchesterCity_Ipswich,2024-08-24,2425,Manchester City,Ipswich,4,1,1,3,3.2,0.4,3.0,3.5,0.6,3.0,2.4935064935064934,0.8701298701298701
20240831_WestHamUnited_ManchesterCity,2024-08-31,2425,Manchester City,West Ham United,3,1,0,3,3.0,0.4,3.0,3.5,0.6,3.0,2.5128205128205128,0.8717948717948718
20240914_ManchesterCity_Brentford,2024-09-14,2425,Manchester City,Brentford,2,1,1,3,2.8,0.6,3.0,3.4,0.5,3.0,2.518987341772152,0.8734177215189873
20240922_ManchesterCity_Arsenal,2024-09-22,2425,Manchester City,Arsenal,2,2,1,1,2.8,0.8,3.0,3.1,0.5,3.0,2.5125,0.875
20240928_NewcastleUnited_ManchesterCity,2024-09-28,2425,Manchester City,Newcastle United,1,1,0,1,2.6,1.0,2.6,2.9,0.7,2.8,2.506172839506173,0.8888888888888888
20241005_ManchesterCity_Fulham,2024-10-05,2425,Manchester City,Fulham,3,2,1,3,2.4,1.2,2.2,2.8,0.8,2.6,2.4878048780487805,0.8902439024390244
20241020_WolverhamptonWanderers_ManchesterCity,2024-10-20,2425,Manchester City,Wolverhampton Wanderers,2,1,0,3,2.2,1.4,2.2,2.6,0.9,2.6,2.4939759036144578,0.9036144578313253
20241026_ManchesterCity_Southampton,2024-10-26,2425,Manchester City,Southampton,1,0,1,3,2.0,1.4,2.2,2.4,1.0,2.6,2.488095238095238,0.9047619047619048
20241102_Bournemouth_ManchesterCity,2024-11-02,2425,Manchester City,Bournemouth,1,2,0,0,1.8,1.2,2.2,2.3,1.0,2.6,2.4705882352941178,0.8941176470588236
20241109_Brighton_ManchesterCity,2024-11-09,2425,Manchester City,Brighton,1,2,0,0,1.6,1.2,2.0,2.1,1.1,2.3,2.453488372093023,0.9069767441860465
20241123_ManchesterCity_TottenhamHotspur,2024-11-23,2425,Manchester City,Tottenham Hotspur,0,4,1,0,1.6,1.4,1.8,2.0,1.3,2.0,2.4367816091954024,0.9195402298850575
20241201_Liverpool_ManchesterCity,2024-12-01,2425,Manchester City,Liverpool,0,2,0,0,1.0,1.8,1.2,1.6,1.6,1.7,2.409090909090909,0.9545454545454546
20241204_ManchesterCity_NottinghamForest,2024-12-04,2425,Manchester City,Nottingham Forest,3,0,1,3,0.6,2.0,0.6,1.3,1.7,1.4,2.3820224719101124,0.9662921348314607
20241207_CrystalPalace_ManchesterCity,2024-12-07,2425,Manchester City,Crystal Palace,2,2,0,1,1.0,2.0,0.6,1.4,1.6,1.4,2.388888888888889,0.9555555555555556
20241215_ManchesterCity_ManchesterUnited,2024-12-15,2425,Manchester City,Manchester United,1,2,1,0,1.2,2.0,0.8,1.4,1.6,1.4,2.3846153846153846,0.967032967032967
20241221_AstonVilla_ManchesterCity,2024-12-21,2425,Manchester City,Aston Villa,1,2,0,0,1.2,2.0,0.8,1.4,1.7,1.3,2.369565217391304,0.9782608695652174
20241226_ManchesterCity_Everton,2024-12-26,2425,Manchester City,Everton,1,1,1,1,1.4,1.6,0.8,1.2,1.7,1.0,2.3548387096774195,0.989247311827957
20241229_LeicesterCity_ManchesterCity,2024-12-29,2425,Manchester City,Leicester City,2,0,0,3,1.6,1.4,1.0,1.1,1.7,0.8,2.3404255319148937,0.9893617021276596
20250104_ManchesterCity_WestHamUnited,2025-01-04,2425,Manchester City,West Ham United,4,1,1,3,1.4,1.4,1.0,1.2,1.7,0.8,2.336842105263158,0.9789473684210527
20250114_Brentford_ManchesterCity,2025-01-14,2425,Manchester City,Brentford,2,2,0,1,1.8,1.2,1.4,1.5,1.6,1.1,2.3541666666666665,0.9791666666666666
20250119_Ipswich_ManchesterCity,2025-01-19,2425,Manchester City,Ipswich,6,0,0,3,2.0,1.2,1.6,1.6,1.6,1.2,2.350515463917526,0.9896907216494846
20250125_ManchesterCity_Chelsea,2025-01-25,2425,Manchester City,Chelsea,3,1,1,3,3.0,0.8,2.2,2.2,1.2,1.5,2.3877551020408165,0.9795918367346939
20250202_Arsenal_ManchesterCity,2025-02-02,2425,Manchester City,Arsenal,1,5,0,0,3.4,0.8,2.6,2.5,1.1,1.8,2.393939393939394,0.9797979797979798
20250215_ManchesterCity_NewcastleUnited,2025-02-15,2425,Manchester City,Newcastle United,4,0,1,3,3.2,1.8,2.0,2.3,1.6,1.5,2.38,1.02
20250223_ManchesterCity_Liverpool,2025-02-23,2425,Manchester City,Liverpool,0,2,1,0,3.2,1.6,2.0,2.5,1.4,1.7,2.396039603960396,1.00990099009901
20250226_TottenhamHotspur_ManchesterCity,2025-02-26,2425,Manchester City,Tottenham Hotspur,1,0,0,3,2.8,1.6,1.8,2.4,1.4,1.7,2.372549019607843,1.0196078431372548
20250308_NottinghamForest_ManchesterCity,2025-03-08,2425,Manchester City,Nottingham Forest,0,1,0,0,1.8,1.6,1.8,2.4,1.2,2.0,2.3592233009708736,1.0097087378640777
20250315_ManchesterCity_Brighton,2025-03-15,2425,Manchester City,Brighton,2,2,1,1,1.2,1.6,1.2,2.3,1.2,1.9,2.3365384615384617,1.0096153846153846
20250402_ManchesterCity_LeicesterCity,2025-04-02,2425,Manchester City,Leicester City,2,0,1,3,1.4,1.0,1.4,2.3,1.4,1.7,2.3333333333333335,1.019047619047619
20250406_ManchesterUnited_ManchesterCity,2025-04-06,2425,Manchester City,Manchester United,0,0,0,1,1.0,1.0,1.4,2.1,1.3,1.7,2.330188679245283,1.009433962264151
20250412_ManchesterCity_CrystalPalace,2025-04-12,2425,Manchester City,Crystal Palace,5,2,1,3,1.0,0.6,1.6,1.9,1.1,1.7,2.308411214953271,1.0
20250419_Everton_ManchesterCity,2025-04-19,2425,Manchester City,Everton,2,0,0,3,1.8,1.0,1.6,1.8,1.3,1.7,2.3333333333333335,1.0092592592592593
20250422_ManchesterCity_AstonVilla,2025-04-22,2425,Manchester City,Aston Villa,2,1,1,3,2.2,0.8,2.2,1.7,1.2,1.7,2.330275229357798,1.0
20250502_ManchesterCity_WolverhamptonWanderers,2025-05-02,2425,Manchester City,Wolverhampton Wanderers,1,0,1,3,2.2,0.6,2.6,1.8,0.8,2.0,2.327272727272727,1.0
20250510_Southampton_ManchesterCity,2025-05-10,2425,Manchester City,Southampton,0,0,0,1,2.0,0.6,2.6,1.5,0.8,2.0,2.315315315315315,0.990990990990991
20250520_ManchesterCity_Bournemouth,2025-05-20,2425,Manchester City,Bournemouth,3,1,1,3,2.0,0.6,2.6,1.5,0.6,2.1,2.294642857142857,0.9821428571428571
20250525_Fulham_ManchesterCity,2025-05-25,2425,Manchester City,Fulham,2,0,0,3,1.6,0.4,2.6,1.7,0.7,2.1,2.3008849557522124,0.9823008849557522
20250816_WolverhamptonWanderers_ManchesterCity,2025-08-16,2526,Manchester City,Wolverhampton Wanderers,4,0,0,3,1.6,0.4,2.6,1.9,0.6,2.4,2.2982456140350878,0.9736842105263158
20250823_ManchesterCity_TottenhamHotspur,2025-08-23,2526,Manchester City,Tottenham Hotspur,0,2,1,0,2.0,0.2,2.6,2.1,0.4,2.6,2.3130434782608695,0.9652173913043478
20250831_Brighton_ManchesterCity,2025-08-31,2526,Manchester City,Brighton,1,2,0,0,1.8,0.6,2.0,1.9,0.6,2.3,2.293103448275862,0.9741379310344828
20250914_ManchesterCity_ManchesterUnited,2025-09-14,2526,Manchester City,Manchester United,3,0,1,3,2.0,1.0,1.8,2.0,0.8,2.2,2.282051282051282,0.9829059829059829
20250921_Arsenal_ManchesterCity,2025-09-21,2526,Manchester City,Arsenal,1,1,0,1,2.0,0.8,1.8,1.8,0.6,2.2,2.288135593220339,0.9745762711864406
20250927_ManchesterCity_Burnley,2025-09-27,2526,Manchester City,Burnley,5,1,1,3,1.8,1.0,1.4,1.7,0.7,2.0,2.277310924369748,0.9747899159663865
20251005_Brentford_ManchesterCity,2025-10-05,2526,Manchester City,Brentford,1,0,0,3,2.0,1.2,1.4,2.0,0.7,2.0,2.3,0.975
20251018_ManchesterCity_Everton,2025-10-18,2526,Manchester City,Everton,2,0,1,3,2.2,0.8,2.0,2.0,0.7,2.0,2.2892561983471076,0.9669421487603306
20251026_AstonVilla_ManchesterCity,2025-10-26,2526,Manchester City,Aston Villa,0,1,0,0,2.4,0.4,2.6,2.2,0.7,2.2,2.2868852459016393,0.9590163934426229
20251102_ManchesterCity_Bournemouth,2025-11-02,2526,Manchester City,Bournemouth,3,1,1,3,1.8,0.6,2.0,1.9,0.7,1.9,2.268292682926829,0.959349593495935
20251109_ManchesterCity_Liverpool,2025-11-09,2526,Manchester City,Liverpool,3,0,1,3,2.2,0.6,2.4,2.0,0.8,1.9,2.274193548387097,0.9596774193548387
20251122_NewcastleUnited_ManchesterCity,2025-11-22,2526,Manchester City,Newcastle United,1,2,0,0,1.8,0.4,2.4,1.9,0.8,1.9,2.28,0.952
20251129_ManchesterCity_Leeds,2025-11-29,2526,Manchester City,Leeds,3,2,1,3,1.8,0.8,1.8,2.0,0.8,1.9,2.2698412698412698,0.9603174603174603
20251202_Fulham_ManchesterCity,2025-12-02,2526,Manchester City,Fulham,5,4,0,3,2.0,1.2,1.8,2.2,0.8,2.2,2.2755905511811023,0.968503937007874
20251206_ManchesterCity_Sunderland,2025-12-06,2526,Manchester City,Sunderland,3,0,1,3,3.0,1.8,2.4,2.4,1.2,2.2,2.296875,0.9921875
20251214_CrystalPalace_ManchesterCity,2025-12-14,2526,Manchester City,Crystal Palace,3,0,0,3,3.0,1.6,2.4,2.6,1.1,2.4,2.302325581395349,0.9844961240310077
20251220_ManchesterCity_WestHamUnited,2025-12-20,2526,Manchester City,West Ham United,3,0,1,3,3.0,1.6,2.4,2.4,1.0,2.4,2.3076923076923075,0.9769230769230769
20251227_NottinghamForest_ManchesterCity,2025-12-27,2526,Manchester City,Nottingham Forest,2,1,0,3,3.4,1.2,3.0,2.6,1.0,2.4,2.312977099236641,0.9694656488549618
20260101_Sunderland_ManchesterCity,2026-01-01,2526,Manchester City,Sunderland,0,0,0,1,3.2,1.0,3.0,2.6,1.1,2.4,2.3106060606060606,0.9696969696969697
20260104_ManchesterCity_Chelsea,2026-01-04,2526,Manchester City,Chelsea,1,1,1,1,2.2,0.2,2.6,2.6,1.0,2.5,2.293233082706767,0.9624060150375939
20260107_ManchesterCity_Brighton,2026-01-07,2526,Manchester City,Brighton,1,1,1,1,1.8,0.4,2.2,2.4,1.0,2.3,2.283582089552239,0.9626865671641791
20260117_ManchesterUnited_ManchesterCity,2026-01-17,2526,Manchester City,Manchester United,0,2,0,0,1.4,0.6,1.8,2.2,1.1,2.1,2.274074074074074,0.9629629629629629
20260124_ManchesterCity_WolverhamptonWanderers,2026-01-24,2526,Manchester City,Wolverhampton Wanderers,2,0,1,3,0.8,1.0,1.2,2.1,1.1,2.1,2.2573529411764706,0.9705882352941176
20260201_TottenhamHotspur_ManchesterCity,2026-02-01,2526,Manchester City,Tottenham Hotspur,2,2,0,1,0.8,0.8,1.2,2.0,0.9,2.1,2.2554744525547443,0.9635036496350365
20260208_Liverpool_ManchesterCity,2026-02-08,2526,Manchester City,Liverpool,2,1,0,3,1.2,1.2,1.2,1.7,0.7,1.9,2.253623188405797,0.9710144927536232
20260211_ManchesterCity_Fulham,2026-02-11,2526,Manchester City,Fulham,3,0,1,3,1.4,1.2,1.6,1.6,0.8,1.9,2.2517985611510793,0.9712230215827338
20260221_ManchesterCity_NewcastleUnited,2026-02-21,2526,Manchester City,Newcastle United,2,1,1,3,1.8,1.0,2.0,1.6,0.8,1.9,2.257142857142857,0.9642857142857143
20260228_Leeds_ManchesterCity,2026-02-28,2526,Manchester City,Leeds,1,0,0,3,2.2,0.8,2.6,1.5,0.9,1.9,2.25531914893617,0.9645390070921985
20260304_ManchesterCity_NottinghamForest,2026-03-04,2526,Manchester City,Nottingham Forest,2,2,1,1,2.0,0.8,2.6,1.4,0.8,1.9,2.2464788732394365,0.9577464788732394
20260314_WestHamUnited_ManchesterCity,2026-03-14,2526,Manchester City,West Ham United,1,1,0,1,2.0,0.8,2.6,1.6,1.0,1.9,2.2447552447552446,0.965034965034965
20260412_Chelsea_ManchesterCity,2026-04-12,2526,Manchester City,Chelsea,3,0,0,3,1.8,0.8,2.2,1.6,1.0,1.9,2.236111111111111,0.9652777777777778
20260419_ManchesterCity_Arsenal,2026-04-19,2526,Manchester City,Arsenal,2,1,1,3,1.8,0.8,2.2,1.8,0.9,2.1,2.2413793103448274,0.9586206896551724
20260422_Burnley_ManchesterCity,2026-04-22,2526,Manchester City,Burnley,1,0,0,3,1.8,0.8,2.2,2.0,0.8,2.4,2.23972602739726,0.958904109589041
20260504_Everton_ManchesterCity,2026-05-04,2526,Manchester City,Everton,3,3,0,1,1.8,0.8,2.2,1.9,0.8,2.4,2.2312925170068025,0.9523809523809523
20260509_ManchesterCity_Brentford,2026-05-09,2526,Manchester City,Brentford,3,0,1,3,2.0,1.0,2.2,2.0,0.9,2.4,2.2364864864864864,0.9662162162162162
20260513_ManchesterCity_CrystalPalace,2026-05-13,2526,Manchester City,Crystal Palace,3,0,1,3,2.4,0.8,2.6,2.1,0.8,2.4,2.2416107382550337,0.959731543624161
20260519_Bournemouth_ManchesterCity,2026-05-19,2526,Manchester City,Bournemouth,1,1,0,1,2.4,0.8,2.6,2.1,0.8,2.4,2.2466666666666666,0.9533333333333334
20260524_ManchesterCity_AstonVilla,2026-05-24,2526,Manchester City,Aston Villa,1,2,1,0,2.2,0.8,2.2,2.0,0.8,2.2,2.23841059602649,0.9536423841059603
20220807_ManchesterUnited_Brighton,2022-08-07,2223,Manchester United,Brighton,1,2,1,0,,,,,,,,
20220813_Brentford_ManchesterUnited,2022-08-13,2223,Manchester United,Brentford,0,4,0,0,,,,,,,,
20220822_ManchesterUnited_Liverpool,2022-08-22,2223,Manchester United,Liverpool,2,1,1,3,,,,,,,,
20220827_Southampton_ManchesterUnited,2022-08-27,2223,Manchester United,Southampton,1,0,0,3,1.0,2.3333333333333335,1.0,1.0,2.3333333333333335,1.0,1.0,2.3333333333333335
20220901_LeicesterCity_ManchesterUnited,2022-09-01,2223,Manchester United,Leicester City,1,0,0,3,1.0,1.75,1.5,1.0,1.75,1.5,1.0,1.75
20220904_ManchesterUnited_Arsenal,2022-09-04,2223,Manchester United,Arsenal,3,1,1,3,1.0,1.4,1.8,1.0,1.4,1.8,1.0,1.4
20221002_ManchesterCity_ManchesterUnited,2022-10-02,2223,Manchester United,Manchester City,3,6,0,0,1.4,1.2,2.4,1.3333333333333333,1.3333333333333333,2.0,1.3333333333333333,1.3333333333333333
20221009_Everton_ManchesterUnited,2022-10-09,2223,Manchester United,Everton,2,1,0,3,2.0,1.6,2.4,1.5714285714285714,2.0,1.7142857142857142,1.5714285714285714,2.0
20221016_ManchesterUnited_NewcastleUnited,2022-10-16,2223,Manchester United,Newcastle United,0,0,1,1,2.0,1.6,2.4,1.625,1.875,1.875,1.625,1.875
20221019_ManchesterUnited_TottenhamHotspur,2022-10-19,2223,Manchester United,Tottenham Hotspur,2,0,1,3,1.8,1.6,2.0,1.4444444444444444,1.6666666666666667,1.7777777777777777,1.4444444444444444,1.6666666666666667
20221022_Chelsea_ManchesterUnited,2022-10-22,2223,Manchester United,Chelsea,1,1,0,1,2.0,1.6,2.0,1.5,1.5,1.9,1.5,1.5
20221030_ManchesterUnited_WestHamUnited,2022-10-30,2223,Manchester United,West Ham United,1,0,1,3,1.6,1.6,1.6,1.5,1.4,2.0,1.4545454545454546,1.4545454545454546
20221106_AstonVilla_ManchesterUnited,2022-11-06,2223,Manchester United,Aston Villa,1,3,0,0,1.2,0.4,2.2,1.6,1.0,2.3,1.4166666666666667,1.3333333333333333
20221113_Fulham_ManchesterUnited,2022-11-13,2223,Manchester United,Fulham,2,1,0,3,1.0,0.8,1.6,1.5,1.2,2.0,1.3846153846153846,1.4615384615384615
20221227_ManchesterUnited_NottinghamForest,2022-12-27,2223,Manchester United,Nottingham Forest,3,0,1,3,1.4,1.0,2.0,1.6,1.3,2.0,1.4285714285714286,1.4285714285714286
20221231_WolverhamptonWanderers_ManchesterUnited,2022-12-31,2223,Manchester United,Wolverhampton Wanderers,1,0,0,3,1.6,1.0,2.0,1.8,1.3,2.0,1.5333333333333334,1.3333333333333333
20230103_ManchesterUnited_Bournemouth,2023-01-03,2223,Manchester United,Bournemouth,3,0,1,3,1.6,0.8,2.4,1.6,1.2,2.0,1.5,1.25
20230114_ManchesterUnited_ManchesterCity,2023-01-14,2223,Manchester United,Manchester City,2,1,1,3,2.0,0.8,2.4,1.6,0.6,2.3,1.588235294117647,1.1764705882352942
20230118_CrystalPalace_ManchesterUnited,2023-01-18,2223,Manchester United,Crystal Palace,1,1,0,1,2.2,0.4,3.0,1.6,0.6,2.3,1.6111111111111112,1.1666666666666667
20230122_Arsenal_ManchesterUnited,2023-01-22,2223,Manchester United,Arsenal,2,3,0,0,2.0,0.4,2.6,1.7,0.7,2.3,1.5789473684210527,1.1578947368421053
20230204_ManchesterUnited_CrystalPalace,2023-02-04,2223,Manchester United,Crystal Palace,2,1,1,3,1.8,1.0,2.0,1.7,1.0,2.0,1.6,1.25
20230208_ManchesterUnited_Leeds,2023-02-08,2223,Manchester United,Leeds,2,2,1,1,2.0,1.2,2.0,1.8,1.0,2.2,1.619047619047619,1.2380952380952381
20230212_Leeds_ManchesterUnited,2023-02-12,2223,Manchester United,Leeds,2,0,0,3,1.8,1.6,1.6,1.9,1.2,2.0,1.6363636363636365,1.2727272727272727
20230219_ManchesterUnited_LeicesterCity,2023-02-19,2223,Manchester United,Leicester City,3,0,1,3,1.8,1.4,1.6,2.0,0.9,2.3,1.6521739130434783,1.2173913043478262
20230305_Liverpool_ManchesterUnited,2023-03-05,2223,Manchester United,Liverpool,0,7,0,0,2.2,1.2,2.0,2.1,0.8,2.3,1.7083333333333333,1.1666666666666667
20230312_ManchesterUnited_Southampton,2023-03-12,2223,Manchester United,Southampton,0,0,1,1,1.8,2.0,2.0,1.8,1.5,2.0,1.64,1.4
20230402_NewcastleUnited_ManchesterUnited,2023-04-02,2223,Manchester United,Newcastle United,0,2,0,0,1.4,1.8,1.6,1.7,1.5,1.8,1.5769230769230769,1.3461538461538463
20230405_ManchesterUnited_Brentford,2023-04-05,2223,Manchester United,Brentford,1,0,1,3,1.0,1.8,1.4,1.4,1.7,1.5,1.5185185185185186,1.3703703703703705
20230408_ManchesterUnited_Everton,2023-04-08,2223,Manchester United,Everton,2,0,1,3,0.8,1.8,1.4,1.3,1.6,1.5,1.5,1.3214285714285714
20230416_NottinghamForest_ManchesterUnited,2023-04-16,2223,Manchester United,Nottingham Forest,2,0,0,3,0.6,1.8,1.4,1.4,1.5,1.7,1.5172413793103448,1.2758620689655173
20230427_TottenhamHotspur_ManchesterUnited,2023-04-27,2223,Manchester United,Tottenham Hotspur,2,2,0,1,1.0,0.4,2.0,1.4,1.2,2.0,1.5333333333333334,1.2333333333333334
20230430_ManchesterUnited_AstonVilla,2023-04-30,2223,Manchester United,Aston Villa,1,0,1,3,1.4,0.8,2.0,1.4,1.3,1.8,1.5483870967741935,1.2580645161290323
20230504_Brighton_ManchesterUnited,2023-05-04,2223,Manchester United,Brighton,0,1,0,0,1.6,0.4,2.6,1.3,1.1,2.0,1.53125,1.21875
20230507_WestHamUnited_ManchesterUnited,2023-05-07,2223,Manchester United,West Ham United,0,1,0,0,1.4,0.6,2.0,1.1,1.2,1.7,1.4848484848484849,1.2121212121212122
20230513_ManchesterUnited_WolverhamptonWanderers,2023-05-13,2223,Manchester United,Wolverhampton Wanderers,2,0,1,3,1.0,0.8,1.4,0.8,1.3,1.4,1.4411764705882353,1.2058823529411764
20230520_Bournemouth_ManchesterUnited,2023-05-20,2223,Manchester United,Bournemouth,1,0,0,3,1.0,0.8,1.4,1.0,0.6,1.7,1.457142857142857,1.1714285714285715
20230525_ManchesterUnited_Chelsea,2023-05-25,2223,Manchester United,Chelsea,4,1,1,3,0.8,0.4,1.8,1.1,0.6,1.9,1.4444444444444444,1.1388888888888888
20230528_ManchesterUnited_Fulham,2023-05-28,2223,Manchester United,Fulham,2,1,1,3,1.4,0.6,1.8,1.5,0.5,2.2,1.5135135135135136,1.135135135135135
20230814_ManchesterUnited_WolverhamptonWanderers,2023-08-14,2324,Manchester United,Wolverhampton Wanderers,1,0,1,3,1.8,0.6,2.4,1.6,0.6,2.2,1.5263157894736843,1.131578947368421
20230819_TottenhamHotspur_ManchesterUnited,2023-08-19,2324,Manchester United,Tottenham Hotspur,0,2,0,0,2.0,0.4,3.0,1.5,0.6,2.2,1.5128205128205128,1.1025641025641026
20230826_ManchesterUnited_NottinghamForest,2023-08-26,2324,Manchester United,Nottingham Forest,3,2,1,3,1.6,0.8,2.4,1.3,0.8,1.9,1.475,1.125
20230903_Arsenal_ManchesterUnited,2023-09-03,2324,Manchester United,Arsenal,1,3,0,0,2.0,1.2,2.4,1.4,0.8,2.1,1.5121951219512195,1.146341463414634
20230916_ManchesterUnited_Brighton,2023-09-16,2324,Manchester United,Brighton,1,3,1,0,1.4,1.6,1.8,1.4,1.1,1.8,1.5,1.1904761904761905
20230923_Burnley_ManchesterUnited,2023-09-23,2324,Manchester United,Burnley,1,0,0,3,1.2,2.0,1.2,1.5,1.3,1.8,1.4883720930232558,1.2325581395348837
20230930_ManchesterUnited_CrystalPalace,2023-09-30,2324,Manchester United,Crystal Palace,0,1,1,0,1.2,2.0,1.2,1.6,1.2,2.1,1.4772727272727273,1.2045454545454546
20231007_ManchesterUnited_Brentford,2023-10-07,2324,Manchester United,Brentford,2,1,1,3,1.2,1.8,1.2,1.4,1.3,1.8,1.4444444444444444,1.2
20231021_SheffieldUnited_ManchesterUnited,2023-10-21,2324,Manchester United,Sheffield United,2,1,0,3,1.0,1.6,1.2,1.5,1.4,1.8,1.4565217391304348,1.1956521739130435
20231029_ManchesterUnited_ManchesterCity,2023-10-29,2324,Manchester United,Manchester City,0,3,1,0,1.2,1.2,1.8,1.3,1.4,1.8,1.4680851063829787,1.1914893617021276
20231104_Fulham_ManchesterUnited,2023-11-04,2324,Manchester United,Fulham,1,0,0,3,1.0,1.2,1.8,1.1,1.6,1.5,1.4375,1.2291666666666667
20231111_ManchesterUnited_Luton,2023-11-11,2324,Manchester United,Luton,1,0,1,3,1.0,1.2,1.8,1.1,1.6,1.5,1.4285714285714286,1.2040816326530612
20231126_Everton_ManchesterUnited,2023-11-26,2324,Manchester United,Everton,3,0,0,3,1.2,1.0,2.4,1.2,1.4,1.8,1.42,1.18
20231202_NewcastleUnited_ManchesterUnited,2023-12-02,2324,Manchester United,Newcastle United,0,1,0,0,1.4,0.8,2.4,1.2,1.2,1.8,1.4509803921568627,1.1568627450980393
20231206_ManchesterUnited_Chelsea,2023-12-06,2324,Manchester United,Chelsea,2,1,1,3,1.0,0.8,1.8,1.1,1.0,1.8,1.4230769230769231,1.1538461538461537
20231209_ManchesterUnited_Bournemouth,2023-12-09,2324,Manchester United,Bournemouth,0,3,1,0,1.4,0.4,2.4,1.2,0.8,2.1,1.4339622641509433,1.150943396226415
20231217_Liverpool_ManchesterUnited,2023-12-17,2324,Manchester United,Liverpool,0,0,0,1,1.2,1.0,1.8,1.1,1.1,1.8,1.4074074074074074,1.1851851851851851
20231223_WestHamUnited_ManchesterUnited,2023-12-23,2324,Manchester United,West Ham United,0,2,0,0,1.0,1.0,1.4,1.1,1.0,1.9,1.3818181818181818,1.1636363636363636
20231226_ManchesterUnited_AstonVilla,2023-12-26,2324,Manchester United,Aston Villa,3,2,1,3,0.4,1.4,0.8,0.9,1.1,1.6,1.3571428571428572,1.1785714285714286
20231230_NottinghamForest_ManchesterUnited,2023-12-30,2324,Manchester United,Nottingham Forest,1,2,0,0,1.0,1.6,1.4,1.0,1.2,1.6,1.3859649122807018,1.1929824561403508
20240114_ManchesterUnited_TottenhamHotspur,2024-01-14,2324,Manchester United,Tottenham Hotspur,2,2,1,1,0.8,1.8,0.8,1.1,1.1,1.6,1.3793103448275863,1.206896551724138
20240201_WolverhamptonWanderers_ManchesterUnited,2024-02-01,2324,Manchester United,Wolverhampton Wanderers,4,3,0,3,1.2,1.6,1.0,1.2,1.3,1.4,1.3898305084745763,1.2203389830508475
20240204_ManchesterUnited_WestHamUnited,2024-02-04,2324,Manchester United,West Ham United,3,0,1,3,2.0,2.2,1.4,1.5,1.6,1.4,1.4333333333333333,1.25
20240211_AstonVilla_ManchesterUnited,2024-02-11,2324,Manchester United,Aston Villa,2,1,0,3,2.6,1.8,2.0,1.5,1.6,1.4,1.459016393442623,1.2295081967213115
20240218_Luton_ManchesterUnited,2024-02-18,2324,Manchester United,Luton,2,1,0,3,2.4,1.6,2.0,1.7,1.6,1.7,1.467741935483871,1.2258064516129032
20240224_ManchesterUnited_Fulham,2024-02-24,2324,Manchester United,Fulham,1,2,1,0,2.6,1.4,2.6,1.7,1.6,1.7,1.4761904761904763,1.2222222222222223
20240303_ManchesterCity_ManchesterUnited,2024-03-03,2324,Manchester United,Manchester City,1,3,0,0,2.4,1.4,2.4,1.8,1.5,1.7,1.46875,1.234375
20240309_ManchesterUnited_Everton,2024-03-09,2324,Manchester United,Everton,2,0,1,3,1.8,1.4,1.8,1.9,1.8,1.6,1.4615384615384615,1.2615384615384615
20240330_Brentford_ManchesterUnited,2024-03-30,2324,Manchester United,Brentford,1,1,0,1,1.6,1.4,1.8,2.1,1.6,1.9,1.4696969696969697,1.2424242424242424
20240404_Chelsea_ManchesterUnited,2024-04-04,2324,Manchester United,Chelsea,3,4,0,0,1.4,1.4,1.4,1.9,1.5,1.7,1.462686567164179,1.2388059701492538
20240407_ManchesterUnited_Liverpool,2024-04-07,2324,Manchester United,Liverpool,2,2,1,1,1.6,2.0,0.8,2.1,1.7,1.7,1.4852941176470589,1.2794117647058822
20240413_Bournemouth_ManchesterUnited,2024-04-13,2324,Manchester United,Bournemouth,2,2,0,1,1.8,2.0,1.0,2.1,1.7,1.7,1.4927536231884058,1.289855072463768
20240424_ManchesterUnited_SheffieldUnited,2024-04-24,2324,Manchester United,Sheffield United,4,2,1,3,2.0,1.8,1.2,1.9,1.6,1.5,1.5,1.3
20240427_ManchesterUnited_Burnley,2024-04-27,2324,Manchester United,Burnley,1,1,1,1,2.4,2.2,1.2,2.0,1.8,1.5,1.5352112676056338,1.3098591549295775
20240506_CrystalPalace_ManchesterUnited,2024-05-06,2324,Manchester United,Crystal Palace,0,4,0,0,2.4,2.2,1.2,1.9,1.8,1.3,1.5277777777777777,1.3055555555555556
20240512_ManchesterUnited_Arsenal,2024-05-12,2324,Manchester United,Arsenal,0,1,1,0,1.8,2.2,1.2,1.7,2.1,1.0,1.5068493150684932,1.3424657534246576
20240515_ManchesterUnited_NewcastleUnited,2024-05-15,2324,Manchester United,Newcastle United,3,2,1,3,1.4,2.0,1.0,1.6,2.0,1.0,1.4864864864864864,1.337837837837838
20240519_Brighton_ManchesterUnited,2024-05-19,2324,Manchester United,Brighton,2,0,0,3,1.6,2.0,1.4,1.8,1.9,1.3,1.5066666666666666,1.3466666666666667
20240816_ManchesterUnited_Fulham,2024-08-16,2425,Manchester United,Fulham,1,0,1,3,1.2,1.6,1.4,1.8,1.9,1.3,1.513157894736842,1.3289473684210527
20240824_Brighton_ManchesterUnited,2024-08-24,2425,Manchester United,Brighton,1,2,0,0,1.2,1.4,1.8,1.8,1.8,1.5,1.5064935064935066,1.3116883116883118
20240901_ManchesterUnited_Liverpool,2024-09-01,2425,Manchester United,Liverpool,0,3,1,0,1.4,1.0,1.8,1.6,1.6,1.5,1.5,1.3205128205128205
20240914_Southampton_ManchesterUnited,2024-09-14,2425,Manchester United,Southampton,3,0,0,3,1.4,1.4,1.8,1.4,1.7,1.4,1.481012658227848,1.3417721518987342
20240921_CrystalPalace_ManchesterUnited,2024-09-21,2425,Manchester United,Crystal Palace,0,0,0,1,1.4,1.0,1.8,1.5,1.5,1.6,1.5,1.325
20240929_ManchesterUnited_TottenhamHotspur,2024-09-29,2425,Manchester United,Tottenham Hotspur,0,3,1,0,1.0,1.0,1.4,1.1,1.3,1.4,1.4814814814814814,1.308641975308642
20241006_AstonVilla_ManchesterUnited,2024-10-06,2425,Manchester United,Aston Villa,0,0,0,1,0.8,1.6,0.8,1.0,1.5,1.3,1.4634146341463414,1.329268292682927
20241019_ManchesterUnited_Brentford,2024-10-19,2425,Manchester United,Brentford,2,1,1,3,0.6,1.2,1.0,1.0,1.1,1.4,1.4457831325301205,1.3132530120481927
20241027_WestHamUnited_ManchesterUnited,2024-10-27,2425,Manchester United,West Ham United,1,2,0,0,1.0,0.8,1.6,1.2,1.1,1.7,1.4523809523809523,1.3095238095238095
20241103_ManchesterUnited_Chelsea,2024-11-03,2425,Manchester United,Chelsea,1,1,1,1,0.6,1.2,1.0,1.0,1.1,1.4,1.4470588235294117,1.3176470588235294
20241110_ManchesterUnited_LeicesterCity,2024-11-10,2425,Manchester United,Leicester City,3,0,1,3,0.8,1.4,1.0,0.9,1.2,1.2,1.441860465116279,1.313953488372093
20241124_Ipswich_ManchesterUnited,2024-11-24,2425,Manchester United,Ipswich,1,1,0,1,1.4,0.8,1.6,1.1,1.2,1.2,1.4597701149425288,1.2988505747126438
20241201_ManchesterUnited_Everton,2024-12-01,2425,Manchester United,Everton,4,0,1,3,1.6,1.0,1.6,1.1,1.1,1.3,1.4545454545454546,1.2954545454545454
20241204_Arsenal_ManchesterUnited,2024-12-04,2425,Manchester United,Arsenal,0,2,0,0,2.0,0.8,1.6,1.5,0.8,1.6,1.4831460674157304,1.2808988764044944
20241207_ManchesterUnited_NottinghamForest,2024-12-07,2425,Manchester United,Nottingham Forest,2,3,1,0,1.8,0.8,1.6,1.2,1.0,1.3,1.4666666666666666,1.288888888888889
20241215_ManchesterCity_ManchesterUnited,2024-12-15,2425,Manchester United,Manchester City,2,1,0,3,2.0,1.2,1.4,1.4,1.3,1.2,1.4725274725274726,1.3076923076923077
20241222_ManchesterUnited_Bournemouth,2024-12-22,2425,Manchester United,Bournemouth,0,3,1,0,1.8,1.4,1.4,1.6,1.1,1.5,1.4782608695652173,1.3043478260869565
20241226_WolverhamptonWanderers_ManchesterUnited,2024-12-26,2425,Manchester United,Wolverhampton Wanderers,0,2,0,0,1.6,1.8,1.2,1.6,1.4,1.4,1.4623655913978495,1.3225806451612903
20241230_ManchesterUnited_NewcastleUnited,2024-12-30,2425,Manchester United,Newcastle United,0,2,1,0,0.8,2.2,0.6,1.4,1.5,1.1,1.446808510638298,1.3297872340425532
20250105_Liverpool_ManchesterUnited,2025-01-05,2425,Manchester United,Liverpool,2,2,0,1,0.8,2.2,0.6,1.3,1.5,1.1,1.431578947368421,1.3368421052631578
20250116_ManchesterUnited_Southampton,2025-01-16,2425,Manchester United,Southampton,3,1,1,3,0.8,2.0,0.8,1.4,1.6,1.1,1.4375,1.34375
20250119_ManchesterUnited_Brighton,2025-01-19,2425,Manchester United,Brighton,1,3,1,0,1.0,2.0,0.8,1.4,1.7,1.1,1.4536082474226804,1.3402061855670102
20250126_Fulham_ManchesterUnited,2025-01-26,2425,Manchester United,Fulham,1,0,0,3,1.2,2.0,0.8,1.4,1.9,1.0,1.4489795918367347,1.3571428571428572
20250202_ManchesterUnited_CrystalPalace,2025-02-02,2425,Manchester United,Crystal Palace,0,2,1,0,1.4,1.6,1.4,1.1,1.9,1.0,1.4444444444444444,1.3434343434343434
20250216_TottenhamHotspur_ManchesterUnited,2025-02-16,2425,Manchester United,Tottenham Hotspur,0,1,0,0,1.4,1.6,1.4,1.1,1.9,1.0,1.43,1.35
20250222_Everton_ManchesterUnited,2025-02-22,2425,Manchester United,Everton,2,2,0,1,1.0,1.4,1.2,0.9,1.7,1.0,1.4158415841584158,1.3465346534653466
20250226_ManchesterUnited_Ipswich,2025-02-26,2425,Manchester United,Ipswich,3,2,1,3,0.8,1.6,0.8,0.9,1.8,0.8,1.4215686274509804,1.3529411764705883
20250309_ManchesterUnited_Arsenal,2025-03-09,2425,Manchester United,Arsenal,1,1,1,1,1.2,1.4,1.4,1.2,1.7,1.1,1.4368932038834952,1.3592233009708738
20250316_LeicesterCity_ManchesterUnited,2025-03-16,2425,Manchester United,Leicester City,3,0,0,3,1.2,1.6,1.0,1.3,1.6,1.2,1.4326923076923077,1.3557692307692308
20250401_NottinghamForest_ManchesterUnited,2025-04-01,2425,Manchester United,Nottingham Forest,0,1,0,0,1.8,1.2,1.6,1.6,1.4,1.5,1.4476190476190476,1.3428571428571427
20250406_ManchesterUnited_ManchesterCity,2025-04-06,2425,Manchester United,Manchester City,0,0,1,1,1.8,1.2,1.6,1.4,1.3,1.4,1.4339622641509433,1.3396226415094339
20250413_NewcastleUnited_ManchesterUnited,2025-04-13,2425,Manchester United,Newcastle United,1,4,0,0,1.4,0.8,1.6,1.1,1.2,1.2,1.4205607476635513,1.3271028037383177
20250420_ManchesterUnited_WolverhamptonWanderers,2025-04-20,2425,Manchester United,Wolverhampton Wanderers,0,1,1,0,1.0,1.2,1.0,1.1,1.3,1.2,1.4166666666666667,1.3518518518518519
20250427_Bournemouth_ManchesterUnited,2025-04-27,2425,Manchester United,Bournemouth,1,1,0,1,0.8,1.2,0.8,1.0,1.4,0.9,1.4036697247706422,1.348623853211009
20250504_Brentford_ManchesterUnited,2025-05-04,2425,Manchester United,Brentford,3,4,0,0,0.4,1.4,0.4,1.1,1.3,1.0,1.4,1.3454545454545455
20250511_ManchesterUnited_WestHamUnited,2025-05-11,2425,Manchester United,West Ham United,0,2,1,0,1.0,2.0,0.4,1.4,1.6,1.0,1.4144144144144144,1.3693693693693694
20250516_Chelsea_ManchesterUnited,2025-05-16,2425,Manchester United,Chelsea,0,1,0,0,1.0,2.4,0.2,1.2,1.6,0.9,1.4017857142857142,1.375
20250525_ManchesterUnited_AstonVilla,2025-05-25,2425,Manchester United,Aston Villa,2,0,1,3,0.8,1.8,0.2,0.9,1.5,0.6,1.3893805309734513,1.3716814159292035
20250817_ManchesterUnited_Arsenal,2025-08-17,2526,Manchester United,Arsenal,0,1,1,0,1.2,1.6,0.8,1.0,1.4,0.8,1.394736842105263,1.3596491228070176
20250824_Fulham_ManchesterUnited,2025-08-24,2526,Manchester United,Fulham,1,1,0,1,1.0,1.6,0.6,0.7,1.5,0.5,1.382608695652174,1.3565217391304347
20250830_ManchesterUnited_Burnley,2025-08-30,2526,Manchester United,Burnley,3,2,1,3,0.6,1.0,0.8,0.8,1.5,0.6,1.3793103448275863,1.353448275862069
20250914_ManchesterCity_ManchesterUnited,2025-09-14,2526,Manchester United,Manchester City,0,3,0,0,1.2,1.0,1.4,1.1,1.7,0.8,1.393162393162393,1.358974358974359
20250920_ManchesterUnited_Chelsea,2025-09-20,2526,Manchester United,Chelsea,2,1,1,3,1.2,1.4,1.4,1.0,1.6,0.8,1.38135593220339,1.3728813559322033
20250927_Brentford_ManchesterUnited,2025-09-27,2526,Manchester United,Brentford,1,3,0,0,1.2,1.6,1.4,1.2,1.6,1.1,1.3865546218487395,1.3697478991596639
20251004_ManchesterUnited_Sunderland,2025-10-04,2526,Manchester United,Sunderland,2,0,1,3,1.4,2.0,1.4,1.2,1.8,1.0,1.3833333333333333,1.3833333333333333
20251019_Liverpool_ManchesterUnited,2025-10-19,2526,Manchester United,Liverpool,2,1,0,3,1.6,1.8,1.8,1.1,1.4,1.3,1.3884297520661157,1.371900826446281
20251025_ManchesterUnited_Brighton,2025-10-25,2526,Manchester United,Brighton,4,2,1,3,1.4,1.6,1.8,1.3,1.3,1.6,1.3934426229508197,1.3688524590163935
20251101_NottinghamForest_ManchesterUnited,2025-11-01,2526,Manchester United,Nottingham Forest,2,2,0,1,2.2,1.4,2.4,1.7,1.4,1.9,1.4146341463414633,1.3739837398373984
20251108_TottenhamHotspur_ManchesterUnited,2025-11-08,2526,Manchester United,Tottenham Hotspur,2,2,0,1,2.2,1.6,2.0,1.7,1.6,1.7,1.4193548387096775,1.3790322580645162
20251124_ManchesterUnited_Everton,2025-11-24,2526,Manchester United,Everton,0,1,1,0,2.4,1.4,2.2,1.9,1.7,1.8,1.424,1.384
20251130_CrystalPalace_ManchesterUnited,2025-11-30,2526,Manchester United,Crystal Palace,2,1,0,3,2.0,1.6,1.6,1.8,1.7,1.7,1.4126984126984128,1.380952380952381
20251204_ManchesterUnited_WestHamUnited,2025-12-04,2526,Manchester United,West Ham United,1,1,1,1,2.0,1.6,1.6,1.7,1.6,1.7,1.4173228346456692,1.3779527559055118
20251208_WolverhamptonWanderers_ManchesterUnited,2025-12-08,2526,Manchester United,Wolverhampton Wanderers,4,1,0,3,1.4,1.4,1.2,1.8,1.4,1.8,1.4140625,1.375
20251215_ManchesterUnited_Bournemouth,2025-12-15,2526,Manchester United,Bournemouth,4,4,1,1,1.8,1.2,1.6,2.0,1.4,1.8,1.434108527131783,1.372093023255814
20251221_AstonVilla_ManchesterUnited,2025-12-21,2526,Manchester United,Aston Villa,1,2,0,0,2.2,1.6,1.6,2.3,1.5,1.9,1.4538461538461538,1.3923076923076922
20251226_ManchesterUnited_NewcastleUnited,2025-12-26,2526,Manchester United,Newcastle United,1,0,1,3,2.4,1.8,1.6,2.2,1.7,1.6,1.450381679389313,1.3969465648854962
20251230_ManchesterUnited_WolverhamptonWanderers,2025-12-30,2526,Manchester United,Wolverhampton Wanderers,1,1,1,1,2.2,1.6,1.6,2.1,1.6,1.6,1.446969696969697,1.3863636363636365
20260104_Leeds_ManchesterUnited,2026-01-04,2526,Manchester United,Leeds,1,1,0,1,2.2,1.6,1.6,1.8,1.5,1.4,1.443609022556391,1.3834586466165413
20260107_Burnley_ManchesterUnited,2026-01-07,2526,Manchester United,Burnley,2,2,0,1,1.6,1.6,1.2,1.7,1.4,1.4,1.4402985074626866,1.3805970149253732
20260117_ManchesterUnited_ManchesterCity,2026-01-17,2526,Manchester United,Manchester City,2,0,1,3,1.2,1.2,1.2,1.7,1.4,1.4,1.4444444444444444,1.385185185185185
20260125_Arsenal_ManchesterUnited,2026-01-25,2526,Manchester United,Arsenal,3,2,0,3,1.4,0.8,1.8,1.9,1.3,1.7,1.4485294117647058,1.375
20260201_ManchesterUnited_Fulham,2026-02-01,2526,Manchester United,Fulham,3,2,1,3,1.8,1.2,1.8,2.0,1.4,1.7,1.4598540145985401,1.3795620437956204
20260207_ManchesterUnited_TottenhamHotspur,2026-02-07,2526,Manchester United,Tottenham Hotspur,2,0,1,3,2.2,1.4,2.2,2.2,1.5,1.9,1.4710144927536233,1.3840579710144927
20260210_WestHamUnited_ManchesterUnited,2026-02-10,2526,Manchester United,West Ham United,1,1,0,1,2.4,1.2,2.6,2.0,1.4,1.9,1.474820143884892,1.3741007194244603
20260223_Everton_ManchesterUnited,2026-02-23,2526,Manchester United,Everton,1,0,0,3,2.2,1.0,2.6,1.7,1.1,1.9,1.4714285714285715,1.3714285714285714
20260301_ManchesterUnited_CrystalPalace,2026-03-01,2526,Manchester United,Crystal Palace,2,1,1,3,2.0,1.0,2.6,1.7,0.9,2.2,1.4680851063829787,1.3617021276595744
20260304_NewcastleUnited_ManchesterUnited,2026-03-04,2526,Manchester United,Newcastle United,1,2,0,0,1.8,0.8,2.6,1.8,1.0,2.2,1.471830985915493,1.3591549295774648
20260315_ManchesterUnited_AstonVilla,2026-03-15,2526,Manchester United,Aston Villa,3,1,1,3,1.4,0.8,2.0,1.8,1.1,2.1,1.4685314685314685,1.3636363636363635
20260320_Bournemouth_ManchesterUnited,2026-03-20,2526,Manchester United,Bournemouth,2,2,0,1,1.6,1.0,2.0,2.0,1.1,2.3,1.4791666666666667,1.3611111111111112
20260413_ManchesterUnited_Leeds,2026-04-13,2526,Manchester United,Leeds,1,2,1,0,1.8,1.2,2.0,2.0,1.1,2.3,1.4827586206896552,1.3655172413793104
20260418_Chelsea_ManchesterUnited,2026-04-18,2526,Manchester United,Chelsea,1,0,0,3,1.8,1.6,1.4,1.9,1.3,2.0,1.4794520547945205,1.36986301369863
20260427_ManchesterUnited_Brentford,2026-04-27,2526,Manchester United,Brentford,2,1,1,3,1.6,1.4,1.4,1.7,1.1,2.0,1.4761904761904763,1.3605442176870748
20260503_ManchesterUnited_Liverpool,2026-05-03,2526,Manchester United,Liverpool,3,2,1,3,1.8,1.2,2.0,1.6,1.0,2.0,1.4797297297297298,1.3581081081081081
20260509_Sunderland_ManchesterUnited,2026-05-09,2526,Manchester United,Sunderland,0,0,0,1,1.8,1.4,2.0,1.7,1.2,2.0,1.4899328859060403,1.3624161073825503
20260517_ManchesterUnited_NottinghamForest,2026-05-17,2526,Manchester United,Nottingham Forest,3,2,1,3,1.4,1.0,2.0,1.6,1.1,2.0,1.48,1.3533333333333333
20260524_Brighton_ManchesterUnited,2026-05-24,2526,Manchester United,Brighton,3,0,0,3,1.8,1.0,2.6,1.8,1.3,2.0,1.490066225165563,1.3576158940397351
20220806_NewcastleUnited_NottinghamForest,2022-08-06,2223,Newcastle United,Nottingham Forest,2,0,1,3,,,,,,,,
20220813_Brighton_NewcastleUnited,2022-08-13,2223,Newcastle United,Brighton,0,0,0,1,,,,,,,,
20220821_NewcastleUnited_ManchesterCity,2022-08-21,2223,Newcastle United,Manchester City,3,3,1,1,,,,,,,,
20220828_WolverhamptonWanderers_NewcastleUnited,2022-08-28,2223,Newcastle United,Wolverhampton Wanderers,1,1,0,1,1.6666666666666667,1.0,1.6666666666666667,1.6666666666666667,1.0,1.6666666666666667,1.6666666666666667,1.0
20220831_Liverpool_NewcastleUnited,2022-08-31,2223,Newcastle United,Liverpool,1,2,0,0,1.5,1.0,1.5,1.5,1.0,1.5,1.5,1.0
20220903_NewcastleUnited_CrystalPalace,2022-09-03,2223,Newcastle United,Crystal Palace,0,0,1,1,1.4,1.2,1.2,1.4,1.2,1.2,1.4,1.2
20220917_NewcastleUnited_Bournemouth,2022-09-17,2223,Newcastle United,Bournemouth,1,1,1,1,1.0,1.2,0.8,1.1666666666666667,1.0,1.1666666666666667,1.1666666666666667,1.0
20221001_Fulham_NewcastleUnited,2022-10-01,2223,Newcastle United,Fulham,4,1,0,3,1.2,1.4,0.8,1.1428571428571428,1.0,1.1428571428571428,1.1428571428571428,1.0
20221008_NewcastleUnited_Brentford,2022-10-08,2223,Newcastle United,Brentford,5,1,1,3,1.4,1.0,1.2,1.5,1.0,1.375,1.5,1.0
20221016_ManchesterUnited_NewcastleUnited,2022-10-16,2223,Newcastle United,Manchester United,0,0,0,1,2.2,1.0,1.6,1.8888888888888888,1.0,1.5555555555555556,1.8888888888888888,1.0
20221019_NewcastleUnited_Everton,2022-10-19,2223,Newcastle United,Everton,1,0,1,3,2.0,0.6,1.8,1.7,0.9,1.5,1.7,0.9
20221023_TottenhamHotspur_NewcastleUnited,2022-10-23,2223,Newcastle United,Tottenham Hotspur,2,1,0,3,2.2,0.6,2.2,1.6,0.9,1.5,1.6363636363636365,0.8181818181818182
20221029_NewcastleUnited_AstonVilla,2022-10-29,2223,Newcastle United,Aston Villa,4,0,1,3,2.4,0.6,2.6,1.8,1.0,1.7,1.6666666666666667,0.8333333333333334
20221106_Southampton_NewcastleUnited,2022-11-06,2223,Newcastle United,Southampton,4,1,0,3,2.4,0.4,2.6,1.9,0.7,1.9,1.8461538461538463,0.7692307692307693
20221112_NewcastleUnited_Chelsea,2022-11-12,2223,Newcastle United,Chelsea,1,0,1,3,2.2,0.4,2.6,2.2,0.7,2.1,2.0,0.7857142857142857
20221226_LeicesterCity_NewcastleUnited,2022-12-26,2223,Newcastle United,Leicester City,3,0,0,3,2.4,0.4,3.0,2.2,0.5,2.4,1.9333333333333333,0.7333333333333333
20221231_NewcastleUnited_Leeds,2022-12-31,2223,Newcastle United,Leeds,0,0,1,1,2.8,0.4,3.0,2.5,0.5,2.6,2.0,0.6875
20230103_Arsenal_NewcastleUnited,2023-01-03,2223,Newcastle United,Arsenal,0,0,0,1,2.4,0.2,2.6,2.4,0.4,2.6,1.8823529411764706,0.6470588235294118
20230115_NewcastleUnited_Fulham,2023-01-15,2223,Newcastle United,Fulham,1,0,1,3,1.6,0.2,2.2,2.0,0.3,2.4,1.7777777777777777,0.6111111111111112
20230121_CrystalPalace_NewcastleUnited,2023-01-21,2223,Newcastle United,Crystal Palace,0,0,0,1,1.0,0.0,2.2,1.6,0.2,2.4,1.736842105263158,0.5789473684210527
20230204_NewcastleUnited_WestHamUnited,2023-02-04,2223,Newcastle United,West Ham United,1,1,1,1,0.8,0.0,1.8,1.6,0.2,2.4,1.65,0.55
20230211_Bournemouth_NewcastleUnited,2023-02-11,2223,Newcastle United,Bournemouth,1,1,0,1,0.4,0.2,1.4,1.6,0.3,2.2,1.619047619047619,0.5714285714285714
20230218_NewcastleUnited_Liverpool,2023-02-18,2223,Newcastle United,Liverpool,0,2,1,0,0.6,0.4,1.4,1.5,0.3,2.0,1.5909090909090908,0.5909090909090909
20230304_ManchesterCity_NewcastleUnited,2023-03-04,2223,Newcastle United,Manchester City,0,2,0,0,0.6,0.8,1.2,1.1,0.5,1.7,1.5217391304347827,0.6521739130434783
20230312_NewcastleUnited_WolverhamptonWanderers,2023-03-12,2223,Newcastle United,Wolverhampton Wanderers,2,1,1,3,0.4,1.2,0.6,0.7,0.6,1.4,1.4583333333333333,0.7083333333333334
20230317_NottinghamForest_NewcastleUnited,2023-03-17,2223,Newcastle United,Nottingham Forest,2,1,0,3,0.8,1.4,1.0,0.8,0.7,1.4,1.48,0.72
20230402_NewcastleUnited_ManchesterUnited,2023-04-02,2223,Newcastle United,Manchester United,2,0,1,3,1.0,1.4,1.4,0.7,0.8,1.4,1.5,0.7307692307692307
20230405_WestHamUnited_NewcastleUnited,2023-04-05,2223,Newcastle United,West Ham United,5,1,0,3,1.2,1.2,1.8,0.9,0.8,1.6,1.5185185185185186,0.7037037037037037
20230408_Brentford_NewcastleUnited,2023-04-08,2223,Newcastle United,Brentford,2,1,0,3,2.2,1.0,2.4,1.4,0.9,1.8,1.6428571428571428,0.7142857142857143
20230415_AstonVilla_NewcastleUnited,2023-04-15,2223,Newcastle United,Aston Villa,0,3,0,0,2.6,0.8,3.0,1.5,1.0,1.8,1.6551724137931034,0.7241379310344828
20230423_NewcastleUnited_TottenhamHotspur,2023-04-23,2223,Newcastle United,Tottenham Hotspur,6,1,1,3,2.2,1.2,2.4,1.5,1.3,1.7,1.6,0.8
20230427_Everton_NewcastleUnited,2023-04-27,2223,Newcastle United,Everton,4,1,0,3,3.0,1.2,2.4,2.0,1.3,1.9,1.7419354838709677,0.8064516129032258
20230430_NewcastleUnited_Southampton,2023-04-30,2223,Newcastle United,Southampton,3,1,1,3,3.4,1.4,2.4,2.3,1.3,2.1,1.8125,0.8125
20230507_NewcastleUnited_Arsenal,2023-05-07,2223,Newcastle United,Arsenal,0,2,1,0,3.0,1.4,2.4,2.6,1.2,2.4,1.8484848484848484,0.8181818181818182
20230513_Leeds_NewcastleUnited,2023-05-13,2223,Newcastle United,Leeds,2,2,0,1,2.6,1.6,1.8,2.6,1.2,2.4,1.7941176470588236,0.8529411764705882
20230518_NewcastleUnited_Brighton,2023-05-18,2223,Newcastle United,Brighton,4,1,1,3,3.0,1.4,2.0,2.6,1.3,2.2,1.8,0.8857142857142857
20230522_NewcastleUnited_LeicesterCity,2023-05-22,2223,Newcastle United,Leicester City,0,0,1,1,2.6,1.4,2.0,2.8,1.3,2.2,1.8611111111111112,0.8888888888888888
20230528_Chelsea_NewcastleUnited,2023-05-28,2223,Newcastle United,Chelsea,1,1,0,1,1.8,1.2,1.6,2.6,1.3,2.0,1.8108108108108107,0.8648648648648649
20230812_NewcastleUnited_AstonVilla,2023-08-12,2324,Newcastle United,Aston Villa,5,1,1,3,1.4,1.2,1.2,2.2,1.3,1.8,1.7894736842105263,0.868421052631579
20230819_ManchesterCity_NewcastleUnited,2023-08-19,2324,Newcastle United,Manchester City,0,1,0,0,2.4,1.0,1.8,2.5,1.3,1.8,1.8717948717948718,0.8717948717948718
20230827_NewcastleUnited_Liverpool,2023-08-27,2324,Newcastle United,Liverpool,1,2,1,0,2.0,0.8,1.6,2.5,1.1,1.8,1.825,0.875
20230902_Brighton_NewcastleUnited,2023-09-02,2324,Newcastle United,Brighton,1,3,0,0,1.4,1.0,1.0,2.0,1.2,1.5,1.8048780487804879,0.9024390243902439
20230916_NewcastleUnited_Brentford,2023-09-16,2324,Newcastle United,Brentford,1,0,1,3,1.6,1.6,0.8,1.7,1.4,1.2,1.7857142857142858,0.9523809523809523
20230924_SheffieldUnited_NewcastleUnited,2023-09-24,2324,Newcastle United,Sheffield United,8,0,0,3,1.6,1.4,1.2,1.5,1.3,1.2,1.7674418604651163,0.9302325581395349
20230930_NewcastleUnited_Burnley,2023-09-30,2324,Newcastle United,Burnley,2,0,1,3,2.2,1.2,1.2,2.3,1.1,1.5,1.9090909090909092,0.9090909090909091
20231008_WestHamUnited_NewcastleUnited,2023-10-08,2324,Newcastle United,West Ham United,2,2,0,1,2.6,1.0,1.8,2.3,0.9,1.7,1.9111111111111112,0.8888888888888888
20231021_NewcastleUnited_CrystalPalace,2023-10-21,2324,Newcastle United,Crystal Palace,4,0,1,3,2.8,1.0,2.0,2.1,1.0,1.5,1.9130434782608696,0.9130434782608695
20231028_WolverhamptonWanderers_NewcastleUnited,2023-10-28,2324,Newcastle United,Wolverhampton Wanderers,2,2,0,1,3.4,0.4,2.6,2.5,1.0,1.7,1.9574468085106382,0.8936170212765957
20231104_NewcastleUnited_Arsenal,2023-11-04,2324,Newcastle United,Arsenal,1,0,1,3,3.6,0.8,2.2,2.6,1.1,1.7,1.9583333333333333,0.9166666666666666
20231111_Bournemouth_NewcastleUnited,2023-11-11,2324,Newcastle United,Bournemouth,0,2,0,0,2.2,0.8,2.2,2.2,1.0,1.7,1.9387755102040816,0.8979591836734694
20231125_NewcastleUnited_Chelsea,2023-11-25,2324,Newcastle United,Chelsea,4,1,1,3,1.8,1.2,1.6,2.2,1.1,1.7,1.9,0.92
20231202_NewcastleUnited_ManchesterUnited,2023-12-02,2324,Newcastle United,Manchester United,1,0,1,3,2.2,1.0,2.0,2.5,1.0,2.0,1.9411764705882353,0.9215686274509803
20231207_Everton_NewcastleUnited,2023-12-07,2324,Newcastle United,Everton,0,3,0,0,1.6,1.0,2.0,2.5,0.7,2.3,1.9230769230769231,0.9038461538461539
20231210_TottenhamHotspur_NewcastleUnited,2023-12-10,2324,Newcastle United,Tottenham Hotspur,1,4,0,0,1.2,1.2,1.8,2.4,1.0,2.0,1.8867924528301887,0.9433962264150944
20231216_NewcastleUnited_Fulham,2023-12-16,2324,Newcastle United,Fulham,3,0,1,3,1.2,2.0,1.2,1.7,1.4,1.7,1.8703703703703705,1.0
20231223_Luton_NewcastleUnited,2023-12-23,2324,Newcastle United,Luton,0,1,0,0,1.8,1.6,1.8,1.8,1.4,1.7,1.8909090909090909,0.9818181818181818
20231226_NewcastleUnited_NottinghamForest,2023-12-26,2324,Newcastle United,Nottingham Forest,1,3,1,0,1.0,1.6,1.2,1.6,1.3,1.6,1.8571428571428572,0.9821428571428571
20240101_Liverpool_NewcastleUnited,2024-01-01,2324,Newcastle United,Liverpool,2,4,0,0,1.0,2.2,0.6,1.3,1.6,1.3,1.8421052631578947,1.0175438596491229
20240113_NewcastleUnited_ManchesterCity,2024-01-13,2324,Newcastle United,Manchester City,2,3,1,0,1.4,2.4,0.6,1.3,1.8,1.2,1.8448275862068966,1.0689655172413792
20240130_AstonVilla_NewcastleUnited,2024-01-30,2324,Newcastle United,Aston Villa,3,1,0,3,1.6,2.2,0.6,1.4,2.1,0.9,1.847457627118644,1.1016949152542372
20240203_NewcastleUnited_Luton,2024-02-03,2324,Newcastle United,Luton,4,4,1,1,1.6,2.4,0.6,1.7,2.0,1.2,1.8666666666666667,1.1
20240210_NottinghamForest_NewcastleUnited,2024-02-10,2324,Newcastle United,Nottingham Forest,3,2,0,3,2.4,3.0,0.8,1.7,2.3,1.0,1.901639344262295,1.1475409836065573
20240217_NewcastleUnited_Bournemouth,2024-02-17,2324,Newcastle United,Bournemouth,2,2,1,1,2.8,2.8,1.4,1.9,2.5,1.0,1.9193548387096775,1.1612903225806452
20240224_Arsenal_NewcastleUnited,2024-02-24,2324,Newcastle United,Arsenal,1,4,0,0,2.8,2.4,1.6,2.1,2.4,1.1,1.9206349206349207,1.1746031746031746
20240302_NewcastleUnited_WolverhamptonWanderers,2024-03-02,2324,Newcastle United,Wolverhampton Wanderers,3,0,1,3,2.6,2.6,1.6,2.1,2.4,1.1,1.90625,1.21875
20240311_Chelsea_NewcastleUnited,2024-03-11,2324,Newcastle United,Chelsea,2,3,0,0,2.6,2.4,1.6,2.1,2.4,1.1,1.9230769230769231,1.2
20240330_NewcastleUnited_WestHamUnited,2024-03-30,2324,Newcastle United,West Ham United,4,3,1,3,2.2,2.2,1.4,2.3,2.6,1.1,1.9242424242424243,1.2272727272727273
20240402_NewcastleUnited_Everton,2024-04-02,2324,Newcastle United,Everton,1,1,1,1,2.4,2.4,1.4,2.6,2.6,1.4,1.955223880597015,1.2537313432835822
20240406_Fulham_NewcastleUnited,2024-04-06,2324,Newcastle United,Fulham,1,0,0,3,2.2,2.2,1.4,2.5,2.3,1.5,1.9411764705882353,1.25
20240413_NewcastleUnited_TottenhamHotspur,2024-04-13,2324,Newcastle United,Tottenham Hotspur,4,0,1,3,2.2,1.4,2.0,2.4,2.0,1.8,1.9275362318840579,1.2318840579710144
20240424_CrystalPalace_NewcastleUnited,2024-04-24,2324,Newcastle United,Crystal Palace,0,2,0,0,2.4,1.4,2.0,2.5,1.9,1.8,1.957142857142857,1.2142857142857142
20240427_NewcastleUnited_SheffieldUnited,2024-04-27,2324,Newcastle United,Sheffield United,5,1,1,3,2.0,1.2,2.0,2.1,1.7,1.7,1.9295774647887325,1.2253521126760563
20240504_Burnley_NewcastleUnited,2024-05-04,2324,Newcastle United,Burnley,4,1,0,3,2.2,0.8,2.0,2.3,1.6,1.7,1.9722222222222223,1.2222222222222223
20240511_NewcastleUnited_Brighton,2024-05-11,2324,Newcastle United,Brighton,1,1,1,1,2.8,0.8,2.4,2.5,1.5,1.9,2.0,1.2191780821917808
20240515_ManchesterUnited_NewcastleUnited,2024-05-15,2324,Newcastle United,Manchester United,2,3,0,0,2.8,1.0,2.0,2.5,1.2,2.0,1.9864864864864864,1.2162162162162162
20240519_Brentford_NewcastleUnited,2024-05-19,2324,Newcastle United,Brentford,4,2,0,3,2.4,1.6,1.4,2.4,1.5,1.7,1.9866666666666666,1.24
20240817_NewcastleUnited_Southampton,2024-08-17,2425,Newcastle United,Southampton,1,0,1,3,3.2,1.6,2.0,2.6,1.4,2.0,2.013157894736842,1.25
20240825_Bournemouth_NewcastleUnited,2024-08-25,2425,Newcastle United,Bournemouth,1,1,0,1,2.4,1.4,2.0,2.3,1.1,2.0,2.0,1.2337662337662338
20240901_NewcastleUnited_TottenhamHotspur,2024-09-01,2425,Newcastle United,Tottenham Hotspur,2,1,1,3,1.8,1.4,1.6,2.3,1.1,2.0,1.9871794871794872,1.2307692307692308
20240915_WolverhamptonWanderers_NewcastleUnited,2024-09-15,2425,Newcastle United,Wolverhampton Wanderers,2,1,0,3,2.0,1.4,2.0,2.4,1.2,2.0,1.9873417721518987,1.2278481012658229
20240921_Fulham_NewcastleUnited,2024-09-21,2425,Newcastle United,Fulham,1,3,0,0,2.0,1.0,2.6,2.2,1.3,2.0,1.9875,1.225
20240928_NewcastleUnited_ManchesterCity,2024-09-28,2425,Newcastle United,Manchester City,1,1,1,1,1.4,1.2,2.0,2.3,1.4,2.0,1.9753086419753085,1.2469135802469136
20241005_Everton_NewcastleUnited,2024-10-05,2425,Newcastle United,Everton,0,0,0,1,1.4,1.4,1.6,1.9,1.4,1.8,1.9634146341463414,1.2439024390243902
20241019_NewcastleUnited_Brighton,2024-10-19,2425,Newcastle United,Brighton,0,1,1,0,1.2,1.2,1.6,1.5,1.3,1.6,1.9397590361445782,1.2289156626506024
20241027_Chelsea_NewcastleUnited,2024-10-27,2425,Newcastle United,Chelsea,1,2,0,0,0.8,1.2,1.0,1.4,1.3,1.5,1.9166666666666667,1.2261904761904763
20241102_NewcastleUnited_Arsenal,2024-11-02,2425,Newcastle United,Arsenal,1,0,1,3,0.6,1.4,0.4,1.3,1.2,1.5,1.9058823529411764,1.2352941176470589
20241110_NottinghamForest_NewcastleUnited,2024-11-10,2425,Newcastle United,Nottingham Forest,3,1,0,3,0.6,0.8,1.0,1.0,1.0,1.5,1.8953488372093024,1.2209302325581395
20241125_NewcastleUnited_WestHamUnited,2024-11-25,2425,Newcastle United,West Ham United,0,2,1,0,1.0,0.8,1.4,1.2,1.1,1.5,1.9080459770114941,1.2183908045977012
20241130_CrystalPalace_NewcastleUnited,2024-11-30,2425,Newcastle United,Crystal Palace,1,1,0,1,1.0,1.2,1.2,1.1,1.2,1.4,1.8863636363636365,1.2272727272727273
20241204_NewcastleUnited_Liverpool,2024-12-04,2425,Newcastle United,Liverpool,3,3,1,1,1.2,1.2,1.4,1.0,1.2,1.2,1.8764044943820224,1.2247191011235956
20241207_Brentford_NewcastleUnited,2024-12-07,2425,Newcastle United,Brentford,2,4,0,0,1.6,1.4,1.6,1.1,1.4,1.0,1.8888888888888888,1.2444444444444445
20241214_NewcastleUnited_LeicesterCity,2024-12-14,2425,Newcastle United,Leicester City,4,0,1,3,1.8,2.2,1.0,1.2,1.5,1.0,1.89010989010989,1.2747252747252746
20241221_Ipswich_NewcastleUnited,2024-12-21,2425,Newcastle United,Ipswich,4,0,0,3,2.0,2.0,1.0,1.5,1.4,1.2,1.9130434782608696,1.2608695652173914
20241226_NewcastleUnited_AstonVilla,2024-12-26,2425,Newcastle United,Aston Villa,3,0,1,3,2.8,1.6,1.6,1.9,1.4,1.4,1.935483870967742,1.2473118279569892
20241230_ManchesterUnited_NewcastleUnited,2024-12-30,2425,Newcastle United,Manchester United,2,0,0,3,3.2,1.4,2.0,2.2,1.3,1.7,1.946808510638298,1.2340425531914894
20250104_TottenhamHotspur_NewcastleUnited,2025-01-04,2425,Newcastle United,Tottenham Hotspur,2,1,0,3,3.0,0.8,2.4,2.3,1.1,2.0,1.9473684210526316,1.2210526315789474
20250115_NewcastleUnited_WolverhamptonWanderers,2025-01-15,2425,Newcastle United,Wolverhampton Wanderers,3,0,1,3,3.0,0.2,3.0,2.4,1.2,2.0,1.9479166666666667,1.21875
20250118_NewcastleUnited_Bournemouth,2025-01-18,2425,Newcastle United,Bournemouth,1,4,1,0,2.8,0.2,3.0,2.4,1.1,2.0,1.958762886597938,1.2061855670103092
20250125_Southampton_NewcastleUnited,2025-01-25,2425,Newcastle United,Southampton,3,1,0,3,2.2,1.0,2.4,2.5,1.3,2.0,1.9489795918367347,1.2346938775510203
20250201_NewcastleUnited_Fulham,2025-02-01,2425,Newcastle United,Fulham,1,2,1,0,2.2,1.2,2.4,2.7,1.3,2.2,1.9595959595959596,1.2323232323232323
20250215_ManchesterCity_NewcastleUnited,2025-02-15,2425,Newcastle United,Manchester City,0,4,0,0,2.0,1.6,1.8,2.5,1.2,2.1,1.95,1.24
20250223_NewcastleUnited_NottinghamForest,2025-02-23,2425,Newcastle United,Nottingham Forest,4,3,1,3,1.6,2.2,1.2,2.3,1.2,2.1,1.9306930693069306,1.2673267326732673
20250226_Liverpool_NewcastleUnited,2025-02-26,2425,Newcastle United,Liverpool,0,2,0,0,1.8,2.8,1.2,2.3,1.5,2.1,1.9509803921568627,1.2843137254901962
20250310_WestHamUnited_NewcastleUnited,2025-03-10,2425,Newcastle United,West Ham United,1,0,0,3,1.6,2.4,1.2,1.9,1.7,1.8,1.9320388349514563,1.2912621359223302
20250402_NewcastleUnited_Brentford,2025-04-02,2425,Newcastle United,Brentford,2,1,1,3,1.2,2.2,1.2,1.7,1.7,1.8,1.9230769230769231,1.2788461538461537
20250407_LeicesterCity_NewcastleUnited,2025-04-07,2425,Newcastle United,Leicester City,3,0,0,3,1.4,2.0,1.8,1.7,1.8,1.8,1.9238095238095239,1.276190476190476
20250413_NewcastleUnited_ManchesterUnited,2025-04-13,2425,Newcastle United,Manchester United,4,1,1,3,2.0,1.2,2.4,1.8,1.7,1.8,1.9339622641509433,1.2641509433962264
20250416_NewcastleUnited_CrystalPalace,2025-04-16,2425,Newcastle United,Crystal Palace,5,0,1,3,2.0,0.8,2.4,1.9,1.8,1.8,1.9532710280373833,1.2616822429906542
20250419_AstonVilla_NewcastleUnited,2025-04-19,2425,Newcastle United,Aston Villa,1,4,0,0,3.0,0.4,3.0,2.3,1.4,2.1,1.9814814814814814,1.25
20250426_NewcastleUnited_Ipswich,2025-04-26,2425,Newcastle United,Ipswich,3,0,1,3,3.0,1.2,2.4,2.1,1.7,1.8,1.9724770642201834,1.275229357798165
20250504_Brighton_NewcastleUnited,2025-05-04,2425,Newcastle United,Brighton,1,1,0,1,3.2,1.0,2.4,2.3,1.5,2.1,1.981818181818182,1.2636363636363637
20250511_NewcastleUnited_Chelsea,2025-05-11,2425,Newcastle United,Chelsea,2,0,1,3,2.8,1.2,2.0,2.4,1.2,2.2,1.972972972972973,1.2612612612612613
20250518_Arsenal_NewcastleUnited,2025-05-18,2425,Newcastle United,Arsenal,0,1,0,0,2.4,1.0,2.0,2.2,0.9,2.2,1.9732142857142858,1.25
20250525_NewcastleUnited_Everton,2025-05-25,2425,Newcastle United,Everton,0,1,1,0,1.4,1.2,1.4,2.2,0.8,2.2,1.9557522123893805,1.247787610619469
20250816_AstonVilla_NewcastleUnited,2025-08-16,2526,Newcastle United,Aston Villa,0,0,0,1,1.2,0.6,1.4,2.1,0.9,1.9,1.9385964912280702,1.2456140350877194
20250825_NewcastleUnited_Liverpool,2025-08-25,2526,Newcastle United,Liverpool,2,3,1,0,0.6,0.6,1.0,1.9,0.8,1.7,1.9217391304347826,1.2347826086956522
20250830_Leeds_NewcastleUnited,2025-08-30,2526,Newcastle United,Leeds,0,0,0,1,0.8,1.0,0.8,1.8,1.1,1.4,1.9224137931034482,1.25
20250913_NewcastleUnited_WolverhamptonWanderers,2025-09-13,2526,Newcastle United,Wolverhampton Wanderers,1,0,1,3,0.4,1.0,0.4,1.4,1.0,1.2,1.9059829059829059,1.2393162393162394
20250921_Bournemouth_NewcastleUnited,2025-09-21,2526,Newcastle United,Bournemouth,0,0,0,1,0.6,0.8,1.0,1.0,1.0,1.2,1.8983050847457628,1.228813559322034
20250928_NewcastleUnited_Arsenal,2025-09-28,2526,Newcastle United,Arsenal,1,2,1,0,0.6,0.6,1.2,0.9,0.6,1.3,1.8823529411764706,1.218487394957983
20251005_NewcastleUnited_NottinghamForest,2025-10-05,2526,Newcastle United,Nottingham Forest,2,0,1,3,0.8,1.0,1.0,0.7,0.8,1.0,1.875,1.225
20251018_Brighton_NewcastleUnited,2025-10-18,2526,Newcastle United,Brighton,1,2,0,0,0.8,0.4,1.6,0.8,0.7,1.2,1.8760330578512396,1.2148760330578512
20251025_NewcastleUnited_Fulham,2025-10-25,2526,Newcastle United,Fulham,2,1,1,3,1.0,0.8,1.4,0.7,0.9,0.9,1.8688524590163935,1.221311475409836
20251102_WestHamUnited_NewcastleUnited,2025-11-02,2526,Newcastle United,West Ham United,1,3,0,0,1.2,1.0,1.4,0.9,0.9,1.2,1.8699186991869918,1.2195121951219512
20251109_Brentford_NewcastleUnited,2025-11-09,2526,Newcastle United,Brentford,1,3,0,0,1.4,1.6,1.2,1.0,1.1,1.2,1.8629032258064515,1.2338709677419355
20251122_NewcastleUnited_ManchesterCity,2025-11-22,2526,Newcastle United,Manchester City,2,1,1,3,1.4,1.8,1.2,1.1,1.4,1.1,1.856,1.248
20251129_Everton_NewcastleUnited,2025-11-29,2526,Newcastle United,Everton,4,1,0,3,1.4,2.0,1.2,1.1,1.2,1.4,1.8571428571428572,1.246031746031746
20251202_NewcastleUnited_TottenhamHotspur,2025-12-02,2526,Newcastle United,Tottenham Hotspur,2,2,1,1,2.0,1.8,1.8,1.5,1.3,1.6,1.874015748031496,1.2440944881889764
20251206_NewcastleUnited_Burnley,2025-12-06,2526,Newcastle United,Burnley,2,1,1,3,2.0,2.0,1.4,1.6,1.5,1.4,1.875,1.25
20251214_Sunderland_NewcastleUnited,2025-12-14,2526,Newcastle United,Sunderland,0,1,0,0,2.2,1.6,2.0,1.8,1.6,1.6,1.875968992248062,1.248062015503876
20251220_NewcastleUnited_Chelsea,2025-12-20,2526,Newcastle United,Chelsea,2,2,1,1,2.0,1.2,2.0,1.7,1.5,1.6,1.8615384615384616,1.2461538461538462
20251226_ManchesterUnited_NewcastleUnited,2025-12-26,2526,Newcastle United,Manchester United,0,1,0,0,2.0,1.4,1.6,1.7,1.7,1.4,1.8625954198473282,1.251908396946565
20251230_Burnley_NewcastleUnited,2025-12-30,2526,Newcastle United,Burnley,3,1,0,3,1.2,1.4,1.0,1.6,1.6,1.4,1.8484848484848484,1.25
20260104_NewcastleUnited_CrystalPalace,2026-01-04,2526,Newcastle United,Crystal Palace,2,0,1,3,1.4,1.2,1.4,1.7,1.6,1.4,1.8571428571428572,1.2481203007518797
20260107_NewcastleUnited_Leeds,2026-01-07,2526,Newcastle United,Leeds,4,3,1,3,1.4,1.0,1.4,1.8,1.3,1.7,1.8582089552238805,1.2388059701492538
20260118_WolverhamptonWanderers_NewcastleUnited,2026-01-18,2526,Newcastle United,Wolverhampton Wanderers,0,0,0,1,2.2,1.4,2.0,2.1,1.3,2.0,1.874074074074074,1.2518518518518518
20260125_NewcastleUnited_AstonVilla,2026-01-25,2526,Newcastle United,Aston Villa,0,2,1,0,1.8,1.0,2.0,1.9,1.2,1.8,1.8602941176470589,1.2426470588235294
20260131_Liverpool_NewcastleUnited,2026-01-31,2526,Newcastle United,Liverpool,1,4,0,0,1.8,1.2,2.0,1.5,1.3,1.5,1.8467153284671534,1.2481751824817517
20260207_NewcastleUnited_Brentford,2026-02-07,2526,Newcastle United,Brentford,2,3,1,0,1.4,1.8,1.4,1.4,1.5,1.4,1.8405797101449275,1.2681159420289856
20260210_TottenhamHotspur_NewcastleUnited,2026-02-10,2526,Newcastle United,Tottenham Hotspur,2,1,0,3,1.4,2.4,0.8,1.4,1.7,1.1,1.841726618705036,1.2805755395683454
20260221_ManchesterCity_NewcastleUnited,2026-02-21,2526,Newcastle United,Manchester City,1,2,0,0,1.0,2.0,0.8,1.6,1.7,1.4,1.8428571428571427,1.2785714285714285
20260228_NewcastleUnited_Everton,2026-02-28,2526,Newcastle United,Everton,2,3,1,0,1.2,2.4,0.6,1.5,1.7,1.3,1.8368794326241136,1.2836879432624113
20260304_NewcastleUnited_ManchesterUnited,2026-03-04,2526,Newcastle United,Manchester United,2,1,1,3,1.6,2.6,0.6,1.7,1.9,1.3,1.8380281690140845,1.295774647887324
20260314_Chelsea_NewcastleUnited,2026-03-14,2526,Newcastle United,Chelsea,1,0,0,3,1.8,2.0,1.2,1.6,1.9,1.3,1.8391608391608392,1.2937062937062938
20260322_NewcastleUnited_Sunderland,2026-03-22,2526,Newcastle United,Sunderland,1,2,1,0,1.6,1.4,1.8,1.5,1.9,1.3,1.8333333333333333,1.2847222222222223
20260412_CrystalPalace_NewcastleUnited,2026-04-12,2526,Newcastle United,Crystal Palace,1,2,0,0,1.4,1.6,1.2,1.2,1.8,1.0,1.8275862068965518,1.289655172413793
20260418_NewcastleUnited_Bournemouth,2026-04-18,2526,Newcastle United,Bournemouth,1,2,1,0,1.4,1.6,1.2,1.3,2.0,0.9,1.821917808219178,1.2945205479452055
20260425_Arsenal_NewcastleUnited,2026-04-25,2526,Newcastle United,Arsenal,0,1,0,0,1.2,1.4,1.2,1.4,2.0,0.9,1.816326530612245,1.2993197278911566
20260502_NewcastleUnited_Brighton,2026-05-02,2526,Newcastle United,Brighton,3,1,1,3,0.8,1.4,0.6,1.3,1.7,0.9,1.804054054054054,1.2972972972972974
20260510_NottinghamForest_NewcastleUnited,2026-05-10,2526,Newcastle United,Nottingham Forest,1,1,0,1,1.2,1.6,0.6,1.4,1.5,1.2,1.8120805369127517,1.2953020134228188
20260517_NewcastleUnited_WestHamUnited,2026-05-17,2526,Newcastle United,West Ham United,3,1,1,3,1.2,1.4,0.8,1.3,1.5,1.0,1.8066666666666666,1.2933333333333332
20260524_Fulham_NewcastleUnited,2026-05-24,2526,Newcastle United,Fulham,0,2,0,0,1.6,1.2,1.4,1.5,1.4,1.3,1.814569536423841,1.2913907284768211
20220806_NewcastleUnited_NottinghamForest,2022-08-06,2223,Nottingham Forest,Newcastle United,0,2,0,0,,,,,,,,
20220814_NottinghamForest_WestHamUnited,2022-08-14,2223,Nottingham Forest,West Ham United,1,0,1,3,,,,,,,,
20220820_Everton_NottinghamForest,2022-08-20,2223,Nottingham Forest,Everton,1,1,0,1,,,,,,,,
20220828_NottinghamForest_TottenhamHotspur,2022-08-28,2223,Nottingham Forest,Tottenham Hotspur,0,2,1,0,0.6666666666666666,1.0,1.3333333333333333,0.6666666666666666,1.0,1.3333333333333333,0.6666666666666666,1.0
20220831_ManchesterCity_NottinghamForest,2022-08-31,2223,Nottingham Forest,Manchester City,0,6,0,0,0.5,1.25,1.0,0.5,1.25,1.0,0.5,1.25
20220903_NottinghamForest_Bournemouth,2022-09-03,2223,Nottingham Forest,Bournemouth,2,3,1,0,0.4,2.2,0.8,0.4,2.2,0.8,0.4,2.2
20220916_NottinghamForest_Fulham,2022-09-16,2223,Nottingham Forest,Fulham,2,3,1,0,0.8,2.4,0.8,0.6666666666666666,2.3333333333333335,0.6666666666666666,0.6666666666666666,2.3333333333333335
20221003_LeicesterCity_NottinghamForest,2022-10-03,2223,Nottingham Forest,Leicester City,0,4,0,0,1.0,3.0,0.2,0.8571428571428571,2.4285714285714284,0.5714285714285714,0.8571428571428571,2.4285714285714284
20221010_NottinghamForest_AstonVilla,2022-10-10,2223,Nottingham Forest,Aston Villa,1,1,1,1,0.8,3.6,0.0,0.75,2.625,0.5,0.75,2.625
20221015_WolverhamptonWanderers_NottinghamForest,2022-10-15,2223,Nottingham Forest,Wolverhampton Wanderers,0,1,0,0,1.0,3.4,0.2,0.7777777777777778,2.4444444444444446,0.5555555555555556,0.7777777777777778,2.4444444444444446
20221018_Brighton_NottinghamForest,2022-10-18,2223,Nottingham Forest,Brighton,0,0,0,1,1.0,2.4,0.2,0.7,2.3,0.5,0.7,2.3
20221022_NottinghamForest_Liverpool,2022-10-22,2223,Nottingham Forest,Liverpool,1,0,1,3,0.6,1.8,0.4,0.7,2.1,0.6,0.6363636363636364,2.090909090909091
20221030_Arsenal_NottinghamForest,2022-10-30,2223,Nottingham Forest,Arsenal,0,5,0,0,0.4,1.2,1.0,0.7,2.1,0.6,0.6666666666666666,1.9166666666666667
20221105_NottinghamForest_Brentford,2022-11-05,2223,Nottingham Forest,Brentford,2,2,1,1,0.4,1.4,1.0,0.6,2.5,0.5,0.6153846153846154,2.1538461538461537
20221112_NottinghamForest_CrystalPalace,2022-11-12,2223,Nottingham Forest,Crystal Palace,1,0,1,3,0.6,1.6,1.0,0.8,2.5,0.6,0.7142857142857143,2.142857142857143
20221227_ManchesterUnited_NottinghamForest,2022-12-27,2223,Nottingham Forest,Manchester United,0,3,0,0,0.8,1.4,1.6,0.9,1.9,0.9,0.7333333333333333,2.0
20230101_NottinghamForest_Chelsea,2023-01-01,2223,Nottingham Forest,Chelsea,1,1,1,1,0.8,2.0,1.4,0.7,1.9,0.9,0.6875,2.0625
20230104_Southampton_NottinghamForest,2023-01-04,2223,Nottingham Forest,Southampton,1,0,0,3,0.8,2.2,1.0,0.6,1.7,1.0,0.7058823529411765,2.0
20230114_NottinghamForest_LeicesterCity,2023-01-14,2223,Nottingham Forest,Leicester City,2,0,1,3,1.0,1.2,1.6,0.7,1.3,1.3,0.7222222222222222,1.8888888888888888
20230121_Bournemouth_NottinghamForest,2023-01-21,2223,Nottingham Forest,Bournemouth,1,1,0,1,1.0,0.8,2.0,0.8,1.2,1.5,0.7894736842105263,1.7894736842105263
20230205_NottinghamForest_Leeds,2023-02-05,2223,Nottingham Forest,Leeds,1,0,1,3,1.0,1.0,1.6,0.9,1.2,1.6,0.8,1.75
20230211_Fulham_NottinghamForest,2023-02-11,2223,Nottingham Forest,Fulham,0,2,0,0,1.2,0.4,2.2,1.0,1.2,1.8,0.8095238095238095,1.6666666666666667
20230218_NottinghamForest_ManchesterCity,2023-02-18,2223,Nottingham Forest,Manchester City,1,1,1,1,1.0,0.6,2.0,0.9,1.4,1.5,0.7727272727272727,1.6818181818181819
20230225_WestHamUnited_NottinghamForest,2023-02-25,2223,Nottingham Forest,West Ham United,0,4,0,0,1.0,0.8,1.6,1.0,1.0,1.6,0.782608695652174,1.6521739130434783
20230305_NottinghamForest_Everton,2023-03-05,2223,Nottingham Forest,Everton,2,2,1,1,0.6,1.6,1.0,0.8,1.2,1.5,0.75,1.75
20230311_TottenhamHotspur_NottinghamForest,2023-03-11,2223,Nottingham Forest,Tottenham Hotspur,1,3,0,0,0.8,1.8,1.0,0.9,1.4,1.3,0.8,1.76
20230317_NottinghamForest_NewcastleUnited,2023-03-17,2223,Nottingham Forest,Newcastle United,1,2,1,0,0.8,2.4,0.4,1.0,1.4,1.3,0.8076923076923077,1.8076923076923077
20230401_NottinghamForest_WolverhamptonWanderers,2023-04-01,2223,Nottingham Forest,Wolverhampton Wanderers,1,1,1,1,1.0,2.4,0.4,1.0,1.5,1.2,0.8148148148148148,1.8148148148148149
20230404_Leeds_NottinghamForest,2023-04-04,2223,Nottingham Forest,Leeds,1,2,0,0,1.0,2.4,0.4,1.0,1.6,1.0,0.8214285714285714,1.7857142857142858
20230408_AstonVilla_NottinghamForest,2023-04-08,2223,Nottingham Forest,Aston Villa,0,2,0,0,1.2,2.0,0.4,0.9,1.8,0.7,0.8275862068965517,1.793103448275862
20230416_NottinghamForest_ManchesterUnited,2023-04-16,2223,Nottingham Forest,Manchester United,0,2,1,0,0.8,2.0,0.2,0.8,1.9,0.6,0.8,1.8
20230422_Liverpool_NottinghamForest,2023-04-22,2223,Nottingham Forest,Liverpool,2,3,0,0,0.6,1.8,0.2,0.7,2.1,0.3,0.7741935483870968,1.8064516129032258
20230426_NottinghamForest_Brighton,2023-04-26,2223,Nottingham Forest,Brighton,3,1,1,3,0.8,2.0,0.2,0.9,2.2,0.3,0.8125,1.84375
20230429_Brentford_NottinghamForest,2023-04-29,2223,Nottingham Forest,Brentford,1,2,0,0,1.2,2.0,0.6,1.1,2.2,0.5,0.8787878787878788,1.8181818181818181
20230508_NottinghamForest_Southampton,2023-05-08,2223,Nottingham Forest,Southampton,4,3,1,3,1.2,2.0,0.6,1.2,2.0,0.5,0.8823529411764706,1.8235294117647058
20230513_Chelsea_NottinghamForest,2023-05-13,2223,Nottingham Forest,Chelsea,2,2,0,1,2.0,2.2,1.2,1.4,2.1,0.7,0.9714285714285714,1.8571428571428572
20230520_NottinghamForest_Arsenal,2023-05-20,2223,Nottingham Forest,Arsenal,1,0,1,3,2.4,2.2,1.4,1.5,2.0,0.8,1.0,1.8611111111111112
20230528_CrystalPalace_NottinghamForest,2023-05-28,2223,Nottingham Forest,Crystal Palace,1,1,0,1,2.2,1.6,2.0,1.5,1.8,1.1,1.0,1.8108108108108107
20230812_Arsenal_NottinghamForest,2023-08-12,2324,Nottingham Forest,Arsenal,1,2,0,0,1.8,1.6,1.6,1.5,1.8,1.1,1.0,1.7894736842105263
20230818_NottinghamForest_SheffieldUnited,2023-08-18,2324,Nottingham Forest,Sheffield United,2,1,1,3,1.8,1.6,1.6,1.5,1.8,1.1,1.0,1.794871794871795
20230826_ManchesterUnited_NottinghamForest,2023-08-26,2324,Nottingham Forest,Manchester United,2,3,0,0,1.4,1.2,1.6,1.7,1.7,1.4,1.025,1.775
20230902_Chelsea_NottinghamForest,2023-09-02,2324,Nottingham Forest,Chelsea,1,0,0,3,1.4,1.4,1.4,1.9,1.8,1.4,1.048780487804878,1.8048780487804879
20230918_NottinghamForest_Burnley,2023-09-18,2324,Nottingham Forest,Burnley,1,1,1,1,1.4,1.4,1.4,1.8,1.5,1.7,1.0476190476190477,1.7619047619047619
20230923_ManchesterCity_NottinghamForest,2023-09-23,2324,Nottingham Forest,Manchester City,0,2,0,0,1.4,1.4,1.4,1.6,1.5,1.5,1.0465116279069768,1.744186046511628
20231001_NottinghamForest_Brentford,2023-10-01,2324,Nottingham Forest,Brentford,1,1,1,1,1.2,1.4,1.4,1.5,1.5,1.5,1.0227272727272727,1.75
20231007_CrystalPalace_NottinghamForest,2023-10-07,2324,Nottingham Forest,Crystal Palace,0,0,0,1,1.0,1.4,1.0,1.2,1.3,1.3,1.0222222222222221,1.7333333333333334
20231021_NottinghamForest_Luton,2023-10-21,2324,Nottingham Forest,Luton,2,2,1,1,0.6,0.8,1.2,1.0,1.1,1.3,1.0,1.6956521739130435
20231029_Liverpool_NottinghamForest,2023-10-29,2324,Nottingham Forest,Liverpool,0,3,0,0,0.8,1.2,0.8,1.1,1.3,1.1,1.0212765957446808,1.702127659574468
20231105_NottinghamForest_AstonVilla,2023-11-05,2324,Nottingham Forest,Aston Villa,2,0,1,3,0.6,1.6,0.6,1.0,1.5,1.0,1.0,1.7291666666666667
20231112_WestHamUnited_NottinghamForest,2023-11-12,2324,Nottingham Forest,West Ham United,2,3,0,0,1.0,1.2,1.2,1.1,1.3,1.3,1.0204081632653061,1.6938775510204083
20231125_NottinghamForest_Brighton,2023-11-25,2324,Nottingham Forest,Brighton,2,3,1,0,1.2,1.6,1.0,1.1,1.5,1.0,1.04,1.72
20231202_NottinghamForest_Everton,2023-12-02,2324,Nottingham Forest,Everton,0,1,1,0,1.6,2.2,0.8,1.1,1.5,1.0,1.0588235294117647,1.7450980392156863
20231206_Fulham_NottinghamForest,2023-12-06,2324,Nottingham Forest,Fulham,0,5,0,0,1.2,2.0,0.6,1.0,1.6,0.7,1.0384615384615385,1.7307692307692308
20231209_WolverhamptonWanderers_NottinghamForest,2023-12-09,2324,Nottingham Forest,Wolverhampton Wanderers,1,1,0,1,1.2,2.4,0.6,0.9,2.0,0.6,1.0188679245283019,1.7924528301886793
20231215_NottinghamForest_TottenhamHotspur,2023-12-15,2324,Nottingham Forest,Tottenham Hotspur,0,2,1,0,1.0,2.6,0.2,1.0,1.9,0.7,1.0185185185185186,1.7777777777777777
20231223_NottinghamForest_Bournemouth,2023-12-23,2324,Nottingham Forest,Bournemouth,2,3,1,0,0.6,2.4,0.2,0.9,2.0,0.6,1.0,1.7818181818181817
20231226_NewcastleUnited_NottinghamForest,2023-12-26,2324,Nottingham Forest,Newcastle United,3,1,0,3,0.6,2.4,0.2,1.1,2.3,0.5,1.0178571428571428,1.8035714285714286
20231230_NottinghamForest_ManchesterUnited,2023-12-30,2324,Nottingham Forest,Manchester United,2,1,1,3,1.2,2.4,0.8,1.2,2.2,0.7,1.0526315789473684,1.7894736842105263
20240120_Brentford_NottinghamForest,2024-01-20,2324,Nottingham Forest,Brentford,2,3,0,0,1.6,1.6,1.4,1.4,2.0,1.0,1.0689655172413792,1.7758620689655173
20240130_NottinghamForest_Arsenal,2024-01-30,2324,Nottingham Forest,Arsenal,1,2,1,0,1.8,2.0,1.2,1.4,2.3,0.7,1.0847457627118644,1.7966101694915255
20240204_Bournemouth_NottinghamForest,2024-02-04,2324,Nottingham Forest,Bournemouth,1,1,0,1,2.0,2.0,1.2,1.3,2.2,0.7,1.0833333333333333,1.8
20240210_NottinghamForest_NewcastleUnited,2024-02-10,2324,Nottingham Forest,Newcastle United,2,3,1,0,1.8,1.6,1.4,1.2,2.0,0.8,1.0819672131147542,1.7868852459016393
20240217_NottinghamForest_WestHamUnited,2024-02-17,2324,Nottingham Forest,West Ham United,2,0,1,3,1.6,2.0,0.8,1.4,2.2,0.8,1.096774193548387,1.8064516129032258
20240224_AstonVilla_NottinghamForest,2024-02-24,2324,Nottingham Forest,Aston Villa,2,4,0,0,1.6,1.8,0.8,1.6,1.7,1.1,1.1111111111111112,1.7777777777777777
20240302_NottinghamForest_Liverpool,2024-03-02,2324,Nottingham Forest,Liverpool,0,1,1,0,1.6,2.0,0.8,1.7,2.0,1.0,1.125,1.8125
20240310_Brighton_NottinghamForest,2024-03-10,2324,Nottingham Forest,Brighton,0,1,0,0,1.4,1.8,0.8,1.7,1.9,1.0,1.1076923076923078,1.8
20240316_Luton_NottinghamForest,2024-03-16,2324,Nottingham Forest,Luton,1,1,0,1,1.2,1.8,0.6,1.5,1.7,1.0,1.0909090909090908,1.7878787878787878
20240330_NottinghamForest_CrystalPalace,2024-03-30,2324,Nottingham Forest,Crystal Palace,1,1,1,1,1.0,1.4,0.8,1.3,1.7,0.8,1.0895522388059702,1.7761194029850746
20240402_NottinghamForest_Fulham,2024-04-02,2324,Nottingham Forest,Fulham,3,1,1,3,0.8,1.6,0.4,1.2,1.7,0.6,1.088235294117647,1.7647058823529411
20240407_TottenhamHotspur_NottinghamForest,2024-04-07,2324,Nottingham Forest,Tottenham Hotspur,1,3,0,0,1.0,1.0,1.0,1.3,1.5,0.9,1.1159420289855073,1.7536231884057971
20240413_NottinghamForest_WolverhamptonWanderers,2024-04-13,2324,Nottingham Forest,Wolverhampton Wanderers,2,2,1,1,1.2,1.4,1.0,1.3,1.6,0.9,1.1142857142857143,1.7714285714285714
20240421_Everton_NottinghamForest,2024-04-21,2324,Nottingham Forest,Everton,0,2,0,0,1.6,1.6,1.2,1.4,1.7,0.9,1.1267605633802817,1.7746478873239437
20240428_NottinghamForest_ManchesterCity,2024-04-28,2324,Nottingham Forest,Manchester City,0,2,1,0,1.4,1.8,1.0,1.2,1.6,0.9,1.1111111111111112,1.7777777777777777
20240504_SheffieldUnited_NottinghamForest,2024-05-04,2324,Nottingham Forest,Sheffield United,3,1,0,3,1.2,2.0,0.8,1.0,1.8,0.6,1.095890410958904,1.7808219178082192
20240511_NottinghamForest_Chelsea,2024-05-11,2324,Nottingham Forest,Chelsea,2,3,1,0,1.2,2.0,0.8,1.1,1.5,0.9,1.1216216216216217,1.7702702702702702
20240519_Burnley_NottinghamForest,2024-05-19,2324,Nottingham Forest,Burnley,2,1,0,3,1.4,2.0,0.8,1.3,1.7,0.9,1.1333333333333333,1.7866666666666666
20240817_NottinghamForest_Bournemouth,2024-08-17,2425,Nottingham Forest,Bournemouth,1,1,1,1,1.4,1.8,1.2,1.5,1.7,1.2,1.144736842105263,1.7763157894736843
20240824_Southampton_NottinghamForest,2024-08-24,2425,Nottingham Forest,Southampton,1,0,0,3,1.6,1.6,1.4,1.5,1.7,1.2,1.1428571428571428,1.7662337662337662
20240831_NottinghamForest_WolverhamptonWanderers,2024-08-31,2425,Nottingham Forest,Wolverhampton Wanderers,1,1,1,1,1.8,1.2,2.0,1.5,1.6,1.4,1.141025641025641,1.7435897435897436
20240914_Liverpool_NottinghamForest,2024-09-14,2425,Nottingham Forest,Liverpool,1,0,0,3,1.4,1.2,1.6,1.3,1.6,1.2,1.139240506329114,1.7341772151898733
20240922_Brighton_NottinghamForest,2024-09-22,2425,Nottingham Forest,Brighton,2,2,0,1,1.2,0.6,2.2,1.3,1.3,1.5,1.1375,1.7125
20240928_NottinghamForest_Fulham,2024-09-28,2425,Nottingham Forest,Fulham,0,1,1,0,1.2,0.8,1.8,1.3,1.3,1.5,1.1481481481481481,1.7160493827160495
20241006_Chelsea_NottinghamForest,2024-10-06,2425,Nottingham Forest,Chelsea,1,1,0,1,1.0,0.8,1.6,1.3,1.2,1.5,1.1341463414634145,1.7073170731707317
20241021_NottinghamForest_CrystalPalace,2024-10-21,2425,Nottingham Forest,Crystal Palace,1,0,1,3,1.0,1.0,1.2,1.4,1.1,1.6,1.1325301204819278,1.6987951807228916
20241025_LeicesterCity_NottinghamForest,2024-10-25,2425,Nottingham Forest,Leicester City,3,1,0,3,1.0,0.8,1.6,1.2,1.0,1.6,1.130952380952381,1.6785714285714286
20241102_NottinghamForest_WestHamUnited,2024-11-02,2425,Nottingham Forest,West Ham United,3,0,1,3,1.4,1.0,1.6,1.3,0.8,1.9,1.1529411764705881,1.6705882352941177
20241110_NottinghamForest_NewcastleUnited,2024-11-10,2425,Nottingham Forest,Newcastle United,1,3,1,0,1.6,0.6,2.0,1.4,0.7,1.9,1.1744186046511629,1.6511627906976745
20241123_Arsenal_NottinghamForest,2024-11-23,2425,Nottingham Forest,Arsenal,0,3,0,0,1.8,1.0,2.0,1.4,0.9,1.8,1.1724137931034482,1.6666666666666667
20241130_NottinghamForest_Ipswich,2024-11-30,2425,Nottingham Forest,Ipswich,1,0,1,3,1.6,1.4,1.8,1.3,1.2,1.5,1.1590909090909092,1.6818181818181819
20241204_ManchesterCity_NottinghamForest,2024-12-04,2425,Nottingham Forest,Manchester City,0,3,0,0,1.6,1.4,1.8,1.3,1.1,1.7,1.1573033707865168,1.6629213483146068
20241207_ManchesterUnited_NottinghamForest,2024-12-07,2425,Nottingham Forest,Manchester United,3,2,0,3,1.0,1.8,1.2,1.2,1.4,1.4,1.1444444444444444,1.6777777777777778
20241214_NottinghamForest_AstonVilla,2024-12-14,2425,Nottingham Forest,Aston Villa,2,1,1,3,1.0,2.2,1.2,1.3,1.4,1.6,1.164835164835165,1.6813186813186813
20241221_Brentford_NottinghamForest,2024-12-21,2425,Nottingham Forest,Brentford,2,0,0,3,1.2,1.8,1.8,1.5,1.4,1.9,1.173913043478261,1.673913043478261
20241226_NottinghamForest_TottenhamHotspur,2024-12-26,2425,Nottingham Forest,Tottenham Hotspur,1,0,1,3,1.6,1.2,2.4,1.6,1.3,2.1,1.1827956989247312,1.6559139784946237
20241229_Everton_NottinghamForest,2024-12-29,2425,Nottingham Forest,Everton,2,0,0,3,1.6,1.2,2.4,1.6,1.3,2.1,1.1808510638297873,1.6382978723404256
20250106_WolverhamptonWanderers_NottinghamForest,2025-01-06,2425,Nottingham Forest,Wolverhampton Wanderers,3,0,0,3,2.0,0.6,3.0,1.5,1.2,2.1,1.1894736842105262,1.6210526315789473
20250114_NottinghamForest_Liverpool,2025-01-14,2425,Nottingham Forest,Liverpool,1,1,1,1,2.0,0.2,3.0,1.5,1.2,2.1,1.2083333333333333,1.6041666666666667
20250119_NottinghamForest_Southampton,2025-01-19,2425,Nottingham Forest,Southampton,3,2,1,3,1.8,0.2,2.6,1.5,1.0,2.2,1.2061855670103092,1.597938144329897
20250125_Bournemouth_NottinghamForest,2025-01-25,2425,Nottingham Forest,Bournemouth,0,5,0,0,2.0,0.6,2.6,1.8,0.9,2.5,1.2244897959183674,1.6020408163265305
20250201_NottinghamForest_Brighton,2025-02-01,2425,Nottingham Forest,Brighton,7,0,1,3,1.8,1.6,2.0,1.7,1.4,2.2,1.2121212121212122,1.6363636363636365
20250215_Fulham_NottinghamForest,2025-02-15,2425,Nottingham Forest,Fulham,1,2,0,0,2.8,1.6,2.0,2.4,1.1,2.5,1.27,1.62
20250223_NewcastleUnited_NottinghamForest,2025-02-23,2425,Nottingham Forest,Newcastle United,3,4,0,0,2.4,2.0,1.4,2.2,1.1,2.2,1.2673267326732673,1.6237623762376239
20250226_NottinghamForest_Arsenal,2025-02-26,2425,Nottingham Forest,Arsenal,0,0,1,1,2.8,2.6,1.2,2.3,1.4,1.9,1.2843137254901962,1.6470588235294117
20250308_NottinghamForest_ManchesterCity,2025-03-08,2425,Nottingham Forest,Manchester City,1,0,1,3,2.2,2.2,0.8,2.1,1.4,1.7,1.2718446601941749,1.6310679611650485
20250315_Ipswich_NottinghamForest,2025-03-15,2425,Nottingham Forest,Ipswich,4,2,0,3,2.4,1.2,1.4,2.1,1.4,1.7,1.2692307692307692,1.6153846153846154
20250401_NottinghamForest_ManchesterUnited,2025-04-01,2425,Nottingham Forest,Manchester United,1,0,1,3,1.8,1.6,1.4,2.3,1.6,1.7,1.2952380952380953,1.619047619047619
20250405_AstonVilla_NottinghamForest,2025-04-05,2425,Nottingham Forest,Aston Villa,1,2,0,0,1.8,1.2,2.0,2.1,1.6,1.7,1.2924528301886793,1.6037735849056605
20250412_NottinghamForest_Everton,2025-04-12,2425,Nottingham Forest,Everton,0,1,1,0,1.4,0.8,2.0,2.1,1.7,1.6,1.2897196261682242,1.6074766355140186
20250421_TottenhamHotspur_NottinghamForest,2025-04-21,2425,Nottingham Forest,Tottenham Hotspur,2,1,0,3,1.4,1.0,1.8,1.8,1.6,1.3,1.2777777777777777,1.6018518518518519
20250501_NottinghamForest_Brentford,2025-05-01,2425,Nottingham Forest,Brentford,0,2,1,0,1.6,1.2,1.8,2.0,1.2,1.6,1.2844036697247707,1.5963302752293578
20250505_CrystalPalace_NottinghamForest,2025-05-05,2425,Nottingham Forest,Crystal Palace,1,1,0,1,0.8,1.2,1.2,1.3,1.4,1.3,1.2727272727272727,1.6
20250511_NottinghamForest_LeicesterCity,2025-05-11,2425,Nottingham Forest,Leicester City,2,2,1,1,0.8,1.4,0.8,1.3,1.3,1.4,1.2702702702702702,1.5945945945945945
20250518_WestHamUnited_NottinghamForest,2025-05-18,2425,Nottingham Forest,West Ham United,2,1,0,3,1.0,1.4,1.0,1.2,1.1,1.5,1.2767857142857142,1.5982142857142858
20250525_NottinghamForest_Chelsea,2025-05-25,2425,Nottingham Forest,Chelsea,0,1,1,0,1.4,1.4,1.6,1.4,1.2,1.7,1.2831858407079646,1.592920353982301
20250817_NottinghamForest_Brentford,2025-08-17,2526,Nottingham Forest,Brentford,3,1,1,3,1.0,1.4,1.0,1.3,1.3,1.4,1.2719298245614035,1.587719298245614
20250824_CrystalPalace_NottinghamForest,2025-08-24,2526,Nottingham Forest,Crystal Palace,1,1,0,1,1.6,1.2,1.6,1.2,1.2,1.4,1.2869565217391303,1.5826086956521739
20250831_NottinghamForest_WestHamUnited,2025-08-31,2526,Nottingham Forest,West Ham United,0,3,1,0,1.6,1.2,1.6,1.2,1.3,1.2,1.2844827586206897,1.5775862068965518
20250913_Arsenal_NottinghamForest,2025-09-13,2526,Nottingham Forest,Arsenal,0,3,0,0,1.2,1.4,1.4,1.1,1.4,1.2,1.2735042735042734,1.5897435897435896
20250920_Burnley_NottinghamForest,2025-09-20,2526,Nottingham Forest,Burnley,1,1,0,1,0.8,1.8,0.8,1.1,1.6,1.2,1.2627118644067796,1.6016949152542372
20250927_NottinghamForest_Sunderland,2025-09-27,2526,Nottingham Forest,Sunderland,0,1,1,0,1.0,1.8,1.0,1.0,1.6,1.0,1.2605042016806722,1.596638655462185
20251005_NewcastleUnited_NottinghamForest,2025-10-05,2526,Nottingham Forest,Newcastle United,0,2,0,0,0.4,1.8,0.4,1.0,1.5,1.0,1.25,1.5916666666666666
20251018_NottinghamForest_Chelsea,2025-10-18,2526,Nottingham Forest,Chelsea,0,3,1,0,0.2,2.0,0.2,0.9,1.6,0.9,1.2396694214876034,1.5950413223140496
20251026_Bournemouth_NottinghamForest,2025-10-26,2526,Nottingham Forest,Bournemouth,0,2,0,0,0.2,2.0,0.2,0.7,1.7,0.8,1.2295081967213115,1.6065573770491803
20251101_NottinghamForest_ManchesterUnited,2025-11-01,2526,Nottingham Forest,Manchester United,2,2,1,1,0.2,1.8,0.2,0.5,1.8,0.5,1.2195121951219512,1.6097560975609757
20251109_NottinghamForest_Leeds,2025-11-09,2526,Nottingham Forest,Leeds,3,1,1,3,0.4,2.0,0.2,0.7,1.9,0.6,1.2258064516129032,1.6129032258064515
20251122_Liverpool_NottinghamForest,2025-11-22,2526,Nottingham Forest,Liverpool,3,0,0,3,1.0,2.0,0.8,0.7,1.9,0.6,1.24,1.608
20251130_NottinghamForest_Brighton,2025-11-30,2526,Nottingham Forest,Brighton,0,2,1,0,1.6,1.6,1.4,0.9,1.8,0.8,1.253968253968254,1.5952380952380953
20251203_WolverhamptonWanderers_NottinghamForest,2025-12-03,2526,Nottingham Forest,Wolverhampton Wanderers,1,0,0,3,1.6,1.4,1.4,0.9,1.7,0.8,1.2440944881889764,1.5984251968503937
20251206_Everton_NottinghamForest,2025-12-06,2526,Nottingham Forest,Everton,0,3,0,0,1.8,1.0,2.0,1.0,1.4,1.1,1.2421875,1.5859375
20251214_NottinghamForest_TottenhamHotspur,2025-12-14,2526,Nottingham Forest,Tottenham Hotspur,3,0,1,3,1.4,1.2,1.8,0.9,1.6,1.0,1.2325581395348837,1.5968992248062015
20251222_Fulham_NottinghamForest,2025-12-22,2526,Nottingham Forest,Fulham,0,1,0,0,1.4,1.0,1.8,1.2,1.5,1.3,1.2461538461538462,1.5846153846153845
20251227_NottinghamForest_ManchesterCity,2025-12-27,2526,Nottingham Forest,Manchester City,1,2,1,0,0.8,1.2,1.2,1.2,1.4,1.3,1.2366412213740459,1.5801526717557253
20251230_NottinghamForest_Everton,2025-12-30,2526,Nottingham Forest,Everton,0,2,1,0,1.0,1.2,1.2,1.3,1.3,1.3,1.2348484848484849,1.5833333333333333
20260103_AstonVilla_NottinghamForest,2026-01-03,2526,Nottingham Forest,Aston Villa,1,3,0,0,0.8,1.6,0.6,1.3,1.3,1.3,1.2255639097744362,1.586466165413534
20260106_WestHamUnited_NottinghamForest,2026-01-06,2526,Nottingham Forest,West Ham United,2,1,0,3,1.0,1.6,0.6,1.2,1.4,1.2,1.2238805970149254,1.5970149253731343
20260117_NottinghamForest_Arsenal,2026-01-17,2526,Nottingham Forest,Arsenal,0,0,1,1,0.8,1.8,0.6,1.1,1.4,1.2,1.2296296296296296,1.5925925925925926
20260125_Brentford_NottinghamForest,2026-01-25,2526,Nottingham Forest,Brentford,2,0,0,3,0.8,1.6,0.8,0.8,1.4,1.0,1.2205882352941178,1.5808823529411764
20260201_NottinghamForest_CrystalPalace,2026-02-01,2526,Nottingham Forest,Crystal Palace,1,1,1,1,1.0,1.2,1.4,1.0,1.2,1.3,1.2262773722627738,1.5693430656934306
20260206_Leeds_NottinghamForest,2026-02-06,2526,Nottingham Forest,Leeds,1,3,0,0,1.2,1.0,1.6,1.0,1.3,1.1,1.2246376811594204,1.565217391304348
20260211_NottinghamForest_WolverhamptonWanderers,2026-02-11,2526,Nottingham Forest,Wolverhampton Wanderers,0,0,1,1,1.2,1.0,1.6,1.1,1.3,1.1,1.223021582733813,1.5755395683453237
20260222_NottinghamForest_Liverpool,2026-02-22,2526,Nottingham Forest,Liverpool,0,1,1,0,0.8,0.8,1.2,0.8,1.3,0.9,1.2142857142857142,1.5642857142857143
20260301_Brighton_NottinghamForest,2026-03-01,2526,Nottingham Forest,Brighton,1,2,0,0,0.8,1.0,1.0,0.8,1.3,0.9,1.2056737588652482,1.5602836879432624
20260304_ManchesterCity_NottinghamForest,2026-03-04,2526,Nottingham Forest,Manchester City,2,2,0,1,0.6,1.4,0.4,0.8,1.3,0.9,1.204225352112676,1.5633802816901408
20260315_NottinghamForest_Fulham,2026-03-15,2526,Nottingham Forest,Fulham,0,0,1,1,0.8,1.6,0.4,1.0,1.3,1.0,1.2097902097902098,1.5664335664335665
20260322_TottenhamHotspur_NottinghamForest,2026-03-22,2526,Nottingham Forest,Tottenham Hotspur,3,0,0,3,0.6,1.0,0.6,0.9,1.0,1.1,1.2013888888888888,1.5555555555555556
20260412_NottinghamForest_AstonVilla,2026-04-12,2526,Nottingham Forest,Aston Villa,1,1,1,1,1.2,1.0,1.0,1.0,0.9,1.1,1.2137931034482758,1.5448275862068965
20260419_NottinghamForest_Burnley,2026-04-19,2526,Nottingham Forest,Burnley,4,1,1,3,1.4,1.0,1.2,1.1,1.0,1.1,1.2123287671232876,1.5410958904109588
20260424_Sunderland_NottinghamForest,2026-04-24,2526,Nottingham Forest,Sunderland,5,0,0,3,2.0,0.8,1.8,1.3,1.1,1.1,1.2312925170068028,1.5374149659863945
20260504_Chelsea_NottinghamForest,2026-05-04,2526,Nottingham Forest,Chelsea,3,1,0,3,2.6,0.4,2.2,1.7,1.0,1.3,1.2567567567567568,1.527027027027027
20260510_NottinghamForest_NewcastleUnited,2026-05-10,2526,Nottingham Forest,Newcastle United,1,1,1,1,3.2,0.6,2.6,1.9,0.8,1.6,1.2684563758389262,1.523489932885906
20260517_ManchesterUnited_NottinghamForest,2026-05-17,2526,Nottingham Forest,Manchester United,2,3,0,0,2.8,0.8,2.2,2.0,0.9,1.6,1.2666666666666666,1.52
20260524_NottinghamForest_Bournemouth,2026-05-24,2526,Nottingham Forest,Bournemouth,1,1,1,1,3.0,1.2,2.0,2.2,1.1,1.6,1.271523178807947,1.5298013245033113
20230812_SheffieldUnited_CrystalPalace,2023-08-12,2324,Sheffield United,Crystal Palace,0,1,1,0,,,,,,,,
20230818_NottinghamForest_SheffieldUnited,2023-08-18,2324,Sheffield United,Nottingham Forest,1,2,0,0,,,,,,,,
20230827_SheffieldUnited_ManchesterCity,2023-08-27,2324,Sheffield United,Manchester City,1,2,1,0,,,,,,,,
20230902_SheffieldUnited_Everton,2023-09-02,2324,Sheffield United,Everton,2,2,1,1,0.6666666666666666,1.6666666666666667,0.0,0.6666666666666666,1.6666666666666667,0.0,0.6666666666666666,1.6666666666666667
20230916_TottenhamHotspur_SheffieldUnited,2023-09-16,2324,Sheffield United,Tottenham Hotspur,1,2,0,0,1.0,1.75,0.25,1.0,1.75,0.25,1.0,1.75
20230924_SheffieldUnited_NewcastleUnited,2023-09-24,2324,Sheffield United,Newcastle United,0,8,1,0,1.0,1.8,0.2,1.0,1.8,0.2,1.0,1.8
20230930_WestHamUnited_SheffieldUnited,2023-09-30,2324,Sheffield United,West Ham United,0,2,0,0,1.0,3.2,0.2,0.8333333333333334,2.8333333333333335,0.16666666666666666,0.8333333333333334,2.8333333333333335
20231007_Fulham_SheffieldUnited,2023-10-07,2324,Sheffield United,Fulham,1,3,0,0,0.8,3.2,0.2,0.7142857142857143,2.7142857142857144,0.14285714285714285,0.7142857142857143,2.7142857142857144
20231021_SheffieldUnited_ManchesterUnited,2023-10-21,2324,Sheffield United,Manchester United,1,2,1,0,0.8,3.4,0.2,0.75,2.75,0.125,0.75,2.75
20231028_Arsenal_SheffieldUnited,2023-10-28,2324,Sheffield United,Arsenal,0,5,0,0,0.6,3.4,0.0,0.7777777777777778,2.6666666666666665,0.1111111111111111,0.7777777777777778,2.6666666666666665
20231104_SheffieldUnited_WolverhamptonWanderers,2023-11-04,2324,Sheffield United,Wolverhampton Wanderers,2,1,1,3,0.4,4.0,0.0,0.7,2.9,0.1,0.7,2.9
20231112_Brighton_SheffieldUnited,2023-11-12,2324,Sheffield United,Brighton,1,1,0,1,0.8,2.6,0.6,0.9,2.9,0.4,0.8181818181818182,2.727272727272727
20231125_SheffieldUnited_Bournemouth,2023-11-25,2324,Sheffield United,Bournemouth,1,3,1,0,1.0,2.4,0.8,0.9,2.8,0.5,0.8333333333333334,2.5833333333333335
20231202_Burnley_SheffieldUnited,2023-12-02,2324,Sheffield United,Burnley,0,5,0,0,1.0,2.4,0.8,0.9,2.9,0.5,0.8461538461538461,2.6153846153846154
20231206_SheffieldUnited_Liverpool,2023-12-06,2324,Sheffield United,Liverpool,0,2,1,0,0.8,3.0,0.8,0.7,3.2,0.4,0.7857142857142857,2.7857142857142856
20231209_SheffieldUnited_Brentford,2023-12-09,2324,Sheffield United,Brentford,1,0,1,3,0.8,2.4,0.8,0.6,3.2,0.4,0.7333333333333333,2.7333333333333334
20231216_Chelsea_SheffieldUnited,2023-12-16,2324,Sheffield United,Chelsea,0,2,0,0,0.6,2.2,0.8,0.7,2.4,0.7,0.75,2.5625
20231222_AstonVilla_SheffieldUnited,2023-12-22,2324,Sheffield United,Aston Villa,1,1,0,1,0.4,2.4,0.6,0.7,2.4,0.7,0.7058823529411765,2.5294117647058822
20231226_SheffieldUnited_Luton,2023-12-26,2324,Sheffield United,Luton,2,3,1,0,0.4,2.0,0.8,0.7,2.2,0.8,0.7222222222222222,2.4444444444444446
20231230_ManchesterCity_SheffieldUnited,2023-12-30,2324,Sheffield United,Manchester City,0,2,0,0,0.8,1.6,0.8,0.8,2.3,0.8,0.7894736842105263,2.473684210526316
20240121_SheffieldUnited_WestHamUnited,2024-01-21,2324,Sheffield United,West Ham United,2,2,1,1,0.8,1.6,0.8,0.8,2.0,0.8,0.75,2.45
20240130_CrystalPalace_SheffieldUnited,2024-01-30,2324,Sheffield United,Crystal Palace,2,3,0,0,1.0,2.0,0.4,0.8,2.1,0.6,0.8095238095238095,2.4285714285714284
20240203_SheffieldUnited_AstonVilla,2024-02-03,2324,Sheffield United,Aston Villa,0,5,1,0,1.4,2.2,0.4,0.9,2.3,0.5,0.8636363636363636,2.4545454545454546
20240210_Luton_SheffieldUnited,2024-02-10,2324,Sheffield United,Luton,3,1,0,3,1.2,3.0,0.2,0.8,2.5,0.5,0.8260869565217391,2.5652173913043477
20240218_SheffieldUnited_Brighton,2024-02-18,2324,Sheffield United,Brighton,0,5,1,0,1.4,2.6,0.8,1.1,2.1,0.8,0.9166666666666666,2.5
20240225_WolverhamptonWanderers_SheffieldUnited,2024-02-25,2324,Sheffield United,Wolverhampton Wanderers,0,1,0,0,1.4,3.2,0.8,1.1,2.4,0.8,0.88,2.6
20240304_SheffieldUnited_Arsenal,2024-03-04,2324,Sheffield United,Arsenal,0,6,1,0,1.0,3.0,0.6,1.0,2.5,0.5,0.8461538461538461,2.5384615384615383
20240309_Bournemouth_SheffieldUnited,2024-03-09,2324,Sheffield United,Bournemouth,2,2,0,1,0.6,3.6,0.6,1.0,2.9,0.5,0.8148148148148148,2.6666666666666665
20240330_SheffieldUnited_Fulham,2024-03-30,2324,Sheffield United,Fulham,3,3,1,1,1.0,3.0,0.8,1.1,3.0,0.5,0.8571428571428571,2.642857142857143
20240404_Liverpool_SheffieldUnited,2024-04-04,2324,Sheffield United,Liverpool,1,3,0,0,1.0,3.4,0.4,1.2,3.0,0.6,0.9310344827586207,2.6551724137931036
20240407_SheffieldUnited_Chelsea,2024-04-07,2324,Sheffield United,Chelsea,2,2,1,1,1.2,3.0,0.4,1.3,3.1,0.6,0.9333333333333333,2.6666666666666665
20240413_Brentford_SheffieldUnited,2024-04-13,2324,Sheffield United,Brentford,0,2,0,0,1.6,3.2,0.6,1.3,3.1,0.6,0.967741935483871,2.6451612903225805
20240420_SheffieldUnited_Burnley,2024-04-20,2324,Sheffield United,Burnley,1,4,1,0,1.6,2.4,0.6,1.1,3.0,0.6,0.9375,2.625
20240424_ManchesterUnited_SheffieldUnited,2024-04-24,2324,Sheffield United,Manchester United,2,4,0,0,1.4,2.8,0.4,1.2,2.9,0.6,0.9393939393939394,2.6666666666666665
20240427_NewcastleUnited_SheffieldUnited,2024-04-27,2324,Sheffield United,Newcastle United,1,5,0,0,1.2,3.0,0.2,1.1,3.2,0.3,0.9705882352941176,2.7058823529411766
20240504_SheffieldUnited_NottinghamForest,2024-05-04,2324,Sheffield United,Nottingham Forest,1,3,1,0,1.2,3.4,0.2,1.2,3.2,0.3,0.9714285714285714,2.7714285714285714
20240511_Everton_SheffieldUnited,2024-05-11,2324,Sheffield United,Everton,0,1,0,0,1.0,3.6,0.0,1.3,3.4,0.3,0.9722222222222222,2.7777777777777777
20240519_SheffieldUnited_TottenhamHotspur,2024-05-19,2324,Sheffield United,Tottenham Hotspur,0,3,1,0,1.0,3.4,0.0,1.3,2.9,0.3,0.9459459459459459,2.72972972972973
20220806_TottenhamHotspur_Southampton,2022-08-06,2223,Southampton,Tottenham Hotspur,1,4,0,0,,,,,,,,
20220813_Southampton_Leeds,2022-08-13,2223,Southampton,Leeds,2,2,1,1,,,,,,,,
20220820_LeicesterCity_Southampton,2022-08-20,2223,Southampton,Leicester City,2,1,0,3,,,,,,,,
20220827_Southampton_ManchesterUnited,2022-08-27,2223,Southampton,Manchester United,0,1,1,0,1.6666666666666667,2.3333333333333335,1.3333333333333333,1.6666666666666667,2.3333333333333335,1.3333333333333333,1.6666666666666667,2.3333333333333335
20220830_Southampton_Chelsea,2022-08-30,2223,Southampton,Chelsea,2,1,1,3,1.25,2.0,1.0,1.25,2.0,1.0,1.25,2.0
20220903_WolverhamptonWanderers_Southampton,2022-09-03,2223,Southampton,Wolverhampton Wanderers,0,1,0,0,1.4,1.8,1.4,1.4,1.8,1.4,1.4,1.8
20220916_AstonVilla_Southampton,2022-09-16,2223,Southampton,Aston Villa,0,1,0,0,1.2,1.2,1.4,1.1666666666666667,1.6666666666666667,1.1666666666666667,1.1666666666666667,1.6666666666666667
20221001_Southampton_Everton,2022-10-01,2223,Southampton,Everton,1,2,1,0,0.8,1.0,1.2,1.0,1.5714285714285714,1.0,1.0,1.5714285714285714
20221008_ManchesterCity_Southampton,2022-10-08,2223,Southampton,Manchester City,0,4,0,0,0.6,1.2,0.6,1.0,1.625,0.875,1.0,1.625
20221016_Southampton_WestHamUnited,2022-10-16,2223,Southampton,West Ham United,1,1,1,1,0.6,1.8,0.6,0.8888888888888888,1.8888888888888888,0.7777777777777778,0.8888888888888888,1.8888888888888888
20221019_Bournemouth_Southampton,2022-10-19,2223,Southampton,Bournemouth,1,0,0,3,0.4,1.8,0.2,0.9,1.8,0.8,0.9,1.8
20221023_Southampton_Arsenal,2022-10-23,2223,Southampton,Arsenal,1,1,1,1,0.6,1.6,0.8,0.9,1.4,1.1,0.9090909090909091,1.6363636363636365
20221029_CrystalPalace_Southampton,2022-10-29,2223,Southampton,Crystal Palace,0,1,0,0,0.8,1.6,1.0,0.8,1.3,1.1,0.9166666666666666,1.5833333333333333
20221106_Southampton_NewcastleUnited,2022-11-06,2223,Southampton,Newcastle United,1,4,1,0,0.6,1.4,1.0,0.6,1.3,0.8,0.8461538461538461,1.5384615384615385
20221112_Liverpool_Southampton,2022-11-12,2223,Southampton,Liverpool,1,3,0,0,0.8,1.4,1.0,0.7,1.6,0.8,0.8571428571428571,1.7142857142857142
20221226_Southampton_Brighton,2022-12-26,2223,Southampton,Brighton,1,3,1,0,0.8,1.8,0.8,0.6,1.8,0.5,0.8666666666666667,1.8
20221231_Fulham_Southampton,2022-12-31,2223,Southampton,Fulham,1,2,0,0,0.8,2.4,0.2,0.7,2.0,0.5,0.875,1.875
20230104_Southampton_NottinghamForest,2023-01-04,2223,Southampton,Nottingham Forest,0,1,1,0,0.8,2.6,0.0,0.8,2.1,0.5,0.8823529411764706,1.8823529411764706
20230114_Everton_Southampton,2023-01-14,2223,Southampton,Everton,2,1,0,3,0.8,2.6,0.0,0.7,2.0,0.5,0.8333333333333334,1.8333333333333333
20230121_Southampton_AstonVilla,2023-01-21,2223,Southampton,Aston Villa,0,1,1,0,1.0,2.0,0.6,0.9,1.7,0.8,0.8947368421052632,1.7894736842105263
20230204_Brentford_Southampton,2023-02-04,2223,Southampton,Brentford,0,3,0,0,0.8,1.6,0.6,0.8,1.7,0.7,0.85,1.75
20230211_Southampton_WolverhamptonWanderers,2023-02-11,2223,Southampton,Wolverhampton Wanderers,1,2,1,0,0.6,1.6,0.6,0.7,2.0,0.4,0.8095238095238095,1.8095238095238095
20230218_Chelsea_Southampton,2023-02-18,2223,Southampton,Chelsea,1,0,0,3,0.6,1.6,0.6,0.7,2.1,0.3,0.8181818181818182,1.8181818181818181
20230225_Leeds_Southampton,2023-02-25,2223,Southampton,Leeds,0,1,0,0,0.8,1.4,1.2,0.8,2.0,0.6,0.8260869565217391,1.7391304347826086
20230304_Southampton_LeicesterCity,2023-03-04,2223,Southampton,Leicester City,1,0,1,3,0.4,1.4,0.6,0.7,1.7,0.6,0.7916666666666666,1.7083333333333333
20230312_ManchesterUnited_Southampton,2023-03-12,2223,Southampton,Manchester United,0,0,0,1,0.6,1.2,1.2,0.7,1.4,0.9,0.8,1.64
20230315_Southampton_Brentford,2023-03-15,2223,Southampton,Brentford,0,2,1,0,0.6,0.6,1.4,0.6,1.1,1.0,0.7692307692307693,1.5769230769230769
20230318_Southampton_TottenhamHotspur,2023-03-18,2223,Southampton,Tottenham Hotspur,3,3,1,1,0.4,0.6,1.4,0.5,1.1,1.0,0.7407407407407407,1.5925925925925926
20230402_WestHamUnited_Southampton,2023-04-02,2223,Southampton,West Ham United,0,1,0,0,0.8,1.2,1.0,0.8,1.3,1.1,0.8214285714285714,1.6428571428571428
20230408_Southampton_ManchesterCity,2023-04-08,2223,Southampton,Manchester City,1,4,1,0,0.8,1.2,1.0,0.6,1.3,0.8,0.7931034482758621,1.6206896551724137
20230415_Southampton_CrystalPalace,2023-04-15,2223,Southampton,Crystal Palace,0,2,1,0,0.8,2.0,0.4,0.7,1.6,0.8,0.8,1.7
20230421_Arsenal_Southampton,2023-04-21,2223,Southampton,Arsenal,3,3,0,1,0.8,2.4,0.2,0.7,1.5,0.8,0.7741935483870968,1.7096774193548387
20230427_Southampton_Bournemouth,2023-04-27,2223,Southampton,Bournemouth,0,1,1,0,1.4,2.6,0.4,0.9,1.6,0.9,0.84375,1.75
20230430_NewcastleUnited_Southampton,2023-04-30,2223,Southampton,Newcastle United,1,3,0,0,0.8,2.2,0.2,0.8,1.7,0.6,0.8181818181818182,1.7272727272727273
20230508_NottinghamForest_Southampton,2023-05-08,2223,Southampton,Nottingham Forest,3,4,0,0,1.0,2.6,0.2,0.9,1.9,0.6,0.8235294117647058,1.7647058823529411
20230513_Southampton_Fulham,2023-05-13,2223,Southampton,Fulham,0,2,1,0,1.4,2.6,0.2,1.1,2.3,0.3,0.8857142857142857,1.8285714285714285
20230521_Brighton_Southampton,2023-05-21,2223,Southampton,Brighton,1,3,0,0,1.4,2.6,0.2,1.1,2.5,0.2,0.8611111111111112,1.8333333333333333
20230528_Southampton_Liverpool,2023-05-28,2223,Southampton,Liverpool,4,4,1,1,1.0,2.6,0.0,1.2,2.6,0.2,0.8648648648648649,1.864864864864865
20240817_NewcastleUnited_Southampton,2024-08-17,2425,Southampton,Newcastle United,0,1,0,0,1.8,3.2,0.2,1.3,2.7,0.2,0.9473684210526315,1.9210526315789473
20240824_Southampton_NottinghamForest,2024-08-24,2425,Southampton,Nottingham Forest,0,1,1,0,1.6,2.8,0.2,1.3,2.7,0.2,0.9230769230769231,1.8974358974358974
20240831_Brentford_Southampton,2024-08-31,2425,Southampton,Brentford,1,3,0,0,1.0,2.2,0.2,1.2,2.4,0.2,0.9,1.875
20240914_Southampton_ManchesterUnited,2024-09-14,2425,Southampton,Manchester United,0,3,1,0,1.2,2.4,0.2,1.3,2.5,0.2,0.9024390243902439,1.9024390243902438
20240921_Southampton_Ipswich,2024-09-21,2425,Southampton,Ipswich,1,1,1,1,1.0,2.4,0.2,1.0,2.5,0.1,0.8809523809523809,1.9285714285714286
20240930_Bournemouth_Southampton,2024-09-30,2425,Southampton,Bournemouth,1,3,0,0,0.4,1.8,0.2,1.1,2.5,0.2,0.8837209302325582,1.9069767441860466
20241005_Arsenal_Southampton,2024-10-05,2425,Southampton,Arsenal,1,3,0,0,0.6,2.2,0.2,1.1,2.5,0.2,0.8863636363636364,1.9318181818181819
20241019_Southampton_LeicesterCity,2024-10-19,2425,Southampton,Leicester City,2,3,1,0,0.8,2.6,0.2,0.9,2.4,0.2,0.8888888888888888,1.9555555555555555
20241026_ManchesterCity_Southampton,2024-10-26,2425,Southampton,Manchester City,0,1,0,0,1.0,2.6,0.2,1.1,2.5,0.2,0.9130434782608695,1.9782608695652173
20241102_Southampton_Everton,2024-11-02,2425,Southampton,Everton,1,0,1,3,1.0,2.2,0.2,1.0,2.3,0.2,0.8936170212765957,1.9574468085106382
20241109_WolverhamptonWanderers_Southampton,2024-11-09,2425,Southampton,Wolverhampton Wanderers,0,2,0,0,1.0,2.0,0.6,0.7,1.9,0.4,0.8958333333333334,1.9166666666666667
20241124_Southampton_Liverpool,2024-11-24,2425,Southampton,Liverpool,2,3,1,0,0.8,1.8,0.6,0.7,2.0,0.4,0.8775510204081632,1.9183673469387754
20241129_Brighton_Southampton,2024-11-29,2425,Southampton,Brighton,1,1,0,1,1.0,1.8,0.6,0.9,2.2,0.4,0.9,1.94
20241204_Southampton_Chelsea,2024-12-04,2425,Southampton,Chelsea,1,5,1,0,0.8,1.4,0.8,0.9,2.0,0.5,0.9019607843137255,1.9215686274509804
20241207_AstonVilla_Southampton,2024-12-07,2425,Southampton,Aston Villa,0,1,0,0,1.0,2.2,0.8,1.0,2.2,0.5,0.9038461538461539,1.9807692307692308
20241215_Southampton_TottenhamHotspur,2024-12-15,2425,Southampton,Tottenham Hotspur,0,5,1,0,0.8,2.4,0.2,0.9,2.2,0.4,0.8867924528301887,1.9622641509433962
20241222_Fulham_Southampton,2024-12-22,2425,Southampton,Fulham,0,0,0,1,0.8,3.0,0.2,0.8,2.4,0.4,0.8703703703703703,2.0185185185185186
20241226_Southampton_WestHamUnited,2024-12-26,2425,Southampton,West Ham United,0,1,1,0,0.4,2.4,0.4,0.7,2.1,0.5,0.8545454545454545,1.981818181818182
20241229_CrystalPalace_Southampton,2024-12-29,2425,Southampton,Crystal Palace,1,2,0,0,0.2,2.4,0.2,0.5,1.9,0.5,0.8392857142857143,1.9642857142857142
20250104_Southampton_Brentford,2025-01-04,2425,Southampton,Brentford,0,5,1,0,0.2,1.8,0.2,0.6,2.0,0.5,0.8421052631578947,1.9649122807017543
20250116_ManchesterUnited_Southampton,2025-01-16,2425,Southampton,Manchester United,1,3,0,0,0.2,2.6,0.2,0.5,2.5,0.2,0.8275862068965517,2.0172413793103448
20250119_NottinghamForest_Southampton,2025-01-19,2425,Southampton,Nottingham Forest,2,3,0,0,0.4,2.2,0.2,0.6,2.6,0.2,0.8305084745762712,2.0338983050847457
20250125_Southampton_NewcastleUnited,2025-01-25,2425,Southampton,Newcastle United,1,3,1,0,0.8,2.8,0.0,0.6,2.6,0.2,0.85,2.05
20250201_Ipswich_Southampton,2025-02-01,2425,Southampton,Ipswich,2,1,0,3,1.0,3.2,0.0,0.6,2.8,0.1,0.8524590163934426,2.0655737704918034
20250215_Southampton_Bournemouth,2025-02-15,2425,Southampton,Bournemouth,1,3,1,0,1.2,3.0,0.6,0.7,2.4,0.4,0.8709677419354839,2.0483870967741935
20250222_Southampton_Brighton,2025-02-22,2425,Southampton,Brighton,0,4,1,0,1.4,2.6,0.6,0.8,2.6,0.4,0.873015873015873,2.0634920634920637
20250225_Chelsea_Southampton,2025-02-25,2425,Southampton,Chelsea,0,4,0,0,1.2,2.8,0.6,0.8,2.5,0.4,0.859375,2.09375
20250308_Liverpool_Southampton,2025-03-08,2425,Southampton,Liverpool,1,3,0,0,0.8,3.0,0.6,0.8,2.9,0.3,0.8461538461538461,2.123076923076923
20250315_Southampton_WolverhamptonWanderers,2025-03-15,2425,Southampton,Wolverhampton Wanderers,1,2,1,0,0.8,3.0,0.6,0.9,3.1,0.3,0.8484848484848485,2.1363636363636362
20250402_Southampton_CrystalPalace,2025-04-02,2425,Southampton,Crystal Palace,1,1,1,1,0.6,3.2,0.0,0.9,3.1,0.3,0.8507462686567164,2.1343283582089554
20250406_TottenhamHotspur_Southampton,2025-04-06,2425,Southampton,Tottenham Hotspur,1,3,0,0,0.6,2.8,0.2,1.0,2.7,0.4,0.8529411764705882,2.1176470588235294
20250412_Southampton_AstonVilla,2025-04-12,2425,Southampton,Aston Villa,0,3,1,0,0.8,2.6,0.2,1.0,2.7,0.4,0.855072463768116,2.130434782608696
20250419_WestHamUnited_Southampton,2025-04-19,2425,Southampton,West Ham United,1,1,0,1,0.8,2.4,0.2,0.8,2.7,0.4,0.8428571428571429,2.142857142857143
20250426_Southampton_Fulham,2025-04-26,2425,Southampton,Fulham,1,2,1,0,0.8,2.0,0.4,0.8,2.5,0.5,0.8450704225352113,2.1267605633802815
20250503_LeicesterCity_Southampton,2025-05-03,2425,Southampton,Leicester City,0,2,0,0,0.8,2.0,0.4,0.7,2.6,0.2,0.8472222222222222,2.125
20250510_Southampton_ManchesterCity,2025-05-10,2425,Southampton,Manchester City,0,0,1,1,0.6,2.2,0.2,0.6,2.5,0.2,0.8356164383561644,2.1232876712328768
20250518_Everton_Southampton,2025-05-18,2425,Southampton,Everton,0,2,0,0,0.4,1.6,0.4,0.6,2.1,0.3,0.8243243243243243,2.0945945945945947
20250525_Southampton_Arsenal,2025-05-25,2425,Southampton,Arsenal,1,2,1,0,0.4,1.4,0.4,0.6,1.9,0.3,0.8133333333333334,2.0933333333333333
20250816_Sunderland_WestHamUnited,2025-08-16,2526,Sunderland,West Ham United,3,0,1,3,,,,,,,,
20250823_Burnley_Sunderland,2025-08-23,2526,Sunderland,Burnley,0,2,0,0,,,,,,,,
20250830_Sunderland_Brentford,2025-08-30,2526,Sunderland,Brentford,2,1,1,3,,,,,,,,
20250913_CrystalPalace_Sunderland,2025-09-13,2526,Sunderland,Crystal Palace,0,0,0,1,1.6666666666666667,1.0,2.0,1.6666666666666667,1.0,2.0,1.6666666666666667,1.0
20250921_Sunderland_AstonVilla,2025-09-21,2526,Sunderland,Aston Villa,1,1,1,1,1.25,0.75,1.75,1.25,0.75,1.75,1.25,0.75
20250927_NottinghamForest_Sunderland,2025-09-27,2526,Sunderland,Nottingham Forest,1,0,0,3,1.2,0.8,1.6,1.2,0.8,1.6,1.2,0.8
20251004_ManchesterUnited_Sunderland,2025-10-04,2526,Sunderland,Manchester United,0,2,0,0,0.8,0.8,1.6,1.1666666666666667,0.6666666666666666,1.8333333333333333,1.1666666666666667,0.6666666666666666
20251018_Sunderland_WolverhamptonWanderers,2025-10-18,2526,Sunderland,Wolverhampton Wanderers,2,0,1,3,0.8,0.8,1.6,1.0,0.8571428571428571,1.5714285714285714,1.0,0.8571428571428571
20251025_Chelsea_Sunderland,2025-10-25,2526,Sunderland,Chelsea,2,1,0,3,0.8,0.6,1.6,1.125,0.75,1.75,1.125,0.75
20251103_Sunderland_Everton,2025-11-03,2526,Sunderland,Everton,1,1,1,1,1.2,0.8,2.0,1.2222222222222223,0.7777777777777778,1.8888888888888888,1.2222222222222223,0.7777777777777778
20251108_Sunderland_Arsenal,2025-11-08,2526,Sunderland,Arsenal,2,2,1,1,1.2,0.8,2.0,1.2,0.8,1.8,1.2,0.8
20251122_Fulham_Sunderland,2025-11-22,2526,Sunderland,Fulham,0,1,0,0,1.4,1.2,1.6,1.1,1.0,1.6,1.2727272727272727,0.9090909090909091
20251129_Sunderland_Bournemouth,2025-11-29,2526,Sunderland,Bournemouth,3,2,1,3,1.4,1.0,1.6,1.1,0.9,1.6,1.1666666666666667,0.9166666666666666
20251203_Liverpool_Sunderland,2025-12-03,2526,Sunderland,Liverpool,1,1,0,1,1.6,1.4,1.6,1.2,1.0,1.6,1.3076923076923077,1.0
20251206_ManchesterCity_Sunderland,2025-12-06,2526,Sunderland,Manchester City,0,3,0,0,1.4,1.4,1.2,1.3,1.1,1.6,1.2857142857142858,1.0
20251214_Sunderland_NewcastleUnited,2025-12-14,2526,Sunderland,Newcastle United,1,0,1,3,1.2,1.8,1.0,1.2,1.3,1.5,1.2,1.1333333333333333
20251220_Brighton_Sunderland,2025-12-20,2526,Sunderland,Brighton,0,0,0,1,1.0,1.4,1.4,1.2,1.3,1.5,1.1875,1.0625
20251228_Sunderland_Leeds,2025-12-28,2526,Sunderland,Leeds,1,1,1,1,1.0,1.2,1.6,1.2,1.1,1.6,1.1176470588235294,1.0
20260101_Sunderland_ManchesterCity,2026-01-01,2526,Sunderland,Manchester City,0,0,1,1,0.6,1.0,1.2,1.1,1.2,1.4,1.1111111111111112,1.0
20260104_TottenhamHotspur_Sunderland,2026-01-04,2526,Sunderland,Tottenham Hotspur,1,1,0,1,0.4,0.8,1.2,0.9,1.1,1.2,1.0526315789473684,0.9473684210526315
20260107_Brentford_Sunderland,2026-01-07,2526,Sunderland,Brentford,0,3,0,0,0.6,0.4,1.4,0.9,1.1,1.2,1.05,0.95
20260117_Sunderland_CrystalPalace,2026-01-17,2526,Sunderland,Crystal Palace,2,1,1,3,0.4,1.0,0.8,0.7,1.2,1.1,1.0,1.0476190476190477
20260124_WestHamUnited_Sunderland,2026-01-24,2526,Sunderland,West Ham United,1,3,0,0,0.8,1.2,1.2,0.9,1.2,1.4,1.0454545454545454,1.0454545454545454
20260202_Sunderland_Burnley,2026-02-02,2526,Sunderland,Burnley,3,0,1,3,0.8,1.6,1.0,0.7,1.3,1.1,1.0434782608695652,1.1304347826086956
20260207_Arsenal_Sunderland,2026-02-07,2526,Sunderland,Arsenal,0,3,0,0,1.4,1.6,1.4,0.9,1.2,1.3,1.125,1.0833333333333333
20260211_Sunderland_Liverpool,2026-02-11,2526,Sunderland,Liverpool,0,1,1,0,1.2,2.0,1.2,0.9,1.2,1.3,1.08,1.16
20260222_Sunderland_Fulham,2026-02-22,2526,Sunderland,Fulham,1,3,1,0,1.2,1.6,1.2,0.8,1.3,1.0,1.0384615384615385,1.1538461538461537
20260228_Bournemouth_Sunderland,2026-02-28,2526,Sunderland,Bournemouth,1,1,0,1,1.0,2.0,0.6,0.9,1.6,0.9,1.037037037037037,1.2222222222222223
20260303_Leeds_Sunderland,2026-03-03,2526,Sunderland,Leeds,1,0,0,3,1.0,1.6,0.8,0.9,1.6,0.9,1.0357142857142858,1.2142857142857142
20260314_Sunderland_Brighton,2026-03-14,2526,Sunderland,Brighton,0,1,1,0,0.6,1.6,0.8,1.0,1.6,1.1,1.0344827586206897,1.1724137931034482
20260322_NewcastleUnited_Sunderland,2026-03-22,2526,Sunderland,Newcastle United,2,1,0,3,0.6,1.2,0.8,0.9,1.6,1.0,1.0,1.1666666666666667
20260412_Sunderland_TottenhamHotspur,2026-04-12,2526,Sunderland,Tottenham Hotspur,1,0,1,3,1.0,1.2,1.4,1.1,1.4,1.3,1.032258064516129,1.1612903225806452
20260419_AstonVilla_Sunderland,2026-04-19,2526,Sunderland,Aston Villa,3,4,0,0,1.0,0.6,2.0,1.0,1.3,1.3,1.03125,1.125
20260424_Sunderland_NottinghamForest,2026-04-24,2526,Sunderland,Nottingham Forest,0,5,1,0,1.4,1.2,1.8,1.2,1.4,1.3,1.0909090909090908,1.2121212121212122
20260502_WolverhamptonWanderers_Sunderland,2026-05-02,2526,Sunderland,Wolverhampton Wanderers,1,1,0,1,1.2,2.2,1.2,0.9,1.9,1.0,1.0588235294117647,1.3235294117647058
20260509_Sunderland_ManchesterUnited,2026-05-09,2526,Sunderland,Manchester United,0,0,1,1,1.4,2.2,1.4,1.0,1.7,1.1,1.0571428571428572,1.3142857142857143
20260517_Everton_Sunderland,2026-05-17,2526,Sunderland,Everton,3,1,0,3,1.0,2.0,1.0,1.0,1.6,1.2,1.0277777777777777,1.2777777777777777
20260524_Sunderland_Chelsea,2026-05-24,2526,Sunderland,Chelsea,2,1,1,3,1.4,2.2,1.0,1.2,1.4,1.5,1.0810810810810811,1.2702702702702702
20220806_TottenhamHotspur_Southampton,2022-08-06,2223,Tottenham Hotspur,Southampton,4,1,1,3,,,,,,,,
20220814_Chelsea_TottenhamHotspur,2022-08-14,2223,Tottenham Hotspur,Chelsea,2,2,0,1,,,,,,,,
20220820_TottenhamHotspur_WolverhamptonWanderers,2022-08-20,2223,Tottenham Hotspur,Wolverhampton Wanderers,1,0,1,3,,,,,,,,
20220828_NottinghamForest_TottenhamHotspur,2022-08-28,2223,Tottenham Hotspur,Nottingham Forest,2,0,0,3,2.3333333333333335,1.0,2.3333333333333335,2.3333333333333335,1.0,2.3333333333333335,2.3333333333333335,1.0
20220831_WestHamUnited_TottenhamHotspur,2022-08-31,2223,Tottenham Hotspur,West Ham United,1,1,0,1,2.25,0.75,2.5,2.25,0.75,2.5,2.25,0.75
20220903_TottenhamHotspur_Fulham,2022-09-03,2223,Tottenham Hotspur,Fulham,2,1,1,3,2.0,0.8,2.2,2.0,0.8,2.2,2.0,0.8
20220917_TottenhamHotspur_LeicesterCity,2022-09-17,2223,Tottenham Hotspur,Leicester City,6,2,1,3,1.6,0.8,2.2,2.0,0.8333333333333334,2.3333333333333335,2.0,0.8333333333333334
20221001_Arsenal_TottenhamHotspur,2022-10-01,2223,Tottenham Hotspur,Arsenal,1,3,0,0,2.4,0.8,2.6,2.5714285714285716,1.0,2.4285714285714284,2.5714285714285716,1.0
20221008_Brighton_TottenhamHotspur,2022-10-08,2223,Tottenham Hotspur,Brighton,1,0,0,3,2.4,1.4,2.0,2.375,1.25,2.125,2.375,1.25
20221015_TottenhamHotspur_Everton,2022-10-15,2223,Tottenham Hotspur,Everton,2,0,1,3,2.2,1.4,2.0,2.2222222222222223,1.1111111111111112,2.2222222222222223,2.2222222222222223,1.1111111111111112
20221019_ManchesterUnited_TottenhamHotspur,2022-10-19,2223,Tottenham Hotspur,Manchester United,0,2,0,0,2.4,1.2,2.4,2.2,1.0,2.3,2.2,1.0
20221023_TottenhamHotspur_NewcastleUnited,2022-10-23,2223,Tottenham Hotspur,Newcastle United,1,2,1,0,2.0,1.4,1.8,1.8,1.1,2.0,2.0,1.0909090909090908
20221029_Bournemouth_TottenhamHotspur,2022-10-29,2223,Tottenham Hotspur,Bournemouth,3,2,0,3,1.0,1.4,1.2,1.7,1.1,1.9,1.9166666666666667,1.1666666666666667
20221106_TottenhamHotspur_Liverpool,2022-11-06,2223,Tottenham Hotspur,Liverpool,1,2,1,0,1.4,1.2,1.8,1.9,1.3,1.9,2.0,1.2307692307692308
20221112_TottenhamHotspur_Leeds,2022-11-12,2223,Tottenham Hotspur,Leeds,4,3,1,3,1.4,1.6,1.2,1.8,1.5,1.6,1.9285714285714286,1.2857142857142858
20221226_Brentford_TottenhamHotspur,2022-12-26,2223,Tottenham Hotspur,Brentford,2,2,0,1,1.8,2.2,1.2,2.1,1.7,1.8,2.066666666666667,1.4
20230101_TottenhamHotspur_AstonVilla,2023-01-01,2223,Tottenham Hotspur,Aston Villa,0,2,1,0,2.2,2.2,1.4,2.1,1.8,1.6,2.0625,1.4375
20230104_CrystalPalace_TottenhamHotspur,2023-01-04,2223,Tottenham Hotspur,Crystal Palace,4,0,0,3,2.0,2.2,1.4,1.5,1.8,1.3,1.9411764705882353,1.4705882352941178
20230115_TottenhamHotspur_Arsenal,2023-01-15,2223,Tottenham Hotspur,Arsenal,0,2,1,0,2.2,1.8,1.4,1.8,1.5,1.6,2.0555555555555554,1.3888888888888888
20230119_ManchesterCity_TottenhamHotspur,2023-01-19,2223,Tottenham Hotspur,Manchester City,2,4,0,0,2.0,1.8,1.4,1.7,1.7,1.3,1.9473684210526316,1.4210526315789473
20230123_Fulham_TottenhamHotspur,2023-01-23,2223,Tottenham Hotspur,Fulham,1,0,0,3,1.6,2.0,0.8,1.7,2.1,1.0,1.95,1.55
20230205_TottenhamHotspur_ManchesterCity,2023-02-05,2223,Tottenham Hotspur,Manchester City,1,0,1,3,1.4,1.6,1.2,1.8,1.9,1.3,1.9047619047619047,1.4761904761904763
20230211_LeicesterCity_TottenhamHotspur,2023-02-11,2223,Tottenham Hotspur,Leicester City,1,4,0,0,1.6,1.2,1.8,1.8,1.7,1.6,1.8636363636363635,1.4090909090909092
20230219_TottenhamHotspur_WestHamUnited,2023-02-19,2223,Tottenham Hotspur,West Ham United,2,0,1,3,1.0,2.0,1.2,1.6,1.9,1.3,1.826086956521739,1.5217391304347827
20230226_TottenhamHotspur_Chelsea,2023-02-26,2223,Tottenham Hotspur,Chelsea,2,0,1,3,1.4,1.6,1.8,1.7,1.7,1.6,1.8333333333333333,1.4583333333333333
20230304_WolverhamptonWanderers_TottenhamHotspur,2023-03-04,2223,Tottenham Hotspur,Wolverhampton Wanderers,0,1,0,0,1.4,0.8,2.4,1.5,1.4,1.6,1.84,1.4
20230311_TottenhamHotspur_NottinghamForest,2023-03-11,2223,Tottenham Hotspur,Nottingham Forest,3,1,1,3,1.2,1.0,1.8,1.3,1.3,1.5,1.7692307692307692,1.3846153846153846
20230318_Southampton_TottenhamHotspur,2023-03-18,2223,Tottenham Hotspur,Southampton,3,3,0,1,1.6,1.2,1.8,1.6,1.2,1.8,1.8148148148148149,1.3703703703703705
20230403_Everton_TottenhamHotspur,2023-04-03,2223,Tottenham Hotspur,Everton,1,1,0,1,2.0,1.0,2.0,1.5,1.5,1.6,1.8571428571428572,1.4285714285714286
20230408_TottenhamHotspur_Brighton,2023-04-08,2223,Tottenham Hotspur,Brighton,2,1,1,3,1.8,1.2,1.6,1.6,1.4,1.7,1.8275862068965518,1.4137931034482758
20230415_TottenhamHotspur_Bournemouth,2023-04-15,2223,Tottenham Hotspur,Bournemouth,2,3,1,0,1.8,1.4,1.6,1.6,1.1,2.0,1.8333333333333333,1.4
20230423_NewcastleUnited_TottenhamHotspur,2023-04-23,2223,Tottenham Hotspur,Newcastle United,1,6,0,0,2.2,1.8,1.6,1.7,1.4,1.7,1.8387096774193548,1.4516129032258065
20230427_TottenhamHotspur_ManchesterUnited,2023-04-27,2223,Tottenham Hotspur,Manchester United,2,2,1,1,1.8,2.8,1.0,1.7,2.0,1.4,1.8125,1.59375
20230430_Liverpool_TottenhamHotspur,2023-04-30,2223,Tottenham Hotspur,Liverpool,3,4,0,0,1.6,2.6,1.0,1.8,1.8,1.5,1.8181818181818181,1.606060606060606
20230506_TottenhamHotspur_CrystalPalace,2023-05-06,2223,Tottenham Hotspur,Crystal Palace,1,0,1,3,2.0,3.2,0.8,1.9,2.2,1.2,1.8529411764705883,1.6764705882352942
20230513_AstonVilla_TottenhamHotspur,2023-05-13,2223,Tottenham Hotspur,Aston Villa,1,2,0,0,1.8,3.0,0.8,1.8,2.2,1.2,1.8285714285714285,1.6285714285714286
20230520_TottenhamHotspur_Brentford,2023-05-20,2223,Tottenham Hotspur,Brentford,1,3,1,0,1.6,2.8,0.8,1.9,2.3,1.2,1.8055555555555556,1.6388888888888888
20230528_Leeds_TottenhamHotspur,2023-05-28,2223,Tottenham Hotspur,Leeds,4,1,0,3,1.6,2.2,0.8,1.7,2.5,0.9,1.7837837837837838,1.6756756756756757
20230813_Brentford_TottenhamHotspur,2023-08-13,2324,Tottenham Hotspur,Brentford,2,2,0,1,2.0,2.0,1.2,1.8,2.3,1.1,1.8421052631578947,1.6578947368421053
20230819_TottenhamHotspur_ManchesterUnited,2023-08-19,2324,Tottenham Hotspur,Manchester United,2,0,1,3,1.8,1.6,1.4,1.9,2.4,1.1,1.8461538461538463,1.6666666666666667
20230826_Bournemouth_TottenhamHotspur,2023-08-26,2324,Tottenham Hotspur,Bournemouth,2,0,0,3,2.0,1.6,1.4,1.9,2.3,1.1,1.85,1.625
20230902_Burnley_TottenhamHotspur,2023-09-02,2324,Tottenham Hotspur,Burnley,5,2,0,3,2.2,1.2,2.0,1.9,2.0,1.4,1.853658536585366,1.5853658536585367
20230916_TottenhamHotspur_SheffieldUnited,2023-09-16,2324,Tottenham Hotspur,Sheffield United,2,1,1,3,3.0,1.0,2.6,2.3,1.6,1.7,1.9285714285714286,1.5952380952380953
20230924_Arsenal_TottenhamHotspur,2023-09-24,2324,Tottenham Hotspur,Arsenal,2,2,0,1,2.6,1.0,2.6,2.3,1.5,1.9,1.930232558139535,1.5813953488372092
20230930_TottenhamHotspur_Liverpool,2023-09-30,2324,Tottenham Hotspur,Liverpool,2,1,1,3,2.6,1.0,2.6,2.2,1.3,2.0,1.9318181818181819,1.5909090909090908
20231007_Luton_TottenhamHotspur,2023-10-07,2324,Tottenham Hotspur,Luton,1,0,0,3,2.6,1.2,2.6,2.3,1.4,2.0,1.9333333333333333,1.5777777777777777
20231023_TottenhamHotspur_Fulham,2023-10-23,2324,Tottenham Hotspur,Fulham,2,0,1,3,2.4,1.2,2.6,2.3,1.2,2.3,1.9130434782608696,1.5434782608695652
20231027_CrystalPalace_TottenhamHotspur,2023-10-27,2324,Tottenham Hotspur,Crystal Palace,2,1,0,3,1.8,0.8,2.6,2.4,0.9,2.6,1.9148936170212767,1.5106382978723405
20231106_TottenhamHotspur_Chelsea,2023-11-06,2324,Tottenham Hotspur,Chelsea,1,4,1,0,1.8,0.8,2.6,2.2,0.9,2.6,1.9166666666666667,1.5
20231111_WolverhamptonWanderers_TottenhamHotspur,2023-11-11,2324,Tottenham Hotspur,Wolverhampton Wanderers,1,2,0,0,1.6,1.2,2.4,2.1,1.1,2.5,1.8979591836734695,1.5510204081632653
20231126_TottenhamHotspur_AstonVilla,2023-11-26,2324,Tottenham Hotspur,Aston Villa,1,2,1,0,1.4,1.4,1.8,2.0,1.3,2.2,1.88,1.56
20231203_ManchesterCity_TottenhamHotspur,2023-12-03,2324,Tottenham Hotspur,Manchester City,3,3,0,1,1.4,1.8,1.2,1.9,1.5,1.9,1.8627450980392157,1.5686274509803921
20231207_TottenhamHotspur_WestHamUnited,2023-12-07,2324,Tottenham Hotspur,West Ham United,1,2,1,0,1.6,2.4,0.8,1.7,1.6,1.7,1.8846153846153846,1.5961538461538463
20231210_TottenhamHotspur_NewcastleUnited,2023-12-10,2324,Tottenham Hotspur,Newcastle United,4,1,1,3,1.4,2.6,0.2,1.6,1.7,1.4,1.8679245283018868,1.6037735849056605
20231215_NottinghamForest_TottenhamHotspur,2023-12-15,2324,Tottenham Hotspur,Nottingham Forest,2,0,0,3,2.0,2.0,0.8,1.8,1.6,1.6,1.9074074074074074,1.5925925925925926
20231223_TottenhamHotspur_Everton,2023-12-23,2324,Tottenham Hotspur,Everton,2,1,1,3,2.2,1.6,1.4,1.8,1.5,1.6,1.9090909090909092,1.5636363636363637
20231228_Brighton_TottenhamHotspur,2023-12-28,2324,Tottenham Hotspur,Brighton,2,4,0,0,2.4,1.4,2.0,1.9,1.6,1.6,1.9107142857142858,1.5535714285714286
20231231_TottenhamHotspur_Bournemouth,2023-12-31,2324,Tottenham Hotspur,Bournemouth,3,1,1,3,2.2,1.6,1.8,1.9,2.0,1.3,1.912280701754386,1.5964912280701755
20240114_ManchesterUnited_TottenhamHotspur,2024-01-14,2324,Tottenham Hotspur,Manchester United,2,2,0,1,2.6,1.4,2.4,2.0,2.0,1.3,1.9310344827586208,1.5862068965517242
20240131_TottenhamHotspur_Brentford,2024-01-31,2324,Tottenham Hotspur,Brentford,3,2,1,3,2.2,1.6,2.0,2.1,1.8,1.4,1.9322033898305084,1.5932203389830508
20240203_Everton_TottenhamHotspur,2024-02-03,2324,Tottenham Hotspur,Everton,2,2,0,1,2.4,2.0,2.0,2.3,1.8,1.7,1.95,1.6
20240210_TottenhamHotspur_Brighton,2024-02-10,2324,Tottenham Hotspur,Brighton,2,1,1,3,2.4,2.2,1.6,2.4,1.8,1.8,1.9508196721311475,1.6065573770491803
20240217_TottenhamHotspur_WolverhamptonWanderers,2024-02-17,2324,Tottenham Hotspur,Wolverhampton Wanderers,1,2,1,0,2.4,1.6,2.2,2.3,1.6,2.0,1.9516129032258065,1.596774193548387
20240302_TottenhamHotspur_CrystalPalace,2024-03-02,2324,Tottenham Hotspur,Crystal Palace,3,1,1,3,2.0,1.8,1.6,2.3,1.6,2.0,1.9365079365079365,1.6031746031746033
20240310_AstonVilla_TottenhamHotspur,2024-03-10,2324,Tottenham Hotspur,Aston Villa,4,0,0,3,2.2,1.6,2.0,2.2,1.6,2.0,1.953125,1.59375
20240316_Fulham_TottenhamHotspur,2024-03-16,2324,Tottenham Hotspur,Fulham,0,3,0,0,2.4,1.2,2.0,2.4,1.6,2.0,1.9846153846153847,1.5692307692307692
20240330_TottenhamHotspur_Luton,2024-03-30,2324,Tottenham Hotspur,Luton,2,1,1,3,2.0,1.4,1.8,2.2,1.8,1.7,1.9545454545454546,1.5909090909090908
20240402_WestHamUnited_TottenhamHotspur,2024-04-02,2324,Tottenham Hotspur,West Ham United,1,1,0,1,2.0,1.4,1.8,2.2,1.5,2.0,1.955223880597015,1.5820895522388059
20240407_TottenhamHotspur_NottinghamForest,2024-04-07,2324,Tottenham Hotspur,Nottingham Forest,3,1,1,3,2.0,1.2,2.0,2.0,1.5,1.8,1.9411764705882353,1.5735294117647058
20240413_NewcastleUnited_TottenhamHotspur,2024-04-13,2324,Tottenham Hotspur,Newcastle United,0,4,0,0,2.0,1.2,2.0,2.1,1.4,2.0,1.9565217391304348,1.565217391304348
20240428_TottenhamHotspur_Arsenal,2024-04-28,2324,Tottenham Hotspur,Arsenal,2,3,1,0,1.2,2.0,1.4,1.8,1.6,1.7,1.9285714285714286,1.6
20240502_Chelsea_TottenhamHotspur,2024-05-02,2324,Tottenham Hotspur,Chelsea,0,2,0,0,1.6,2.0,1.4,1.8,1.7,1.6,1.9295774647887325,1.619718309859155
20240505_Liverpool_TottenhamHotspur,2024-05-05,2324,Tottenham Hotspur,Liverpool,2,4,0,0,1.2,2.2,0.8,1.6,1.8,1.3,1.9027777777777777,1.625
20240511_TottenhamHotspur_Burnley,2024-05-11,2324,Tottenham Hotspur,Burnley,2,1,1,3,1.4,2.8,0.6,1.7,2.0,1.3,1.904109589041096,1.6575342465753424
20240514_TottenhamHotspur_ManchesterCity,2024-05-14,2324,Tottenham Hotspur,Manchester City,0,2,1,0,1.2,2.8,0.6,1.6,2.0,1.3,1.9054054054054055,1.6486486486486487
20240519_SheffieldUnited_TottenhamHotspur,2024-05-19,2324,Tottenham Hotspur,Sheffield United,3,0,0,3,1.2,2.4,0.6,1.2,2.2,1.0,1.88,1.6533333333333333
20240819_LeicesterCity_TottenhamHotspur,2024-08-19,2425,Tottenham Hotspur,Leicester City,1,1,0,1,1.4,1.8,1.2,1.5,1.9,1.3,1.894736842105263,1.631578947368421
20240824_TottenhamHotspur_Everton,2024-08-24,2425,Tottenham Hotspur,Everton,4,0,1,3,1.6,1.6,1.4,1.4,1.9,1.1,1.8831168831168832,1.6233766233766234
20240901_NewcastleUnited_TottenhamHotspur,2024-09-01,2425,Tottenham Hotspur,Newcastle United,1,2,0,0,2.0,0.8,2.0,1.7,1.8,1.3,1.9102564102564104,1.6025641025641026
20240915_TottenhamHotspur_Arsenal,2024-09-15,2425,Tottenham Hotspur,Arsenal,0,1,1,0,1.8,1.0,1.4,1.5,1.9,1.0,1.8987341772151898,1.6075949367088607
20240921_TottenhamHotspur_Brentford,2024-09-21,2425,Tottenham Hotspur,Brentford,3,1,1,3,1.8,0.8,1.4,1.5,1.6,1.0,1.875,1.6
20240929_ManchesterUnited_TottenhamHotspur,2024-09-29,2425,Tottenham Hotspur,Manchester United,3,0,0,3,1.8,1.0,1.4,1.6,1.4,1.3,1.8888888888888888,1.5925925925925926
20241006_Brighton_TottenhamHotspur,2024-10-06,2425,Tottenham Hotspur,Brighton,2,3,0,0,2.2,0.8,1.8,1.9,1.2,1.6,1.9024390243902438,1.5731707317073171
20241019_TottenhamHotspur_WestHamUnited,2024-10-19,2425,Tottenham Hotspur,West Ham United,4,1,1,3,1.8,1.4,1.2,1.9,1.1,1.6,1.9036144578313252,1.5903614457831325
20241027_CrystalPalace_TottenhamHotspur,2024-10-27,2425,Tottenham Hotspur,Crystal Palace,0,1,0,0,2.4,1.2,1.8,2.1,1.1,1.6,1.9285714285714286,1.5833333333333333
20241103_TottenhamHotspur_AstonVilla,2024-11-03,2425,Tottenham Hotspur,Aston Villa,4,1,1,3,2.4,1.2,1.8,2.1,1.0,1.6,1.9058823529411764,1.576470588235294
20241110_TottenhamHotspur_Ipswich,2024-11-10,2425,Tottenham Hotspur,Ipswich,1,2,1,0,2.6,1.2,1.8,2.2,1.1,1.6,1.930232558139535,1.569767441860465
20241123_ManchesterCity_TottenhamHotspur,2024-11-23,2425,Tottenham Hotspur,Manchester City,4,0,0,3,2.2,1.6,1.2,2.2,1.2,1.5,1.9195402298850575,1.5747126436781609
20241201_TottenhamHotspur_Fulham,2024-12-01,2425,Tottenham Hotspur,Fulham,1,1,1,1,2.6,1.0,1.8,2.2,1.2,1.5,1.9431818181818181,1.5568181818181819
20241205_Bournemouth_TottenhamHotspur,2024-12-05,2425,Tottenham Hotspur,Bournemouth,0,1,0,0,2.0,1.0,1.4,2.2,1.1,1.6,1.9325842696629214,1.550561797752809
20241208_TottenhamHotspur_Chelsea,2024-12-08,2425,Tottenham Hotspur,Chelsea,3,4,1,0,2.0,1.0,1.4,2.2,1.1,1.6,1.9111111111111112,1.5444444444444445
20241215_Southampton_TottenhamHotspur,2024-12-15,2425,Tottenham Hotspur,Southampton,5,0,0,3,1.8,1.6,0.8,2.2,1.4,1.3,1.9230769230769231,1.5714285714285714
20241222_TottenhamHotspur_Liverpool,2024-12-22,2425,Tottenham Hotspur,Liverpool,3,6,1,0,2.6,1.2,1.4,2.4,1.4,1.3,1.9565217391304348,1.5543478260869565
20241226_NottinghamForest_TottenhamHotspur,2024-12-26,2425,Tottenham Hotspur,Nottingham Forest,0,1,0,0,2.4,2.4,0.8,2.5,1.7,1.3,1.967741935483871,1.6021505376344085
20241229_TottenhamHotspur_WolverhamptonWanderers,2024-12-29,2425,Tottenham Hotspur,Wolverhampton Wanderers,2,2,1,1,2.2,2.4,0.6,2.1,1.7,1.0,1.946808510638298,1.5957446808510638
20250104_TottenhamHotspur_NewcastleUnited,2025-01-04,2425,Tottenham Hotspur,Newcastle United,1,2,1,0,2.6,2.6,0.8,2.3,1.8,1.1,1.9473684210526316,1.6
20250115_Arsenal_TottenhamHotspur,2025-01-15,2425,Tottenham Hotspur,Arsenal,1,2,0,0,2.2,2.2,0.8,2.0,1.9,0.8,1.9375,1.6041666666666667
20250119_Everton_TottenhamHotspur,2025-01-19,2425,Tottenham Hotspur,Everton,2,3,0,0,1.4,2.6,0.2,2.0,1.9,0.8,1.9278350515463918,1.6082474226804124
20250126_TottenhamHotspur_LeicesterCity,2025-01-26,2425,Tottenham Hotspur,Leicester City,1,2,1,0,1.2,2.0,0.2,1.8,2.2,0.5,1.9285714285714286,1.6224489795918366
20250202_Brentford_TottenhamHotspur,2025-02-02,2425,Tottenham Hotspur,Brentford,2,0,0,3,1.4,2.2,0.2,1.8,2.3,0.4,1.9191919191919191,1.6262626262626263
20250216_TottenhamHotspur_ManchesterUnited,2025-02-16,2425,Tottenham Hotspur,Manchester United,1,0,1,3,1.4,1.8,0.6,2.0,2.2,0.7,1.92,1.61
20250222_Ipswich_TottenhamHotspur,2025-02-22,2425,Tottenham Hotspur,Ipswich,4,1,0,3,1.4,1.4,1.2,1.8,1.8,1.0,1.9108910891089108,1.5940594059405941
20250226_TottenhamHotspur_ManchesterCity,2025-02-26,2425,Tottenham Hotspur,Manchester City,0,1,1,0,2.0,1.2,1.8,1.7,1.9,1.0,1.9313725490196079,1.588235294117647
20250309_TottenhamHotspur_Bournemouth,2025-03-09,2425,Tottenham Hotspur,Bournemouth,2,2,1,1,1.6,0.8,1.8,1.4,1.4,1.0,1.912621359223301,1.5825242718446602
20250316_Fulham_TottenhamHotspur,2025-03-16,2425,Tottenham Hotspur,Fulham,0,2,0,0,1.8,0.8,2.0,1.6,1.5,1.1,1.9134615384615385,1.5865384615384615
20250403_Chelsea_TottenhamHotspur,2025-04-03,2425,Tottenham Hotspur,Chelsea,0,1,0,0,1.4,1.2,1.4,1.4,1.5,1.0,1.8952380952380952,1.5904761904761904
20250406_TottenhamHotspur_Southampton,2025-04-06,2425,Tottenham Hotspur,Southampton,3,1,1,3,1.2,1.4,0.8,1.3,1.4,1.0,1.8773584905660377,1.5849056603773586
20250413_WolverhamptonWanderers_TottenhamHotspur,2025-04-13,2425,Tottenham Hotspur,Wolverhampton Wanderers,2,4,0,0,1.0,1.4,0.8,1.5,1.3,1.3,1.8878504672897196,1.5794392523364487
20250421_TottenhamHotspur_NottinghamForest,2025-04-21,2425,Tottenham Hotspur,Nottingham Forest,1,2,1,0,1.4,2.0,0.8,1.5,1.4,1.3,1.8888888888888888,1.6018518518518519
20250427_Liverpool_TottenhamHotspur,2025-04-27,2425,Tottenham Hotspur,Liverpool,1,5,0,0,1.2,2.0,0.6,1.5,1.4,1.3,1.8807339449541285,1.6055045871559632
20250504_WestHamUnited_TottenhamHotspur,2025-05-04,2425,Tottenham Hotspur,West Ham United,1,1,0,1,1.4,2.6,0.6,1.4,1.9,1.0,1.8727272727272728,1.6363636363636365
20250511_TottenhamHotspur_CrystalPalace,2025-05-11,2425,Tottenham Hotspur,Crystal Palace,0,2,1,0,1.6,2.6,0.8,1.4,2.0,0.8,1.864864864864865,1.6306306306306306
20250516_AstonVilla_TottenhamHotspur,2025-05-16,2425,Tottenham Hotspur,Aston Villa,0,2,0,0,1.0,2.8,0.2,1.0,2.1,0.5,1.8482142857142858,1.6339285714285714
20250525_TottenhamHotspur_Brighton,2025-05-25,2425,Tottenham Hotspur,Brighton,1,4,1,0,0.6,2.4,0.2,1.0,2.2,0.5,1.831858407079646,1.6371681415929205
20250816_TottenhamHotspur_Burnley,2025-08-16,2526,Tottenham Hotspur,Burnley,3,0,1,3,0.6,2.8,0.2,0.9,2.4,0.4,1.8245614035087718,1.6578947368421053
20250823_ManchesterCity_TottenhamHotspur,2025-08-23,2526,Tottenham Hotspur,Manchester City,2,0,0,3,1.0,1.8,0.8,1.2,2.2,0.7,1.8347826086956522,1.6434782608695653
20250830_TottenhamHotspur_Bournemouth,2025-08-30,2526,Tottenham Hotspur,Bournemouth,0,1,1,0,1.2,1.6,1.2,1.4,2.1,1.0,1.8362068965517242,1.6293103448275863
20250913_WestHamUnited_TottenhamHotspur,2025-09-13,2526,Tottenham Hotspur,West Ham United,3,0,0,3,1.2,1.4,1.2,1.1,2.1,0.7,1.8205128205128205,1.623931623931624
20250920_Brighton_TottenhamHotspur,2025-09-20,2526,Tottenham Hotspur,Brighton,2,2,0,1,1.8,1.0,1.8,1.2,1.7,1.0,1.8305084745762712,1.6101694915254237
20250927_TottenhamHotspur_WolverhamptonWanderers,2025-09-27,2526,Tottenham Hotspur,Wolverhampton Wanderers,1,1,1,1,2.0,0.6,2.0,1.3,1.7,1.1,1.8319327731092436,1.6134453781512605
20251004_Leeds_TottenhamHotspur,2025-10-04,2526,Tottenham Hotspur,Leeds,2,1,0,3,1.6,0.8,1.6,1.3,1.3,1.2,1.825,1.6083333333333334
20251019_TottenhamHotspur_AstonVilla,2025-10-19,2526,Tottenham Hotspur,Aston Villa,1,2,1,0,1.6,1.0,1.6,1.4,1.3,1.4,1.8264462809917354,1.603305785123967
20251026_Everton_TottenhamHotspur,2025-10-26,2526,Tottenham Hotspur,Everton,3,0,0,3,1.8,1.2,1.6,1.5,1.3,1.4,1.819672131147541,1.6065573770491803
20251101_TottenhamHotspur_Chelsea,2025-11-01,2526,Tottenham Hotspur,Chelsea,0,1,1,0,1.8,1.2,1.6,1.8,1.1,1.7,1.829268292682927,1.5934959349593496
20251108_TottenhamHotspur_ManchesterUnited,2025-11-08,2526,Tottenham Hotspur,Manchester United,2,2,1,1,1.4,1.0,1.4,1.7,0.8,1.7,1.814516129032258,1.5887096774193548
20251123_Arsenal_TottenhamHotspur,2025-11-23,2526,Tottenham Hotspur,Arsenal,1,4,0,0,1.6,1.2,1.4,1.6,1.0,1.5,1.816,1.592
20251129_TottenhamHotspur_Fulham,2025-11-29,2526,Tottenham Hotspur,Fulham,1,2,1,0,1.4,1.8,0.8,1.5,1.4,1.2,1.8095238095238095,1.6111111111111112
20251202_NewcastleUnited_TottenhamHotspur,2025-12-02,2526,Tottenham Hotspur,Newcastle United,2,2,0,1,1.4,1.8,0.8,1.6,1.5,1.2,1.8031496062992125,1.6141732283464567
20251206_TottenhamHotspur_Brentford,2025-12-06,2526,Tottenham Hotspur,Brentford,2,0,1,3,1.2,2.2,0.4,1.5,1.7,1.0,1.8046875,1.6171875
20251214_NottinghamForest_TottenhamHotspur,2025-12-14,2526,Tottenham Hotspur,Nottingham Forest,0,3,0,0,1.6,2.0,1.0,1.5,1.5,1.2,1.806201550387597,1.6046511627906976
20251220_TottenhamHotspur_Liverpool,2025-12-20,2526,Tottenham Hotspur,Liverpool,1,2,1,0,1.2,2.2,0.8,1.4,1.7,1.1,1.7923076923076924,1.6153846153846154
20251228_CrystalPalace_TottenhamHotspur,2025-12-28,2526,Tottenham Hotspur,Crystal Palace,1,0,0,3,1.2,1.8,0.8,1.3,1.8,0.8,1.786259541984733,1.618320610687023
20260101_Brentford_TottenhamHotspur,2026-01-01,2526,Tottenham Hotspur,Brentford,0,0,0,1,1.2,1.4,1.4,1.3,1.6,1.1,1.7803030303030303,1.606060606060606
20260104_TottenhamHotspur_Sunderland,2026-01-04,2526,Tottenham Hotspur,Sunderland,1,1,1,1,0.8,1.0,1.4,1.0,1.6,0.9,1.7669172932330828,1.593984962406015
20260107_Bournemouth_TottenhamHotspur,2026-01-07,2526,Tottenham Hotspur,Bournemouth,2,3,0,0,0.6,1.2,1.0,1.1,1.6,1.0,1.7611940298507462,1.5895522388059702
20260117_TottenhamHotspur_WestHamUnited,2026-01-17,2526,Tottenham Hotspur,West Ham United,1,2,1,0,1.0,1.2,1.0,1.1,1.7,0.9,1.762962962962963,1.6
20260124_Burnley_TottenhamHotspur,2026-01-24,2526,Tottenham Hotspur,Burnley,2,2,0,1,1.0,1.2,1.0,1.1,1.5,0.9,1.7573529411764706,1.6029411764705883
20260201_TottenhamHotspur_ManchesterCity,2026-02-01,2526,Tottenham Hotspur,Manchester City,2,2,1,1,1.2,1.6,0.6,1.2,1.5,1.0,1.7591240875912408,1.6058394160583942
20260207_ManchesterUnited_TottenhamHotspur,2026-02-07,2526,Tottenham Hotspur,Manchester United,0,2,0,0,1.6,2.0,0.6,1.2,1.5,1.0,1.7608695652173914,1.608695652173913
20260210_TottenhamHotspur_NewcastleUnited,2026-02-10,2526,Tottenham Hotspur,Newcastle United,1,2,1,0,1.4,2.2,0.4,1.0,1.7,0.7,1.7482014388489209,1.6115107913669064
20260222_TottenhamHotspur_Arsenal,2026-02-22,2526,Tottenham Hotspur,Arsenal,1,4,1,0,1.2,2.0,0.4,1.1,1.6,0.7,1.7428571428571429,1.6142857142857143
20260301_Fulham_TottenhamHotspur,2026-03-01,2526,Tottenham Hotspur,Fulham,1,2,0,0,1.2,2.4,0.4,1.1,1.8,0.7,1.7375886524822695,1.6312056737588652
20260305_TottenhamHotspur_CrystalPalace,2026-03-05,2526,Tottenham Hotspur,Crystal Palace,1,3,1,0,1.0,2.4,0.2,1.1,2.0,0.4,1.732394366197183,1.6338028169014085
20260315_Liverpool_TottenhamHotspur,2026-03-15,2526,Tottenham Hotspur,Liverpool,1,1,0,1,0.8,2.6,0.0,1.2,2.3,0.3,1.7272727272727273,1.6433566433566433
20260322_TottenhamHotspur_NottinghamForest,2026-03-22,2526,Tottenham Hotspur,Nottingham Forest,0,3,1,0,1.0,2.4,0.2,1.2,2.3,0.3,1.7222222222222223,1.6388888888888888
20260412_Sunderland_TottenhamHotspur,2026-04-12,2526,Tottenham Hotspur,Sunderland,0,1,0,0,0.8,2.6,0.2,1.0,2.3,0.3,1.710344827586207,1.6482758620689655
20260418_TottenhamHotspur_Brighton,2026-04-18,2526,Tottenham Hotspur,Brighton,2,2,1,1,0.6,2.0,0.2,0.9,2.2,0.3,1.6986301369863013,1.643835616438356
20260425_WolverhamptonWanderers_TottenhamHotspur,2026-04-25,2526,Tottenham Hotspur,Wolverhampton Wanderers,1,0,0,3,0.8,2.0,0.4,0.9,2.2,0.3,1.7006802721088434,1.6462585034013606
20260503_AstonVilla_TottenhamHotspur,2026-05-03,2526,Tottenham Hotspur,Aston Villa,2,1,0,3,0.8,1.4,1.0,0.8,2.0,0.5,1.695945945945946,1.635135135135135
20260511_TottenhamHotspur_Leeds,2026-05-11,2526,Tottenham Hotspur,Leeds,1,1,1,1,1.0,1.4,1.4,1.0,1.9,0.8,1.6979865771812082,1.6308724832214765
20260519_Chelsea_TottenhamHotspur,2026-05-19,2526,Tottenham Hotspur,Chelsea,1,2,0,0,1.2,1.0,1.6,1.0,1.8,0.9,1.6933333333333334,1.6266666666666667
20260524_TottenhamHotspur_Everton,2026-05-24,2526,Tottenham Hotspur,Everton,1,0,1,3,1.4,1.2,1.6,1.0,1.6,0.9,1.6887417218543046,1.6291390728476822
20220807_WestHamUnited_ManchesterCity,2022-08-07,2223,West Ham United,Manchester City,0,2,1,0,,,,,,,,
20220814_NottinghamForest_WestHamUnited,2022-08-14,2223,West Ham United,Nottingham Forest,0,1,0,0,,,,,,,,
20220821_WestHamUnited_Brighton,2022-08-21,2223,West Ham United,Brighton,0,2,1,0,,,,,,,,
20220828_AstonVilla_WestHamUnited,2022-08-28,2223,West Ham United,Aston Villa,1,0,0,3,0.0,1.6666666666666667,0.0,0.0,1.6666666666666667,0.0,0.0,1.6666666666666667
20220831_WestHamUnited_TottenhamHotspur,2022-08-31,2223,West Ham United,Tottenham Hotspur,1,1,1,1,0.25,1.25,0.75,0.25,1.25,0.75,0.25,1.25
20220903_Chelsea_WestHamUnited,2022-09-03,2223,West Ham United,Chelsea,1,2,0,0,0.4,1.2,0.8,0.4,1.2,0.8,0.4,1.2
20220918_Everton_WestHamUnited,2022-09-18,2223,West Ham United,Everton,0,1,0,0,0.6,1.2,0.8,0.5,1.3333333333333333,0.6666666666666666,0.5,1.3333333333333333
20221001_WestHamUnited_WolverhamptonWanderers,2022-10-01,2223,West Ham United,Wolverhampton Wanderers,2,0,1,3,0.6,1.2,0.8,0.42857142857142855,1.2857142857142858,0.5714285714285714,0.42857142857142855,1.2857142857142858
20221009_WestHamUnited_Fulham,2022-10-09,2223,West Ham United,Fulham,3,1,1,3,1.0,0.8,1.4,0.625,1.125,0.875,0.625,1.125
20221016_Southampton_WestHamUnited,2022-10-16,2223,West Ham United,Southampton,1,1,0,1,1.4,1.0,1.4,0.8888888888888888,1.1111111111111112,1.1111111111111112,0.8888888888888888,1.1111111111111112
20221019_Liverpool_WestHamUnited,2022-10-19,2223,West Ham United,Liverpool,0,1,0,0,1.4,1.0,1.4,0.9,1.1,1.1,0.9,1.1
20221024_WestHamUnited_Bournemouth,2022-10-24,2223,West Ham United,Bournemouth,2,0,1,3,1.2,0.8,1.4,0.9,1.0,1.1,0.8181818181818182,1.0909090909090908
20221030_ManchesterUnited_WestHamUnited,2022-10-30,2223,West Ham United,Manchester United,0,1,0,0,1.6,0.6,2.0,1.1,0.9,1.4,0.9166666666666666,1.0
20221106_WestHamUnited_CrystalPalace,2022-11-06,2223,West Ham United,Crystal Palace,1,2,1,0,1.2,0.8,1.4,1.1,0.8,1.4,0.8461538461538461,1.0
20221112_WestHamUnited_LeicesterCity,2022-11-12,2223,West Ham United,Leicester City,0,2,1,0,0.8,1.0,0.8,1.1,1.0,1.1,0.8571428571428571,1.0714285714285714
20221226_Arsenal_WestHamUnited,2022-12-26,2223,West Ham United,Arsenal,1,3,0,0,0.6,1.2,0.6,1.0,1.1,1.0,0.8,1.1333333333333333
20221230_WestHamUnited_Brentford,2022-12-30,2223,West Ham United,Brentford,0,2,1,0,0.8,1.6,0.6,1.0,1.2,1.0,0.8125,1.25
20230104_Leeds_WestHamUnited,2023-01-04,2223,West Ham United,Leeds,2,2,0,1,0.4,2.0,0.0,1.0,1.3,1.0,0.7647058823529411,1.2941176470588236
20230114_WolverhamptonWanderers_WestHamUnited,2023-01-14,2223,West Ham United,Wolverhampton Wanderers,0,1,0,0,0.8,2.2,0.2,1.0,1.5,0.8,0.8333333333333334,1.3333333333333333
20230121_WestHamUnited_Everton,2023-01-21,2223,West Ham United,Everton,2,0,1,3,0.6,2.0,0.2,0.7,1.5,0.5,0.7894736842105263,1.3157894736842106
20230204_NewcastleUnited_WestHamUnited,2023-02-04,2223,West Ham United,Newcastle United,1,1,0,1,1.0,1.6,0.8,0.8,1.4,0.7,0.85,1.25
20230211_WestHamUnited_Chelsea,2023-02-11,2223,West Ham United,Chelsea,1,1,1,1,1.0,1.2,1.0,0.9,1.4,0.8,0.8571428571428571,1.2380952380952381
20230219_TottenhamHotspur_WestHamUnited,2023-02-19,2223,West Ham United,Tottenham Hotspur,0,2,0,0,1.2,1.0,1.2,0.8,1.5,0.6,0.8636363636363636,1.2272727272727273
20230225_WestHamUnited_NottinghamForest,2023-02-25,2223,West Ham United,Nottingham Forest,4,0,1,3,0.8,1.0,1.0,0.8,1.6,0.6,0.8260869565217391,1.2608695652173914
20230304_Brighton_WestHamUnited,2023-03-04,2223,West Ham United,Brighton,0,4,0,0,1.6,0.8,1.6,1.1,1.4,0.9,0.9583333333333334,1.2083333333333333
20230312_WestHamUnited_AstonVilla,2023-03-12,2223,West Ham United,Aston Villa,1,1,1,1,1.2,1.6,1.0,1.1,1.6,0.9,0.92,1.32
20230402_WestHamUnited_Southampton,2023-04-02,2223,West Ham United,Southampton,1,0,1,3,1.2,1.6,1.0,1.1,1.4,1.0,0.9230769230769231,1.3076923076923077
20230405_WestHamUnited_NewcastleUnited,2023-04-05,2223,West Ham United,Newcastle United,1,5,1,0,1.2,1.4,1.4,1.2,1.2,1.3,0.9259259259259259,1.2592592592592593
20230408_Fulham_WestHamUnited,2023-04-08,2223,West Ham United,Fulham,1,0,0,3,1.4,2.0,1.4,1.1,1.5,1.2,0.9285714285714286,1.3928571428571428
20230416_WestHamUnited_Arsenal,2023-04-16,2223,West Ham United,Arsenal,2,2,1,1,0.8,2.0,1.4,1.2,1.4,1.5,0.9310344827586207,1.3448275862068966
20230423_Bournemouth_WestHamUnited,2023-04-23,2223,West Ham United,Bournemouth,4,0,0,3,1.2,1.6,1.6,1.2,1.6,1.3,0.9666666666666667,1.3666666666666667
20230426_WestHamUnited_Liverpool,2023-04-26,2223,West Ham United,Liverpool,1,2,1,0,1.8,1.4,2.0,1.5,1.5,1.5,1.064516129032258,1.3225806451612903
20230429_CrystalPalace_WestHamUnited,2023-04-29,2223,West Ham United,Crystal Palace,3,4,0,0,1.8,1.8,1.4,1.5,1.6,1.4,1.0625,1.34375
20230503_ManchesterCity_WestHamUnited,2023-05-03,2223,West Ham United,Manchester City,0,3,0,0,2.2,1.6,1.4,1.8,1.8,1.4,1.121212121212121,1.4242424242424243
20230507_WestHamUnited_ManchesterUnited,2023-05-07,2223,West Ham United,Manchester United,1,0,1,3,2.0,2.2,0.8,1.4,2.1,1.1,1.088235294117647,1.4705882352941178
20230514_Brentford_WestHamUnited,2023-05-14,2223,West Ham United,Brentford,0,2,0,0,1.8,1.8,1.2,1.5,1.7,1.4,1.0857142857142856,1.4285714285714286
20230521_WestHamUnited_Leeds,2023-05-21,2223,West Ham United,Leeds,3,1,1,3,1.0,2.2,0.6,1.4,1.8,1.3,1.0555555555555556,1.4444444444444444
20230528_LeicesterCity_WestHamUnited,2023-05-28,2223,West Ham United,Leicester City,1,2,0,0,1.4,2.0,1.2,1.6,1.9,1.3,1.1081081081081081,1.4324324324324325
20230812_Bournemouth_WestHamUnited,2023-08-12,2324,West Ham United,Bournemouth,1,1,0,1,1.0,1.6,1.2,1.6,1.6,1.3,1.105263157894737,1.4473684210526316
20230820_WestHamUnited_Chelsea,2023-08-20,2324,West Ham United,Chelsea,3,1,1,3,1.2,1.2,1.4,1.6,1.7,1.1,1.1025641025641026,1.435897435897436
20230826_Brighton_WestHamUnited,2023-08-26,2324,West Ham United,Brighton,3,1,0,3,1.6,1.4,1.4,1.7,1.6,1.3,1.15,1.425
20230901_Luton_WestHamUnited,2023-09-01,2324,West Ham United,Luton,2,1,0,3,2.2,1.2,2.0,1.6,1.7,1.3,1.1951219512195121,1.4146341463414633
20230916_WestHamUnited_ManchesterCity,2023-09-16,2324,West Ham United,Manchester City,1,3,1,0,2.0,1.2,2.0,1.7,1.6,1.6,1.2142857142857142,1.4047619047619047
20230924_Liverpool_WestHamUnited,2023-09-24,2324,West Ham United,Liverpool,1,3,0,0,2.0,1.4,2.0,1.5,1.5,1.6,1.2093023255813953,1.441860465116279
20230930_WestHamUnited_SheffieldUnited,2023-09-30,2324,West Ham United,Sheffield United,2,0,1,3,2.0,1.8,1.8,1.6,1.5,1.6,1.2045454545454546,1.4772727272727273
20231008_WestHamUnited_NewcastleUnited,2023-10-08,2324,West Ham United,Newcastle United,2,2,1,1,1.8,1.6,1.8,1.7,1.5,1.6,1.2222222222222223,1.4444444444444444
20231022_AstonVilla_WestHamUnited,2023-10-22,2324,West Ham United,Aston Villa,1,4,0,0,1.6,1.8,1.4,1.9,1.5,1.7,1.2391304347826086,1.4565217391304348
20231029_WestHamUnited_Everton,2023-10-29,2324,West Ham United,Everton,0,1,1,0,1.4,2.4,0.8,1.7,1.8,1.4,1.2340425531914894,1.5106382978723405
20231104_Brentford_WestHamUnited,2023-11-04,2324,West Ham United,Brentford,2,3,0,0,1.2,2.0,0.8,1.6,1.7,1.4,1.2083333333333333,1.5
20231112_WestHamUnited_NottinghamForest,2023-11-12,2324,West Ham United,Nottingham Forest,3,2,1,3,1.4,2.0,0.8,1.7,1.9,1.3,1.2244897959183674,1.530612244897959
20231125_Burnley_WestHamUnited,2023-11-25,2324,West Ham United,Burnley,2,1,0,3,1.6,2.4,0.8,1.7,2.0,1.3,1.26,1.54
20231203_WestHamUnited_CrystalPalace,2023-12-03,2324,West Ham United,Crystal Palace,1,1,1,1,1.6,2.2,1.2,1.6,2.0,1.3,1.2745098039215685,1.5294117647058822
20231207_TottenhamHotspur_WestHamUnited,2023-12-07,2324,West Ham United,Tottenham Hotspur,2,1,0,3,1.6,1.6,1.4,1.5,2.0,1.1,1.2692307692307692,1.5192307692307692
20231210_Fulham_WestHamUnited,2023-12-10,2324,West Ham United,Fulham,0,5,0,0,2.0,1.6,2.0,1.6,1.8,1.4,1.2830188679245282,1.509433962264151
20231217_WestHamUnited_WolverhamptonWanderers,2023-12-17,2324,West Ham United,Wolverhampton Wanderers,3,0,1,3,1.6,2.0,2.0,1.5,2.0,1.4,1.2592592592592593,1.5740740740740742
20231223_WestHamUnited_ManchesterUnited,2023-12-23,2324,West Ham United,Manchester United,2,0,1,3,1.6,1.6,2.0,1.6,2.0,1.4,1.290909090909091,1.5454545454545454
20231228_Arsenal_WestHamUnited,2023-12-28,2324,West Ham United,Arsenal,2,0,0,3,1.6,1.4,2.0,1.6,1.8,1.6,1.3035714285714286,1.5178571428571428
20240102_WestHamUnited_Brighton,2024-01-02,2324,West Ham United,Brighton,0,0,1,1,1.8,1.2,2.4,1.7,1.4,1.9,1.3157894736842106,1.4912280701754386
20240121_SheffieldUnited_WestHamUnited,2024-01-21,2324,West Ham United,Sheffield United,2,2,0,1,1.4,1.0,2.0,1.7,1.3,2.0,1.293103448275862,1.4655172413793103
20240201_WestHamUnited_Bournemouth,2024-02-01,2324,West Ham United,Bournemouth,1,1,1,1,1.8,0.4,2.2,1.7,1.2,2.1,1.305084745762712,1.4745762711864407
20240204_ManchesterUnited_WestHamUnited,2024-02-04,2324,West Ham United,Manchester United,0,3,0,0,1.4,0.6,1.8,1.5,1.1,1.9,1.3,1.4666666666666666
20240211_WestHamUnited_Arsenal,2024-02-11,2324,West Ham United,Arsenal,0,6,1,0,1.0,1.2,1.2,1.3,1.3,1.6,1.278688524590164,1.4918032786885247
20240217_NottinghamForest_WestHamUnited,2024-02-17,2324,West Ham United,Nottingham Forest,0,2,0,0,0.6,2.4,0.6,1.2,1.8,1.5,1.2580645161290323,1.564516129032258
20240226_WestHamUnited_Brentford,2024-02-26,2324,West Ham United,Brentford,4,2,1,3,0.6,2.8,0.4,1.0,1.9,1.2,1.2380952380952381,1.5714285714285714
20240302_Everton_WestHamUnited,2024-03-02,2324,West Ham United,Everton,3,1,0,3,1.0,2.8,0.8,1.4,1.6,1.5,1.28125,1.578125
20240310_WestHamUnited_Burnley,2024-03-10,2324,West Ham United,Burnley,2,2,1,1,1.4,2.8,1.2,1.4,1.7,1.5,1.3076923076923077,1.5692307692307692
20240317_WestHamUnited_AstonVilla,2024-03-17,2324,West Ham United,Aston Villa,1,1,1,1,1.8,2.6,1.4,1.4,1.9,1.3,1.3181818181818181,1.5757575757575757
20240330_NewcastleUnited_WestHamUnited,2024-03-30,2324,West Ham United,Newcastle United,3,4,0,0,2.0,1.6,1.6,1.3,2.0,1.1,1.3134328358208955,1.5671641791044777
20240402_WestHamUnited_TottenhamHotspur,2024-04-02,2324,West Ham United,Tottenham Hotspur,1,1,1,1,2.6,2.0,1.6,1.6,2.4,1.0,1.338235294117647,1.6029411764705883
20240406_WolverhamptonWanderers_WestHamUnited,2024-04-06,2324,West Ham United,Wolverhampton Wanderers,2,1,0,3,2.0,1.8,1.2,1.5,2.3,1.0,1.3333333333333333,1.5942028985507246
20240414_WestHamUnited_Fulham,2024-04-14,2324,West Ham United,Fulham,0,2,1,0,1.8,1.8,1.2,1.6,2.3,1.2,1.3428571428571427,1.5857142857142856
20240421_CrystalPalace_WestHamUnited,2024-04-21,2324,West Ham United,Crystal Palace,2,5,0,0,1.4,1.8,1.0,1.6,2.2,1.2,1.323943661971831,1.591549295774648
20240427_WestHamUnited_Liverpool,2024-04-27,2324,West Ham United,Liverpool,2,2,1,1,1.6,2.6,0.8,1.8,2.1,1.2,1.3333333333333333,1.6388888888888888
20240505_Chelsea_WestHamUnited,2024-05-05,2324,West Ham United,Chelsea,0,5,0,0,1.4,2.2,1.0,2.0,2.1,1.3,1.3424657534246576,1.643835616438356
20240511_WestHamUnited_Luton,2024-05-11,2324,West Ham United,Luton,3,1,1,3,1.2,3.0,0.8,1.6,2.4,1.0,1.3243243243243243,1.6891891891891893
20240519_ManchesterCity_WestHamUnited,2024-05-19,2324,West Ham United,Manchester City,1,3,0,0,1.4,3.0,0.8,1.6,2.4,1.0,1.3466666666666667,1.68
20240817_WestHamUnited_AstonVilla,2024-08-17,2425,West Ham United,Aston Villa,1,2,1,0,1.6,3.2,0.8,1.5,2.5,0.9,1.3421052631578947,1.6973684210526316
20240824_CrystalPalace_WestHamUnited,2024-08-24,2425,West Ham United,Crystal Palace,2,0,0,3,1.4,2.6,0.8,1.5,2.6,0.8,1.3376623376623376,1.7012987012987013
20240831_WestHamUnited_ManchesterCity,2024-08-31,2425,West Ham United,Manchester City,1,3,1,0,1.4,2.2,1.2,1.4,2.2,1.1,1.3461538461538463,1.6794871794871795
20240914_Fulham_WestHamUnited,2024-09-14,2425,West Ham United,Fulham,1,1,0,1,1.6,1.8,1.2,1.4,2.4,1.0,1.3417721518987342,1.6962025316455696
20240921_WestHamUnited_Chelsea,2024-09-21,2425,West Ham United,Chelsea,0,3,1,0,1.2,1.8,0.8,1.3,2.4,0.8,1.3375,1.6875
20240928_Brentford_WestHamUnited,2024-09-28,2425,West Ham United,Brentford,1,1,0,1,1.0,1.8,0.8,1.3,2.5,0.8,1.3209876543209877,1.7037037037037037
20241005_WestHamUnited_Ipswich,2024-10-05,2425,West Ham United,Ipswich,4,1,1,3,1.0,1.6,1.0,1.2,2.1,0.9,1.3170731707317074,1.6951219512195121
20241019_TottenhamHotspur_WestHamUnited,2024-10-19,2425,West Ham United,Tottenham Hotspur,1,4,0,0,1.4,1.8,1.0,1.4,2.0,1.1,1.3493975903614457,1.6867469879518073
20241027_WestHamUnited_ManchesterUnited,2024-10-27,2425,West Ham United,Manchester United,2,1,1,3,1.4,2.0,1.0,1.5,1.9,1.1,1.3452380952380953,1.7142857142857142
20241102_NottinghamForest_WestHamUnited,2024-11-02,2425,West Ham United,Nottingham Forest,0,3,0,0,1.6,2.0,1.4,1.4,1.9,1.1,1.3529411764705883,1.7058823529411764
20241109_WestHamUnited_Everton,2024-11-09,2425,West Ham United,Everton,0,0,1,1,1.6,2.0,1.4,1.3,1.9,1.1,1.3372093023255813,1.7209302325581395
20241125_NewcastleUnited_WestHamUnited,2024-11-25,2425,West Ham United,Newcastle United,2,0,0,3,1.4,1.8,1.4,1.2,1.7,1.2,1.3218390804597702,1.7011494252873562
20241130_WestHamUnited_Arsenal,2024-11-30,2425,West Ham United,Arsenal,2,5,1,0,1.0,1.6,1.4,1.2,1.7,1.2,1.3295454545454546,1.6818181818181819
20241203_LeicesterCity_WestHamUnited,2024-12-03,2425,West Ham United,Leicester City,1,3,0,0,1.2,1.8,1.4,1.3,1.9,1.2,1.3370786516853932,1.7191011235955056
20241209_WestHamUnited_WolverhamptonWanderers,2024-12-09,2425,West Ham United,Wolverhampton Wanderers,2,1,1,3,1.0,2.2,0.8,1.3,2.1,1.1,1.3333333333333333,1.7333333333333334
20241216_Bournemouth_WestHamUnited,2024-12-16,2425,West Ham United,Bournemouth,1,1,0,1,1.4,1.8,1.4,1.5,1.9,1.4,1.3406593406593406,1.7252747252747254
20241221_WestHamUnited_Brighton,2024-12-21,2425,West Ham United,Brighton,1,1,1,1,1.6,2.0,1.4,1.5,1.9,1.4,1.3369565217391304,1.7173913043478262
20241226_Southampton_WestHamUnited,2024-12-26,2425,West Ham United,Southampton,1,0,0,3,1.4,2.2,1.0,1.2,1.9,1.2,1.3333333333333333,1.7096774193548387
20241229_WestHamUnited_Liverpool,2024-12-29,2425,West Ham United,Liverpool,0,5,1,0,1.2,1.2,1.6,1.2,1.5,1.5,1.3297872340425532,1.6914893617021276
20250104_ManchesterCity_WestHamUnited,2025-01-04,2425,West Ham United,Manchester City,1,4,0,0,1.0,1.6,1.6,1.0,1.9,1.2,1.3157894736842106,1.7263157894736842
20250114_WestHamUnited_Fulham,2025-01-14,2425,West Ham United,Fulham,3,2,1,3,0.8,2.2,1.0,1.1,2.0,1.2,1.3125,1.75
20250118_WestHamUnited_CrystalPalace,2025-01-18,2425,West Ham United,Crystal Palace,0,2,1,0,1.2,2.4,1.4,1.4,2.2,1.4,1.3298969072164948,1.7525773195876289
20250126_AstonVilla_WestHamUnited,2025-01-26,2425,West Ham United,Aston Villa,1,1,0,1,1.0,2.6,1.2,1.2,2.4,1.1,1.316326530612245,1.7551020408163265
20250203_Chelsea_WestHamUnited,2025-02-03,2425,West Ham United,Chelsea,1,2,0,0,1.0,2.8,0.8,1.1,2.0,1.2,1.3131313131313131,1.7474747474747474
20250215_WestHamUnited_Brentford,2025-02-15,2425,West Ham United,Brentford,0,1,1,0,1.2,2.2,0.8,1.1,1.9,1.2,1.31,1.75
20250222_Arsenal_WestHamUnited,2025-02-22,2425,West Ham United,Arsenal,1,0,0,3,1.0,1.6,0.8,0.9,1.9,0.9,1.297029702970297,1.7425742574257426
20250227_WestHamUnited_LeicesterCity,2025-02-27,2425,West Ham United,Leicester City,2,0,1,3,0.6,1.2,0.8,0.9,1.8,1.1,1.2941176470588236,1.7254901960784315
20250310_WestHamUnited_NewcastleUnited,2025-03-10,2425,West Ham United,Newcastle United,0,1,1,0,1.0,0.8,1.4,1.0,1.7,1.3,1.3009708737864079,1.7087378640776698
20250315_Everton_WestHamUnited,2025-03-15,2425,West Ham United,Everton,1,1,0,1,0.8,0.8,1.2,0.9,1.8,1.0,1.2884615384615385,1.7019230769230769
20250401_WolverhamptonWanderers_WestHamUnited,2025-04-01,2425,West Ham United,Wolverhampton Wanderers,0,1,0,0,0.8,0.6,1.4,1.0,1.4,1.1,1.2857142857142858,1.6952380952380952
20250405_WestHamUnited_Bournemouth,2025-04-05,2425,West Ham United,Bournemouth,2,2,1,1,0.8,0.6,1.4,0.9,1.1,1.1,1.2735849056603774,1.6886792452830188
20250413_Liverpool_WestHamUnited,2025-04-13,2425,West Ham United,Liverpool,1,2,0,0,1.0,1.0,1.0,0.8,1.1,0.9,1.280373831775701,1.691588785046729
20250419_WestHamUnited_Southampton,2025-04-19,2425,West Ham United,Southampton,1,1,1,1,0.8,1.4,0.4,0.9,1.1,0.9,1.2777777777777777,1.6944444444444444
20250426_Brighton_WestHamUnited,2025-04-26,2425,West Ham United,Brighton,2,3,0,0,1.0,1.4,0.6,0.9,1.1,0.9,1.275229357798165,1.688073394495413
20250504_WestHamUnited_TottenhamHotspur,2025-05-04,2425,West Ham United,Tottenham Hotspur,1,1,1,1,1.2,1.8,0.4,1.0,1.2,0.9,1.2818181818181817,1.7
20250511_ManchesterUnited_WestHamUnited,2025-05-11,2425,West Ham United,Manchester United,2,0,0,3,1.4,1.8,0.6,1.1,1.2,1.0,1.2792792792792793,1.6936936936936937
20250518_WestHamUnited_NottinghamForest,2025-05-18,2425,West Ham United,Nottingham Forest,1,2,1,0,1.4,1.4,1.0,1.2,1.2,1.0,1.2857142857142858,1.6785714285714286
20250525_Ipswich_WestHamUnited,2025-05-25,2425,West Ham United,Ipswich,3,1,0,3,1.4,1.4,1.0,1.1,1.4,0.7,1.2831858407079646,1.6814159292035398
20250816_Sunderland_WestHamUnited,2025-08-16,2526,West Ham United,Sunderland,0,3,0,0,1.8,1.4,1.4,1.4,1.4,1.0,1.2982456140350878,1.6754385964912282
20250822_WestHamUnited_Chelsea,2025-08-22,2526,West Ham United,Chelsea,1,5,1,0,1.4,1.4,1.4,1.3,1.6,0.9,1.2869565217391303,1.6869565217391305
20250831_NottinghamForest_WestHamUnited,2025-08-31,2526,West Ham United,Nottingham Forest,3,0,0,3,1.4,2.2,1.2,1.4,2.0,0.9,1.2844827586206897,1.7155172413793103
20250913_WestHamUnited_TottenhamHotspur,2025-09-13,2526,West Ham United,Tottenham Hotspur,0,3,1,0,1.6,2.2,1.2,1.5,1.8,1.1,1.2991452991452992,1.7008547008547008
20250920_WestHamUnited_CrystalPalace,2025-09-20,2526,West Ham United,Crystal Palace,1,2,1,0,1.4,2.4,1.2,1.4,1.9,1.1,1.2881355932203389,1.7118644067796611
20250929_Everton_WestHamUnited,2025-09-29,2526,West Ham United,Everton,1,1,0,1,1.0,2.6,0.6,1.4,2.0,1.0,1.2857142857142858,1.7142857142857142
20251004_Arsenal_WestHamUnited,2025-10-04,2526,West Ham United,Arsenal,0,2,0,0,1.2,2.2,0.8,1.3,1.8,1.1,1.2833333333333334,1.7083333333333333
20251020_WestHamUnited_Brentford,2025-10-20,2526,West Ham United,Brentford,0,2,1,0,1.0,1.6,0.8,1.2,1.9,1.0,1.2727272727272727,1.7107438016528926
20251024_Leeds_WestHamUnited,2025-10-24,2526,West Ham United,Leeds,1,2,0,0,0.4,2.0,0.2,1.0,2.1,0.7,1.2622950819672132,1.7131147540983607
20251102_WestHamUnited_NewcastleUnited,2025-11-02,2526,West Ham United,Newcastle United,3,1,1,3,0.6,1.8,0.2,1.0,2.1,0.7,1.2601626016260163,1.7154471544715446
20251108_WestHamUnited_Burnley,2025-11-08,2526,West Ham United,Burnley,3,2,1,3,1.0,1.6,0.8,1.0,2.1,0.7,1.2741935483870968,1.7096774193548387
20251122_Bournemouth_WestHamUnited,2025-11-22,2526,West Ham United,Bournemouth,2,2,0,1,1.4,1.8,1.2,1.3,2.0,1.0,1.288,1.712
20251130_WestHamUnited_Liverpool,2025-11-30,2526,West Ham United,Liverpool,0,2,1,0,1.8,1.8,1.4,1.4,1.7,1.1,1.2936507936507937,1.7142857142857142
20251204_ManchesterUnited_WestHamUnited,2025-12-04,2526,West Ham United,Manchester United,1,1,0,1,1.8,1.8,1.4,1.1,1.9,0.8,1.2834645669291338,1.7165354330708662
20251207_Brighton_WestHamUnited,2025-12-07,2526,West Ham United,Brighton,1,1,0,1,1.8,1.6,1.6,1.2,1.7,0.9,1.28125,1.7109375
20251214_WestHamUnited_AstonVilla,2025-12-14,2526,West Ham United,Aston Villa,2,3,1,0,1.4,1.6,1.2,1.2,1.6,1.0,1.2790697674418605,1.7054263565891472
20251220_ManchesterCity_WestHamUnited,2025-12-20,2526,West Ham United,Manchester City,0,3,0,0,1.2,1.8,0.6,1.3,1.8,0.9,1.2846153846153847,1.7153846153846153
20251227_WestHamUnited_Fulham,2025-12-27,2526,West Ham United,Fulham,0,1,1,0,0.8,2.0,0.4,1.3,1.9,0.9,1.2748091603053435,1.7251908396946565
20251230_WestHamUnited_Brighton,2025-12-30,2526,West Ham United,Brighton,2,2,1,1,0.8,1.8,0.4,1.3,1.8,0.9,1.2651515151515151,1.7196969696969697
20260103_WolverhamptonWanderers_WestHamUnited,2026-01-03,2526,West Ham United,Wolverhampton Wanderers,0,3,0,0,1.0,2.0,0.4,1.4,1.8,1.0,1.2706766917293233,1.7218045112781954
20260106_WestHamUnited_NottinghamForest,2026-01-06,2526,West Ham United,Nottingham Forest,1,2,1,0,0.8,2.4,0.2,1.1,2.0,0.7,1.2611940298507462,1.7313432835820894
20260117_TottenhamHotspur_WestHamUnited,2026-01-17,2526,West Ham United,Tottenham Hotspur,2,1,0,3,0.6,2.2,0.2,0.9,2.0,0.4,1.2592592592592593,1.7333333333333334
20260124_WestHamUnited_Sunderland,2026-01-24,2526,West Ham United,Sunderland,3,1,1,3,1.0,1.8,0.8,0.9,1.9,0.6,1.2647058823529411,1.7279411764705883
20260131_Chelsea_WestHamUnited,2026-01-31,2526,West Ham United,Chelsea,2,3,0,0,1.6,1.8,1.4,1.2,1.8,0.9,1.2773722627737227,1.7226277372262773
20260207_Burnley_WestHamUnited,2026-02-07,2526,West Ham United,Burnley,2,0,0,3,1.6,2.0,1.2,1.3,2.0,0.8,1.2826086956521738,1.7318840579710144
20260210_WestHamUnited_ManchesterUnited,2026-02-10,2526,West Ham United,Manchester United,1,1,1,1,2.0,1.4,1.8,1.4,1.9,1.0,1.2877697841726619,1.7194244604316546
20260221_WestHamUnited_Bournemouth,2026-02-21,2526,West Ham United,Bournemouth,0,0,1,1,2.0,1.2,2.0,1.3,1.7,1.1,1.2857142857142858,1.7142857142857142
20260228_Liverpool_WestHamUnited,2026-02-28,2526,West Ham United,Liverpool,2,5,0,0,1.6,1.0,1.6,1.3,1.4,1.2,1.2765957446808511,1.702127659574468
20260304_Fulham_WestHamUnited,2026-03-04,2526,West Ham United,Fulham,1,0,0,3,1.4,1.8,1.0,1.5,1.8,1.2,1.2816901408450705,1.7253521126760563
20260314_WestHamUnited_ManchesterCity,2026-03-14,2526,West Ham United,Manchester City,1,1,1,1,1.2,1.2,1.6,1.4,1.6,1.4,1.2797202797202798,1.7132867132867133
20260322_AstonVilla_WestHamUnited,2026-03-22,2526,West Ham United,Aston Villa,0,2,0,0,1.0,1.4,1.2,1.5,1.4,1.5,1.2777777777777777,1.7083333333333333
20260410_WestHamUnited_WolverhamptonWanderers,2026-04-10,2526,West Ham United,Wolverhampton Wanderers,4,0,1,3,0.8,1.6,1.0,1.4,1.4,1.5,1.2689655172413794,1.710344827586207
20260420_CrystalPalace_WestHamUnited,2026-04-20,2526,West Ham United,Crystal Palace,0,0,0,1,1.6,1.6,1.4,1.6,1.3,1.5,1.2876712328767124,1.6986301369863013
20260425_WestHamUnited_Everton,2026-04-25,2526,West Ham United,Everton,2,1,1,3,1.2,0.6,1.6,1.3,1.2,1.3,1.2789115646258504,1.6870748299319729
20260502_Brentford_WestHamUnited,2026-05-02,2526,West Ham United,Brentford,0,3,0,0,1.4,0.8,1.6,1.3,1.0,1.6,1.2837837837837838,1.6824324324324325
20260510_WestHamUnited_Arsenal,2026-05-10,2526,West Ham United,Arsenal,0,1,1,0,1.2,1.2,1.4,1.1,1.3,1.3,1.2751677852348993,1.691275167785235
20260517_NewcastleUnited_WestHamUnited,2026-05-17,2526,West Ham United,Newcastle United,1,3,0,0,1.2,1.0,1.4,1.0,1.3,1.2,1.2666666666666666,1.6866666666666668
20260524_WestHamUnited_Leeds,2026-05-24,2526,West Ham United,Leeds,3,0,1,3,0.6,1.6,0.8,1.1,1.6,1.1,1.2649006622516556,1.695364238410596
20220806_Leeds_WolverhamptonWanderers,2022-08-06,2223,Wolverhampton Wanderers,Leeds,1,2,0,0,,,,,,,,
20220813_WolverhamptonWanderers_Fulham,2022-08-13,2223,Wolverhampton Wanderers,Fulham,0,0,1,1,,,,,,,,
20220820_TottenhamHotspur_WolverhamptonWanderers,2022-08-20,2223,Wolverhampton Wanderers,Tottenham Hotspur,0,1,0,0,,,,,,,,
20220828_WolverhamptonWanderers_NewcastleUnited,2022-08-28,2223,Wolverhampton Wanderers,Newcastle United,1,1,1,1,0.3333333333333333,1.0,0.3333333333333333,0.3333333333333333,1.0,0.3333333333333333,0.3333333333333333,1.0
20220831_Bournemouth_WolverhamptonWanderers,2022-08-31,2223,Wolverhampton Wanderers,Bournemouth,0,0,0,1,0.5,1.0,0.5,0.5,1.0,0.5,0.5,1.0
20220903_WolverhamptonWanderers_Southampton,2022-09-03,2223,Wolverhampton Wanderers,Southampton,1,0,1,3,0.4,0.8,0.6,0.4,0.8,0.6,0.4,0.8
20220917_WolverhamptonWanderers_ManchesterCity,2022-09-17,2223,Wolverhampton Wanderers,Manchester City,0,3,1,0,0.4,0.4,1.2,0.5,0.6666666666666666,1.0,0.5,0.6666666666666666
20221001_WestHamUnited_WolverhamptonWanderers,2022-10-01,2223,Wolverhampton Wanderers,West Ham United,0,2,0,0,0.4,1.0,1.0,0.42857142857142855,1.0,0.8571428571428571,0.42857142857142855,1.0
20221008_Chelsea_WolverhamptonWanderers,2022-10-08,2223,Wolverhampton Wanderers,Chelsea,0,3,0,0,0.4,1.2,1.0,0.375,1.125,0.75,0.375,1.125
20221015_WolverhamptonWanderers_NottinghamForest,2022-10-15,2223,Wolverhampton Wanderers,Nottingham Forest,1,0,1,3,0.2,1.6,0.8,0.3333333333333333,1.3333333333333333,0.6666666666666666,0.3333333333333333,1.3333333333333333
20221018_CrystalPalace_WolverhamptonWanderers,2022-10-18,2223,Wolverhampton Wanderers,Crystal Palace,1,2,0,0,0.4,1.6,1.2,0.4,1.2,0.9,0.4,1.2
20221023_WolverhamptonWanderers_LeicesterCity,2022-10-23,2223,Wolverhampton Wanderers,Leicester City,0,4,1,0,0.4,2.0,0.6,0.4,1.2,0.9,0.45454545454545453,1.2727272727272727
20221029_Brentford_WolverhamptonWanderers,2022-10-29,2223,Wolverhampton Wanderers,Brentford,1,1,0,1,0.4,2.2,0.6,0.4,1.6,0.8,0.4166666666666667,1.5
20221105_WolverhamptonWanderers_Brighton,2022-11-05,2223,Wolverhampton Wanderers,Brighton,2,3,1,0,0.6,2.0,0.8,0.5,1.6,0.9,0.46153846153846156,1.4615384615384615
20221112_WolverhamptonWanderers_Arsenal,2022-11-12,2223,Wolverhampton Wanderers,Arsenal,0,2,1,0,1.0,2.0,0.8,0.6,1.8,0.8,0.5714285714285714,1.5714285714285714
20221226_Everton_WolverhamptonWanderers,2022-12-26,2223,Wolverhampton Wanderers,Everton,2,1,0,3,0.8,2.4,0.2,0.6,2.0,0.7,0.5333333333333333,1.6
20221231_WolverhamptonWanderers_ManchesterUnited,2022-12-31,2223,Wolverhampton Wanderers,Manchester United,0,1,1,0,1.0,2.2,0.8,0.7,2.1,0.7,0.625,1.5625
20230104_AstonVilla_WolverhamptonWanderers,2023-01-04,2223,Wolverhampton Wanderers,Aston Villa,1,1,0,1,1.0,1.6,0.8,0.7,1.9,0.7,0.5882352941176471,1.5294117647058822
20230114_WolverhamptonWanderers_WestHamUnited,2023-01-14,2223,Wolverhampton Wanderers,West Ham United,1,0,1,3,1.0,1.6,0.8,0.8,1.8,0.8,0.6111111111111112,1.5
20230122_ManchesterCity_WolverhamptonWanderers,2023-01-22,2223,Wolverhampton Wanderers,Manchester City,0,3,0,0,0.8,1.0,1.4,0.9,1.5,1.1,0.631578947368421,1.4210526315789473
20230204_WolverhamptonWanderers_Liverpool,2023-02-04,2223,Wolverhampton Wanderers,Liverpool,3,0,1,3,0.8,1.2,1.4,0.8,1.8,0.8,0.6,1.5
20230211_Southampton_WolverhamptonWanderers,2023-02-11,2223,Wolverhampton Wanderers,Southampton,2,1,0,3,1.0,1.0,1.4,1.0,1.6,1.1,0.7142857142857143,1.4285714285714286
20230218_WolverhamptonWanderers_Bournemouth,2023-02-18,2223,Wolverhampton Wanderers,Bournemouth,0,1,1,0,1.4,1.0,2.0,1.2,1.3,1.4,0.7727272727272727,1.4090909090909092
20230224_Fulham_WolverhamptonWanderers,2023-02-24,2223,Wolverhampton Wanderers,Fulham,1,1,0,1,1.2,1.0,1.8,1.1,1.3,1.3,0.7391304347826086,1.391304347826087
20230301_Liverpool_WolverhamptonWanderers,2023-03-01,2223,Wolverhampton Wanderers,Liverpool,0,2,0,0,1.2,1.2,1.4,1.0,1.1,1.4,0.75,1.375
20230304_WolverhamptonWanderers_TottenhamHotspur,2023-03-04,2223,Wolverhampton Wanderers,Tottenham Hotspur,1,0,1,3,1.2,1.0,1.4,1.0,1.1,1.4,0.72,1.4
20230312_NewcastleUnited_WolverhamptonWanderers,2023-03-12,2223,Wolverhampton Wanderers,Newcastle United,1,2,0,0,0.8,1.0,1.4,0.9,1.0,1.4,0.7307692307692307,1.3461538461538463
20230318_WolverhamptonWanderers_Leeds,2023-03-18,2223,Wolverhampton Wanderers,Leeds,2,4,1,0,0.6,1.2,0.8,1.0,1.1,1.4,0.7407407407407407,1.3703703703703705
20230401_NottinghamForest_WolverhamptonWanderers,2023-04-01,2223,Wolverhampton Wanderers,Nottingham Forest,1,1,0,1,1.0,1.8,0.8,1.1,1.4,1.3,0.7857142857142857,1.4642857142857142
20230408_WolverhamptonWanderers_Chelsea,2023-04-08,2223,Wolverhampton Wanderers,Chelsea,1,0,1,3,1.0,1.8,0.8,1.1,1.5,1.1,0.7931034482758621,1.4482758620689655
20230415_WolverhamptonWanderers_Brentford,2023-04-15,2223,Wolverhampton Wanderers,Brentford,2,0,1,3,1.2,1.4,1.4,1.2,1.2,1.4,0.8,1.4
20230422_LeicesterCity_WolverhamptonWanderers,2023-04-22,2223,Wolverhampton Wanderers,Leicester City,1,2,0,0,1.4,1.4,1.4,1.1,1.2,1.4,0.8387096774193549,1.3548387096774193
20230425_WolverhamptonWanderers_CrystalPalace,2023-04-25,2223,Wolverhampton Wanderers,Crystal Palace,2,0,1,3,1.4,1.4,1.4,1.0,1.3,1.1,0.84375,1.375
20230429_Brighton_WolverhamptonWanderers,2023-04-29,2223,Wolverhampton Wanderers,Brighton,0,6,0,0,1.4,0.6,2.0,1.2,1.2,1.4,0.8787878787878788,1.3333333333333333
20230506_WolverhamptonWanderers_AstonVilla,2023-05-06,2223,Wolverhampton Wanderers,Aston Villa,1,0,1,3,1.2,1.6,1.8,1.1,1.7,1.3,0.8529411764705882,1.4705882352941178
20230513_ManchesterUnited_WolverhamptonWanderers,2023-05-13,2223,Wolverhampton Wanderers,Manchester United,0,2,0,0,1.2,1.6,1.8,1.2,1.5,1.6,0.8571428571428571,1.4285714285714286
20230520_WolverhamptonWanderers_Everton,2023-05-20,2223,Wolverhampton Wanderers,Everton,1,1,1,1,0.8,2.0,1.2,1.1,1.7,1.3,0.8333333333333334,1.4444444444444444
20230528_Arsenal_WolverhamptonWanderers,2023-05-28,2223,Wolverhampton Wanderers,Arsenal,0,5,0,0,0.8,1.8,1.4,1.1,1.6,1.4,0.8378378378378378,1.4324324324324325
20230814_ManchesterUnited_WolverhamptonWanderers,2023-08-14,2324,Wolverhampton Wanderers,Manchester United,0,1,0,0,0.4,2.8,0.8,0.9,1.7,1.4,0.8157894736842105,1.5263157894736843
20230819_WolverhamptonWanderers_Brighton,2023-08-19,2324,Wolverhampton Wanderers,Brighton,1,4,1,0,0.4,1.8,0.8,0.8,1.7,1.3,0.7948717948717948,1.5128205128205128
20230826_Everton_WolverhamptonWanderers,2023-08-26,2324,Wolverhampton Wanderers,Everton,1,0,0,3,0.4,2.6,0.2,0.8,2.1,1.0,0.8,1.575
20230903_CrystalPalace_WolverhamptonWanderers,2023-09-03,2324,Wolverhampton Wanderers,Crystal Palace,2,3,0,0,0.6,2.2,0.8,0.7,2.1,1.0,0.8048780487804879,1.5365853658536586
20230916_WolverhamptonWanderers_Liverpool,2023-09-16,2324,Wolverhampton Wanderers,Liverpool,1,3,1,0,0.8,2.6,0.6,0.8,2.2,1.0,0.8333333333333334,1.5714285714285714
20230923_Luton_WolverhamptonWanderers,2023-09-23,2324,Wolverhampton Wanderers,Luton,1,1,0,1,1.0,2.2,0.6,0.7,2.5,0.7,0.8372093023255814,1.6046511627906976
20230930_WolverhamptonWanderers_ManchesterCity,2023-09-30,2324,Wolverhampton Wanderers,Manchester City,2,1,1,3,1.2,2.2,0.8,0.8,2.0,0.8,0.8409090909090909,1.5909090909090908
20231008_WolverhamptonWanderers_AstonVilla,2023-10-08,2324,Wolverhampton Wanderers,Aston Villa,1,1,1,1,1.4,1.6,1.4,0.9,2.1,0.8,0.8666666666666667,1.5777777777777777
20231021_Bournemouth_WolverhamptonWanderers,2023-10-21,2324,Wolverhampton Wanderers,Bournemouth,2,1,0,3,1.4,1.8,1.0,1.0,2.0,0.9,0.8695652173913043,1.565217391304348
20231028_WolverhamptonWanderers_NewcastleUnited,2023-10-28,2324,Wolverhampton Wanderers,Newcastle United,2,2,1,1,1.4,1.4,1.6,1.1,2.0,1.1,0.8936170212765957,1.553191489361702
20231104_SheffieldUnited_WolverhamptonWanderers,2023-11-04,2324,Wolverhampton Wanderers,Sheffield United,1,2,0,0,1.6,1.2,1.8,1.3,1.7,1.2,0.9166666666666666,1.5625
20231111_WolverhamptonWanderers_TottenhamHotspur,2023-11-11,2324,Wolverhampton Wanderers,Tottenham Hotspur,2,1,1,3,1.6,1.4,1.6,1.4,1.8,1.2,0.9183673469387755,1.5714285714285714
20231127_Fulham_WolverhamptonWanderers,2023-11-27,2324,Wolverhampton Wanderers,Fulham,2,3,0,0,1.6,1.4,1.6,1.5,1.5,1.5,0.94,1.56
20231202_Arsenal_WolverhamptonWanderers,2023-12-02,2324,Wolverhampton Wanderers,Arsenal,1,2,0,0,1.8,1.8,1.4,1.6,1.8,1.2,0.9607843137254902,1.588235294117647
20231205_WolverhamptonWanderers_Burnley,2023-12-05,2324,Wolverhampton Wanderers,Burnley,1,0,1,3,1.6,2.0,0.8,1.5,1.7,1.2,0.9615384615384616,1.5961538461538463
20231209_WolverhamptonWanderers_NottinghamForest,2023-12-09,2324,Wolverhampton Wanderers,Nottingham Forest,1,1,1,1,1.4,1.6,1.2,1.5,1.4,1.5,0.9622641509433962,1.5660377358490567
20231217_WestHamUnited_WolverhamptonWanderers,2023-12-17,2324,Wolverhampton Wanderers,West Ham United,0,3,0,0,1.4,1.4,1.4,1.5,1.4,1.5,0.9629629629629629,1.5555555555555556
20231224_WolverhamptonWanderers_Chelsea,2023-12-24,2324,Wolverhampton Wanderers,Chelsea,2,1,1,3,1.0,1.8,0.8,1.3,1.6,1.2,0.9454545454545454,1.5818181818181818
20231227_Brentford_WolverhamptonWanderers,2023-12-27,2324,Wolverhampton Wanderers,Brentford,4,1,0,3,1.0,1.4,1.4,1.4,1.6,1.4,0.9642857142857143,1.5714285714285714
20231230_WolverhamptonWanderers_Everton,2023-12-30,2324,Wolverhampton Wanderers,Everton,3,0,1,3,1.6,1.2,2.0,1.6,1.6,1.4,1.0175438596491229,1.5614035087719298
20240122_Brighton_WolverhamptonWanderers,2024-01-22,2324,Wolverhampton Wanderers,Brighton,0,0,0,1,2.0,1.2,2.0,1.7,1.4,1.6,1.0517241379310345,1.5344827586206897
20240201_WolverhamptonWanderers_ManchesterUnited,2024-02-01,2324,Wolverhampton Wanderers,Manchester United,3,4,1,0,1.8,1.0,2.0,1.6,1.2,1.7,1.0338983050847457,1.5084745762711864
20240204_Chelsea_WolverhamptonWanderers,2024-02-04,2324,Wolverhampton Wanderers,Chelsea,4,2,0,3,2.4,1.2,2.0,1.7,1.5,1.4,1.0666666666666667,1.55
20240210_WolverhamptonWanderers_Brentford,2024-02-10,2324,Wolverhampton Wanderers,Brentford,0,2,1,0,2.8,1.4,2.0,1.9,1.4,1.7,1.1147540983606556,1.5573770491803278
20240217_TottenhamHotspur_WolverhamptonWanderers,2024-02-17,2324,Wolverhampton Wanderers,Tottenham Hotspur,2,1,0,3,2.0,1.6,1.4,1.8,1.4,1.7,1.096774193548387,1.564516129032258
20240225_WolverhamptonWanderers_SheffieldUnited,2024-02-25,2324,Wolverhampton Wanderers,Sheffield United,1,0,1,3,1.8,1.8,1.4,1.9,1.5,1.7,1.1111111111111112,1.5555555555555556
20240302_NewcastleUnited_WolverhamptonWanderers,2024-03-02,2324,Wolverhampton Wanderers,Newcastle United,0,3,0,0,2.0,1.8,1.8,1.9,1.4,1.9,1.109375,1.53125
20240309_WolverhamptonWanderers_Fulham,2024-03-09,2324,Wolverhampton Wanderers,Fulham,2,1,1,3,1.4,1.6,1.8,1.9,1.4,1.9,1.0923076923076922,1.5538461538461539
20240330_AstonVilla_WolverhamptonWanderers,2024-03-30,2324,Wolverhampton Wanderers,Aston Villa,0,2,0,0,1.0,1.4,1.8,1.9,1.4,1.9,1.106060606060606,1.5454545454545454
20240402_Burnley_WolverhamptonWanderers,2024-04-02,2324,Wolverhampton Wanderers,Burnley,1,1,0,1,1.0,1.4,1.8,1.5,1.5,1.6,1.0895522388059702,1.5522388059701493
20240406_WolverhamptonWanderers_WestHamUnited,2024-04-06,2324,Wolverhampton Wanderers,West Ham United,1,2,1,0,0.8,1.4,1.4,1.3,1.6,1.4,1.088235294117647,1.5441176470588236
20240413_NottinghamForest_WolverhamptonWanderers,2024-04-13,2324,Wolverhampton Wanderers,Nottingham Forest,2,2,0,1,0.8,1.8,0.8,1.4,1.8,1.3,1.0869565217391304,1.5507246376811594
20240420_WolverhamptonWanderers_Arsenal,2024-04-20,2324,Wolverhampton Wanderers,Arsenal,0,2,1,0,1.2,1.6,1.0,1.3,1.6,1.4,1.1,1.5571428571428572
20240424_WolverhamptonWanderers_Bournemouth,2024-04-24,2324,Wolverhampton Wanderers,Bournemouth,0,1,1,0,0.8,1.8,0.4,0.9,1.6,1.1,1.0845070422535212,1.5633802816901408
20240427_WolverhamptonWanderers_Luton,2024-04-27,2324,Wolverhampton Wanderers,Luton,2,1,1,3,0.8,1.6,0.4,0.9,1.5,1.1,1.0694444444444444,1.5555555555555556
20240504_ManchesterCity_WolverhamptonWanderers,2024-05-04,2324,Wolverhampton Wanderers,Manchester City,1,5,0,0,1.0,1.6,0.8,0.9,1.5,1.1,1.082191780821918,1.547945205479452
20240511_WolverhamptonWanderers_CrystalPalace,2024-05-11,2324,Wolverhampton Wanderers,Crystal Palace,1,3,1,0,1.0,2.2,0.8,0.9,2.0,0.8,1.0810810810810811,1.5945945945945945
20240519_Liverpool_WolverhamptonWanderers,2024-05-19,2324,Wolverhampton Wanderers,Liverpool,0,2,0,0,0.8,2.4,0.6,1.0,2.0,0.8,1.08,1.6133333333333333
20240817_Arsenal_WolverhamptonWanderers,2024-08-17,2425,Wolverhampton Wanderers,Arsenal,0,2,0,0,0.8,2.4,0.6,0.8,2.1,0.5,1.0657894736842106,1.618421052631579
20240825_WolverhamptonWanderers_Chelsea,2024-08-25,2425,Wolverhampton Wanderers,Chelsea,2,6,1,0,0.8,2.6,0.6,0.8,2.1,0.5,1.051948051948052,1.6233766233766234
20240831_NottinghamForest_WolverhamptonWanderers,2024-08-31,2425,Wolverhampton Wanderers,Nottingham Forest,1,1,0,1,0.8,3.6,0.0,0.9,2.6,0.4,1.064102564102564,1.6794871794871795
20240915_WolverhamptonWanderers_NewcastleUnited,2024-09-15,2425,Wolverhampton Wanderers,Newcastle United,1,2,1,0,0.8,2.8,0.2,0.9,2.5,0.5,1.0632911392405062,1.6708860759493671
20240921_AstonVilla_WolverhamptonWanderers,2024-09-21,2425,Wolverhampton Wanderers,Aston Villa,1,3,0,0,0.8,2.6,0.2,0.8,2.5,0.4,1.0625,1.675
20240928_WolverhamptonWanderers_Liverpool,2024-09-28,2425,Wolverhampton Wanderers,Liverpool,1,2,1,0,1.0,2.8,0.2,0.9,2.6,0.4,1.0617283950617284,1.691358024691358
20241005_Brentford_WolverhamptonWanderers,2024-10-05,2425,Wolverhampton Wanderers,Brentford,3,5,0,0,1.2,2.8,0.2,1.0,2.7,0.4,1.0609756097560976,1.6951219512195121
20241020_WolverhamptonWanderers_ManchesterCity,2024-10-20,2425,Wolverhampton Wanderers,Manchester City,1,2,1,0,1.4,2.6,0.2,1.1,3.1,0.1,1.0843373493975903,1.7349397590361446
20241026_Brighton_WolverhamptonWanderers,2024-10-26,2425,Wolverhampton Wanderers,Brighton,2,2,0,1,1.4,2.8,0.0,1.1,2.8,0.1,1.0833333333333333,1.7380952380952381
20241102_WolverhamptonWanderers_CrystalPalace,2024-11-02,2425,Wolverhampton Wanderers,Crystal Palace,2,2,1,1,1.6,2.8,0.2,1.2,2.7,0.2,1.0941176470588236,1.7411764705882353
20241109_WolverhamptonWanderers_Southampton,2024-11-09,2425,Wolverhampton Wanderers,Southampton,2,0,1,3,1.8,2.6,0.4,1.4,2.7,0.3,1.1046511627906976,1.744186046511628
20241123_Fulham_WolverhamptonWanderers,2024-11-23,2425,Wolverhampton Wanderers,Fulham,4,1,0,3,2.0,2.2,1.0,1.6,2.5,0.6,1.1149425287356323,1.7241379310344827
20241130_WolverhamptonWanderers_Bournemouth,2024-11-30,2425,Wolverhampton Wanderers,Bournemouth,2,4,1,0,2.2,1.4,1.6,1.8,2.0,0.9,1.1477272727272727,1.7159090909090908
20241204_Everton_WolverhamptonWanderers,2024-12-04,2425,Wolverhampton Wanderers,Everton,0,4,0,0,2.4,1.8,1.6,1.9,2.3,0.8,1.1573033707865168,1.7415730337078652
20241209_WestHamUnited_WolverhamptonWanderers,2024-12-09,2425,Wolverhampton Wanderers,West Ham United,1,2,0,0,2.0,2.2,1.4,1.8,2.5,0.8,1.1444444444444444,1.7666666666666666
20241214_WolverhamptonWanderers_Ipswich,2024-12-14,2425,Wolverhampton Wanderers,Ipswich,1,2,1,0,1.8,2.2,1.2,1.8,2.4,0.8,1.1428571428571428,1.7692307692307692
20241222_LeicesterCity_WolverhamptonWanderers,2024-12-22,2425,Wolverhampton Wanderers,Leicester City,3,0,0,3,1.6,2.6,0.6,1.8,2.4,0.8,1.141304347826087,1.7717391304347827
20241226_WolverhamptonWanderers_ManchesterUnited,2024-12-26,2425,Wolverhampton Wanderers,Manchester United,2,0,1,3,1.4,2.4,0.6,1.8,1.9,1.1,1.1612903225806452,1.7526881720430108
20241229_TottenhamHotspur_WolverhamptonWanderers,2024-12-29,2425,Wolverhampton Wanderers,Tottenham Hotspur,2,2,0,1,1.4,1.6,1.2,1.9,1.7,1.4,1.1702127659574468,1.7340425531914894
20250106_WolverhamptonWanderers_NottinghamForest,2025-01-06,2425,Wolverhampton Wanderers,Nottingham Forest,0,3,1,0,1.8,1.2,1.4,1.9,1.7,1.4,1.1789473684210525,1.736842105263158
20250115_NewcastleUnited_WolverhamptonWanderers,2025-01-15,2425,Wolverhampton Wanderers,Newcastle United,0,3,0,0,1.6,1.4,1.4,1.7,1.8,1.3,1.1666666666666667,1.75
20250120_Chelsea_WolverhamptonWanderers,2025-01-20,2425,Wolverhampton Wanderers,Chelsea,1,3,0,0,1.4,1.6,1.4,1.5,2.1,1.0,1.1546391752577319,1.7628865979381443
20250125_WolverhamptonWanderers_Arsenal,2025-01-25,2425,Wolverhampton Wanderers,Arsenal,0,1,1,0,1.0,2.2,0.8,1.2,2.3,0.7,1.153061224489796,1.7755102040816326
20250201_WolverhamptonWanderers_AstonVilla,2025-02-01,2425,Wolverhampton Wanderers,Aston Villa,2,0,1,3,0.6,2.4,0.2,1.0,2.0,0.7,1.1414141414141414,1.7676767676767677
20250216_Liverpool_WolverhamptonWanderers,2025-02-16,2425,Wolverhampton Wanderers,Liverpool,1,2,0,0,0.6,2.0,0.6,1.2,1.6,1.0,1.15,1.75
20250222_Bournemouth_WolverhamptonWanderers,2025-02-22,2425,Wolverhampton Wanderers,Bournemouth,1,0,0,3,0.8,1.8,0.6,1.2,1.6,1.0,1.1485148514851484,1.7524752475247525
20250225_WolverhamptonWanderers_Fulham,2025-02-25,2425,Wolverhampton Wanderers,Fulham,1,2,1,0,1.0,1.2,1.2,1.2,1.4,1.3,1.1470588235294117,1.7352941176470589
20250308_WolverhamptonWanderers_Everton,2025-03-08,2425,Wolverhampton Wanderers,Everton,1,1,1,1,1.0,1.0,1.2,1.0,1.6,1.0,1.145631067961165,1.7378640776699028
20250315_Southampton_WolverhamptonWanderers,2025-03-15,2425,Wolverhampton Wanderers,Southampton,2,1,0,3,1.2,1.0,1.4,0.9,1.7,0.8,1.1442307692307692,1.7307692307692308
20250401_WolverhamptonWanderers_WestHamUnited,2025-04-01,2425,Wolverhampton Wanderers,West Ham United,1,0,1,3,1.2,1.2,1.4,0.9,1.6,1.0,1.1523809523809523,1.723809523809524
20250405_Ipswich_WolverhamptonWanderers,2025-04-05,2425,Wolverhampton Wanderers,Ipswich,2,1,0,3,1.2,0.8,2.0,1.0,1.3,1.3,1.150943396226415,1.7075471698113207
20250413_WolverhamptonWanderers_TottenhamHotspur,2025-04-13,2425,Wolverhampton Wanderers,Tottenham Hotspur,4,2,1,3,1.4,1.0,2.0,1.2,1.1,1.6,1.158878504672897,1.7009345794392523
20250420_ManchesterUnited_WolverhamptonWanderers,2025-04-20,2425,Wolverhampton Wanderers,Manchester United,1,0,0,3,2.0,1.0,2.6,1.5,1.0,1.9,1.1851851851851851,1.7037037037037037
20250426_WolverhamptonWanderers_LeicesterCity,2025-04-26,2425,Wolverhampton Wanderers,Leicester City,3,0,1,3,2.0,0.8,3.0,1.6,0.9,2.2,1.18348623853211,1.688073394495413
20250502_ManchesterCity_WolverhamptonWanderers,2025-05-02,2425,Wolverhampton Wanderers,Manchester City,0,1,0,0,2.2,0.6,3.0,1.7,0.9,2.2,1.2,1.6727272727272726
20250510_WolverhamptonWanderers_Brighton,2025-05-10,2425,Wolverhampton Wanderers,Brighton,0,2,1,0,2.0,0.8,2.4,1.6,0.8,2.2,1.1891891891891893,1.6666666666666667
20250520_CrystalPalace_WolverhamptonWanderers,2025-05-20,2425,Wolverhampton Wanderers,Crystal Palace,2,4,0,0,1.6,1.0,1.8,1.5,1.0,1.9,1.1785714285714286,1.6696428571428572
20250525_WolverhamptonWanderers_Brentford,2025-05-25,2425,Wolverhampton Wanderers,Brentford,1,1,1,1,1.2,1.4,1.2,1.6,1.2,1.9,1.1858407079646018,1.6902654867256637
20250816_WolverhamptonWanderers_ManchesterCity,2025-08-16,2526,Wolverhampton Wanderers,Manchester City,0,4,1,0,1.2,1.6,0.8,1.6,1.2,1.9,1.1842105263157894,1.6842105263157894
20250823_Bournemouth_WolverhamptonWanderers,2025-08-23,2526,Wolverhampton Wanderers,Bournemouth,0,1,0,0,0.6,2.4,0.2,1.4,1.5,1.6,1.173913043478261,1.7043478260869565
20250830_WolverhamptonWanderers_Everton,2025-08-30,2526,Wolverhampton Wanderers,Everton,2,3,1,0,0.6,2.4,0.2,1.3,1.6,1.3,1.1637931034482758,1.6982758620689655
20250913_NewcastleUnited_WolverhamptonWanderers,2025-09-13,2526,Wolverhampton Wanderers,Newcastle United,0,1,0,0,1.0,2.6,0.2,1.3,1.8,1.0,1.170940170940171,1.7094017094017093
20250920_WolverhamptonWanderers_Leeds,2025-09-20,2526,Wolverhampton Wanderers,Leeds,1,3,1,0,0.6,2.0,0.2,0.9,1.7,0.7,1.1610169491525424,1.7033898305084745
20250927_TottenhamHotspur_WolverhamptonWanderers,2025-09-27,2526,Wolverhampton Wanderers,Tottenham Hotspur,1,1,0,1,0.6,2.4,0.0,0.9,2.0,0.4,1.1596638655462186,1.7142857142857142
20251005_WolverhamptonWanderers_Brighton,2025-10-05,2526,Wolverhampton Wanderers,Brighton,1,1,1,1,0.8,1.8,0.2,0.7,2.1,0.2,1.1583333333333334,1.7083333333333333
20251018_Sunderland_WolverhamptonWanderers,2025-10-18,2526,Wolverhampton Wanderers,Sunderland,0,2,0,0,1.0,1.8,0.4,0.8,2.1,0.3,1.1570247933884297,1.7024793388429753
20251026_WolverhamptonWanderers_Burnley,2025-10-26,2526,Wolverhampton Wanderers,Burnley,2,3,1,0,0.6,1.6,0.4,0.8,2.1,0.3,1.1475409836065573,1.7049180327868851
20251101_Fulham_WolverhamptonWanderers,2025-11-01,2526,Wolverhampton Wanderers,Fulham,0,3,0,0,1.0,2.0,0.4,0.8,2.0,0.3,1.1544715447154472,1.7154471544715446
20251108_Chelsea_WolverhamptonWanderers,2025-11-08,2526,Wolverhampton Wanderers,Chelsea,0,3,0,0,0.8,2.0,0.4,0.7,2.2,0.2,1.1451612903225807,1.7258064516129032
20251122_WolverhamptonWanderers_CrystalPalace,2025-11-22,2526,Wolverhampton Wanderers,Crystal Palace,0,2,1,0,0.6,2.4,0.2,0.7,2.1,0.2,1.136,1.736
20251130_AstonVilla_WolverhamptonWanderers,2025-11-30,2526,Wolverhampton Wanderers,Aston Villa,0,1,0,0,0.4,2.6,0.0,0.7,2.2,0.2,1.126984126984127,1.7380952380952381
20251203_WolverhamptonWanderers_NottinghamForest,2025-12-03,2526,Wolverhampton Wanderers,Nottingham Forest,0,1,1,0,0.4,2.4,0.0,0.5,2.0,0.2,1.1181102362204725,1.7322834645669292
20251208_WolverhamptonWanderers_ManchesterUnited,2025-12-08,2526,Wolverhampton Wanderers,Manchester United,1,4,1,0,0.0,2.0,0.0,0.5,2.0,0.2,1.109375,1.7265625
20251213_Arsenal_WolverhamptonWanderers,2025-12-13,2526,Wolverhampton Wanderers,Arsenal,1,2,0,0,0.2,2.2,0.0,0.5,2.1,0.2,1.1085271317829457,1.744186046511628
20251220_WolverhamptonWanderers_Brentford,2025-12-20,2526,Wolverhampton Wanderers,Brentford,0,2,1,0,0.4,2.0,0.0,0.5,2.2,0.1,1.1076923076923078,1.7461538461538462
20251227_Liverpool_WolverhamptonWanderers,2025-12-27,2526,Wolverhampton Wanderers,Liverpool,1,2,0,0,0.4,2.0,0.0,0.4,2.3,0.0,1.099236641221374,1.748091603053435
20251230_ManchesterUnited_WolverhamptonWanderers,2025-12-30,2526,Wolverhampton Wanderers,Manchester United,1,1,0,1,0.6,2.2,0.0,0.5,2.3,0.0,1.0984848484848484,1.75
20260103_WolverhamptonWanderers_WestHamUnited,2026-01-03,2526,Wolverhampton Wanderers,West Ham United,3,0,1,3,0.8,2.2,0.2,0.4,2.1,0.1,1.0977443609022557,1.744360902255639
20260107_Everton_WolverhamptonWanderers,2026-01-07,2526,Wolverhampton Wanderers,Everton,1,1,0,1,1.2,1.4,0.8,0.7,1.8,0.4,1.1119402985074627,1.7313432835820894
20260118_WolverhamptonWanderers_NewcastleUnited,2026-01-18,2526,Wolverhampton Wanderers,Newcastle United,0,0,1,1,1.2,1.2,1.0,0.8,1.6,0.5,1.1111111111111112,1.7259259259259259
20260124_ManchesterCity_WolverhamptonWanderers,2026-01-24,2526,Wolverhampton Wanderers,Manchester City,0,2,0,0,1.2,0.8,1.2,0.8,1.4,0.6,1.1029411764705883,1.713235294117647
20260131_WolverhamptonWanderers_Bournemouth,2026-01-31,2526,Wolverhampton Wanderers,Bournemouth,0,2,1,0,1.0,0.8,1.2,0.8,1.5,0.6,1.094890510948905,1.7153284671532847
20260207_WolverhamptonWanderers_Chelsea,2026-02-07,2526,Wolverhampton Wanderers,Chelsea,1,3,1,0,0.8,1.0,1.0,0.8,1.6,0.6,1.0869565217391304,1.7173913043478262
20260211_NottinghamForest_WolverhamptonWanderers,2026-02-11,2526,Wolverhampton Wanderers,Nottingham Forest,0,0,0,1,0.4,1.6,0.4,0.8,1.5,0.6,1.0863309352517985,1.7266187050359711
20260218_WolverhamptonWanderers_Arsenal,2026-02-18,2526,Wolverhampton Wanderers,Arsenal,2,2,1,1,0.2,1.4,0.4,0.7,1.3,0.7,1.0785714285714285,1.7142857142857142
20260222_CrystalPalace_WolverhamptonWanderers,2026-02-22,2526,Wolverhampton Wanderers,Crystal Palace,0,1,0,0,0.6,1.8,0.4,0.9,1.3,0.8,1.0851063829787233,1.7163120567375887
20260227_WolverhamptonWanderers_AstonVilla,2026-02-27,2526,Wolverhampton Wanderers,Aston Villa,2,0,1,3,0.6,1.6,0.4,0.8,1.2,0.8,1.0774647887323943,1.7112676056338028
20260303_WolverhamptonWanderers_Liverpool,2026-03-03,2526,Wolverhampton Wanderers,Liverpool,2,1,1,3,1.0,1.2,1.0,0.9,1.1,1.0,1.083916083916084,1.6993006993006994
20260316_Brentford_WolverhamptonWanderers,2026-03-16,2526,Wolverhampton Wanderers,Brentford,2,2,0,1,1.2,0.8,1.6,0.8,1.2,1.0,1.0902777777777777,1.6944444444444444
20260410_WestHamUnited_WolverhamptonWanderers,2026-04-10,2526,Wolverhampton Wanderers,West Ham United,0,4,0,0,1.6,1.2,1.6,0.9,1.3,1.0,1.096551724137931,1.696551724137931
20260418_Leeds_WolverhamptonWanderers,2026-04-18,2526,Wolverhampton Wanderers,Leeds,0,3,0,0,1.2,1.6,1.4,0.9,1.7,0.9,1.0890410958904109,1.7123287671232876
20260425_WolverhamptonWanderers_TottenhamHotspur,2026-04-25,2526,Wolverhampton Wanderers,Tottenham Hotspur,0,1,1,0,1.2,2.0,1.4,0.9,1.8,0.9,1.0816326530612246,1.7210884353741496
20260502_WolverhamptonWanderers_Sunderland,2026-05-02,2526,Wolverhampton Wanderers,Sunderland,1,1,1,1,0.8,2.2,0.8,0.9,1.7,0.9,1.0743243243243243,1.7162162162162162
20260509_Brighton_WolverhamptonWanderers,2026-05-09,2526,Wolverhampton Wanderers,Brighton,0,3,0,0,0.6,2.2,0.4,0.9,1.5,1.0,1.0738255033557047,1.7114093959731544
20260517_WolverhamptonWanderers_Fulham,2026-05-17,2526,Wolverhampton Wanderers,Fulham,1,1,1,1,0.2,2.4,0.2,0.9,1.8,0.9,1.0666666666666667,1.72
20260524_Burnley_WolverhamptonWanderers,2026-05-24,2526,Wolverhampton Wanderers,Burnley,1,1,0,1,0.4,1.8,0.4,0.8,1.7,0.9,1.0662251655629138,1.7152317880794703
