league,date,home_team,away_team,home_goals,away_goals,result,ht_home_goals,ht_away_goals,home_shots,away_shots,home_shots_on_target,away_shots_on_target,home_corners,away_corners,home_yellow_cards,away_yellow_cards,home_red_cards,away_red_cards,referee,season,source_file,total_goals,goal_diff,result_label,match_id,home_avg_goals_for_last5,home_avg_goals_against_last5,home_avg_points_last5,home_avg_goals_for_last10,home_avg_goals_against_last10,home_avg_points_last10,home_season_avg_goals_for,home_season_avg_goals_against,home_avg_goals_for_by_venue,home_avg_goals_against_by_venue,away_avg_goals_for_last5,away_avg_goals_against_last5,away_avg_points_last5,away_avg_goals_for_last10,away_avg_goals_against_last10,away_avg_points_last10,away_season_avg_goals_for,away_season_avg_goals_against,away_avg_goals_for_by_venue,away_avg_goals_against_by_venue,form_diff_points,form_diff_goals_for
E0,2022-08-05,Crystal Palace,Arsenal,0,2,A,0,1,10,10,2,2,3,5,1,2,0,0,A Taylor,2223,E0_2223.csv,2,-2,Away Win,20220805_CrystalPalace_Arsenal,,,,,,,,,,,,,,,,,,,,,,
E0,2022-08-06,Fulham,Liverpool,2,2,D,1,0,9,11,3,4,4,4,2,0,0,0,A Madley,2223,E0_2223.csv,4,0,Draw,20220806_Fulham_Liverpool,,,,,,,,,,,,,,,,,,,,,,
E0,2022-08-06,Bournemouth,Aston Villa,2,0,H,1,0,7,15,3,2,5,5,3,3,0,0,P Bankes,2223,E0_2223.csv,2,2,Home Win,20220806_Bournemouth_AstonVilla,,,,,,,,,,,,,,,,,,,,,,
E0,2022-08-06,Leeds,Wolverhampton Wanderers,2,1,H,1,1,12,15,4,6,6,4,2,0,0,0,R Jones,2223,E0_2223.csv,3,1,Home Win,20220806_Leeds_WolverhamptonWanderers,,,,,,,,,,,,,,,,,,,,,,
E0,2022-08-06,Newcastle United,Nottingham Forest,2,0,H,0,0,23,5,10,0,11,1,0,3,0,0,S Hooper,2223,E0_2223.csv,2,2,Home Win,20220806_NewcastleUnited_NottinghamForest,,,,,,,,,,,,,,,,,,,,,,
E0,2022-08-06,Tottenham Hotspur,Southampton,4,1,H,2,1,18,10,8,2,10,2,3,0,0,0,A Marriner,2223,E0_2223.csv,5,3,Home Win,20220806_TottenhamHotspur_Southampton,,,,,,,,,,,,,,,,,,,,,,
E0,2022-08-06,Everton,Chelsea,0,1,A,0,1,8,15,4,6,4,16,3,2,0,0,C Pawson,2223,E0_2223.csv,1,-1,Away Win,20220806_Everton_Chelsea,,,,,,,,,,,,,,,,,,,,,,
E0,2022-08-07,Leicester City,Brentford,2,2,D,1,0,14,8,5,3,5,6,0,0,0,0,J Gillett,2223,E0_2223.csv,4,0,Draw,20220807_LeicesterCity_Brentford,,,,,,,,,,,,,,,,,,,,,,
E0,2022-08-07,Manchester United,Brighton,1,2,A,0,2,17,15,5,4,6,2,4,1,0,0,P Tierney,2223,E0_2223.csv,3,-1,Away Win,20220807_ManchesterUnited_Brighton,,,,,,,,,,,,,,,,,,,,,,
E0,2022-08-07,West Ham United,Manchester City,0,2,A,0,1,6,14,1,2,1,4,0,1,0,0,M Oliver,2223,E0_2223.csv,2,-2,Away Win,20220807_WestHamUnited_ManchesterCity,,,,,,,,,,,,,,,,,,,,,,
E0,2022-08-13,Brentford,Manchester United,4,0,H,4,0,13,15,7,4,8,2,0,4,0,0,S Attwell,2223,E0_2223.csv,4,4,Home Win,20220813_Brentford_ManchesterUnited,,,,,,,,,,,,,,,,,,,,,,
E0,2022-08-13,Wolverhampton Wanderers,Fulham,0,0,D,0,0,7,9,1,3,5,3,3,3,0,0,J Brooks,2223,E0_2223.csv,0,0,Draw,20220813_WolverhamptonWanderers_Fulham,,,,,,,,,,,,,,,,,,,,,,
E0,2022-08-13,Southampton,Leeds,2,2,D,0,0,14,13,4,5,2,5,1,3,0,0,T Harrington,2223,E0_2223.csv,4,0,Draw,20220813_Southampton_Leeds,,,,,,,,,,,,,,,,,,,,,,
E0,2022-08-13,Arsenal,Leicester City,4,2,H,2,0,19,6,7,2,6,2,1,1,0,0,D England,2223,E0_2223.csv,6,2,Home Win,20220813_Arsenal_LeicesterCity,,,,,,,,,,,,,,,,,,,,,,
E0,2022-08-13,Brighton,Newcastle United,0,0,D,0,0,13,4,7,1,7,3,2,3,0,0,G Scott,2223,E0_2223.csv,0,0,Draw,20220813_Brighton_NewcastleUnited,,,,,,,,,,,,,,,,,,,,,,
E0,2022-08-13,Aston Villa,Everton,2,1,H,1,0,12,15,4,4,5,8,4,1,0,0,M Oliver,2223,E0_2223.csv,3,1,Home Win,20220813_AstonVilla_Everton,,,,,,,,,,,,,,,,,,,,,,
E0,2022-08-13,Manchester City,Bournemouth,4,0,H,3,0,19,3,7,1,11,1,0,3,0,0,D Coote,2223,E0_2223.csv,4,4,Home Win,20220813_ManchesterCity_Bournemouth,,,,,,,,,,,,,,,,,,,,,,
E0,2022-08-14,Nottingham Forest,West Ham United,1,0,H,1,0,13,19,6,5,6,7,4,1,0,0,R Jones,2223,E0_2223.csv,1,1,Home Win,20220814_NottinghamForest_WestHamUnited,,,,,,,,,,,,,,,,,,,,,,
E0,2022-08-14,Chelsea,Tottenham Hotspur,2,2,D,1,0,16,10,3,5,8,5,3,0,0,0,A Taylor,2223,E0_2223.csv,4,0,Draw,20220814_Chelsea_TottenhamHotspur,,,,,,,,,,,,,,,,,,,,,,
E0,2022-08-15,Liverpool,Crystal Palace,1,1,D,0,1,24,7,4,3,4,2,2,4,1,0,P Tierney,2223,E0_2223.csv,2,0,Draw,20220815_Liverpool_CrystalPalace,,,,,,,,,,,,,,,,,,,,,,
E0,2022-08-20,Leicester City,Southampton,1,2,A,0,0,6,9,1,3,2,5,2,3,0,0,M Salisbury,2223,E0_2223.csv,3,-1,Away Win,20220820_LeicesterCity_Southampton,,,,,,,,,,,,,,,,,,,,,,
E0,2022-08-20,Bournemouth,Arsenal,0,3,A,0,2,6,14,1,6,3,4,2,1,0,0,C Pawson,2223,E0_2223.csv,3,-3,Away Win,20220820_Bournemouth_Arsenal,,,,,,,,,,,,,,,,,,,,,,
E0,2022-08-20,Fulham,Brentford,3,2,H,2,1,18,13,9,5,6,3,3,2,0,0,P Bankes,2223,E0_2223.csv,5,1,Home Win,20220820_Fulham_Brentford,,,,,,,,,,,,,,,,,,,,,,
E0,2022-08-20,Everton,Nottingham Forest,1,1,D,0,0,19,14,8,5,6,2,3,2,0,0,A Marriner,2223,E0_2223.csv,2,0,Draw,20220820_Everton_NottinghamForest,,,,,,,,,,,,,,,,,,,,,,
E0,2022-08-20,Crystal Palace,Aston Villa,3,1,H,1,1,17,13,9,5,4,2,2,1,0,0,A Madley,2223,E0_2223.csv,4,2,Home Win,20220820_CrystalPalace_AstonVilla,,,,,,,,,,,,,,,,,,,,,,
E0,2022-08-20,Tottenham Hotspur,Wolverhampton Wanderers,1,0,H,0,0,11,20,4,3,8,6,2,2,0,0,S Hooper,2223,E0_2223.csv,1,1,Home Win,20220820_TottenhamHotspur_WolverhamptonWanderers,,,,,,,,,,,,,,,,,,,,,,
E0,2022-08-21,Leeds,Chelsea,3,0,H,2,0,12,14,6,3,4,6,0,1,0,1,S Attwell,2223,E0_2223.csv,3,3,Home Win,20220821_Leeds_Chelsea,,,,,,,,,,,,,,,,,,,,,,
E0,2022-08-21,West Ham United,Brighton,0,2,A,0,1,13,11,3,2,5,4,2,0,0,0,A Taylor,2223,E0_2223.csv,2,-2,Away Win,20220821_WestHamUnited_Brighton,,,,,,,,,,,,,,,,,,,,,,
E0,2022-08-21,Newcastle United,Manchester City,3,3,D,2,1,12,21,6,10,5,5,4,2,0,0,J Gillett,2223,E0_2223.csv,6,0,Draw,20220821_NewcastleUnited_ManchesterCity,,,,,,,,,,,,,,,,,,,,,,
E0,2022-08-22,Manchester United,Liverpool,2,1,H,1,0,12,17,4,5,6,8,3,1,0,0,M Oliver,2223,E0_2223.csv,3,1,Home Win,20220822_ManchesterUnited_Liverpool,,,,,,,,,,,,,,,,,,,,,,
E0,2022-08-27,Arsenal,Fulham,2,1,H,0,0,22,11,8,3,9,2,2,3,0,0,J Gillett,2223,E0_2223.csv,3,1,Home Win,20220827_Arsenal_Fulham,3.0,0.6666666666666666,3.0,3.0,0.6666666666666666,3.0,3.0,0.6666666666666666,,,1.6666666666666667,1.3333333333333333,1.6666666666666667,1.6666666666666667,1.3333333333333333,1.6666666666666667,1.6666666666666667,1.3333333333333333,,,1.3333333333333333,1.3333333333333333
E0,2022-08-27,Manchester City,Crystal Palace,4,2,H,0,2,18,2,5,2,6,1,1,2,0,0,D England,2223,E0_2223.csv,6,2,Home Win,20220827_ManchesterCity_CrystalPalace,3.0,1.0,2.3333333333333335,3.0,1.0,2.3333333333333335,3.0,1.0,,,1.3333333333333333,1.3333333333333333,1.3333333333333333,1.3333333333333333,1.3333333333333333,1.3333333333333333,1.3333333333333333,1.3333333333333333,,,1.0000000000000002,1.6666666666666667
E0,2022-08-27,Chelsea,Leicester City,2,1,H,0,0,7,17,3,5,3,11,1,2,1,0,P Tierney,2223,E0_2223.csv,3,1,Home Win,20220827_Chelsea_LeicesterCity,1.0,1.6666666666666667,1.3333333333333333,1.0,1.6666666666666667,1.3333333333333333,1.0,1.6666666666666667,,,1.6666666666666667,2.6666666666666665,0.3333333333333333,1.6666666666666667,2.6666666666666665,0.3333333333333333,1.6666666666666667,2.6666666666666665,,,1.0,-0.6666666666666667
E0,2022-08-27,Liverpool,Bournemouth,9,0,H,5,0,19,5,12,2,8,1,0,1,0,0,S Attwell,2223,E0_2223.csv,9,9,Home Win,20220827_Liverpool_Bournemouth,1.3333333333333333,1.6666666666666667,0.6666666666666666,1.3333333333333333,1.6666666666666667,0.6666666666666666,1.3333333333333333,1.6666666666666667,,,0.6666666666666666,2.3333333333333335,1.0,0.6666666666666666,2.3333333333333335,1.0,0.6666666666666666,2.3333333333333335,,,-0.33333333333333337,0.6666666666666666
E0,2022-08-27,Brentford,Everton,1,1,D,0,1,19,14,5,7,8,5,2,2,0,0,J Brooks,2223,E0_2223.csv,2,0,Draw,20220827_Brentford_Everton,2.6666666666666665,1.6666666666666667,1.3333333333333333,2.6666666666666665,1.6666666666666667,1.3333333333333333,2.6666666666666665,1.6666666666666667,,,0.6666666666666666,1.3333333333333333,0.3333333333333333,0.6666666666666666,1.3333333333333333,0.3333333333333333,0.6666666666666666,1.3333333333333333,,,1.0,2.0
E0,2022-08-27,Southampton,Manchester United,0,1,A,0,0,17,11,5,6,5,3,0,3,0,0,A Madley,2223,E0_2223.csv,1,-1,Away Win,20220827_Southampton_ManchesterUnited,1.6666666666666667,2.3333333333333335,1.3333333333333333,1.6666666666666667,2.3333333333333335,1.3333333333333333,1.6666666666666667,2.3333333333333335,,,1.0,2.3333333333333335,1.0,1.0,2.3333333333333335,1.0,1.0,2.3333333333333335,,,0.33333333333333326,0.6666666666666667
E0,2022-08-27,Brighton,Leeds,1,0,H,0,0,13,10,4,2,5,3,2,3,0,0,M Salisbury,2223,E0_2223.csv,1,1,Home Win,20220827_Brighton_Leeds,1.3333333333333333,0.3333333333333333,2.3333333333333335,1.3333333333333333,0.3333333333333333,2.3333333333333335,1.3333333333333333,0.3333333333333333,,,2.3333333333333335,1.0,2.3333333333333335,2.3333333333333335,1.0,2.3333333333333335,2.3333333333333335,1.0,,,0.0,-1.0000000000000002
E0,2022-08-28,Aston Villa,West Ham United,0,1,A,0,0,9,7,3,2,3,2,2,0,0,0,D Coote,2223,E0_2223.csv,1,-1,Away Win,20220828_AstonVilla_WestHamUnited,1.0,2.0,1.0,1.0,2.0,1.0,1.0,2.0,,,0.0,1.6666666666666667,0.0,0.0,1.6666666666666667,0.0,0.0,1.6666666666666667,,,1.0,1.0
E0,2022-08-28,Wolverhampton Wanderers,Newcastle United,1,1,D,1,0,10,21,4,6,4,13,2,1,0,0,P Bankes,2223,E0_2223.csv,2,0,Draw,20220828_WolverhamptonWanderers_NewcastleUnited,0.3333333333333333,1.0,0.3333333333333333,0.3333333333333333,1.0,0.3333333333333333,0.3333333333333333,1.0,,,1.6666666666666667,1.0,1.6666666666666667,1.6666666666666667,1.0,1.6666666666666667,1.6666666666666667,1.0,,,-1.3333333333333335,-1.3333333333333335
E0,2022-08-28,Nottingham Forest,Tottenham Hotspur,0,2,A,0,1,17,18,1,7,6,1,6,1,0,0,C Pawson,2223,E0_2223.csv,2,-2,Away Win,20220828_NottinghamForest_TottenhamHotspur,0.6666666666666666,1.0,1.3333333333333333,0.6666666666666666,1.0,1.3333333333333333,0.6666666666666666,1.0,,,2.3333333333333335,1.0,2.3333333333333335,2.3333333333333335,1.0,2.3333333333333335,2.3333333333333335,1.0,,,-1.0000000000000002,-1.666666666666667
E0,2022-08-30,Crystal Palace,Brentford,1,1,D,0,0,13,9,4,3,4,6,1,2,0,0,S Hooper,2223,E0_2223.csv,2,0,Draw,20220830_CrystalPalace_Brentford,1.5,2.0,1.0,1.5,2.0,1.0,1.5,2.0,,,2.25,1.5,1.25,2.25,1.5,1.25,2.25,1.5,,,-0.25,-0.75
E0,2022-08-30,Fulham,Brighton,2,1,H,0,0,10,7,3,4,3,3,2,1,0,0,T Bramall,2223,E0_2223.csv,3,1,Home Win,20220830_Fulham_Brighton,1.5,1.5,1.25,1.5,1.5,1.25,1.5,1.5,,,1.25,0.25,2.5,1.25,0.25,2.5,1.25,0.25,,,-1.25,0.25
E0,2022-08-30,Southampton,Chelsea,2,1,H,2,1,9,10,7,4,5,3,2,1,0,0,M Oliver,2223,E0_2223.csv,3,1,Home Win,20220830_Southampton_Chelsea,1.25,2.0,1.0,1.25,2.0,1.0,1.25,2.0,,,1.25,1.5,1.75,1.25,1.5,1.75,1.25,1.5,,,-0.75,0.0
E0,2022-08-30,Leeds,Everton,1,1,D,0,1,14,7,5,2,10,2,3,3,0,0,D England,2223,E0_2223.csv,2,0,Draw,20220830_Leeds_Everton,1.75,1.0,1.75,1.75,1.0,1.75,1.75,1.0,,,0.75,1.25,0.5,0.75,1.25,0.5,0.75,1.25,,,1.25,1.0
E0,2022-08-31,Liverpool,Newcastle United,2,1,H,0,1,23,5,6,2,13,0,0,2,0,0,A Marriner,2223,E0_2223.csv,3,1,Home Win,20220831_Liverpool_NewcastleUnited,3.25,1.25,1.25,3.25,1.25,1.25,3.25,1.25,,,1.5,1.0,1.5,1.5,1.0,1.5,1.5,1.0,,,-0.25,1.75
E0,2022-08-31,West Ham United,Tottenham Hotspur,1,1,D,0,1,14,13,4,4,3,4,2,5,0,0,P Bankes,2223,E0_2223.csv,2,0,Draw,20220831_WestHamUnited_TottenhamHotspur,0.25,1.25,0.75,0.25,1.25,0.75,0.25,1.25,,,2.25,0.75,2.5,2.25,0.75,2.5,2.25,0.75,,,-1.75,-2.0
E0,2022-08-31,Manchester City,Nottingham Forest,6,0,H,3,0,17,8,9,1,10,1,0,1,0,0,P Tierney,2223,E0_2223.csv,6,6,Home Win,20220831_ManchesterCity_NottinghamForest,3.25,1.25,2.5,3.25,1.25,2.5,3.25,1.25,,,0.5,1.25,1.0,0.5,1.25,1.0,0.5,1.25,,,1.5,2.75
E0,2022-08-31,Bournemouth,Wolverhampton Wanderers,0,0,D,0,0,5,17,2,4,2,5,2,1,0,0,A Taylor,2223,E0_2223.csv,0,0,Draw,20220831_Bournemouth_WolverhamptonWanderers,0.5,4.0,0.75,0.5,4.0,0.75,0.5,4.0,,,0.5,1.0,0.5,0.5,1.0,0.5,0.5,1.0,,,0.25,0.0
E0,2022-08-31,Arsenal,Aston Villa,2,1,H,1,0,22,4,9,3,10,3,2,3,0,0,R Jones,2223,E0_2223.csv,3,1,Home Win,20220831_Arsenal_AstonVilla,2.75,0.75,3.0,2.75,0.75,3.0,2.75,0.75,,,0.75,1.75,0.75,0.75,1.75,0.75,0.75,1.75,,,2.25,2.0
E0,2022-09-01,Leicester City,Manchester United,0,1,A,0,1,10,9,2,2,1,3,1,3,0,0,C Pawson,2223,E0_2223.csv,1,-1,Away Win,20220901_LeicesterCity_ManchesterUnited,1.5,2.5,0.25,1.5,2.5,0.25,1.5,2.5,,,1.0,1.75,1.5,1.0,1.75,1.5,1.0,1.75,,,-1.25,0.5
E0,2022-09-03,Everton,Liverpool,0,0,D,0,0,14,23,3,8,7,9,2,2,0,0,A Taylor,2223,E0_2223.csv,0,0,Draw,20220903_Everton_Liverpool,0.8,1.2,0.6,0.8,1.2,0.6,0.8,1.2,,,3.0,1.2,1.6,3.0,1.2,1.6,3.0,1.2,,,-1.0,-2.2
E0,2022-09-03,Brentford,Leeds,5,2,H,2,1,14,17,8,6,2,6,2,2,0,0,R Jones,2223,E0_2223.csv,7,3,Home Win,20220903_Brentford_Leeds,2.0,1.4,1.2,2.0,1.4,1.2,2.0,1.4,,,1.6,1.0,1.6,1.6,1.0,1.6,1.6,1.0,,,-0.40000000000000013,0.3999999999999999
E0,2022-09-03,Chelsea,West Ham United,2,1,H,0,0,8,6,3,3,10,3,4,2,0,0,A Madley,2223,E0_2223.csv,3,1,Home Win,20220903_Chelsea_WestHamUnited,1.2,1.6,1.4,1.2,1.6,1.4,1.2,1.6,,,0.4,1.2,0.8,0.4,1.2,0.8,0.4,1.2,,,0.5999999999999999,0.7999999999999999
E0,2022-09-03,Newcastle United,Crystal Palace,0,0,D,0,0,23,19,6,9,13,5,2,1,0,0,M Salisbury,2223,E0_2223.csv,0,0,Draw,20220903_NewcastleUnited_CrystalPalace,1.4,1.2,1.2,1.4,1.2,1.2,1.4,1.2,,,1.4,1.8,1.0,1.4,1.8,1.0,1.4,1.8,,,0.19999999999999996,0.0
E0,2022-09-03,Nottingham Forest,Bournemouth,2,3,A,2,0,11,8,3,3,4,6,2,1,0,0,M Oliver,2223,E0_2223.csv,5,-1,Away Win,20220903_NottinghamForest_Bournemouth,0.4,2.2,0.8,0.4,2.2,0.8,0.4,2.2,,,0.4,3.2,0.8,0.4,3.2,0.8,0.4,3.2,,,0.0,0.0
E0,2022-09-03,Tottenham Hotspur,Fulham,2,1,H,1,0,23,9,10,3,10,3,3,4,0,0,S Attwell,2223,E0_2223.csv,3,1,Home Win,20220903_TottenhamHotspur_Fulham,2.0,0.8,2.2,2.0,0.8,2.2,2.0,0.8,,,1.6,1.4,1.6,1.6,1.4,1.6,1.6,1.4,,,0.6000000000000001,0.3999999999999999
E0,2022-09-03,Wolverhampton Wanderers,Southampton,1,0,H,1,0,7,12,2,1,5,6,4,2,0,0,J Brooks,2223,E0_2223.csv,1,1,Home Win,20220903_WolverhamptonWanderers_Southampton,0.4,0.8,0.6,0.4,0.8,0.6,0.4,0.8,,,1.4,1.8,1.4,1.4,1.8,1.4,1.4,1.8,,,-0.7999999999999999,-0.9999999999999999
E0,2022-09-03,Aston Villa,Manchester City,1,1,D,0,0,3,13,1,4,1,4,2,0,0,0,S Hooper,2223,E0_2223.csv,2,0,Draw,20220903_AstonVilla_ManchesterCity,0.8,1.8,0.6,0.8,1.8,0.6,0.8,1.8,,,3.8,1.0,2.6,3.8,1.0,2.6,3.8,1.0,,,-2.0,-3.0
E0,2022-09-04,Manchester United,Arsenal,3,1,H,1,0,10,16,6,3,2,5,3,3,0,0,P Tierney,2223,E0_2223.csv,4,2,Home Win,20220904_ManchesterUnited_Arsenal,1.0,1.4,1.8,1.0,1.4,1.8,1.0,1.4,,,2.6,0.8,3.0,2.6,0.8,3.0,2.6,0.8,,,-1.2,-1.6
E0,2022-09-04,Brighton,Leicester City,5,2,H,2,2,23,6,11,4,10,1,1,1,0,0,T Harrington,2223,E0_2223.csv,7,3,Home Win,20220904_Brighton_LeicesterCity,1.2,0.6,2.0,1.2,0.6,2.0,1.2,0.6,,,1.2,2.2,0.2,1.2,2.2,0.2,1.2,2.2,,,1.8,0.0
E0,2022-09-16,Aston Villa,Southampton,1,0,H,1,0,11,7,3,1,6,3,3,1,0,0,T Harrington,2223,E0_2223.csv,1,1,Home Win,20220916_AstonVilla_Southampton,1.0,1.6,0.8,0.8333333333333334,1.6666666666666667,0.6666666666666666,0.8333333333333334,1.6666666666666667,1.0,1.0,1.2,1.2,1.4,1.1666666666666667,1.6666666666666667,1.1666666666666667,1.1666666666666667,1.6666666666666667,1.0,2.0,-0.5999999999999999,-0.19999999999999996
E0,2022-09-16,Nottingham Forest,Fulham,2,3,A,1,0,11,15,3,7,2,10,2,4,0,0,J Gillett,2223,E0_2223.csv,5,-1,Away Win,20220916_NottinghamForest_Fulham,0.8,2.4,0.8,0.6666666666666666,2.3333333333333335,0.6666666666666666,0.6666666666666666,2.3333333333333335,1.0,1.6666666666666667,1.4,1.4,1.4,1.5,1.5,1.3333333333333333,1.5,1.5,0.6666666666666666,1.3333333333333333,-0.5999999999999999,-0.5999999999999999
E0,2022-09-17,Wolverhampton Wanderers,Manchester City,0,3,A,0,2,6,16,1,7,5,7,2,1,1,0,A Taylor,2223,E0_2223.csv,3,-3,Away Win,20220917_WolverhamptonWanderers_ManchesterCity,0.4,0.4,1.2,0.5,0.6666666666666666,1.0,0.5,0.6666666666666666,0.6666666666666666,0.3333333333333333,3.6,1.2,2.2,3.3333333333333335,1.0,2.3333333333333335,3.3333333333333335,1.0,2.0,1.3333333333333333,-1.0000000000000002,-3.2
E0,2022-09-17,Newcastle United,Bournemouth,1,1,D,0,0,20,10,7,3,8,1,2,2,0,0,C Pawson,2223,E0_2223.csv,2,0,Draw,20220917_NewcastleUnited_Bournemouth,1.0,1.2,0.8,1.1666666666666667,1.0,1.1666666666666667,1.1666666666666667,1.0,1.6666666666666667,1.0,0.6,3.6,0.8,0.8333333333333334,3.0,1.1666666666666667,0.8333333333333334,3.0,1.0,5.0,0.0,0.4
E0,2022-09-17,Tottenham Hotspur,Leicester City,6,2,H,2,2,16,19,11,7,6,1,1,2,0,0,S Hooper,2223,E0_2223.csv,8,4,Home Win,20220917_TottenhamHotspur_LeicesterCity,1.6,0.8,2.2,2.0,0.8333333333333334,2.3333333333333335,2.0,0.8333333333333334,2.3333333333333335,0.6666666666666666,1.2,2.8,0.0,1.3333333333333333,2.6666666666666665,0.16666666666666666,1.3333333333333333,2.6666666666666665,1.6666666666666667,3.6666666666666665,2.2,0.40000000000000013
E0,2022-09-18,Brentford,Arsenal,0,3,A,0,2,5,13,2,7,3,3,0,2,0,0,D Coote,2223,E0_2223.csv,3,-3,Away Win,20220918_Brentford_Arsenal,2.6,1.4,1.6,2.5,1.5,1.5,2.5,1.5,3.3333333333333335,1.0,2.4,1.4,2.4,2.3333333333333335,1.1666666666666667,2.5,2.3333333333333335,1.1666666666666667,2.0,1.0,-0.7999999999999998,0.20000000000000018
E0,2022-09-18,Everton,West Ham United,1,0,H,0,0,7,14,2,4,5,14,3,1,0,0,M Oliver,2223,E0_2223.csv,1,1,Home Win,20220918_Everton_WestHamUnited,0.8,1.0,0.8,0.6666666666666666,1.0,0.6666666666666666,0.6666666666666666,1.0,0.3333333333333333,0.6666666666666666,0.6,1.2,0.8,0.5,1.3333333333333333,0.6666666666666666,0.5,1.3333333333333333,0.6666666666666666,1.0,0.0,0.20000000000000007
E0,2022-10-01,West Ham United,Wolverhampton Wanderers,2,0,H,1,0,18,15,5,4,1,6,2,2,0,0,P Tierney,2223,E0_2223.csv,2,2,Home Win,20221001_WestHamUnited_WolverhamptonWanderers,0.6,1.2,0.8,0.42857142857142855,1.2857142857142858,0.5714285714285714,0.42857142857142855,1.2857142857142858,0.3333333333333333,1.6666666666666667,0.4,1.0,1.0,0.42857142857142855,1.0,0.8571428571428571,0.42857142857142855,1.0,0.3333333333333333,1.0,-0.19999999999999996,0.19999999999999996
E0,2022-10-01,Southampton,Everton,1,2,A,0,0,22,12,6,5,7,6,2,2,0,0,A Marriner,2223,E0_2223.csv,3,-1,Away Win,20221001_Southampton_Everton,0.8,1.0,1.2,1.0,1.5714285714285714,1.0,1.0,1.5714285714285714,1.3333333333333333,1.3333333333333333,0.8,0.6,1.4,0.7142857142857143,0.8571428571428571,1.0,0.7142857142857143,0.8571428571428571,1.0,1.3333333333333333,-0.19999999999999996,0.0
E0,2022-10-01,Liverpool,Brighton,3,3,D,1,2,15,6,7,6,9,2,1,1,0,0,A Madley,2223,E0_2223.csv,6,0,Draw,20221001_Liverpool_Brighton,2.6,0.8,1.6,2.5,1.0,1.5,2.5,1.0,4.0,0.6666666666666666,1.8,0.8,2.0,1.8333333333333333,0.8333333333333334,2.1666666666666665,1.8333333333333333,0.8333333333333334,1.6666666666666667,1.0,-0.3999999999999999,0.8
E0,2022-10-01,Fulham,Newcastle United,1,4,A,0,3,3,19,1,10,1,8,2,0,1,0,D England,2223,E0_2223.csv,5,-3,Away Win,20221001_Fulham_NewcastleUnited,2.0,1.8,1.8,1.7142857142857142,1.5714285714285714,1.5714285714285714,1.7142857142857142,1.5714285714285714,2.3333333333333335,1.6666666666666667,1.2,1.4,0.8,1.1428571428571428,1.0,1.1428571428571428,1.1428571428571428,1.0,0.6666666666666666,1.0,1.0,0.8
E0,2022-10-01,Crystal Palace,Chelsea,1,2,A,1,1,7,13,3,3,5,2,1,3,0,0,C Kavanagh,2223,E0_2223.csv,3,-1,Away Win,20221001_CrystalPalace_Chelsea,1.4,1.4,1.2,1.1666666666666667,1.5,1.0,1.1666666666666667,1.5,1.3333333333333333,1.3333333333333333,1.4,1.8,1.4,1.3333333333333333,1.5,1.6666666666666667,1.3333333333333333,1.5,0.6666666666666666,1.6666666666666667,-0.19999999999999996,0.0
E0,2022-10-01,Bournemouth,Brentford,0,0,D,0,0,7,13,1,4,7,8,1,2,0,0,T Bramall,2223,E0_2223.csv,0,0,Draw,20221001_Bournemouth_Brentford,0.8,3.0,1.0,0.8571428571428571,2.7142857142857144,1.1428571428571428,0.8571428571428571,2.7142857142857144,0.6666666666666666,1.0,1.8,2.0,1.0,2.142857142857143,1.7142857142857142,1.2857142857142858,2.142857142857143,1.7142857142857142,1.6666666666666667,2.0,0.0,-1.0
E0,2022-10-01,Arsenal,Tottenham Hotspur,3,1,H,1,1,22,7,9,3,5,2,2,1,0,1,A Taylor,2223,E0_2223.csv,4,2,Home Win,20221001_Arsenal_TottenhamHotspur,2.2,1.0,2.4,2.4285714285714284,1.0,2.5714285714285716,2.4285714285714284,1.0,2.6666666666666665,1.3333333333333333,2.4,0.8,2.6,2.5714285714285716,1.0,2.4285714285714284,2.5714285714285716,1.0,1.6666666666666667,1.0,-0.20000000000000018,-0.19999999999999973
E0,2022-10-02,Manchester City,Manchester United,6,3,H,4,0,22,12,10,8,5,1,0,3,0,0,M Oliver,2223,E0_2223.csv,9,3,Home Win,20221002_ManchesterCity_ManchesterUnited,3.4,1.2,2.2,3.2857142857142856,0.8571428571428571,2.4285714285714284,3.2857142857142856,0.8571428571428571,4.666666666666667,0.6666666666666666,1.4,1.2,2.4,1.3333333333333333,1.3333333333333333,2.0,1.3333333333333333,1.3333333333333333,0.6666666666666666,1.3333333333333333,-0.19999999999999973,2.0
E0,2022-10-02,Leeds,Aston Villa,0,0,D,0,0,9,19,1,7,2,9,3,2,1,0,S Attwell,2223,E0_2223.csv,0,0,Draw,20221002_Leeds_AstonVilla,1.6,1.8,1.0,1.6666666666666667,1.6666666666666667,1.3333333333333333,1.6666666666666667,1.6666666666666667,2.0,0.6666666666666666,0.8,1.4,0.8,0.8571428571428571,1.4285714285714286,1.0,0.8571428571428571,1.4285714285714286,0.6666666666666666,2.3333333333333335,0.19999999999999996,0.8
E0,2022-10-03,Leicester City,Nottingham Forest,4,0,H,3,0,17,10,7,3,6,6,2,4,0,0,R Jones,2223,E0_2223.csv,4,4,Home Win,20221003_LeicesterCity_NottinghamForest,1.2,3.2,0.0,1.4285714285714286,3.142857142857143,0.14285714285714285,1.4285714285714286,3.142857142857143,1.0,1.6666666666666667,1.0,3.0,0.2,0.8571428571428571,2.4285714285714284,0.5714285714285714,0.8571428571428571,2.4285714285714284,0.3333333333333333,3.0,-0.2,0.19999999999999996
E0,2022-10-08,Bournemouth,Leicester City,2,1,H,0,1,10,9,4,5,7,2,1,2,0,0,M Salisbury,2223,E0_2223.csv,3,1,Home Win,20221008_Bournemouth_LeicesterCity,0.8,2.4,1.2,0.75,2.375,1.125,0.75,2.375,0.5,0.75,1.8,2.8,0.6,1.75,2.75,0.5,1.75,2.75,1.75,4.25,0.6,-1.0
E0,2022-10-08,Chelsea,Wolverhampton Wanderers,3,0,H,1,0,20,8,7,2,4,2,2,0,0,0,S Hooper,2223,E0_2223.csv,3,3,Home Win,20221008_Chelsea_WolverhamptonWanderers,1.4,1.6,1.8,1.4285714285714286,1.4285714285714286,1.8571428571428572,1.4285714285714286,1.4285714285714286,2.0,1.3333333333333333,0.4,1.2,1.0,0.375,1.125,0.75,0.375,1.125,0.25,1.25,0.8,0.9999999999999999
E0,2022-10-08,Manchester City,Southampton,4,0,H,2,0,21,5,8,0,9,1,0,1,0,0,A Madley,2223,E0_2223.csv,4,4,Home Win,20221008_ManchesterCity_Southampton,4.0,1.2,2.6,3.625,1.125,2.5,3.625,1.125,5.0,1.25,0.6,1.2,0.6,1.0,1.625,0.875,1.0,1.625,0.75,1.75,2.0,3.4
E0,2022-10-08,Newcastle United,Brentford,5,1,H,2,0,16,6,6,3,9,5,0,1,0,0,J Brooks,2223,E0_2223.csv,6,4,Home Win,20221008_NewcastleUnited_Brentford,1.4,1.0,1.2,1.5,1.0,1.375,1.5,1.0,1.5,1.0,1.4,1.4,1.2,1.875,1.5,1.25,1.875,1.5,1.25,1.5,0.0,0.0
E0,2022-10-08,Brighton,Tottenham Hotspur,0,1,A,0,1,14,8,4,3,6,2,1,2,0,0,T Harrington,2223,E0_2223.csv,1,-1,Away Win,20221008_Brighton_TottenhamHotspur,2.4,1.4,2.0,2.0,1.1428571428571428,2.0,2.0,1.1428571428571428,2.0,0.6666666666666666,2.4,1.4,2.0,2.375,1.25,2.125,2.375,1.25,1.5,1.5,0.0,0.0
E0,2022-10-09,Everton,Manchester United,1,2,A,1,2,11,12,2,4,5,4,2,1,0,0,D Coote,2223,E0_2223.csv,3,-1,Away Win,20221009_Everton_ManchesterUnited,1.0,0.6,1.8,0.875,0.875,1.25,0.875,0.875,0.5,0.5,2.0,1.6,2.4,1.5714285714285714,2.0,1.7142857142857142,1.5714285714285714,2.0,1.25,2.5,-0.5999999999999999,-1.0
E0,2022-10-09,Arsenal,Liverpool,3,2,H,2,1,11,8,7,3,4,3,1,2,0,0,M Oliver,2223,E0_2223.csv,5,1,Home Win,20221009_Arsenal_Liverpool,2.2,1.2,2.4,2.5,1.0,2.625,2.5,1.0,2.75,1.25,3.0,1.2,1.6,2.5714285714285716,1.2857142857142858,1.4285714285714286,2.5714285714285716,1.2857142857142858,1.0,1.3333333333333333,0.7999999999999998,-0.7999999999999998
E0,2022-10-09,Crystal Palace,Leeds,2,1,H,1,1,13,10,5,4,5,3,3,3,0,0,P Tierney,2223,E0_2223.csv,3,1,Home Win,20221009_CrystalPalace_Leeds,1.4,1.6,1.0,1.1428571428571428,1.5714285714285714,0.8571428571428571,1.1428571428571428,1.5714285714285714,1.25,1.5,1.2,1.4,1.0,1.4285714285714286,1.4285714285714286,1.2857142857142858,1.4285714285714286,1.4285714285714286,1.3333333333333333,2.6666666666666665,0.0,0.19999999999999996
E0,2022-10-09,West Ham United,Fulham,3,1,H,1,1,17,8,8,2,4,2,1,3,0,0,C Kavanagh,2223,E0_2223.csv,4,2,Home Win,20221009_WestHamUnited_Fulham,1.0,0.8,1.4,0.625,1.125,0.875,0.625,1.125,0.75,1.25,1.6,2.2,1.2,1.625,1.875,1.375,1.625,1.875,1.25,1.5,0.19999999999999996,-0.6000000000000001
E0,2022-10-10,Nottingham Forest,Aston Villa,1,1,D,1,1,6,12,3,2,1,4,3,3,0,0,A Taylor,2223,E0_2223.csv,2,0,Draw,20221010_NottinghamForest_AstonVilla,0.8,3.6,0.0,0.75,2.625,0.5,0.75,2.625,1.25,2.0,0.6,0.8,1.0,0.75,1.25,1.0,0.75,1.25,0.5,1.75,-1.0,0.20000000000000007
E0,2022-10-14,Brentford,Brighton,2,0,H,1,0,7,21,3,7,2,11,3,1,0,0,M Salisbury,2223,E0_2223.csv,2,2,Home Win,20221014_Brentford_Brighton,1.4,2.2,1.0,1.7777777777777777,1.8888888888888888,1.1111111111111112,1.7777777777777777,1.8888888888888888,2.5,1.5,2.0,1.6,1.4,1.75,1.125,1.75,1.75,1.125,2.0,1.5,-0.3999999999999999,-0.6000000000000001
E0,2022-10-15,Leicester City,Crystal Palace,0,0,D,0,0,14,8,5,1,9,2,2,2,0,0,A Madley,2223,E0_2223.csv,0,0,Draw,20221015_LeicesterCity_CrystalPalace,1.8,2.8,0.6,1.6666666666666667,2.6666666666666665,0.4444444444444444,1.6666666666666667,2.6666666666666665,1.75,1.25,1.2,1.6,1.0,1.25,1.5,1.125,1.25,1.5,1.0,1.6666666666666667,-0.4,0.6000000000000001
E0,2022-10-15,Fulham,Bournemouth,2,2,D,1,2,19,10,4,6,5,6,2,0,0,0,G Scott,2223,E0_2223.csv,4,0,Draw,20221015_Fulham_Bournemouth,1.6,2.4,1.2,1.5555555555555556,2.0,1.2222222222222223,1.5555555555555556,2.0,2.0,2.25,1.2,0.8,1.8,0.8888888888888888,2.2222222222222223,1.3333333333333333,0.8888888888888888,2.2222222222222223,1.0,4.0,-0.6000000000000001,0.40000000000000013
E0,2022-10-15,Wolverhampton Wanderers,Nottingham Forest,1,0,H,0,0,9,10,2,2,4,5,2,2,0,0,T Bramall,2223,E0_2223.csv,1,1,Home Win,20221015_WolverhamptonWanderers_NottinghamForest,0.2,1.6,0.8,0.3333333333333333,1.3333333333333333,0.6666666666666666,0.3333333333333333,1.3333333333333333,0.5,1.0,1.0,3.4,0.2,0.7777777777777778,2.4444444444444446,0.5555555555555556,0.7777777777777778,2.4444444444444446,0.25,3.25,0.6000000000000001,-0.8
E0,2022-10-15,Tottenham Hotspur,Everton,2,0,H,0,0,21,4,7,0,7,1,1,4,0,0,P Tierney,2223,E0_2223.csv,2,2,Home Win,20221015_TottenhamHotspur_Everton,2.2,1.4,2.0,2.2222222222222223,1.1111111111111112,2.2222222222222223,2.2222222222222223,1.1111111111111112,3.25,1.0,1.0,0.8,1.6,0.8888888888888888,1.0,1.1111111111111112,0.8888888888888888,1.0,1.25,1.25,0.3999999999999999,1.2000000000000002
E0,2022-10-16,Liverpool,Manchester City,1,0,H,0,0,13,16,2,6,5,6,3,1,0,0,A Taylor,2223,E0_2223.csv,1,1,Home Win,20221016_Liverpool_ManchesterCity,3.2,1.4,1.6,2.5,1.5,1.25,2.5,1.5,3.75,1.25,4.0,0.8,2.6,3.6666666666666665,1.0,2.5555555555555554,3.6666666666666665,1.0,2.25,1.0,-1.0,-0.7999999999999998
E0,2022-10-16,Southampton,West Ham United,1,1,D,1,0,10,25,8,4,4,14,1,1,0,0,P Bankes,2223,E0_2223.csv,2,0,Draw,20221016_Southampton_WestHamUnited,0.6,1.8,0.6,0.8888888888888888,1.8888888888888888,0.7777777777777778,0.8888888888888888,1.8888888888888888,1.25,1.5,1.4,1.0,1.4,0.8888888888888888,1.1111111111111112,1.1111111111111112,0.8888888888888888,1.1111111111111112,0.5,1.0,-0.7999999999999999,-0.7999999999999999
E0,2022-10-16,Aston Villa,Chelsea,0,2,A,0,1,18,8,7,4,7,1,0,3,0,0,R Jones,2223,E0_2223.csv,2,-2,Away Win,20221016_AstonVilla_Chelsea,0.8,0.8,1.2,0.7777777777777778,1.2222222222222223,1.0,0.7777777777777778,1.2222222222222223,1.0,0.75,2.0,1.0,2.4,1.625,1.25,2.0,1.625,1.25,1.0,1.5,-1.2,-1.2
E0,2022-10-16,Leeds,Arsenal,0,1,A,0,1,16,9,4,4,6,3,0,2,0,0,C Kavanagh,2223,E0_2223.csv,1,-1,Away Win,20221016_Leeds_Arsenal,0.8,1.8,0.4,1.375,1.5,1.125,1.375,1.5,1.5,0.5,2.4,1.4,2.4,2.5555555555555554,1.1111111111111112,2.6666666666666665,2.5555555555555554,1.1111111111111112,2.25,0.75,-2.0,-1.5999999999999999
E0,2022-10-16,Manchester United,Newcastle United,0,0,D,0,0,15,9,2,2,4,4,3,1,0,0,C Pawson,2223,E0_2223.csv,0,0,Draw,20221016_ManchesterUnited_NewcastleUnited,2.0,1.6,2.4,1.625,1.875,1.875,1.625,1.875,2.0,1.3333333333333333,2.2,1.0,1.6,1.8888888888888888,1.0,1.5555555555555556,1.8888888888888888,1.0,1.5,1.0,0.7999999999999998,-0.20000000000000018
E0,2022-10-18,Brighton,Nottingham Forest,0,0,D,0,0,19,3,7,0,9,1,3,1,0,0,D England,2223,E0_2223.csv,0,0,Draw,20221018_Brighton_NottinghamForest,1.8,2.0,0.8,1.5555555555555556,1.2222222222222223,1.5555555555555556,1.5555555555555556,1.2222222222222223,1.5,0.75,1.0,2.4,0.2,0.7,2.3,0.5,0.7,2.3,0.2,2.8,0.6000000000000001,0.8
E0,2022-10-18,Crystal Palace,Wolverhampton Wanderers,2,1,H,0,1,14,10,4,4,4,3,3,1,0,0,D Coote,2223,E0_2223.csv,3,1,Home Win,20221018_CrystalPalace_WolverhamptonWanderers,0.8,0.8,1.2,1.1111111111111112,1.3333333333333333,1.1111111111111112,1.1111111111111112,1.3333333333333333,1.4,1.4,0.4,1.6,1.2,0.4,1.2,0.9,0.4,1.2,0.2,1.6,0.0,0.4
E0,2022-10-19,Bournemouth,Southampton,0,1,A,0,1,15,9,3,3,7,3,1,3,0,0,J Brooks,2223,E0_2223.csv,1,-1,Away Win,20221019_Bournemouth_Southampton,1.6,1.2,1.8,1.0,2.2,1.3,1.0,2.2,0.8,0.8,0.4,1.8,0.2,0.9,1.8,0.8,0.9,1.8,0.6,2.2,1.6,1.2000000000000002
E0,2022-10-19,Brentford,Chelsea,0,0,D,0,0,8,14,5,5,6,2,0,0,0,0,J Gillett,2223,E0_2223.csv,0,0,Draw,20221019_Brentford_Chelsea,1.6,2.0,1.4,1.8,1.7,1.3,1.8,1.7,2.4,1.2,2.0,0.8,2.4,1.6666666666666667,1.1111111111111112,2.111111111111111,1.6666666666666667,1.1111111111111112,1.2,1.2,-1.0,-0.3999999999999999
E0,2022-10-19,Liverpool,West Ham United,1,0,H,1,0,22,8,7,3,8,3,0,0,0,0,S Attwell,2223,E0_2223.csv,1,1,Home Win,20221019_Liverpool_WestHamUnited,1.6,1.4,1.6,2.3333333333333335,1.3333333333333333,1.4444444444444444,2.3333333333333335,1.3333333333333333,3.2,1.0,1.4,1.0,1.4,0.9,1.1,1.1,0.9,1.1,0.6,1.0,0.20000000000000018,0.20000000000000018
E0,2022-10-19,Newcastle United,Everton,1,0,H,1,0,16,1,4,0,8,2,2,4,0,0,T Harrington,2223,E0_2223.csv,1,1,Home Win,20221019_NewcastleUnited_Everton,2.0,0.6,1.8,1.7,0.9,1.5,1.7,0.9,2.2,1.0,0.8,1.0,1.4,0.8,1.1,1.0,0.8,1.1,1.0,1.4,0.40000000000000013,1.2
E0,2022-10-19,Manchester United,Tottenham Hotspur,2,0,H,0,0,28,9,10,2,8,3,1,0,0,0,S Hooper,2223,E0_2223.csv,2,2,Home Win,20221019_ManchesterUnited_TottenhamHotspur,1.8,1.6,2.0,1.4444444444444444,1.6666666666666667,1.7777777777777777,1.4444444444444444,1.6666666666666667,1.5,1.0,2.4,1.2,2.4,2.2,1.0,2.3,2.2,1.0,1.4,1.2,-0.3999999999999999,-0.5999999999999999
E0,2022-10-20,Fulham,Aston Villa,3,0,H,1,0,18,12,8,6,9,7,0,2,0,1,M Oliver,2223,E0_2223.csv,3,3,Home Win,20221020_Fulham_AstonVilla,1.6,2.6,0.8,1.6,2.0,1.2,1.6,2.0,2.0,2.2,0.6,0.8,1.2,0.7,1.3,0.9,0.7,1.3,0.6,1.6,-0.3999999999999999,1.0
E0,2022-10-20,Leicester City,Leeds,2,0,H,2,0,5,14,1,2,2,9,2,1,0,0,P Bankes,2223,E0_2223.csv,2,2,Home Win,20221020_LeicesterCity_Leeds,1.8,2.6,0.8,1.5,2.4,0.5,1.5,2.4,1.4,1.0,0.8,1.8,0.4,1.2222222222222223,1.4444444444444444,1.0,1.2222222222222223,1.4444444444444444,1.25,2.5,0.4,1.0
E0,2022-10-22,Chelsea,Manchester United,1,1,D,0,0,6,13,2,6,6,4,1,4,0,0,S Attwell,2223,E0_2223.csv,2,0,Draw,20221022_Chelsea_ManchesterUnited,1.8,0.4,2.6,1.5,1.0,2.0,1.5,1.0,2.25,1.0,2.0,1.6,2.0,1.5,1.5,1.9,1.5,1.5,1.4,2.2,0.6000000000000001,-0.19999999999999996
E0,2022-10-22,Manchester City,Brighton,3,1,H,2,0,10,8,4,2,7,3,1,3,0,0,C Pawson,2223,E0_2223.csv,4,2,Home Win,20221022_ManchesterCity_Brighton,2.8,1.0,2.0,3.3,1.0,2.3,3.3,1.0,4.8,1.0,1.6,1.6,1.0,1.4,1.1,1.5,1.4,1.1,1.6,1.6,1.0,1.1999999999999997
E0,2022-10-22,Nottingham Forest,Liverpool,1,0,H,0,0,10,15,7,7,2,11,2,1,0,0,P Tierney,2223,E0_2223.csv,1,1,Home Win,20221022_NottinghamForest_Liverpool,0.6,1.8,0.4,0.7,2.1,0.6,0.6363636363636364,2.090909090909091,1.2,1.8,1.4,1.2,1.6,2.2,1.2,1.6,2.2,1.2,1.25,1.75,-1.2000000000000002,-0.7999999999999999
E0,2022-10-22,Everton,Crystal Palace,3,0,H,1,0,9,9,6,2,3,4,3,4,0,0,S Hooper,2223,E0_2223.csv,3,3,Home Win,20221022_Everton_CrystalPalace,0.8,1.2,1.2,0.8,1.1,1.0,0.7272727272727273,1.0909090909090908,0.6,0.8,1.0,0.8,1.6,1.2,1.3,1.3,1.2,1.3,0.75,1.25,-0.40000000000000013,-0.19999999999999996
E0,2022-10-23,Aston Villa,Brentford,4,0,H,3,0,19,12,11,3,7,6,1,0,0,0,D England,2223,E0_2223.csv,4,4,Home Win,20221023_AstonVilla_Brentford,0.4,1.2,1.0,0.7,1.4,0.9,0.6363636363636364,1.4545454545454546,0.8,1.0,0.6,1.6,1.0,1.6,1.5,1.3,1.6363636363636365,1.5454545454545454,1.2,2.2,0.0,-0.19999999999999996
E0,2022-10-23,Leeds,Fulham,2,3,A,1,1,14,11,5,5,3,6,1,1,0,0,A Taylor,2223,E0_2223.csv,5,-1,Away Win,20221023_Leeds_Fulham,0.6,2.0,0.2,1.1,1.5,0.9,1.1,1.5,1.2,0.6,2.0,2.2,1.4,1.7,1.8,1.4,1.7272727272727273,1.8181818181818181,1.2,1.8,-1.2,-1.4
E0,2022-10-23,Southampton,Arsenal,1,1,D,0,1,10,12,3,3,9,4,2,1,0,0,R Jones,2223,E0_2223.csv,2,0,Draw,20221023_Southampton_Arsenal,0.6,1.6,0.8,0.9,1.4,1.1,0.9090909090909091,1.6363636363636365,1.2,1.4,2.2,1.2,2.4,2.4,1.0,2.7,2.4,1.0,2.0,0.6,-1.5999999999999999,-1.6
E0,2022-10-23,Wolverhampton Wanderers,Leicester City,0,4,A,0,2,21,5,5,4,9,2,2,1,0,0,M Oliver,2223,E0_2223.csv,4,-4,Away Win,20221023_WolverhamptonWanderers_LeicesterCity,0.4,2.0,0.6,0.4,1.2,0.9,0.45454545454545453,1.2727272727272727,0.6,0.8,1.8,1.6,1.4,1.5,2.2,0.7,1.5454545454545454,2.1818181818181817,1.6,3.8,-0.7999999999999999,-1.4
E0,2022-10-23,Tottenham Hotspur,Newcastle United,1,2,A,0,2,17,13,5,5,6,7,4,2,0,0,J Gillett,2223,E0_2223.csv,3,-1,Away Win,20221023_TottenhamHotspur_NewcastleUnited,2.0,1.4,1.8,1.8,1.1,2.0,2.0,1.0909090909090908,3.0,0.8,2.2,0.6,2.2,1.6,0.9,1.5,1.6363636363636365,0.8181818181818182,1.2,0.8,-0.40000000000000013,-0.20000000000000018
E0,2022-10-24,West Ham United,Bournemouth,2,0,H,1,0,20,5,4,3,5,0,0,2,0,0,D Coote,2223,E0_2223.csv,2,2,Home Win,20221024_WestHamUnited_Bournemouth,1.2,0.8,1.4,0.9,1.0,1.1,0.8181818181818182,1.0909090909090908,1.2,1.2,1.0,1.0,1.2,0.8,2.3,1.0,0.9090909090909091,2.090909090909091,1.2,3.6,0.19999999999999996,0.19999999999999996
E0,2022-10-29,Newcastle United,Aston Villa,4,0,H,1,0,20,3,7,0,3,0,1,1,0,0,P Tierney,2223,E0_2223.csv,4,4,Home Win,20221029_NewcastleUnited_AstonVilla,2.4,0.6,2.6,1.8,1.0,1.7,1.6666666666666667,0.8333333333333334,2.0,0.8333333333333334,1.0,1.2,1.0,0.9,1.3,0.9,0.9166666666666666,1.3333333333333333,0.5,1.8333333333333333,1.6,1.4
E0,2022-10-29,Liverpool,Leeds,1,2,A,1,1,22,14,10,6,14,5,0,1,0,0,M Oliver,2223,E0_2223.csv,3,-1,Away Win,20221029_Liverpool_Leeds,1.4,1.4,1.4,2.0,1.1,1.5,2.0,1.1818181818181819,2.8333333333333335,0.8333333333333334,0.6,1.6,0.2,1.1,1.7,0.6,1.1818181818181819,1.6363636363636365,1.0,2.4,1.2,0.7999999999999999
E0,2022-10-29,Fulham,Everton,0,0,D,0,0,24,9,6,4,13,4,2,1,0,0,J Brooks,2223,E0_2223.csv,0,0,Draw,20221029_Fulham_Everton,2.0,2.2,1.4,2.0,2.0,1.6,1.8333333333333333,1.8333333333333333,2.1666666666666665,1.8333333333333333,1.2,1.2,1.2,1.0,0.9,1.3,0.9166666666666666,1.0,0.8333333333333334,1.3333333333333333,0.19999999999999996,0.8
E0,2022-10-29,Crystal Palace,Southampton,1,0,H,1,0,12,14,3,4,8,4,3,3,0,0,M Salisbury,2223,E0_2223.csv,1,1,Home Win,20221029_CrystalPalace_Southampton,1.0,1.4,1.4,1.2,1.4,1.3,1.0909090909090908,1.4545454545454546,1.5,1.3333333333333333,0.8,1.6,1.0,0.8,1.3,1.1,0.9166666666666666,1.5833333333333333,0.6666666666666666,1.8333333333333333,0.3999999999999999,0.19999999999999996
E0,2022-10-29,Brentford,Wolverhampton Wanderers,1,1,D,0,0,12,14,3,4,3,6,3,3,0,1,R Madley,2223,E0_2223.csv,2,0,Draw,20221029_Brentford_WolverhamptonWanderers,0.6,1.8,1.0,1.2,1.9,1.0,1.5,1.75,2.0,1.0,0.4,2.2,0.6,0.4,1.6,0.8,0.4166666666666667,1.5,0.3333333333333333,1.6666666666666667,0.4,0.19999999999999996
E0,2022-10-29,Bournemouth,Tottenham Hotspur,2,3,A,1,0,6,23,4,7,2,19,1,2,0,0,A Taylor,2223,E0_2223.csv,5,-1,Away Win,20221029_Bournemouth_TottenhamHotspur,0.8,1.2,1.0,0.8,2.1,1.0,0.8333333333333334,2.0833333333333335,0.6666666666666666,0.8333333333333334,1.0,1.4,1.2,1.7,1.1,1.9,1.9166666666666667,1.1666666666666667,1.1666666666666667,1.3333333333333333,-0.19999999999999996,-0.19999999999999996
E0,2022-10-29,Brighton,Chelsea,4,1,H,3,0,19,15,9,7,8,7,1,2,0,0,A Madley,2223,E0_2223.csv,5,3,Home Win,20221029_Brighton_Chelsea,0.8,1.8,0.4,1.3,1.3,1.2,1.3636363636363635,1.2727272727272727,1.2,0.6,1.6,0.4,2.2,1.5,1.1,1.8,1.4545454545454546,1.0,1.0,1.0,-1.8000000000000003,-0.8
E0,2022-10-29,Leicester City,Manchester City,0,1,A,0,0,10,15,5,5,3,10,0,0,0,0,R Jones,2223,E0_2223.csv,1,-1,Away Win,20221029_LeicesterCity_ManchesterCity,2.2,0.4,2.0,1.7,1.8,1.0,1.75,2.0,1.5,0.8333333333333334,3.2,1.0,2.4,3.4,1.1,2.3,3.272727272727273,1.0,1.8,1.0,-0.3999999999999999,-1.0
E0,2022-10-30,Arsenal,Nottingham Forest,5,0,H,1,0,24,5,10,2,9,4,0,1,0,0,S Hooper,2223,E0_2223.csv,5,5,Home Win,20221030_Arsenal_NottinghamForest,2.2,0.8,2.6,2.3,1.1,2.5,2.272727272727273,1.0,2.8,1.4,0.4,1.2,1.0,0.7,2.1,0.6,0.6666666666666666,1.9166666666666667,0.16666666666666666,2.3333333333333335,1.6,1.8000000000000003
E0,2022-10-30,Manchester United,West Ham United,1,0,H,1,0,16,13,3,5,5,10,1,3,0,0,C Kavanagh,2223,E0_2223.csv,1,1,Home Win,20221030_ManchesterUnited_WestHamUnited,1.6,1.6,1.6,1.5,1.4,2.0,1.4545454545454546,1.4545454545454546,1.6,0.8,1.6,0.6,2.0,1.1,0.9,1.4,0.9166666666666666,1.0,0.5,1.0,-0.3999999999999999,0.0
E0,2022-11-05,Wolverhampton Wanderers,Brighton,2,3,A,2,2,8,19,5,8,4,9,2,0,1,0,G Scott,2223,E0_2223.csv,5,-1,Away Win,20221105_WolverhamptonWanderers_Brighton,0.6,2.0,0.8,0.5,1.6,0.9,0.46153846153846156,1.4615384615384615,0.5,1.3333333333333333,1.0,1.4,0.8,1.7,1.4,1.4,1.5833333333333333,1.25,1.5,1.8333333333333333,0.0,-0.4
E0,2022-11-05,Nottingham Forest,Brentford,2,2,D,1,1,15,6,7,2,3,3,2,2,0,0,A Marriner,2223,E0_2223.csv,4,0,Draw,20221105_NottinghamForest_Brentford,0.4,1.4,1.0,0.6,2.5,0.5,0.6153846153846154,2.1538461538461537,1.1666666666666667,1.5,0.8,2.0,1.0,1.1,1.7,1.1,1.4615384615384615,1.6923076923076923,1.0,2.5,0.0,-0.4
E0,2022-11-05,Everton,Leicester City,0,2,A,0,1,12,22,2,8,8,3,0,0,0,0,D Coote,2223,E0_2223.csv,2,-2,Away Win,20221105_Everton_LeicesterCity,0.8,1.0,0.8,0.9,0.8,1.3,0.8461538461538461,0.9230769230769231,1.0,0.6666666666666666,1.4,0.6,1.4,1.6,1.7,1.0,1.6153846153846154,1.9230769230769231,2.0,3.1666666666666665,-0.5999999999999999,-0.5999999999999999
E0,2022-11-05,Leeds,Bournemouth,4,3,H,1,2,18,9,4,6,13,3,2,2,0,0,T Harrington,2223,E0_2223.csv,7,1,Home Win,20221105_Leeds_Bournemouth,1.0,1.8,0.6,1.1,1.6,0.8,1.25,1.5833333333333333,1.3333333333333333,1.0,1.2,1.8,0.8,1.0,2.1,1.0,0.9230769230769231,2.1538461538461537,1.0,3.3333333333333335,-0.20000000000000007,-0.19999999999999996
E0,2022-11-05,Manchester City,Fulham,2,1,H,1,1,16,4,5,2,9,0,2,4,1,0,D England,2223,E0_2223.csv,3,1,Home Win,20221105_ManchesterCity_Fulham,2.8,1.0,2.4,3.1,1.1,2.3,3.0833333333333335,0.9166666666666666,4.5,1.0,1.8,1.4,1.6,1.7,1.8,1.4,1.6923076923076923,1.6923076923076923,1.5,1.8333333333333333,0.7999999999999998,0.9999999999999998
E0,2022-11-06,Chelsea,Arsenal,0,1,A,0,0,5,14,1,2,4,6,5,2,0,0,M Oliver,2223,E0_2223.csv,1,-1,Away Win,20221106_Chelsea_Arsenal,1.4,1.0,1.6,1.4,1.3,1.7,1.4166666666666667,1.25,2.0,1.0,2.6,0.8,2.6,2.4,0.9,2.5,2.5,0.9166666666666666,1.8333333333333333,0.6666666666666666,-1.0,-1.2000000000000002
E0,2022-11-06,Aston Villa,Manchester United,3,1,H,2,1,6,8,4,3,3,5,3,3,0,0,A Taylor,2223,E0_2223.csv,4,2,Home Win,20221106_AstonVilla_ManchesterUnited,1.0,2.0,0.8,0.8,1.4,0.9,0.8461538461538461,1.5384615384615385,1.3333333333333333,0.8333333333333334,1.2,0.4,2.2,1.6,1.0,2.3,1.4166666666666667,1.3333333333333333,1.3333333333333333,2.0,-1.4000000000000001,-0.19999999999999996
E0,2022-11-06,Southampton,Newcastle United,1,4,A,0,1,16,7,5,4,8,2,1,0,0,0,S Attwell,2223,E0_2223.csv,5,-3,Away Win,20221106_Southampton_NewcastleUnited,0.6,1.4,1.0,0.6,1.3,0.8,0.8461538461538461,1.5384615384615385,1.1666666666666667,1.3333333333333333,2.4,0.4,2.6,1.9,0.7,1.9,1.8461538461538463,0.7692307692307693,1.3333333333333333,0.8333333333333334,-1.6,-1.7999999999999998
E0,2022-11-06,West Ham United,Crystal Palace,1,2,A,1,1,5,15,2,6,2,5,1,1,0,0,P Tierney,2223,E0_2223.csv,3,-1,Away Win,20221106_WestHamUnited_CrystalPalace,1.2,0.8,1.4,1.1,0.8,1.4,0.8461538461538461,1.0,1.3333333333333333,1.0,1.0,1.0,2.0,1.2,1.3,1.5,1.0833333333333333,1.3333333333333333,0.6,1.6,-0.6000000000000001,0.19999999999999996
E0,2022-11-06,Tottenham Hotspur,Liverpool,1,2,A,0,2,14,13,5,6,5,3,0,0,0,0,A Madley,2223,E0_2223.csv,3,-1,Away Win,20221106_TottenhamHotspur_Liverpool,1.4,1.2,1.8,1.9,1.3,1.9,2.0,1.2307692307692308,2.6666666666666665,1.0,1.0,1.2,1.2,2.0,1.2,1.4,1.9166666666666667,1.25,1.0,1.6,0.6000000000000001,0.3999999999999999
E0,2022-11-12,Tottenham Hotspur,Leeds,4,3,H,1,2,14,12,8,5,9,2,1,1,0,1,M Salisbury,2223,E0_2223.csv,7,1,Home Win,20221112_TottenhamHotspur_Leeds,1.4,1.6,1.2,1.8,1.5,1.6,1.9285714285714286,1.2857142857142858,2.4285714285714284,1.1428571428571428,1.6,2.0,1.2,1.2,1.9,0.8,1.4615384615384615,1.6923076923076923,1.1666666666666667,2.1666666666666665,0.0,-0.20000000000000018
E0,2022-11-12,Newcastle United,Chelsea,1,0,H,0,0,10,5,3,2,5,3,3,2,0,0,R Jones,2223,E0_2223.csv,1,1,Home Win,20221112_NewcastleUnited_Chelsea,2.2,0.4,2.6,2.2,0.7,2.1,2.0,0.7857142857142857,2.2857142857142856,0.7142857142857143,0.8,1.2,1.0,1.4,1.1,1.7,1.3076923076923077,1.2307692307692308,1.0,1.4285714285714286,1.6,1.4000000000000001
E0,2022-11-12,West Ham United,Leicester City,0,2,A,0,1,18,9,6,6,7,2,3,1,0,0,J Gillett,2223,E0_2223.csv,2,-2,Away Win,20221112_WestHamUnited_LeicesterCity,0.8,1.0,0.8,1.1,1.0,1.1,0.8571428571428571,1.0714285714285714,1.2857142857142858,1.1428571428571428,1.6,0.2,2.0,1.7,1.5,1.3,1.6428571428571428,1.7857142857142858,2.0,2.7142857142857144,-1.2,-0.8
E0,2022-11-12,Wolverhampton Wanderers,Arsenal,0,2,A,0,0,11,14,2,4,6,4,3,2,0,0,S Attwell,2223,E0_2223.csv,2,-2,Away Win,20221112_WolverhamptonWanderers_Arsenal,1.0,2.0,0.8,0.6,1.8,0.8,0.5714285714285714,1.5714285714285714,0.7142857142857143,1.5714285714285714,2.2,0.6,2.6,2.2,0.9,2.5,2.3846153846153846,0.8461538461538461,1.7142857142857142,0.5714285714285714,-1.8,-1.2000000000000002
E0,2022-11-12,Nottingham Forest,Crystal Palace,1,0,H,0,0,9,8,2,0,1,5,1,4,0,0,J Brooks,2223,E0_2223.csv,1,1,Home Win,20221112_NottinghamForest_CrystalPalace,0.6,1.6,1.0,0.8,2.5,0.6,0.7142857142857143,2.142857142857143,1.2857142857142858,1.5714285714285714,1.0,1.0,2.0,1.1,1.3,1.5,1.1538461538461537,1.3076923076923077,0.8333333333333334,1.5,-1.0,-0.4
E0,2022-11-12,Bournemouth,Everton,3,0,H,2,0,16,15,9,3,3,5,2,0,0,0,C Pawson,2223,E0_2223.csv,3,3,Home Win,20221112_Bournemouth_Everton,1.4,2.4,0.2,1.3,1.6,1.0,1.0714285714285714,2.2857142857142856,0.8571428571428571,1.1428571428571428,0.6,1.0,0.8,0.8,0.9,1.2,0.7857142857142857,1.0,0.7142857142857143,1.1428571428571428,-0.6000000000000001,0.7999999999999999
E0,2022-11-12,Manchester City,Brentford,1,2,A,1,1,29,10,6,8,10,2,2,2,0,0,P Bankes,2223,E0_2223.csv,3,-1,Away Win,20221112_ManchesterCity_Brentford,2.0,0.6,2.4,3.0,0.9,2.5,3.0,0.9230769230769231,4.142857142857143,1.0,1.0,1.4,1.2,1.2,1.8,1.1,1.5,1.7142857142857142,1.1428571428571428,2.4285714285714284,1.2,1.0
E0,2022-11-12,Liverpool,Southampton,3,1,H,3,1,15,9,7,5,6,0,0,2,0,0,S Hooper,2223,E0_2223.csv,4,2,Home Win,20221112_Liverpool_Southampton,1.0,0.8,1.8,2.1,1.1,1.7,1.9230769230769231,1.2307692307692308,2.5714285714285716,1.0,0.8,1.4,1.0,0.7,1.6,0.8,0.8571428571428571,1.7142857142857142,0.5714285714285714,1.7142857142857142,0.8,0.19999999999999996
E0,2022-11-13,Brighton,Aston Villa,1,2,A,1,1,7,8,2,2,11,4,2,7,0,0,C Kavanagh,2223,E0_2223.csv,3,-1,Away Win,20221113_Brighton_AstonVilla,1.6,1.6,1.4,1.8,1.6,1.4,1.6923076923076923,1.3076923076923077,1.6666666666666667,0.6666666666666666,1.4,2.0,1.2,1.1,1.4,1.2,1.0,1.5,0.42857142857142855,2.142857142857143,0.19999999999999996,0.20000000000000018
E0,2022-11-13,Fulham,Manchester United,1,2,A,0,1,14,14,7,9,10,3,1,1,0,0,P Tierney,2223,E0_2223.csv,3,-1,Away Win,20221113_Fulham_ManchesterUnited,1.8,1.2,1.6,1.7,1.8,1.4,1.6428571428571428,1.7142857142857142,1.8571428571428572,1.5714285714285714,1.0,0.8,1.6,1.5,1.2,2.0,1.3846153846153846,1.4615384615384615,1.2857142857142858,2.142857142857143,0.0,0.8
E0,2022-12-26,Arsenal,West Ham United,3,1,H,0,1,16,8,5,4,7,5,0,2,0,0,M Oliver,2223,E0_2223.csv,4,2,Home Win,20221226_Arsenal_WestHamUnited,2.0,0.2,2.6,2.2,0.8,2.5,2.357142857142857,0.7857142857142857,3.1666666666666665,1.1666666666666667,0.6,1.2,0.6,1.0,1.1,1.0,0.8,1.1333333333333333,0.42857142857142855,1.0,2.0,1.4
E0,2022-12-26,Aston Villa,Liverpool,1,3,A,0,2,12,16,6,9,0,6,0,0,0,0,P Tierney,2223,E0_2223.csv,4,-2,Away Win,20221226_AstonVilla_Liverpool,1.8,1.8,1.8,1.2,1.3,1.5,1.0666666666666667,1.4666666666666666,1.5714285714285714,0.8571428571428571,1.4,1.0,1.8,1.5,1.2,1.7,2.0,1.2142857142857142,1.1666666666666667,1.5,0.0,0.40000000000000013
E0,2022-12-26,Leicester City,Newcastle United,0,3,A,0,3,8,12,2,5,5,5,0,0,0,0,J Gillett,2223,E0_2223.csv,3,-3,Away Win,20221226_LeicesterCity_NewcastleUnited,2.0,0.2,2.4,1.9,1.4,1.6,1.6666666666666667,1.6666666666666667,1.2857142857142858,0.8571428571428571,2.4,0.4,3.0,2.2,0.5,2.4,1.9333333333333333,0.7333333333333333,1.7142857142857142,0.8571428571428571,-0.6000000000000001,-0.3999999999999999
E0,2022-12-26,Southampton,Brighton,1,3,A,0,2,14,7,4,4,4,2,1,2,0,0,R Jones,2223,E0_2223.csv,4,-2,Away Win,20221226_Southampton_Brighton,0.8,1.8,0.8,0.6,1.8,0.5,0.8666666666666667,1.8,1.1428571428571428,1.7142857142857142,1.8,1.6,1.4,1.8,1.8,1.1,1.6428571428571428,1.3571428571428572,1.7142857142857142,1.8571428571428572,-0.5999999999999999,-1.0
E0,2022-12-26,Crystal Palace,Fulham,0,3,A,0,1,4,23,0,11,1,8,0,0,2,0,A Madley,2223,E0_2223.csv,3,-3,Away Win,20221226_CrystalPalace_Fulham,1.0,1.2,1.8,0.9,1.0,1.5,1.0714285714285714,1.2857142857142858,1.4285714285714286,1.1428571428571428,1.6,1.2,1.4,1.6,1.9,1.1,1.6,1.7333333333333334,1.4285714285714286,1.8571428571428572,0.40000000000000013,-0.6000000000000001
E0,2022-12-26,Brentford,Tottenham Hotspur,2,2,D,1,0,9,16,5,8,6,5,3,1,0,0,D Coote,2223,E0_2223.csv,4,0,Draw,20221226_Brentford_TottenhamHotspur,1.0,1.6,1.2,1.3,1.8,1.3,1.5333333333333334,1.6666666666666667,1.8571428571428572,1.0,1.8,2.2,1.2,2.1,1.7,1.8,2.066666666666667,1.4,1.4285714285714286,1.4285714285714286,0.0,-0.8
E0,2022-12-26,Everton,Wolverhampton Wanderers,1,2,A,1,1,12,7,6,4,2,2,1,6,0,0,C Pawson,2223,E0_2223.csv,3,-1,Away Win,20221226_Everton_WolverhamptonWanderers,0.6,1.2,0.8,0.7,1.1,1.1,0.7333333333333333,1.1333333333333333,0.8571428571428571,0.8571428571428571,0.8,2.4,0.2,0.6,2.0,0.7,0.5333333333333333,1.6,0.42857142857142855,1.5714285714285714,0.6000000000000001,-0.20000000000000007
E0,2022-12-27,Chelsea,Bournemouth,2,0,H,2,0,15,9,5,4,6,8,0,0,0,0,S Hooper,2223,E0_2223.csv,2,2,Home Win,20221227_Chelsea_Bournemouth,0.4,1.4,0.4,1.2,1.1,1.4,1.2142857142857142,1.2142857142857142,1.6666666666666667,1.0,1.6,2.0,0.6,1.6,1.6,1.2,1.2,2.1333333333333333,1.2857142857142858,3.4285714285714284,-0.19999999999999996,-1.2000000000000002
E0,2022-12-27,Manchester United,Nottingham Forest,3,0,H,2,0,17,8,8,3,9,9,3,1,0,0,A Taylor,2223,E0_2223.csv,3,3,Home Win,20221227_ManchesterUnited_NottinghamForest,1.4,1.0,2.0,1.6,1.3,2.0,1.4285714285714286,1.4285714285714286,1.5,0.6666666666666666,0.8,1.4,1.6,0.9,1.9,0.9,0.7333333333333333,2.0,0.14285714285714285,2.7142857142857144,0.3999999999999999,0.5999999999999999
E0,2022-12-28,Leeds,Manchester City,1,3,A,0,1,9,26,1,9,3,5,3,3,0,0,S Attwell,2223,E0_2223.csv,4,-2,Away Win,20221228_Leeds_ManchesterCity,2.2,2.6,1.2,1.5,2.2,0.8,1.5714285714285714,1.8571428571428572,1.7142857142857142,1.2857142857142858,1.4,1.0,1.8,2.7,0.9,2.2,2.857142857142857,1.0,1.6666666666666667,0.8333333333333334,-0.6000000000000001,0.8000000000000003
E0,2022-12-30,West Ham United,Brentford,0,2,A,0,2,20,9,5,6,8,1,1,0,0,0,D England,2223,E0_2223.csv,2,-2,Away Win,20221230_WestHamUnited_Brentford,0.8,1.6,0.6,1.0,1.2,1.0,0.8125,1.25,1.125,1.25,1.4,2.0,1.2,1.0,1.8,1.1,1.5625,1.6875,1.25,2.25,-0.6,-0.5999999999999999
E0,2022-12-30,Liverpool,Leicester City,2,1,H,2,1,21,7,5,2,4,5,0,1,0,0,C Pawson,2223,E0_2223.csv,3,1,Home Win,20221230_Liverpool_LeicesterCity,1.8,1.2,1.8,1.6,1.2,1.7,2.066666666666667,1.2,2.625,1.0,1.6,0.8,1.8,1.7,1.2,1.6,1.5625,1.75,2.0,2.375,0.0,0.19999999999999996
E0,2022-12-31,Brighton,Arsenal,2,4,A,0,2,9,14,5,7,7,4,3,3,0,0,A Taylor,2223,E0_2223.csv,6,-2,Away Win,20221231_Brighton_Arsenal,2.4,1.8,1.8,2.0,1.7,1.4,1.7333333333333334,1.3333333333333333,1.5714285714285714,0.8571428571428571,2.4,0.4,2.6,2.3,0.8,2.5,2.4,0.8,1.75,0.5,-0.8,0.0
E0,2022-12-31,Manchester City,Everton,1,1,D,1,0,16,2,3,1,7,1,3,4,0,0,A Madley,2223,E0_2223.csv,2,0,Draw,20221231_ManchesterCity_Everton,2.0,1.0,2.4,2.4,1.0,2.2,2.8666666666666667,1.0,3.75,1.125,0.8,1.4,0.8,0.8,1.3,1.0,0.75,1.1875,0.625,1.375,1.5999999999999999,1.2
E0,2022-12-31,Newcastle United,Leeds,0,0,D,0,0,16,8,5,1,9,3,3,5,0,0,S Hooper,2223,E0_2223.csv,0,0,Draw,20221231_NewcastleUnited_Leeds,2.8,0.4,3.0,2.5,0.5,2.6,2.0,0.6875,2.125,0.625,2.4,2.8,1.2,1.5,2.4,0.7,1.5333333333333334,1.9333333333333333,1.4285714285714286,2.4285714285714284,1.8,0.3999999999999999
E0,2022-12-31,Bournemouth,Crystal Palace,0,2,A,0,2,6,15,2,6,2,7,4,1,0,0,A Marriner,2223,E0_2223.csv,2,-2,Away Win,20221231_Bournemouth_CrystalPalace,1.6,2.2,0.6,1.3,1.6,0.9,1.125,2.125,1.125,1.0,0.6,1.6,1.2,0.8,1.2,1.4,1.0,1.4,0.7142857142857143,1.4285714285714286,-0.6,1.0
E0,2022-12-31,Wolverhampton Wanderers,Manchester United,0,1,A,0,0,10,16,3,6,7,5,1,3,0,0,R Jones,2223,E0_2223.csv,1,-1,Away Win,20221231_WolverhamptonWanderers_ManchesterUnited,1.0,2.2,0.8,0.7,2.1,0.7,0.625,1.5625,0.625,1.625,1.6,1.0,2.0,1.8,1.3,2.0,1.5333333333333334,1.3333333333333333,1.375,2.0,-1.2,-0.6000000000000001
E0,2022-12-31,Fulham,Southampton,2,1,H,1,0,8,9,2,3,4,4,0,1,0,0,G Scott,2223,E0_2223.csv,3,1,Home Win,20221231_Fulham_Southampton,1.6,1.2,1.4,1.8,1.7,1.4,1.6875,1.625,1.75,1.625,0.8,2.4,0.2,0.7,2.0,0.5,0.875,1.875,0.625,1.875,1.2,0.8
E0,2023-01-01,Tottenham Hotspur,Aston Villa,0,2,A,0,0,6,13,2,4,5,3,4,3,0,0,J Brooks,2223,E0_2223.csv,2,-2,Away Win,20230101_TottenhamHotspur_AstonVilla,2.2,2.2,1.4,2.1,1.8,1.6,2.0625,1.4375,2.625,1.375,2.0,1.8,1.8,1.2,1.5,1.4,1.0625,1.5625,0.625,2.0,-0.40000000000000013,0.20000000000000018
E0,2023-01-01,Nottingham Forest,Chelsea,1,1,D,0,1,12,7,5,2,1,2,2,2,0,0,P Bankes,2223,E0_2223.csv,2,0,Draw,20230101_NottinghamForest_Chelsea,0.8,2.0,1.4,0.7,1.9,0.9,0.6875,2.0625,1.25,1.375,0.8,1.4,0.8,1.3,0.9,1.7,1.2666666666666666,1.1333333333333333,0.875,1.375,0.5999999999999999,0.0
E0,2023-01-02,Brentford,Liverpool,3,1,H,2,0,10,16,7,6,4,9,1,3,0,0,S Attwell,2223,E0_2223.csv,4,2,Home Win,20230102_Brentford_Liverpool,1.8,1.2,1.8,1.2,1.5,1.4,1.588235294117647,1.588235294117647,1.875,1.125,2.2,1.2,2.4,1.8,1.3,1.9,2.0625,1.1875,1.4285714285714286,1.4285714285714286,-0.5999999999999999,-0.40000000000000013
E0,2023-01-03,Arsenal,Newcastle United,0,0,D,0,0,17,8,4,1,5,5,4,4,0,0,A Madley,2223,E0_2223.csv,0,0,Draw,20230103_Arsenal_NewcastleUnited,3.0,0.6,3.0,2.6,0.7,2.8,2.5,0.875,3.142857142857143,1.1428571428571428,2.4,0.2,2.6,2.4,0.4,2.6,1.8823529411764706,0.6470588235294118,1.875,0.75,0.3999999999999999,0.6000000000000001
E0,2023-01-03,Everton,Brighton,1,4,A,0,1,10,19,4,8,5,2,3,1,0,0,A Marriner,2223,E0_2223.csv,5,-3,Away Win,20230103_Everton_Brighton,0.4,1.6,0.4,0.8,1.4,0.8,0.7647058823529411,1.1764705882352942,0.875,1.0,2.6,2.0,1.8,1.7,1.9,1.1,1.75,1.5,1.875,1.75,-1.4,-2.2
E0,2023-01-03,Leicester City,Fulham,0,1,A,0,1,15,11,6,2,6,3,2,6,0,0,D Bond,2223,E0_2223.csv,1,-1,Away Win,20230103_LeicesterCity_Fulham,1.0,1.2,1.2,1.6,0.8,1.6,1.5294117647058822,1.7647058823529411,1.125,1.125,1.4,1.0,1.4,1.7,1.6,1.4,1.7058823529411764,1.588235294117647,1.625,1.625,-0.19999999999999996,-0.3999999999999999
E0,2023-01-03,Manchester United,Bournemouth,3,0,H,1,0,18,7,6,4,6,5,0,3,0,0,M Salisbury,2223,E0_2223.csv,3,3,Home Win,20230103_ManchesterUnited_Bournemouth,1.6,0.8,2.4,1.6,1.2,2.0,1.5,1.25,1.7142857142857142,0.5714285714285714,1.6,2.2,0.6,1.2,1.7,0.8,1.0588235294117647,2.1176470588235294,1.125,3.25,1.7999999999999998,0.0
E0,2023-01-04,Crystal Palace,Tottenham Hotspur,0,4,A,0,0,19,14,4,6,10,4,1,2,0,0,M Oliver,2223,E0_2223.csv,4,-4,Away Win,20230104_CrystalPalace_TottenhamHotspur,1.0,1.0,1.8,1.0,1.2,1.6,1.0625,1.3125,1.25,1.375,2.0,2.2,1.4,1.5,1.8,1.3,1.9411764705882353,1.4705882352941178,1.5,1.5,0.40000000000000013,-1.0
E0,2023-01-04,Aston Villa,Wolverhampton Wanderers,1,1,D,0,1,13,10,4,3,7,8,1,3,0,0,J Gillett,2223,E0_2223.csv,2,0,Draw,20230104_AstonVilla_WolverhamptonWanderers,1.6,1.8,1.8,1.3,1.5,1.4,1.1176470588235294,1.4705882352941178,1.5,1.125,1.0,1.6,0.8,0.7,1.9,0.7,0.5882352941176471,1.5294117647058822,0.625,1.5,1.0,0.6000000000000001
E0,2023-01-04,Leeds,West Ham United,2,2,D,1,1,14,15,6,2,8,1,3,1,0,0,D Coote,2223,E0_2223.csv,4,0,Draw,20230104_Leeds_WestHamUnited,2.0,2.2,1.4,1.3,1.9,0.8,1.4375,1.8125,1.625,1.5,0.4,2.0,0.0,1.0,1.3,1.0,0.7647058823529411,1.2941176470588236,0.5,1.25,1.4,1.6
E0,2023-01-04,Southampton,Nottingham Forest,0,1,A,0,1,8,11,0,1,6,2,2,2,0,0,T Bramall,2223,E0_2223.csv,1,-1,Away Win,20230104_Southampton_NottinghamForest,0.8,2.6,0.0,0.8,2.1,0.5,0.8823529411764706,1.8823529411764706,1.125,1.875,0.8,2.2,1.0,0.6,1.7,1.0,0.7058823529411765,2.0,0.125,2.75,-1.0,0.0
E0,2023-01-05,Chelsea,Manchester City,0,1,A,0,0,8,12,2,3,3,2,2,0,0,0,P Tierney,2223,E0_2223.csv,1,-1,Away Win,20230105_Chelsea_ManchesterCity,0.8,1.4,0.8,1.2,0.9,1.5,1.25,1.125,1.7142857142857142,0.8571428571428571,1.6,1.0,2.0,2.4,1.0,2.2,2.75,1.0,1.8571428571428572,0.8571428571428571,-1.2,-0.8
E0,2023-01-12,Fulham,Chelsea,2,1,H,1,0,8,20,3,10,5,7,4,3,0,1,D Coote,2223,E0_2223.csv,3,1,Home Win,20230112_Fulham_Chelsea,1.6,1.0,1.8,1.7,1.2,1.7,1.6666666666666667,1.5,1.7777777777777777,1.5555555555555556,0.6,0.8,0.8,1.0,0.9,1.2,1.1764705882352942,1.1176470588235294,0.8888888888888888,1.3333333333333333,1.0,1.0
E0,2023-01-13,Aston Villa,Leeds,2,1,H,1,0,11,16,5,4,0,11,2,2,0,0,M Oliver,2223,E0_2223.csv,3,1,Home Win,20230113_AstonVilla_Leeds,1.8,1.2,2.0,1.4,1.6,1.4,1.1111111111111112,1.4444444444444444,1.4444444444444444,1.1111111111111112,2.0,2.4,1.0,1.5,2.1,0.8,1.4705882352941178,1.8235294117647058,1.25,2.125,1.0,-0.19999999999999996
E0,2023-01-14,Brentford,Bournemouth,2,0,H,1,0,12,7,4,2,5,3,1,1,0,0,J Gillett,2223,E0_2223.csv,2,2,Home Win,20230114_Brentford_Bournemouth,2.2,1.2,2.2,1.5,1.6,1.6,1.6666666666666667,1.5555555555555556,2.0,1.1111111111111112,1.2,2.2,0.6,1.2,2.0,0.7,1.0,2.1666666666666665,1.0,3.2222222222222223,1.6,1.0000000000000002
E0,2023-01-14,Manchester United,Manchester City,2,1,H,0,0,8,5,4,1,1,2,3,0,0,0,S Attwell,2223,E0_2223.csv,3,1,Home Win,20230114_ManchesterUnited_ManchesterCity,2.0,0.8,2.4,1.6,0.6,2.3,1.588235294117647,1.1764705882352942,1.875,0.5,1.6,1.0,2.0,2.2,1.0,2.2,2.6470588235294117,0.9411764705882353,1.75,0.75,0.3999999999999999,0.3999999999999999
E0,2023-01-14,Brighton,Liverpool,3,0,H,0,0,16,6,9,2,7,1,1,3,0,0,D England,2223,E0_2223.csv,3,3,Home Win,20230114_Brighton_Liverpool,2.6,2.0,1.8,1.8,1.7,1.3,1.8823529411764706,1.4705882352941178,1.625,1.25,2.2,1.4,2.4,1.6,1.3,1.8,2.0,1.2941176470588236,1.375,1.625,-0.5999999999999999,0.3999999999999999
E0,2023-01-14,Everton,Southampton,1,2,A,1,0,12,13,4,5,6,4,0,3,0,0,J Brooks,2223,E0_2223.csv,3,-1,Away Win,20230114_Everton_Southampton,0.6,2.4,0.2,0.7,1.7,0.5,0.7777777777777778,1.3333333333333333,0.8888888888888888,1.3333333333333333,0.8,2.6,0.0,0.7,2.0,0.5,0.8333333333333334,1.8333333333333333,0.6666666666666666,1.8888888888888888,0.2,-0.20000000000000007
E0,2023-01-14,Nottingham Forest,Leicester City,2,0,H,0,0,15,6,5,1,3,5,1,2,0,0,P Tierney,2223,E0_2223.csv,2,2,Home Win,20230114_NottinghamForest_LeicesterCity,1.0,1.2,1.6,0.7,1.3,1.3,0.7222222222222222,1.8888888888888888,1.2222222222222223,1.3333333333333333,1.0,1.2,1.2,1.2,0.9,1.3,1.4444444444444444,1.7222222222222223,1.8888888888888888,2.3333333333333335,0.40000000000000013,0.0
E0,2023-01-14,Wolverhampton Wanderers,West Ham United,1,0,H,0,0,17,16,4,4,4,3,0,2,0,0,S Hooper,2223,E0_2223.csv,1,1,Home Win,20230114_WolverhamptonWanderers_WestHamUnited,1.0,1.6,0.8,0.8,1.8,0.8,0.6111111111111112,1.5,0.5555555555555556,1.5555555555555556,0.8,2.2,0.2,1.0,1.5,0.8,0.8333333333333334,1.3333333333333333,0.6666666666666666,1.3333333333333333,0.6000000000000001,0.19999999999999996
E0,2023-01-15,Newcastle United,Fulham,1,0,H,0,0,20,5,5,0,10,5,1,3,0,0,R Jones,2223,E0_2223.csv,1,1,Home Win,20230115_NewcastleUnited_Fulham,1.6,0.2,2.2,2.0,0.3,2.4,1.7777777777777777,0.6111111111111112,1.8888888888888888,0.5555555555555556,1.8,0.8,2.4,1.8,1.0,2.0,1.6842105263157894,1.4736842105263157,1.5555555555555556,1.4444444444444444,-0.19999999999999973,-0.19999999999999996
E0,2023-01-15,Tottenham Hotspur,Arsenal,0,2,A,0,2,17,14,7,5,4,3,4,2,0,0,C Pawson,2223,E0_2223.csv,2,-2,Away Win,20230115_TottenhamHotspur_Arsenal,2.2,1.8,1.4,1.8,1.5,1.6,2.0555555555555554,1.3888888888888888,2.3333333333333335,1.4444444444444444,2.0,0.6,2.6,2.3,0.7,2.6,2.3529411764705883,0.8235294117647058,2.0,0.6666666666666666,-1.2000000000000002,0.20000000000000018
E0,2023-01-15,Chelsea,Crystal Palace,1,0,H,0,0,15,10,5,5,11,7,2,5,0,0,P Bankes,2223,E0_2223.csv,1,1,Home Win,20230115_Chelsea_CrystalPalace,0.8,1.0,0.8,0.8,1.1,0.9,1.1666666666666667,1.1666666666666667,1.5,0.875,0.8,1.8,1.2,0.9,1.4,1.6,1.0,1.4705882352941178,0.875,1.25,-0.3999999999999999,0.0
E0,2023-01-18,Crystal Palace,Manchester United,1,1,D,0,1,10,15,5,4,3,3,1,2,0,0,R Jones,2223,E0_2223.csv,2,0,Draw,20230118_CrystalPalace_ManchesterUnited,0.4,1.8,0.6,0.7,1.4,1.3,0.9444444444444444,1.4444444444444444,1.1111111111111112,1.6666666666666667,2.2,0.4,3.0,1.6,0.6,2.3,1.6111111111111112,1.1666666666666667,1.3333333333333333,1.7777777777777777,-2.4,-1.8000000000000003
E0,2023-01-19,Manchester City,Tottenham Hotspur,4,2,H,0,2,16,9,6,3,8,3,1,2,0,0,S Hooper,2223,E0_2223.csv,6,2,Home Win,20230119_ManchesterCity_TottenhamHotspur,1.4,1.2,1.4,1.7,0.9,1.9,2.5555555555555554,1.0,3.4444444444444446,1.1111111111111112,2.0,1.8,1.4,1.7,1.7,1.3,1.9473684210526316,1.4210526315789473,1.7777777777777777,1.3333333333333333,0.0,-0.6000000000000001
E0,2023-01-21,Liverpool,Chelsea,0,0,D,0,0,15,11,3,2,5,5,3,1,0,0,M Oliver,2223,E0_2223.csv,0,0,Draw,20230121_Liverpool_Chelsea,1.8,1.8,1.8,1.4,1.3,1.8,1.8888888888888888,1.3888888888888888,2.5555555555555554,1.0,1.0,0.8,1.4,0.7,1.1,0.9,1.1578947368421053,1.105263157894737,0.9,1.4,0.40000000000000013,0.8
E0,2023-01-21,Bournemouth,Nottingham Forest,1,1,D,1,0,16,20,4,5,4,6,1,2,0,0,A Madley,2223,E0_2223.csv,2,0,Draw,20230121_Bournemouth_NottinghamForest,0.6,1.8,0.6,1.0,2.1,0.4,0.9473684210526315,2.1578947368421053,1.0,1.1111111111111112,1.0,0.8,2.0,0.8,1.2,1.5,0.7894736842105263,1.7894736842105263,0.2222222222222222,2.4444444444444446,-1.4,-0.4
E0,2023-01-21,Leicester City,Brighton,2,2,D,1,1,9,13,2,4,5,6,0,1,0,0,T Bramall,2223,E0_2223.csv,4,0,Draw,20230121_LeicesterCity_Brighton,0.6,1.6,0.6,1.1,0.9,1.3,1.368421052631579,1.736842105263158,1.0,1.1111111111111112,2.6,1.6,1.8,2.1,1.6,1.6,1.9444444444444444,1.3888888888888888,2.111111111111111,1.6666666666666667,-1.2000000000000002,-2.0
E0,2023-01-21,Southampton,Aston Villa,0,1,A,0,0,8,16,5,5,2,2,1,2,0,0,M Salisbury,2223,E0_2223.csv,1,-1,Away Win,20230121_Southampton_AstonVilla,1.0,2.0,0.6,0.9,1.7,0.8,0.8947368421052632,1.7894736842105263,1.0,1.7777777777777777,1.6,1.2,2.0,1.5,1.6,1.6,1.1578947368421053,1.4210526315789473,0.7777777777777778,1.7777777777777777,-1.4,-0.6000000000000001
E0,2023-01-21,West Ham United,Everton,2,0,H,2,0,11,5,4,2,4,9,1,1,0,0,S Attwell,2223,E0_2223.csv,2,2,Home Win,20230121_WestHamUnited_Everton,0.6,2.0,0.2,0.7,1.5,0.5,0.7894736842105263,1.3157894736842106,1.0,1.3333333333333333,0.8,2.4,0.2,0.7,1.7,0.5,0.7894736842105263,1.368421052631579,0.6666666666666666,1.3333333333333333,0.0,-0.20000000000000007
E0,2023-01-21,Crystal Palace,Newcastle United,0,0,D,0,0,6,16,1,7,3,15,4,2,0,0,C Pawson,2223,E0_2223.csv,0,0,Draw,20230121_CrystalPalace_NewcastleUnited,0.6,1.8,0.8,0.8,1.5,1.3,0.9473684210526315,1.4210526315789473,1.1,1.6,1.0,0.0,2.2,1.6,0.2,2.4,1.736842105263158,0.5789473684210527,1.6666666666666667,0.6666666666666666,-1.4000000000000001,-0.4
E0,2023-01-22,Leeds,Brentford,0,0,D,0,0,9,6,5,0,2,3,2,2,0,0,P Bankes,2223,E0_2223.csv,0,0,Draw,20230122_Leeds_Brentford,1.4,2.2,0.4,1.5,2.1,0.8,1.4444444444444444,1.8333333333333333,1.6666666666666667,1.5555555555555556,2.2,0.8,2.6,1.6,1.1,1.9,1.6842105263157894,1.4736842105263157,1.3333333333333333,2.0,-2.2,-0.8000000000000003
E0,2023-01-22,Manchester City,Wolverhampton Wanderers,3,0,H,1,0,13,10,7,1,5,7,1,2,0,0,D Coote,2223,E0_2223.csv,3,3,Home Win,20230122_ManchesterCity_WolverhamptonWanderers,2.0,1.2,2.0,1.7,1.1,1.9,2.6315789473684212,1.0526315789473684,3.5,1.2,0.8,1.0,1.4,0.9,1.5,1.1,0.631578947368421,1.4210526315789473,0.6666666666666666,1.4444444444444444,0.6000000000000001,1.2
E0,2023-01-22,Arsenal,Manchester United,3,2,H,1,1,25,6,5,4,12,4,1,2,0,0,A Taylor,2223,E0_2223.csv,5,1,Home Win,20230122_Arsenal_ManchesterUnited,2.2,0.6,2.6,2.2,0.6,2.6,2.3333333333333335,0.7777777777777778,2.75,1.0,2.0,0.4,2.6,1.7,0.7,2.3,1.5789473684210527,1.1578947368421053,1.3,1.7,0.0,0.20000000000000018
E0,2023-01-23,Fulham,Tottenham Hotspur,0,1,A,0,1,10,10,5,3,3,8,1,3,0,0,P Tierney,2223,E0_2223.csv,1,-1,Away Win,20230123_Fulham_TottenhamHotspur,1.6,0.6,2.4,1.6,0.9,1.9,1.6,1.45,1.8,1.5,1.6,2.0,0.8,1.7,2.1,1.0,1.95,1.55,1.8,1.6,1.5999999999999999,0.0
E0,2023-02-03,Chelsea,Fulham,0,0,D,0,0,12,10,3,4,6,2,1,4,0,0,S Attwell,2223,E0_2223.csv,0,0,Draw,20230203_Chelsea_Fulham,0.6,0.8,1.0,0.7,1.1,0.9,1.1,1.05,1.4444444444444444,0.7777777777777778,1.0,0.8,1.8,1.3,1.0,1.6,1.5238095238095237,1.4285714285714286,1.4,1.4,-0.8,-0.4
E0,2023-02-04,Everton,Arsenal,1,0,H,0,0,12,15,4,3,7,5,4,1,0,0,D Coote,2223,E0_2223.csv,1,1,Home Win,20230204_Everton_Arsenal,0.8,2.2,0.2,0.7,1.7,0.5,0.75,1.4,0.9,1.4,2.4,1.0,2.6,2.2,0.6,2.6,2.3684210526315788,0.8421052631578947,2.0,0.6,-2.4,-1.5999999999999999
E0,2023-02-04,Aston Villa,Leicester City,2,4,A,2,3,19,9,4,5,11,3,0,2,0,0,D England,2223,E0_2223.csv,6,-2,Away Win,20230204_AstonVilla_LeicesterCity,1.4,1.0,2.0,1.6,1.4,1.9,1.15,1.35,1.5,1.1,0.6,2.0,0.2,1.3,1.1,1.3,1.4,1.75,1.7,2.3,1.8,0.7999999999999999
E0,2023-02-04,Brentford,Southampton,3,0,H,2,0,14,14,4,6,4,4,1,2,0,0,D Bond,2223,E0_2223.csv,3,3,Home Win,20230204_Brentford_Southampton,1.8,0.6,2.2,1.4,1.1,1.7,1.6,1.4,2.0,1.0,0.8,1.6,0.6,0.8,1.7,0.7,0.85,1.75,0.8,1.8,1.6,1.0
E0,2023-02-04,Brighton,Bournemouth,1,0,H,0,0,20,12,6,2,7,3,3,1,0,0,C Pawson,2223,E0_2223.csv,1,1,Home Win,20230204_Brighton_Bournemouth,2.8,1.6,2.0,2.3,1.6,1.7,1.9473684210526316,1.4210526315789473,1.7777777777777777,1.1111111111111112,0.2,2.0,0.2,0.9,2.0,0.4,0.95,2.1,0.9,3.1,1.8,2.5999999999999996
E0,2023-02-04,Manchester United,Crystal Palace,2,1,H,1,0,14,10,5,3,5,5,1,2,1,0,A Marriner,2223,E0_2223.csv,3,1,Home Win,20230204_ManchesterUnited_CrystalPalace,1.8,1.0,2.0,1.7,1.0,2.0,1.6,1.25,1.8888888888888888,0.5555555555555556,0.6,1.2,1.0,0.6,1.4,1.1,0.9,1.35,0.7777777777777778,1.2222222222222223,1.0,1.2000000000000002
E0,2023-02-04,Wolverhampton Wanderers,Liverpool,3,0,H,2,0,12,22,6,4,2,7,1,1,0,0,P Tierney,2223,E0_2223.csv,3,3,Home Win,20230204_WolverhamptonWanderers_Liverpool,0.8,1.2,1.4,0.8,1.8,0.8,0.6,1.5,0.6,1.4,1.2,1.6,1.4,1.3,1.3,1.6,1.7894736842105263,1.3157894736842106,1.2222222222222223,1.7777777777777777,0.0,-0.3999999999999999
E0,2023-02-04,Newcastle United,West Ham United,1,1,D,1,1,8,10,2,1,4,2,2,1,0,0,P Bankes,2223,E0_2223.csv,2,0,Draw,20230204_NewcastleUnited_WestHamUnited,0.8,0.0,1.8,1.6,0.2,2.4,1.65,0.55,1.8,0.5,1.0,1.6,0.8,0.8,1.4,0.7,0.85,1.25,0.6,1.3,1.0,-0.19999999999999996
E0,2023-02-05,Nottingham Forest,Leeds,1,0,H,1,0,6,10,2,4,0,2,4,2,0,0,R Jones,2223,E0_2223.csv,1,1,Home Win,20230205_NottinghamForest_Leeds,1.0,1.0,1.6,0.9,1.2,1.6,0.8,1.75,1.3,1.2,0.8,1.4,0.6,1.5,2.0,0.9,1.368421052631579,1.736842105263158,1.2222222222222223,2.111111111111111,1.0,0.19999999999999996
E0,2023-02-05,Tottenham Hotspur,Manchester City,1,0,H,1,0,12,15,3,5,4,6,2,3,1,0,A Madley,2223,E0_2223.csv,1,1,Home Win,20230205_TottenhamHotspur_ManchesterCity,1.4,1.6,1.2,1.8,1.9,1.3,1.9047619047619047,1.4761904761904763,2.1,1.5,2.0,1.0,2.0,2.0,1.0,2.2,2.65,1.0,1.6666666666666667,0.8888888888888888,-0.8,-0.6000000000000001
E0,2023-02-08,Manchester United,Leeds,2,2,D,0,1,24,8,7,2,6,5,1,3,0,0,S Hooper,2223,E0_2223.csv,4,0,Draw,20230208_ManchesterUnited_Leeds,2.0,1.2,2.0,1.8,1.0,2.2,1.619047619047619,1.2380952380952381,1.9,0.6,0.6,1.0,0.6,1.5,1.9,0.9,1.3,1.7,1.1,2.0,1.4,1.4
E0,2023-02-11,Bournemouth,Newcastle United,1,1,D,1,1,11,15,5,7,4,6,2,3,0,0,S Attwell,2223,E0_2223.csv,2,0,Draw,20230211_Bournemouth_NewcastleUnited,0.2,1.8,0.2,0.9,2.0,0.4,0.9047619047619048,2.0476190476190474,1.0,1.1,0.4,0.2,1.4,1.6,0.3,2.2,1.619047619047619,0.5714285714285714,1.5,0.6,-1.2,-0.2
E0,2023-02-11,Southampton,Wolverhampton Wanderers,1,2,A,1,0,17,11,2,2,5,2,2,2,0,1,J Gillett,2223,E0_2223.csv,3,-1,Away Win,20230211_Southampton_WolverhamptonWanderers,0.6,1.6,0.6,0.7,2.0,0.4,0.8095238095238095,1.8095238095238095,0.9,1.7,1.0,1.0,1.4,1.0,1.6,1.1,0.7142857142857143,1.4285714285714286,0.6,1.6,-0.7999999999999999,-0.4
E0,2023-02-11,Leicester City,Tottenham Hotspur,4,1,H,3,1,15,11,7,4,1,5,5,2,0,0,M Salisbury,2223,E0_2223.csv,5,3,Home Win,20230211_LeicesterCity_TottenhamHotspur,1.4,1.8,0.8,1.5,1.3,1.3,1.5238095238095237,1.7619047619047619,1.1,1.2,1.6,1.2,1.8,1.8,1.7,1.6,1.8636363636363635,1.4090909090909092,1.7272727272727273,1.4545454545454546,-1.0,-0.20000000000000018
E0,2023-02-11,West Ham United,Chelsea,1,1,D,1,1,10,12,2,4,5,6,1,1,0,0,C Pawson,2223,E0_2223.csv,2,0,Draw,20230211_WestHamUnited_Chelsea,1.0,1.2,1.0,0.9,1.4,0.8,0.8571428571428571,1.2380952380952381,1.1,1.2,0.4,0.6,1.0,0.6,1.0,0.9,1.0476190476190477,1.0,0.8181818181818182,1.2727272727272727,0.0,0.6
E0,2023-02-11,Crystal Palace,Brighton,1,1,D,0,0,6,17,1,7,1,6,4,1,0,0,M Oliver,2223,E0_2223.csv,2,0,Draw,20230211_CrystalPalace_Brighton,0.4,1.6,0.4,0.7,1.3,1.1,0.9047619047619048,1.380952380952381,1.0,1.4545454545454546,2.4,1.4,2.0,2.4,1.6,1.9,1.9,1.35,2.1,1.7,-1.6,-2.0
E0,2023-02-11,Arsenal,Brentford,1,1,D,0,0,23,9,7,2,7,4,0,2,0,0,P Bankes,2223,E0_2223.csv,2,0,Draw,20230211_Arsenal_Brentford,1.8,1.0,2.0,2.1,0.7,2.3,2.25,0.85,2.7777777777777777,1.1111111111111112,2.0,0.2,2.6,1.7,1.1,1.9,1.6666666666666667,1.3333333333333333,1.2,1.8,-0.6000000000000001,-0.19999999999999996
E0,2023-02-11,Fulham,Nottingham Forest,2,0,H,1,0,16,10,3,1,5,4,0,1,0,0,A Madley,2223,E0_2223.csv,2,2,Home Win,20230211_Fulham_NottinghamForest,0.6,0.6,1.4,1.0,0.8,1.4,1.4545454545454546,1.3636363636363635,1.6363636363636365,1.4545454545454546,1.2,0.4,2.2,1.0,1.2,1.8,0.8095238095238095,1.6666666666666667,0.3,2.3,-0.8000000000000003,-0.6
E0,2023-02-12,Leeds,Manchester United,0,2,A,0,0,16,11,6,5,7,3,2,1,0,0,P Tierney,2223,E0_2223.csv,2,-2,Away Win,20230212_Leeds_ManchesterUnited,1.0,1.4,0.6,1.5,1.8,1.0,1.3333333333333333,1.7142857142857142,1.5,1.4,1.8,1.6,1.6,1.9,1.2,2.0,1.6363636363636365,1.2727272727272727,1.3636363636363635,1.8181818181818181,-1.0,-0.8
E0,2023-02-12,Manchester City,Aston Villa,3,1,H,3,0,17,6,9,2,8,4,1,2,0,0,R Jones,2223,E0_2223.csv,4,2,Home Win,20230212_ManchesterCity_AstonVilla,1.8,1.0,1.8,1.7,1.0,1.9,2.5238095238095237,1.0,3.4545454545454546,1.0909090909090908,1.6,1.2,2.0,1.8,1.5,1.9,1.1904761904761905,1.4761904761904763,0.8,1.6,-0.19999999999999996,0.19999999999999996
E0,2023-02-13,Liverpool,Everton,2,0,H,1,0,15,6,6,1,3,3,1,3,0,0,S Hooper,2223,E0_2223.csv,2,2,Home Win,20230213_Liverpool_Everton,0.6,2.0,0.8,1.2,1.6,1.3,1.7,1.4,2.3,0.9,0.8,1.8,0.8,0.8,1.6,0.8,0.7619047619047619,1.3333333333333333,0.6,1.4,0.0,-0.20000000000000007
E0,2023-02-15,Arsenal,Manchester City,1,3,A,1,1,10,9,1,6,1,3,2,3,0,0,A Taylor,2223,E0_2223.csv,4,-2,Away Win,20230215_Arsenal_ManchesterCity,1.2,0.8,1.6,2.1,0.7,2.3,2.1904761904761907,0.8571428571428571,2.6,1.1,2.2,1.2,1.8,1.9,1.1,1.9,2.5454545454545454,1.0,1.5,0.9,-0.19999999999999996,-1.0000000000000002
E0,2023-02-18,Newcastle United,Liverpool,0,2,A,0,2,14,13,4,7,6,7,1,1,1,0,A Taylor,2223,E0_2223.csv,2,-2,Away Win,20230218_NewcastleUnited_Liverpool,0.6,0.4,1.4,1.5,0.3,2.0,1.5909090909090908,0.5909090909090909,1.7272727272727273,0.5454545454545454,0.6,1.8,0.8,1.4,1.5,1.6,1.7142857142857142,1.3333333333333333,1.1,1.9,0.5999999999999999,0.0
E0,2023-02-18,Wolverhampton Wanderers,Bournemouth,0,1,A,0,0,15,5,4,1,12,2,3,3,0,0,M Salisbury,2223,E0_2223.csv,1,-1,Away Win,20230218_WolverhamptonWanderers_Bournemouth,1.4,1.0,2.0,1.2,1.3,1.4,0.7727272727272727,1.4090909090909092,0.8181818181818182,1.2727272727272727,0.4,1.6,0.4,1.0,1.9,0.5,0.9090909090909091,2.0,0.8181818181818182,2.909090909090909,1.6,0.9999999999999999
E0,2023-02-18,Nottingham Forest,Manchester City,1,1,D,0,1,4,26,1,6,0,10,1,0,0,0,G Scott,2223,E0_2223.csv,2,0,Draw,20230218_NottinghamForest_ManchesterCity,1.0,0.6,2.0,0.9,1.4,1.5,0.7727272727272727,1.6818181818181819,1.2727272727272727,1.0909090909090908,2.6,1.0,2.4,2.0,1.1,1.9,2.5652173913043477,1.0,1.6363636363636365,0.9090909090909091,-0.3999999999999999,-1.6
E0,2023-02-18,Everton,Leeds,1,0,H,0,0,15,8,6,0,6,4,2,3,0,0,A Madley,2223,E0_2223.csv,1,1,Home Win,20230218_Everton_Leeds,0.6,2.0,0.6,0.5,1.8,0.5,0.7272727272727273,1.3636363636363635,0.9090909090909091,1.2727272727272727,0.6,1.4,0.4,1.3,1.9,0.7,1.2727272727272727,1.7272727272727273,1.1818181818181819,2.0,0.19999999999999996,0.0
E0,2023-02-18,Chelsea,Southampton,0,1,A,0,1,17,8,5,5,8,2,3,6,0,0,D Coote,2223,E0_2223.csv,1,-1,Away Win,20230218_Chelsea_Southampton,0.6,0.6,1.2,0.6,0.7,1.0,1.0454545454545454,1.0,1.3,0.7,0.6,1.6,0.6,0.7,2.1,0.3,0.8181818181818182,1.8181818181818181,0.7272727272727273,1.9090909090909092,0.6,0.0
E0,2023-02-18,Brentford,Crystal Palace,1,1,D,0,0,12,10,5,4,2,6,2,2,0,0,P Tierney,2223,E0_2223.csv,2,0,Draw,20230218_Brentford_CrystalPalace,1.8,0.4,2.2,1.8,0.8,2.0,1.6363636363636365,1.3181818181818181,2.090909090909091,0.9090909090909091,0.6,1.0,0.6,0.7,1.4,0.9,0.9090909090909091,1.3636363636363635,0.8,1.3,1.6,1.2000000000000002
E0,2023-02-18,Aston Villa,Arsenal,2,4,A,2,1,7,20,5,5,2,9,2,1,0,0,S Hooper,2223,E0_2223.csv,6,-2,Away Win,20230218_AstonVilla_Arsenal,1.4,1.8,1.4,1.5,1.8,1.6,1.1818181818181819,1.5454545454545454,1.5454545454545454,1.3636363636363635,1.4,1.4,1.4,1.7,1.0,2.0,2.1363636363636362,0.9545454545454546,1.8181818181818181,0.6363636363636364,0.0,0.0
E0,2023-02-18,Brighton,Fulham,0,1,A,0,0,21,5,7,2,10,2,0,5,0,0,D England,2223,E0_2223.csv,1,-1,Away Win,20230218_Brighton_Fulham,2.2,0.8,2.2,2.4,1.4,2.0,1.8571428571428572,1.3333333333333333,1.7,1.0,0.8,0.6,1.4,1.2,0.8,1.6,1.4782608695652173,1.3043478260869565,1.2727272727272727,1.2727272727272727,0.8000000000000003,1.4000000000000001
E0,2023-02-19,Manchester United,Leicester City,3,0,H,1,0,26,19,8,3,6,6,0,2,0,0,S Attwell,2223,E0_2223.csv,3,3,Home Win,20230219_ManchesterUnited_LeicesterCity,1.8,1.4,1.6,2.0,0.9,2.3,1.6521739130434783,1.2173913043478262,1.9090909090909092,0.7272727272727273,2.0,1.6,1.4,1.5,1.4,1.3,1.6363636363636365,1.7272727272727273,1.9090909090909092,2.272727272727273,0.20000000000000018,-0.19999999999999996
E0,2023-02-19,Tottenham Hotspur,West Ham United,2,0,H,0,0,16,6,6,1,4,7,2,1,0,0,M Oliver,2223,E0_2223.csv,2,2,Home Win,20230219_TottenhamHotspur_WestHamUnited,1.0,2.0,1.2,1.6,1.9,1.3,1.826086956521739,1.5217391304347827,2.0,1.3636363636363635,1.2,1.0,1.2,0.8,1.5,0.6,0.8636363636363636,1.2272727272727273,0.6363636363636364,1.2727272727272727,0.0,-0.19999999999999996
E0,2023-02-24,Fulham,Wolverhampton Wanderers,1,1,D,0,1,10,8,5,2,4,3,2,0,0,0,M Oliver,2223,E0_2223.csv,2,0,Draw,20230224_Fulham_WolverhamptonWanderers,0.6,0.4,1.4,1.2,0.6,1.9,1.4583333333333333,1.25,1.6666666666666667,1.3333333333333333,1.2,1.0,1.8,1.1,1.3,1.3,0.7391304347826086,1.391304347826087,0.7272727272727273,1.5454545454545454,-0.40000000000000013,-0.6
E0,2023-02-25,Bournemouth,Manchester City,1,4,A,0,3,13,20,2,5,4,6,2,2,0,0,P Tierney,2223,E0_2223.csv,5,-3,Away Win,20230225_Bournemouth_ManchesterCity,0.6,1.0,1.0,0.9,1.6,0.8,0.9130434782608695,1.9130434782608696,1.0,1.0909090909090908,2.0,0.8,2.0,2.0,1.0,2.0,2.5,1.0,1.5833333333333333,0.9166666666666666,-1.0,-1.4
E0,2023-02-25,Crystal Palace,Liverpool,0,0,D,0,0,6,12,0,4,5,3,2,5,0,0,D England,2223,E0_2223.csv,0,0,Draw,20230225_CrystalPalace_Liverpool,0.8,1.0,0.8,0.6,1.4,0.7,0.9130434782608695,1.3478260869565217,1.0,1.4166666666666667,0.8,1.2,1.4,1.5,1.3,1.9,1.7272727272727273,1.2727272727272727,1.1818181818181819,1.7272727272727273,-0.5999999999999999,0.0
E0,2023-02-25,West Ham United,Nottingham Forest,4,0,H,0,0,18,8,5,3,12,3,0,0,0,0,J Gillett,2223,E0_2223.csv,4,4,Home Win,20230225_WestHamUnited_NottinghamForest,0.8,1.0,1.0,0.8,1.6,0.6,0.8260869565217391,1.2608695652173914,1.0909090909090908,1.1818181818181819,1.0,0.8,1.6,1.0,1.0,1.6,0.782608695652174,1.6521739130434783,0.2727272727272727,2.272727272727273,-0.6000000000000001,-0.19999999999999996
E0,2023-02-25,Everton,Aston Villa,0,2,A,0,0,15,9,5,5,5,1,2,1,0,0,A Taylor,2223,E0_2223.csv,2,-2,Away Win,20230225_Everton_AstonVilla,0.6,1.2,1.2,0.6,1.8,0.7,0.7391304347826086,1.3043478260869565,0.9166666666666666,1.1666666666666667,1.6,2.4,1.2,1.7,1.8,1.6,1.2173913043478262,1.6521739130434783,0.8181818181818182,1.7272727272727273,0.0,-1.0
E0,2023-02-25,Leeds,Southampton,1,0,H,0,0,14,8,4,2,9,2,2,4,0,0,P Bankes,2223,E0_2223.csv,1,1,Home Win,20230225_Leeds_Southampton,0.4,1.2,0.4,0.9,1.7,0.4,1.2173913043478262,1.6956521739130435,1.3636363636363635,1.4545454545454546,0.8,1.4,1.2,0.8,2.0,0.6,0.8260869565217391,1.7391304347826086,0.75,1.75,-0.7999999999999999,-0.4
E0,2023-02-25,Leicester City,Arsenal,0,1,A,0,0,1,10,0,2,0,8,0,1,0,0,C Pawson,2223,E0_2223.csv,1,-1,Away Win,20230225_LeicesterCity_Arsenal,2.0,2.0,1.4,1.5,1.6,1.3,1.565217391304348,1.7826086956521738,1.3636363636363635,1.1818181818181819,1.8,1.8,1.4,2.0,1.2,2.0,2.217391304347826,1.0,2.0,0.75,0.0,0.19999999999999996
E0,2023-02-26,Tottenham Hotspur,Chelsea,2,0,H,0,0,8,10,3,2,4,4,2,3,0,0,S Attwell,2223,E0_2223.csv,2,2,Home Win,20230226_TottenhamHotspur_Chelsea,1.4,1.6,1.8,1.7,1.7,1.6,1.8333333333333333,1.4583333333333333,2.0,1.25,0.4,0.4,1.2,0.6,0.7,1.0,1.0,1.0,0.8333333333333334,1.25,0.6000000000000001,0.9999999999999999
E0,2023-03-01,Arsenal,Everton,4,0,H,2,0,15,8,5,5,5,1,0,2,0,0,M Oliver,2223,E0_2223.csv,4,4,Home Win,20230301_Arsenal_Everton,1.4,1.4,1.4,1.9,1.2,2.0,2.1666666666666665,0.9583333333333334,2.4545454545454546,1.2727272727272727,0.4,1.2,1.2,0.6,1.8,0.7,0.7083333333333334,1.3333333333333333,0.5454545454545454,1.4545454545454546,0.19999999999999996,0.9999999999999999
E0,2023-03-01,Liverpool,Wolverhampton Wanderers,2,0,H,0,0,15,4,6,1,5,2,2,3,0,0,P Tierney,2223,E0_2223.csv,2,2,Home Win,20230301_Liverpool_WolverhamptonWanderers,0.8,0.6,1.6,1.3,1.2,1.7,1.6521739130434783,1.2173913043478262,2.272727272727273,0.8181818181818182,1.2,1.2,1.4,1.0,1.1,1.4,0.75,1.375,0.75,1.5,0.20000000000000018,-0.3999999999999999
E0,2023-03-04,Wolverhampton Wanderers,Tottenham Hotspur,1,0,H,0,0,8,21,5,6,4,8,1,1,0,0,T Robinson,2223,E0_2223.csv,1,1,Home Win,20230304_WolverhamptonWanderers_TottenhamHotspur,1.2,1.0,1.4,1.0,1.1,1.4,0.72,1.4,0.75,1.25,1.4,0.8,2.4,1.5,1.4,1.6,1.84,1.4,1.6666666666666667,1.6666666666666667,-1.0,-0.19999999999999996
E0,2023-03-04,Chelsea,Leeds,1,0,H,0,0,13,11,3,2,5,7,2,0,0,0,M Oliver,2223,E0_2223.csv,1,1,Home Win,20230304_Chelsea_Leeds,0.2,0.8,0.6,0.6,0.8,1.0,0.9583333333333334,1.0416666666666667,1.1818181818181819,0.7272727272727273,0.6,1.2,0.8,0.7,1.3,0.7,1.2083333333333333,1.625,1.0833333333333333,1.9166666666666667,-0.20000000000000007,-0.39999999999999997
E0,2023-03-04,Brighton,West Ham United,4,0,H,1,0,20,3,9,2,7,3,0,3,0,0,S Attwell,2223,E0_2223.csv,4,4,Home Win,20230304_Brighton_WestHamUnited,1.4,0.8,1.6,2.0,1.4,1.7,1.7727272727272727,1.3181818181818181,1.5454545454545454,1.0,1.6,0.8,1.6,1.1,1.4,0.9,0.9583333333333334,1.2083333333333333,0.5833333333333334,1.3333333333333333,0.0,-0.20000000000000018
E0,2023-03-04,Southampton,Leicester City,1,0,H,1,0,11,11,5,0,3,4,4,2,0,0,R Jones,2223,E0_2223.csv,1,1,Home Win,20230304_Southampton_LeicesterCity,0.4,1.4,0.6,0.7,1.7,0.6,0.7916666666666666,1.7083333333333333,0.9090909090909091,1.7272727272727273,2.0,1.8,1.4,1.3,1.7,1.0,1.5,1.75,1.75,2.3333333333333335,-0.7999999999999999,-1.6
E0,2023-03-04,Arsenal,Bournemouth,3,2,H,0,1,31,4,9,4,17,1,0,2,0,0,C Kavanagh,2223,E0_2223.csv,5,1,Home Win,20230304_Arsenal_Bournemouth,2.2,1.2,2.0,2.0,1.1,2.0,2.24,0.92,2.5833333333333335,1.1666666666666667,0.8,1.4,1.0,0.7,1.6,0.8,0.9166666666666666,2.0,0.8333333333333334,2.6666666666666665,1.0,1.4000000000000001
E0,2023-03-04,Manchester City,Newcastle United,2,0,H,1,0,11,5,3,2,8,4,2,4,0,0,S Hooper,2223,E0_2223.csv,2,2,Home Win,20230304_ManchesterCity_NewcastleUnited,2.2,1.0,2.0,2.1,1.0,2.0,2.56,1.0,3.4166666666666665,1.0833333333333333,0.6,0.8,1.2,1.1,0.5,1.7,1.5217391304347827,0.6521739130434783,1.4545454545454546,0.6363636363636364,0.8,1.6
E0,2023-03-04,Aston Villa,Crystal Palace,1,0,H,1,0,8,3,1,0,2,4,2,3,0,1,C Pawson,2223,E0_2223.csv,1,1,Home Win,20230304_AstonVilla_CrystalPalace,1.6,2.2,1.2,1.6,1.7,1.6,1.25,1.5833333333333333,1.5833333333333333,1.5833333333333333,0.6,0.8,0.8,0.6,1.3,0.8,0.875,1.2916666666666667,0.8181818181818182,1.2727272727272727,0.3999999999999999,1.0
E0,2023-03-05,Nottingham Forest,Everton,2,2,D,1,2,10,10,4,3,3,3,3,5,0,0,J Brooks,2223,E0_2223.csv,4,0,Draw,20230305_NottinghamForest_Everton,0.6,1.6,1.0,0.8,1.2,1.5,0.75,1.75,1.25,1.0833333333333333,0.4,1.6,1.2,0.6,1.9,0.7,0.68,1.44,0.5,1.6666666666666667,-0.19999999999999996,0.19999999999999996
E0,2023-03-05,Liverpool,Manchester United,7,0,H,1,0,18,8,8,4,4,3,2,3,0,0,A Madley,2223,E0_2223.csv,7,7,Home Win,20230305_Liverpool_ManchesterUnited,1.2,0.6,2.0,1.2,1.1,1.7,1.6666666666666667,1.1666666666666667,2.25,0.75,2.2,1.2,2.0,2.1,0.8,2.3,1.7083333333333333,1.1666666666666667,1.4166666666666667,1.6666666666666667,0.0,-1.0000000000000002
E0,2023-03-06,Brentford,Fulham,3,2,H,1,1,14,9,6,5,2,3,0,3,0,0,A Taylor,2223,E0_2223.csv,5,1,Home Win,20230306_Brentford_Fulham,1.4,0.4,1.8,1.8,0.8,2.0,1.608695652173913,1.3043478260869565,2.0,0.9166666666666666,0.8,0.4,1.6,1.2,0.5,2.0,1.44,1.24,1.25,1.1666666666666667,0.19999999999999996,0.5999999999999999
E0,2023-03-11,Bournemouth,Liverpool,1,0,H,1,0,5,15,2,6,3,8,2,1,0,0,J Brooks,2223,E0_2223.csv,1,1,Home Win,20230311_Bournemouth_Liverpool,1.0,1.8,0.8,0.6,1.9,0.5,0.96,2.04,1.0,1.3333333333333333,2.6,0.0,2.6,1.6,1.0,1.7,1.88,1.12,1.0833333333333333,1.5833333333333333,-1.8,-1.6
E0,2023-03-11,Everton,Brentford,1,0,H,1,0,13,12,6,4,5,8,2,1,0,0,S Hooper,2223,E0_2223.csv,1,1,Home Win,20230311_Everton_Brentford,0.6,2.0,0.8,0.7,1.9,0.8,0.7307692307692307,1.4615384615384615,0.8461538461538461,1.2307692307692308,1.6,0.8,1.8,1.9,0.8,2.2,1.6666666666666667,1.3333333333333333,1.1818181818181819,1.7272727272727273,-1.0,-1.0
E0,2023-03-11,Leeds,Brighton,2,2,D,1,1,12,14,4,2,4,7,1,1,0,0,P Tierney,2223,E0_2223.csv,4,0,Draw,20230311_Leeds_Brighton,0.6,1.2,0.8,0.6,1.1,0.7,1.16,1.6,1.3333333333333333,1.3333333333333333,1.6,0.8,1.6,2.1,1.2,1.7,1.8695652173913044,1.2608695652173914,2.0,1.6363636363636365,-0.8,-1.0
E0,2023-03-11,Leicester City,Chelsea,1,3,A,1,2,17,12,7,6,2,5,1,2,1,0,A Marriner,2223,E0_2223.csv,4,-2,Away Win,20230311_LeicesterCity_Chelsea,1.6,1.6,1.2,1.1,1.8,0.7,1.44,1.72,1.25,1.1666666666666667,0.4,0.8,1.0,0.5,0.8,1.0,0.96,1.0,0.7692307692307693,1.3076923076923077,0.19999999999999996,1.2000000000000002
E0,2023-03-11,Tottenham Hotspur,Nottingham Forest,3,1,H,2,0,15,9,7,5,2,10,3,1,0,0,C Pawson,2223,E0_2223.csv,4,2,Home Win,20230311_TottenhamHotspur_NottinghamForest,1.2,1.0,1.8,1.3,1.3,1.5,1.7692307692307692,1.3846153846153846,2.0,1.1538461538461537,0.8,1.8,1.0,0.9,1.4,1.3,0.8,1.76,0.25,2.4166666666666665,0.8,0.3999999999999999
E0,2023-03-11,Crystal Palace,Manchester City,0,1,A,0,0,4,14,0,4,2,6,2,2,0,0,R Jones,2223,E0_2223.csv,1,-1,Away Win,20230311_CrystalPalace_ManchesterCity,0.6,1.0,0.6,0.6,1.1,0.8,0.84,1.28,0.9230769230769231,1.3076923076923077,2.6,0.8,2.6,2.2,0.9,2.2,2.5384615384615383,0.9615384615384616,1.7692307692307692,0.9230769230769231,-2.0,-2.0
E0,2023-03-12,Newcastle United,Wolverhampton Wanderers,2,1,H,1,0,19,7,8,4,10,3,1,2,0,0,A Madley,2223,E0_2223.csv,3,1,Home Win,20230312_NewcastleUnited_WolverhamptonWanderers,0.4,1.2,0.6,0.7,0.6,1.4,1.4583333333333333,0.7083333333333334,1.5833333333333333,0.6666666666666666,0.8,1.0,1.4,0.9,1.0,1.4,0.7307692307692307,1.3461538461538463,0.6923076923076923,1.5384615384615385,-0.7999999999999999,-0.4
E0,2023-03-12,West Ham United,Aston Villa,1,1,D,1,1,17,12,6,4,13,2,1,0,0,0,C Kavanagh,2223,E0_2223.csv,2,0,Draw,20230312_WestHamUnited_AstonVilla,1.2,1.6,1.0,1.1,1.6,0.9,0.92,1.32,1.3333333333333333,1.0833333333333333,1.6,2.2,1.2,1.5,1.6,1.6,1.24,1.52,0.9166666666666666,1.5833333333333333,-0.19999999999999996,-0.40000000000000013
E0,2023-03-12,Fulham,Arsenal,0,3,A,0,3,12,15,2,7,4,8,0,1,0,0,D Coote,2223,E0_2223.csv,3,-3,Away Win,20230312_Fulham_Arsenal,1.2,0.8,1.6,1.1,0.8,1.7,1.4615384615384615,1.3076923076923077,1.6153846153846154,1.3076923076923077,2.6,1.4,2.4,1.9,1.1,2.0,2.269230769230769,0.9615384615384616,1.9230769230769231,0.6923076923076923,-0.7999999999999998,-1.4000000000000001
E0,2023-03-12,Manchester United,Southampton,0,0,D,0,0,10,17,4,4,7,8,2,0,0,0,A Taylor,2223,E0_2223.csv,0,0,Draw,20230312_ManchesterUnited_Southampton,1.8,2.0,2.0,1.8,1.5,2.0,1.64,1.4,2.0,0.6666666666666666,0.6,1.2,1.2,0.7,1.4,0.9,0.8,1.64,0.6923076923076923,1.6923076923076923,0.8,1.2000000000000002
E0,2023-03-15,Brighton,Crystal Palace,1,0,H,1,0,11,11,5,3,1,4,1,2,0,0,P Bankes,2223,E0_2223.csv,1,1,Home Win,20230315_Brighton_CrystalPalace,1.6,0.8,1.6,2.2,1.2,1.8,1.875,1.2916666666666667,1.75,0.9166666666666666,0.4,0.8,0.6,0.4,1.2,0.5,0.8076923076923077,1.2692307692307692,0.75,1.25,1.0,1.2000000000000002
E0,2023-03-15,Southampton,Brentford,0,2,A,0,1,7,11,1,5,3,3,1,2,0,0,M Salisbury,2223,E0_2223.csv,2,-2,Away Win,20230315_Southampton_Brentford,0.6,0.6,1.4,0.6,1.1,1.0,0.7692307692307693,1.5769230769230769,0.9166666666666666,1.5833333333333333,1.6,1.0,1.6,1.7,0.8,1.9,1.6,1.32,1.0833333333333333,1.6666666666666667,-0.20000000000000018,-1.0
E0,2023-03-17,Nottingham Forest,Newcastle United,1,2,A,1,1,5,15,3,4,3,7,5,1,0,0,P Tierney,2223,E0_2223.csv,3,-1,Away Win,20230317_NottinghamForest_NewcastleUnited,0.8,2.4,0.4,1.0,1.4,1.3,0.8076923076923077,1.8076923076923077,1.3076923076923077,1.1538461538461537,0.8,1.4,1.0,0.8,0.7,1.4,1.48,0.72,1.3333333333333333,0.75,-0.6,0.0
E0,2023-03-18,Chelsea,Everton,2,2,D,0,0,20,12,7,3,8,2,2,2,0,0,D England,2223,E0_2223.csv,4,0,Draw,20230318_Chelsea_Everton,1.0,1.0,1.4,0.7,0.8,1.2,1.0384615384615385,1.0,1.1666666666666667,0.6666666666666666,0.8,1.6,1.4,0.7,1.8,1.0,0.7407407407407407,1.4074074074074074,0.6153846153846154,1.6923076923076923,0.0,0.19999999999999996
E0,2023-03-18,Aston Villa,Bournemouth,3,0,H,1,0,20,10,9,3,9,6,1,4,0,0,R Jones,2223,E0_2223.csv,3,3,Home Win,20230318_AstonVilla_Bournemouth,1.4,1.6,1.4,1.5,1.4,1.7,1.2307692307692308,1.5,1.5384615384615385,1.4615384615384615,1.2,1.6,1.4,0.7,1.7,0.8,0.9615384615384616,1.9615384615384615,0.9230769230769231,2.6923076923076925,0.0,0.19999999999999996
E0,2023-03-18,Brentford,Leicester City,1,1,D,1,0,11,14,2,1,8,4,1,2,1,0,D Bond,2223,E0_2223.csv,2,0,Draw,20230318_Brentford_LeicesterCity,1.4,1.0,1.6,1.7,0.6,2.1,1.6153846153846154,1.2692307692307692,2.076923076923077,1.0,1.0,1.8,0.6,1.2,1.8,0.7,1.4230769230769231,1.7692307692307692,1.6153846153846154,2.230769230769231,1.0,0.3999999999999999
E0,2023-03-18,Southampton,Tottenham Hotspur,3,3,D,0,1,19,17,7,3,10,3,1,1,0,0,S Hooper,2223,E0_2223.csv,6,0,Draw,20230318_Southampton_TottenhamHotspur,0.4,0.6,1.4,0.5,1.1,1.0,0.7407407407407407,1.5925925925925926,0.8461538461538461,1.6153846153846154,1.6,1.2,1.8,1.6,1.2,1.8,1.8148148148148149,1.3703703703703705,1.5384615384615385,1.6153846153846154,-0.40000000000000013,-1.2000000000000002
E0,2023-03-18,Wolverhampton Wanderers,Leeds,2,4,A,0,1,23,11,8,4,5,4,3,5,1,0,M Salisbury,2223,E0_2223.csv,6,-2,Away Win,20230318_WolverhamptonWanderers_Leeds,0.6,1.2,0.8,1.0,1.1,1.4,0.7407407407407407,1.3703703703703705,0.7692307692307693,1.1538461538461537,0.6,1.2,0.8,0.8,1.3,0.7,1.1923076923076923,1.6153846153846154,1.0,1.8461538461538463,0.0,0.0
E0,2023-03-19,Arsenal,Crystal Palace,4,1,H,2,0,15,8,5,4,5,4,0,1,0,0,S Attwell,2223,E0_2223.csv,5,3,Home Win,20230319_Arsenal_CrystalPalace,3.0,0.8,3.0,2.2,1.1,2.2,2.2962962962962963,0.9259259259259259,2.6153846153846154,1.2307692307692308,0.2,0.8,0.4,0.4,0.9,0.5,0.7777777777777778,1.2592592592592593,0.6923076923076923,1.2307692307692308,2.6,2.8
E0,2023-04-01,Manchester City,Liverpool,4,1,H,1,1,17,4,8,1,7,1,1,1,0,0,S Hooper,2223,E0_2223.csv,5,3,Home Win,20230401_ManchesterCity_Liverpool,2.2,0.6,2.6,2.2,0.9,2.2,2.4814814814814814,0.9259259259259259,3.3076923076923075,1.0,2.2,0.2,2.0,1.4,1.0,1.4,1.8076923076923077,1.1153846153846154,1.0,1.5384615384615385,0.6000000000000001,0.0
E0,2023-04-01,Arsenal,Leeds,4,1,H,1,0,13,7,6,5,4,3,0,2,0,0,D England,2223,E0_2223.csv,5,3,Home Win,20230401_Arsenal_Leeds,3.0,0.6,3.0,2.4,1.2,2.2,2.357142857142857,0.9285714285714286,2.7142857142857144,1.2142857142857142,1.4,1.2,1.4,1.0,1.3,0.9,1.2962962962962963,1.6296296296296295,1.2142857142857142,1.8571428571428572,1.6,1.6
E0,2023-04-01,Bournemouth,Fulham,2,1,H,0,1,12,10,7,2,4,3,1,4,0,0,P Bankes,2223,E0_2223.csv,3,1,Home Win,20230401_Bournemouth_Fulham,1.0,2.0,1.2,0.7,1.8,0.8,0.9259259259259259,2.0,1.0,1.2307692307692308,1.2,1.4,1.4,0.9,1.0,1.4,1.4074074074074074,1.3703703703703705,1.3076923076923077,1.3076923076923077,-0.19999999999999996,-0.19999999999999996
E0,2023-04-01,Brighton,Brentford,3,3,D,2,2,33,7,15,5,14,0,2,1,0,0,M Oliver,2223,E0_2223.csv,6,0,Draw,20230401_Brighton_Brentford,1.6,0.8,1.6,2.0,1.1,1.8,1.84,1.24,1.6923076923076923,0.8461538461538461,1.4,1.0,1.6,1.6,0.7,1.9,1.5925925925925926,1.2592592592592593,1.1538461538461537,1.5384615384615385,0.0,0.20000000000000018
E0,2023-04-01,Crystal Palace,Leicester City,2,1,H,0,0,31,3,9,2,10,1,3,4,0,0,T Robinson,2223,E0_2223.csv,3,1,Home Win,20230401_CrystalPalace_LeicesterCity,0.2,1.4,0.2,0.5,1.2,0.5,0.7857142857142857,1.3571428571428572,0.8571428571428571,1.2857142857142858,0.4,1.8,0.2,1.2,1.7,0.8,1.4074074074074074,1.7407407407407407,1.5714285714285714,2.142857142857143,0.0,-0.2
E0,2023-04-01,Nottingham Forest,Wolverhampton Wanderers,1,1,D,1,0,17,8,7,1,4,3,3,5,0,0,C Kavanagh,2223,E0_2223.csv,2,0,Draw,20230401_NottinghamForest_WolverhamptonWanderers,1.0,2.4,0.4,1.0,1.5,1.2,0.8148148148148148,1.8148148148148149,1.2857142857142858,1.2142857142857142,1.0,1.8,0.8,1.1,1.4,1.3,0.7857142857142857,1.4642857142857142,0.7142857142857143,1.5714285714285714,-0.4,0.0
E0,2023-04-01,Chelsea,Aston Villa,0,2,A,0,1,27,5,8,2,13,2,3,3,0,0,A Madley,2223,E0_2223.csv,2,-2,Away Win,20230401_Chelsea_AstonVilla,1.2,1.2,1.4,0.9,0.9,1.3,1.0740740740740742,1.037037037037037,1.2307692307692308,0.7692307692307693,1.8,1.0,2.0,1.6,1.4,1.7,1.2962962962962963,1.4444444444444444,0.9230769230769231,1.5384615384615385,-0.6000000000000001,-0.6000000000000001
E0,2023-04-02,West Ham United,Southampton,1,0,H,1,0,12,9,2,3,5,3,0,2,0,0,P Tierney,2223,E0_2223.csv,1,1,Home Win,20230402_WestHamUnited_Southampton,1.2,1.6,1.0,1.1,1.4,1.0,0.9230769230769231,1.3076923076923077,1.3076923076923077,1.0769230769230769,0.8,1.2,1.0,0.8,1.3,1.1,0.8214285714285714,1.6428571428571428,0.6428571428571429,1.5714285714285714,0.0,0.3999999999999999
E0,2023-04-02,Newcastle United,Manchester United,2,0,H,0,0,22,6,6,1,7,4,0,0,0,0,S Attwell,2223,E0_2223.csv,2,2,Home Win,20230402_NewcastleUnited_ManchesterUnited,1.0,1.4,1.4,0.7,0.8,1.4,1.5,0.7307692307692307,1.6153846153846154,0.6923076923076923,1.4,1.8,1.6,1.7,1.5,1.8,1.5769230769230769,1.3461538461538463,1.3076923076923077,2.076923076923077,-0.20000000000000018,-0.3999999999999999
E0,2023-04-03,Everton,Tottenham Hotspur,1,1,D,0,0,15,8,6,2,3,3,0,3,1,1,D Coote,2223,E0_2223.csv,2,0,Draw,20230403_Everton_TottenhamHotspur,1.0,2.0,1.0,0.8,1.6,1.1,0.7857142857142857,1.4285714285714286,0.8571428571428571,1.1428571428571428,2.0,1.0,2.0,1.5,1.5,1.6,1.8571428571428572,1.4285714285714286,1.6428571428571428,1.7142857142857142,-1.0,-1.0
E0,2023-04-04,Bournemouth,Brighton,0,2,A,0,1,14,16,3,6,5,5,1,1,0,0,D Bond,2223,E0_2223.csv,2,-2,Away Win,20230404_Bournemouth_Brighton,1.2,2.2,1.2,0.9,1.6,1.1,0.9642857142857143,1.9642857142857142,1.0714285714285714,1.2142857142857142,2.0,1.2,1.6,2.1,1.0,1.9,1.8846153846153846,1.3076923076923077,2.0,1.6666666666666667,-0.40000000000000013,-0.8
E0,2023-04-04,Leeds,Nottingham Forest,2,1,H,2,1,21,13,6,1,11,4,1,4,0,0,R Jones,2223,E0_2223.csv,3,1,Home Win,20230404_Leeds_NottinghamForest,1.6,1.8,1.4,1.0,1.5,0.9,1.2857142857142858,1.7142857142857142,1.3846153846153846,1.3846153846153846,1.0,2.4,0.4,1.0,1.6,1.0,0.8214285714285714,1.7857142857142858,0.3076923076923077,2.4615384615384617,0.9999999999999999,0.6000000000000001
E0,2023-04-04,Leicester City,Aston Villa,1,2,A,1,1,9,15,4,5,4,8,2,0,1,0,G Scott,2223,E0_2223.csv,3,-1,Away Win,20230404_LeicesterCity_AstonVilla,0.6,1.6,0.2,1.3,1.8,0.8,1.3928571428571428,1.75,1.2307692307692308,1.3076923076923077,1.8,0.2,2.6,1.7,1.3,1.9,1.3214285714285714,1.3928571428571428,1.0,1.4285714285714286,-2.4,-1.2000000000000002
E0,2023-04-04,Chelsea,Liverpool,0,0,D,0,0,12,7,3,4,3,5,1,4,0,0,A Taylor,2223,E0_2223.csv,0,0,Draw,20230404_Chelsea_Liverpool,1.2,1.4,1.4,0.8,0.9,1.3,1.0357142857142858,1.0714285714285714,1.1428571428571428,0.8571428571428571,2.0,1.0,1.4,1.4,1.1,1.4,1.7777777777777777,1.2222222222222223,1.0,1.7142857142857142,0.0,-0.8
E0,2023-04-05,Manchester United,Brentford,1,0,H,1,0,18,6,3,1,12,3,3,2,0,0,J Brooks,2223,E0_2223.csv,1,1,Home Win,20230405_ManchesterUnited_Brentford,1.0,1.8,1.4,1.4,1.7,1.5,1.5185185185185186,1.3703703703703705,1.8461538461538463,0.6153846153846154,1.8,1.4,1.6,1.6,0.9,1.7,1.6428571428571428,1.3214285714285714,1.2857142857142858,1.6428571428571428,-0.20000000000000018,-0.8
E0,2023-04-05,West Ham United,Newcastle United,1,5,A,1,2,7,15,2,8,7,6,2,1,0,0,C Pawson,2223,E0_2223.csv,6,-4,Away Win,20230405_WestHamUnited_NewcastleUnited,1.2,1.4,1.4,1.2,1.2,1.3,0.9259259259259259,1.2592592592592593,1.2857142857142858,1.0,1.2,1.2,1.8,0.9,0.8,1.6,1.5185185185185186,0.7037037037037037,1.3846153846153846,0.7692307692307693,-0.40000000000000013,0.0
E0,2023-04-08,Southampton,Manchester City,1,4,A,0,1,4,13,1,8,0,10,0,2,0,0,R Jones,2223,E0_2223.csv,5,-3,Away Win,20230408_Southampton_ManchesterCity,0.8,1.2,1.0,0.6,1.3,0.8,0.7931034482758621,1.6206896551724137,1.0,1.7142857142857142,2.4,0.6,2.6,2.5,0.8,2.5,2.5357142857142856,0.9285714285714286,1.7142857142857142,0.8571428571428571,-1.6,-1.5999999999999999
E0,2023-04-08,Wolverhampton Wanderers,Chelsea,1,0,H,1,0,9,13,4,1,8,8,2,5,0,0,P Bankes,2223,E0_2223.csv,1,1,Home Win,20230408_WolverhamptonWanderers_Chelsea,1.0,1.8,0.8,1.1,1.5,1.1,0.7931034482758621,1.4482758620689655,0.8571428571428571,1.3571428571428572,1.2,1.0,1.6,0.7,0.9,1.1,1.0,1.0344827586206897,0.9285714285714286,1.2857142857142858,-0.8,-0.19999999999999996
E0,2023-04-08,Tottenham Hotspur,Brighton,2,1,H,1,1,9,17,3,4,3,7,3,1,0,0,S Attwell,2223,E0_2223.csv,3,1,Home Win,20230408_TottenhamHotspur_Brighton,1.8,1.2,1.6,1.6,1.4,1.7,1.8275862068965518,1.4137931034482758,2.0714285714285716,1.1428571428571428,2.4,1.0,2.2,1.9,0.9,1.9,1.8888888888888888,1.2592592592592593,2.0,1.5384615384615385,-0.6000000000000001,-0.5999999999999999
E0,2023-04-08,Leicester City,Bournemouth,0,1,A,0,1,14,19,4,7,6,6,0,3,0,0,D Coote,2223,E0_2223.csv,1,-1,Away Win,20230408_LeicesterCity_Bournemouth,0.8,1.8,0.2,1.4,1.8,0.8,1.3793103448275863,1.7586206896551724,1.2142857142857142,1.3571428571428572,1.0,1.8,1.2,0.9,1.6,1.1,0.9310344827586207,1.9655172413793103,0.8571428571428571,2.7142857142857144,-1.0,-0.19999999999999996
E0,2023-04-08,Fulham,West Ham United,0,1,A,0,1,16,9,3,5,11,4,1,1,0,0,J Gillett,2223,E0_2223.csv,1,-1,Away Win,20230408_Fulham_WestHamUnited,1.0,1.8,0.8,0.9,1.2,1.1,1.3928571428571428,1.3928571428571428,1.5,1.4285714285714286,1.4,2.0,1.4,1.1,1.5,1.2,0.9285714285714286,1.3928571428571428,0.5384615384615384,1.5384615384615385,-0.5999999999999999,-0.3999999999999999
E0,2023-04-08,Brentford,Newcastle United,1,2,A,1,0,12,10,6,4,6,5,0,0,0,0,C Kavanagh,2223,E0_2223.csv,3,-1,Away Win,20230408_Brentford_NewcastleUnited,1.2,1.2,1.0,1.4,1.0,1.4,1.5862068965517242,1.3103448275862069,2.0,1.0,2.2,1.0,2.4,1.4,0.9,1.8,1.6428571428571428,0.7142857142857143,1.6428571428571428,0.7857142857142857,-1.4,-1.0000000000000002
E0,2023-04-08,Aston Villa,Nottingham Forest,2,0,H,0,0,8,6,3,2,1,8,3,4,0,0,A Taylor,2223,E0_2223.csv,2,2,Home Win,20230408_AstonVilla_NottinghamForest,1.8,0.4,2.6,1.7,1.3,1.9,1.3448275862068966,1.3793103448275863,1.6428571428571428,1.3571428571428572,1.2,2.0,0.4,0.9,1.8,0.7,0.8275862068965517,1.793103448275862,0.35714285714285715,2.4285714285714284,2.2,0.6000000000000001
E0,2023-04-08,Manchester United,Everton,2,0,H,1,0,29,15,11,1,10,4,0,0,0,0,M Oliver,2223,E0_2223.csv,2,2,Home Win,20230408_ManchesterUnited_Everton,0.8,1.8,1.4,1.3,1.6,1.5,1.5,1.3214285714285714,1.7857142857142858,0.5714285714285714,1.2,1.8,1.2,0.8,1.5,1.2,0.7931034482758621,1.4137931034482758,0.7142857142857143,1.7142857142857142,0.19999999999999996,-0.3999999999999999
E0,2023-04-09,Leeds,Crystal Palace,1,5,A,1,1,11,16,7,8,2,4,3,1,0,0,S Hooper,2223,E0_2223.csv,6,-4,Away Win,20230409_Leeds_CrystalPalace,1.8,2.0,1.4,1.2,1.6,1.1,1.3103448275862069,1.6896551724137931,1.4285714285714286,1.3571428571428572,0.6,1.6,0.6,0.6,1.2,0.7,0.8275862068965517,1.3448275862068966,0.7142857142857143,1.4285714285714286,0.7999999999999999,1.2000000000000002
E0,2023-04-09,Liverpool,Arsenal,2,2,D,1,2,21,9,6,5,5,4,4,4,0,0,P Tierney,2223,E0_2223.csv,4,0,Draw,20230409_Liverpool_Arsenal,2.0,1.0,1.4,1.4,0.8,1.5,1.7142857142857142,1.1785714285714286,2.6153846153846154,0.6923076923076923,3.6,0.8,3.0,2.5,1.1,2.2,2.413793103448276,0.9310344827586207,2.0,0.6428571428571429,-1.6,-1.6
E0,2023-04-15,Wolverhampton Wanderers,Brentford,2,0,H,1,0,11,10,9,3,5,2,1,1,0,0,P Tierney,2223,E0_2223.csv,2,2,Home Win,20230415_WolverhamptonWanderers_Brentford,1.2,1.4,1.4,1.2,1.2,1.4,0.8,1.4,0.8666666666666667,1.2666666666666666,1.4,1.4,1.0,1.5,1.2,1.3,1.5666666666666667,1.3333333333333333,1.2,1.6,0.3999999999999999,-0.19999999999999996
E0,2023-04-15,Tottenham Hotspur,Bournemouth,2,3,A,1,1,24,6,8,6,8,1,1,2,0,0,A Madley,2223,E0_2223.csv,5,-1,Away Win,20230415_TottenhamHotspur_Bournemouth,1.8,1.4,1.6,1.6,1.1,2.0,1.8333333333333333,1.4,2.066666666666667,1.1333333333333333,0.8,1.2,1.8,0.9,1.5,1.3,0.9333333333333333,1.9,0.8666666666666667,2.533333333333333,-0.19999999999999996,1.0
E0,2023-04-15,Southampton,Crystal Palace,0,2,A,0,0,11,9,4,2,6,2,3,1,0,0,M Oliver,2223,E0_2223.csv,2,-2,Away Win,20230415_Southampton_CrystalPalace,0.8,2.0,0.4,0.7,1.6,0.8,0.8,1.7,1.0,1.8666666666666667,1.6,1.6,1.2,1.1,1.3,0.9,0.9666666666666667,1.3333333333333333,1.0,1.4,-0.7999999999999999,-0.8
E0,2023-04-15,Manchester City,Leicester City,3,1,H,3,0,12,10,4,4,6,2,1,1,0,0,D England,2223,E0_2223.csv,4,2,Home Win,20230415_ManchesterCity_LeicesterCity,3.0,0.6,3.0,2.5,0.7,2.5,2.586206896551724,0.9310344827586207,3.357142857142857,1.0,0.8,1.8,0.2,1.2,1.7,0.7,1.3333333333333333,1.7333333333333334,1.5333333333333334,2.1333333333333333,2.8,2.2
E0,2023-04-15,Chelsea,Brighton,1,2,A,1,1,8,26,2,10,2,8,2,2,0,0,R Jones,2223,E0_2223.csv,3,-1,Away Win,20230415_Chelsea_Brighton,1.0,1.2,1.0,0.7,1.0,1.0,0.9666666666666667,1.0333333333333334,1.0666666666666667,0.8,1.8,1.4,1.6,1.7,1.1,1.6,1.8571428571428572,1.2857142857142858,1.9285714285714286,1.5714285714285714,-0.6000000000000001,-0.8
E0,2023-04-15,Aston Villa,Newcastle United,3,0,H,1,0,16,8,6,2,7,2,1,1,0,0,J Brooks,2223,E0_2223.csv,3,3,Home Win,20230415_AstonVilla_NewcastleUnited,2.0,0.4,2.6,1.8,1.3,1.9,1.3666666666666667,1.3333333333333333,1.6666666666666667,1.2666666666666666,2.6,0.8,3.0,1.5,1.0,1.8,1.6551724137931034,0.7241379310344828,1.6666666666666667,0.8,-0.3999999999999999,-0.6000000000000001
E0,2023-04-15,Everton,Fulham,1,3,A,1,1,15,21,7,7,4,8,3,2,0,0,A Taylor,2223,E0_2223.csv,4,-2,Away Win,20230415_Everton_Fulham,1.2,1.4,1.2,0.8,1.5,1.2,0.7666666666666667,1.4333333333333333,0.8666666666666667,1.1333333333333333,0.8,2.0,0.2,0.7,1.2,0.8,1.3448275862068966,1.3793103448275863,1.2857142857142858,1.3571428571428572,1.0,0.3999999999999999
E0,2023-04-16,West Ham United,Arsenal,2,2,D,1,2,16,11,3,5,7,2,1,2,0,0,D Coote,2223,E0_2223.csv,4,0,Draw,20230416_WestHamUnited_Arsenal,0.8,2.0,1.4,1.2,1.4,1.5,0.9310344827586207,1.3448275862068966,1.2666666666666666,1.2666666666666666,3.2,1.2,2.6,2.7,1.2,2.3,2.4,0.9666666666666667,2.0,0.7333333333333333,-1.2000000000000002,-2.4000000000000004
E0,2023-04-16,Nottingham Forest,Manchester United,0,2,A,0,1,6,22,0,8,4,9,2,2,0,0,S Hooper,2223,E0_2223.csv,2,-2,Away Win,20230416_NottinghamForest_ManchesterUnited,0.8,2.0,0.2,0.8,1.9,0.6,0.8,1.8,1.2666666666666666,1.2,0.6,1.8,1.4,1.4,1.5,1.7,1.5172413793103448,1.2758620689655173,1.2142857142857142,2.0714285714285716,-1.2,0.20000000000000007
E0,2023-04-17,Leeds,Liverpool,1,6,A,0,2,13,13,3,7,4,2,0,1,0,0,C Pawson,2223,E0_2223.csv,7,-5,Away Win,20230417_Leeds_Liverpool,2.0,2.8,1.4,1.3,2.0,1.1,1.3,1.8,1.4,1.6,2.0,1.4,1.0,1.6,1.0,1.5,1.7241379310344827,1.206896551724138,0.9333333333333333,1.6,0.3999999999999999,0.0
E0,2023-04-21,Arsenal,Southampton,3,3,D,1,2,25,8,6,6,7,2,1,5,0,0,S Hooper,2223,E0_2223.csv,6,0,Draw,20230421_Arsenal_Southampton,3.0,1.2,2.2,2.8,1.3,2.3,2.3870967741935485,1.0,2.8,1.2,0.8,2.4,0.2,0.7,1.5,0.8,0.7741935483870968,1.7096774193548387,0.6,1.5333333333333334,2.0,2.2
E0,2023-04-22,Fulham,Leeds,2,1,H,0,0,12,10,5,2,8,6,1,4,0,0,P Bankes,2223,E0_2223.csv,3,1,Home Win,20230422_Fulham_Leeds,1.2,2.0,0.6,1.0,1.2,1.1,1.4,1.3666666666666667,1.4,1.4,1.8,3.6,1.2,1.2,2.4,1.0,1.2903225806451613,1.935483870967742,1.2,2.0,-0.6,-0.6000000000000001
E0,2023-04-22,Brentford,Aston Villa,1,1,D,0,0,6,14,5,2,8,4,3,2,0,0,M Salisbury,2223,E0_2223.csv,2,0,Draw,20230422_Brentford_AstonVilla,1.0,1.8,0.4,1.2,1.4,1.0,1.5161290322580645,1.3548387096774193,1.9333333333333333,1.0666666666666667,2.4,0.2,3.0,1.9,0.9,2.2,1.4193548387096775,1.2903225806451613,1.0666666666666667,1.4,-2.6,-1.4
E0,2023-04-22,Crystal Palace,Everton,0,0,D,0,0,12,10,2,5,8,1,1,1,0,1,J Brooks,2223,E0_2223.csv,0,0,Draw,20230422_CrystalPalace_Everton,2.0,1.4,1.8,1.2,1.1,1.2,1.0,1.2903225806451613,0.9333333333333333,1.2666666666666666,1.0,1.6,1.0,0.8,1.8,0.9,0.7741935483870968,1.4838709677419355,0.6666666666666666,1.7333333333333334,0.8,1.0
E0,2023-04-22,Leicester City,Wolverhampton Wanderers,2,1,H,1,1,15,16,8,3,1,7,1,3,0,0,A Madley,2223,E0_2223.csv,3,1,Home Win,20230422_LeicesterCity_WolverhamptonWanderers,0.8,1.8,0.2,0.9,1.8,0.4,1.3225806451612903,1.7741935483870968,1.1333333333333333,1.3333333333333333,1.4,1.4,1.4,1.1,1.2,1.4,0.8387096774193549,1.3548387096774193,0.7333333333333333,1.5333333333333334,-1.2,-0.5999999999999999
E0,2023-04-22,Liverpool,Nottingham Forest,3,2,H,0,0,18,11,6,5,9,3,0,1,0,0,M Oliver,2223,E0_2223.csv,5,1,Home Win,20230422_Liverpool_NottinghamForest,1.8,1.6,1.0,2.2,0.8,1.8,1.8666666666666667,1.2,2.5714285714285716,0.7857142857142857,0.6,1.8,0.2,0.7,2.1,0.3,0.7741935483870968,1.8064516129032258,0.3333333333333333,2.4,0.8,1.2000000000000002
E0,2023-04-23,Newcastle United,Tottenham Hotspur,6,1,H,5,0,25,11,8,3,9,3,0,3,0,0,D Coote,2223,E0_2223.csv,7,5,Home Win,20230423_NewcastleUnited_TottenhamHotspur,2.2,1.2,2.4,1.5,1.3,1.7,1.6,0.8,1.6428571428571428,0.6428571428571429,2.2,1.8,1.6,1.7,1.4,1.7,1.8387096774193548,1.4516129032258065,1.6,1.6666666666666667,0.7999999999999998,0.0
E0,2023-04-23,Bournemouth,West Ham United,0,4,A,0,3,17,18,5,10,8,5,1,2,0,0,A Taylor,2223,E0_2223.csv,4,-4,Away Win,20230423_Bournemouth_WestHamUnited,1.2,1.6,1.8,1.2,1.6,1.6,1.0,1.903225806451613,1.0,1.2666666666666666,1.2,1.6,1.6,1.2,1.6,1.3,0.9666666666666667,1.3666666666666667,0.5714285714285714,1.4285714285714286,0.19999999999999996,0.0
E0,2023-04-25,Wolverhampton Wanderers,Crystal Palace,2,0,H,1,0,9,14,3,4,6,11,5,4,0,0,R Jones,2223,E0_2223.csv,2,2,Home Win,20230425_WolverhamptonWanderers_CrystalPalace,1.4,1.4,1.4,1.0,1.3,1.1,0.84375,1.375,0.9375,1.1875,2.0,1.2,2.0,1.1,1.0,1.2,0.96875,1.25,1.0625,1.3125,-0.6000000000000001,-0.6000000000000001
E0,2023-04-25,Aston Villa,Fulham,1,0,H,1,0,14,1,3,0,8,2,3,2,0,0,T Bramall,2223,E0_2223.csv,1,1,Home Win,20230425_AstonVilla_Fulham,2.0,0.4,2.6,1.9,0.7,2.3,1.40625,1.28125,1.75,1.1875,1.2,1.6,1.2,1.2,1.2,1.4,1.4193548387096775,1.3548387096774193,1.4,1.3333333333333333,1.4000000000000001,0.8
E0,2023-04-25,Leeds,Leicester City,1,1,D,1,0,13,15,3,3,3,6,4,2,0,0,P Tierney,2223,E0_2223.csv,2,0,Draw,20230425_Leeds_LeicesterCity,1.2,3.6,0.6,1.3,2.4,1.0,1.28125,1.9375,1.375,1.875,1.0,1.8,0.6,0.7,1.8,0.4,1.34375,1.75,1.5,2.1875,0.0,0.19999999999999996
E0,2023-04-26,Nottingham Forest,Brighton,3,1,H,1,1,12,17,5,7,2,7,2,0,0,0,J Gillett,2223,E0_2223.csv,4,2,Home Win,20230426_NottinghamForest_Brighton,0.8,2.0,0.2,0.9,2.2,0.3,0.8125,1.84375,1.1875,1.25,1.8,1.2,2.0,1.7,1.0,1.8,1.8620689655172413,1.2758620689655173,1.9333333333333333,1.5333333333333334,-1.8,-1.0
E0,2023-04-26,Chelsea,Brentford,0,2,A,0,1,15,7,4,1,5,2,1,2,0,0,A Madley,2223,E0_2223.csv,2,-2,Away Win,20230426_Chelsea_Brentford,0.6,1.4,0.4,0.8,1.2,0.9,0.967741935483871,1.064516129032258,1.0625,0.875,1.0,1.8,0.4,1.2,1.4,1.0,1.5,1.34375,1.125,1.625,0.0,-0.4
E0,2023-04-26,West Ham United,Liverpool,1,2,A,1,1,7,20,2,4,3,6,0,0,0,0,C Kavanagh,2223,E0_2223.csv,3,-1,Away Win,20230426_WestHamUnited_Liverpool,1.8,1.4,2.0,1.5,1.5,1.5,1.064516129032258,1.3225806451612903,1.3125,1.3125,2.4,1.8,1.6,2.3,1.0,1.8,1.903225806451613,1.2258064516129032,1.25,1.5625,0.3999999999999999,-0.5999999999999999
E0,2023-04-26,Manchester City,Arsenal,4,1,H,2,0,14,8,9,2,1,3,3,1,0,0,M Oliver,2223,E0_2223.csv,5,3,Home Win,20230426_ManchesterCity_Arsenal,2.8,0.6,3.0,2.5,0.8,2.5,2.6,0.9333333333333333,3.3333333333333335,1.0,3.0,1.8,1.8,3.0,1.3,2.4,2.40625,1.0625,2.0,0.8125,1.2,-0.20000000000000018
E0,2023-04-27,Everton,Newcastle United,1,4,A,0,1,13,15,5,8,3,14,2,1,0,0,A Marriner,2223,E0_2223.csv,5,-3,Away Win,20230427_Everton_NewcastleUnited,0.8,1.6,0.6,0.8,1.6,1.0,0.75,1.4375,0.875,1.25,3.0,1.2,2.4,2.0,1.3,1.9,1.7419354838709677,0.8064516129032258,1.5625,0.9375,-1.7999999999999998,-2.2
E0,2023-04-27,Southampton,Bournemouth,0,1,A,0,0,11,16,2,2,6,4,0,3,0,0,D England,2223,E0_2223.csv,1,-1,Away Win,20230427_Southampton_Bournemouth,1.4,2.6,0.4,0.9,1.6,0.9,0.84375,1.75,0.9375,1.875,1.2,1.8,1.8,1.1,1.9,1.5,0.96875,1.96875,1.0,2.5,-1.4,0.19999999999999996
E0,2023-04-27,Tottenham Hotspur,Manchester United,2,2,D,0,2,18,17,7,8,6,8,1,2,0,0,A Taylor,2223,E0_2223.csv,4,0,Draw,20230427_TottenhamHotspur_ManchesterUnited,1.8,2.8,1.0,1.7,2.0,1.4,1.8125,1.59375,2.0625,1.25,1.0,0.4,2.0,1.4,1.2,2.0,1.5333333333333334,1.2333333333333334,1.2666666666666666,1.9333333333333333,-1.0,0.8
E0,2023-04-29,Brighton,Wolverhampton Wanderers,6,0,H,4,0,22,10,8,2,2,5,1,1,0,0,D Coote,2223,E0_2223.csv,6,6,Home Win,20230429_Brighton_WolverhamptonWanderers,1.8,1.8,1.4,1.7,1.3,1.5,1.8333333333333333,1.3333333333333333,1.7857142857142858,1.0,1.4,0.6,2.0,1.2,1.2,1.4,0.8787878787878788,1.3333333333333333,0.75,1.5625,-0.6000000000000001,0.40000000000000013
E0,2023-04-29,Brentford,Nottingham Forest,2,1,H,0,1,14,5,8,3,6,0,1,2,0,0,P Bankes,2223,E0_2223.csv,3,1,Home Win,20230429_Brentford_NottinghamForest,0.8,1.2,0.8,1.3,1.3,1.2,1.5151515151515151,1.303030303030303,1.875,1.0625,1.2,2.0,0.6,1.1,2.2,0.5,0.8787878787878788,1.8181818181818181,0.4375,2.4375,0.20000000000000007,-0.3999999999999999
E0,2023-04-29,Crystal Palace,West Ham United,4,3,H,3,2,16,8,6,4,8,5,1,2,0,0,C Pawson,2223,E0_2223.csv,7,1,Home Win,20230429_CrystalPalace_WestHamUnited,1.8,0.8,2.0,1.0,1.1,1.1,0.9393939393939394,1.2727272727272727,0.875,1.1875,1.8,1.8,1.4,1.5,1.6,1.4,1.0625,1.34375,0.8,1.3333333333333333,0.6000000000000001,0.0
E0,2023-04-30,Bournemouth,Leeds,4,1,H,2,1,12,15,7,6,2,6,1,0,0,0,C Kavanagh,2223,E0_2223.csv,5,3,Home Win,20230430_Bournemouth_Leeds,1.0,1.6,1.8,1.1,1.9,1.5,0.9696969696969697,1.9090909090909092,0.9375,1.4375,1.2,3.0,0.8,1.4,2.4,1.1,1.2727272727272727,1.9090909090909092,1.1875,2.0,1.0,-0.19999999999999996
E0,2023-04-30,Fulham,Manchester City,1,2,A,1,2,4,12,1,9,2,5,1,3,0,0,S Hooper,2223,E0_2223.csv,3,-1,Away Win,20230430_Fulham_ManchesterCity,1.2,1.2,1.2,1.2,1.3,1.3,1.375,1.34375,1.4375,1.375,3.2,0.8,3.0,2.9,0.8,2.8,2.6451612903225805,0.9354838709677419,1.8666666666666667,0.8666666666666667,-1.8,-2.0
E0,2023-04-30,Manchester United,Aston Villa,1,0,H,1,0,14,7,6,1,1,4,2,0,0,0,J Gillett,2223,E0_2223.csv,1,1,Home Win,20230430_ManchesterUnited_AstonVilla,1.4,0.8,2.0,1.4,1.3,1.8,1.5483870967741935,1.2580645161290323,1.8,0.5333333333333333,1.8,0.4,2.6,1.8,0.3,2.6,1.393939393939394,1.2424242424242424,1.0625,1.375,-0.6000000000000001,-0.40000000000000013
E0,2023-04-30,Newcastle United,Southampton,3,1,H,0,1,22,4,5,3,11,2,1,4,0,0,A Taylor,2223,E0_2223.csv,4,2,Home Win,20230430_NewcastleUnited_Southampton,3.4,1.4,2.4,2.3,1.3,2.1,1.8125,0.8125,1.9333333333333333,0.6666666666666666,0.8,2.2,0.2,0.8,1.7,0.6,0.8181818181818182,1.7272727272727273,0.75,1.625,2.1999999999999997,2.5999999999999996
E0,2023-04-30,Liverpool,Tottenham Hotspur,4,3,H,3,1,12,10,4,7,5,2,3,2,0,0,P Tierney,2223,E0_2223.csv,7,1,Home Win,20230430_Liverpool_TottenhamHotspur,2.6,1.2,2.2,2.3,1.1,1.8,1.90625,1.21875,2.6,0.8666666666666667,1.6,2.6,1.0,1.8,1.8,1.5,1.8181818181818181,1.606060606060606,1.5625,1.9375,1.2000000000000002,1.0
E0,2023-05-01,Leicester City,Everton,2,2,D,2,1,15,23,6,8,2,9,4,1,0,0,M Oliver,2223,E0_2223.csv,4,0,Draw,20230501_LeicesterCity_Everton,1.0,1.6,0.8,0.8,1.6,0.5,1.3333333333333333,1.7272727272727273,1.1875,1.3125,0.6,2.0,0.4,0.8,2.0,0.7,0.7575757575757576,1.5151515151515151,0.625,1.625,0.4,0.4
E0,2023-05-02,Arsenal,Chelsea,3,1,H,3,0,16,7,10,4,7,2,0,2,0,0,R Jones,2223,E0_2223.csv,4,2,Home Win,20230502_Arsenal_Chelsea,2.4,2.4,1.2,2.7,1.5,2.1,2.3636363636363638,1.1515151515151516,2.8125,1.3125,0.2,1.4,0.2,0.7,1.3,0.8,0.9375,1.09375,0.8666666666666667,1.2666666666666666,1.0,2.1999999999999997
E0,2023-05-03,Liverpool,Fulham,1,0,H,1,0,15,9,3,3,7,5,0,0,0,0,S Attwell,2223,E0_2223.csv,1,1,Home Win,20230503_Liverpool_Fulham,3.4,1.8,2.6,2.7,1.4,2.0,1.9696969696969697,1.2727272727272727,2.6875,1.0,1.2,1.2,1.2,1.1,1.5,1.0,1.3636363636363635,1.3636363636363635,1.3125,1.3125,1.4000000000000001,2.2
E0,2023-05-03,Manchester City,West Ham United,3,0,H,0,0,16,6,7,2,6,3,0,1,0,0,J Brooks,2223,E0_2223.csv,3,3,Home Win,20230503_ManchesterCity_WestHamUnited,3.4,1.0,3.0,2.8,0.8,2.8,2.625,0.9375,3.375,1.0,2.2,1.6,1.4,1.8,1.8,1.4,1.121212121212121,1.4242424242424243,0.9375,1.5,1.6,1.1999999999999997
E0,2023-05-04,Brighton,Manchester United,1,0,H,0,0,22,16,6,5,8,6,4,4,0,0,A Marriner,2223,E0_2223.csv,1,1,Home Win,20230504_Brighton_ManchesterUnited,2.4,1.2,1.8,2.2,1.2,1.7,1.967741935483871,1.2903225806451613,2.066666666666667,0.9333333333333333,1.6,0.4,2.6,1.3,1.1,2.0,1.53125,1.21875,1.3125,1.9375,-0.8,0.7999999999999998
E0,2023-05-06,Liverpool,Brentford,1,0,H,1,0,15,5,5,1,7,3,4,2,0,0,A Taylor,2223,E0_2223.csv,1,1,Home Win,20230506_Liverpool_Brentford,3.2,1.4,3.0,2.6,1.4,2.0,1.9411764705882353,1.2352941176470589,2.588235294117647,0.9411764705882353,1.2,1.2,1.4,1.2,1.2,1.2,1.5294117647058822,1.2941176470588236,1.1764705882352942,1.5294117647058822,1.6,2.0
E0,2023-05-06,Wolverhampton Wanderers,Aston Villa,1,0,H,1,0,6,16,2,3,5,6,3,3,0,0,S Attwell,2223,E0_2223.csv,1,1,Home Win,20230506_WolverhamptonWanderers_AstonVilla,1.2,1.6,1.8,1.1,1.7,1.3,0.8529411764705882,1.4705882352941178,1.0,1.1176470588235294,1.4,0.4,2.0,1.6,0.4,2.3,1.3529411764705883,1.2352941176470589,1.0,1.3529411764705883,-0.19999999999999996,-0.19999999999999996
E0,2023-05-06,Bournemouth,Chelsea,1,3,A,1,1,10,11,4,5,7,7,1,3,0,0,J Brooks,2223,E0_2223.csv,4,-2,Away Win,20230506_Bournemouth_Chelsea,1.8,1.4,2.4,1.4,1.6,1.8,1.0588235294117647,1.8823529411764706,1.1176470588235294,1.411764705882353,0.4,1.6,0.2,0.8,1.5,0.8,0.9393939393939394,1.1515151515151516,0.875,1.375,2.1999999999999997,1.4
E0,2023-05-06,Manchester City,Leeds,2,1,H,2,0,18,4,6,2,10,1,0,3,0,0,A Madley,2223,E0_2223.csv,3,1,Home Win,20230506_ManchesterCity_Leeds,3.2,0.8,3.0,2.8,0.7,2.8,2.6363636363636362,0.9090909090909091,3.3529411764705883,0.9411764705882353,1.0,3.6,0.2,1.4,2.8,0.8,1.2647058823529411,1.9705882352941178,1.1764705882352942,2.1176470588235294,2.8,2.2
E0,2023-05-06,Tottenham Hotspur,Crystal Palace,1,0,H,1,0,8,7,3,2,8,4,3,5,0,0,D England,2223,E0_2223.csv,1,1,Home Win,20230506_TottenhamHotspur_CrystalPalace,2.0,3.2,0.8,1.9,2.2,1.2,1.8529411764705883,1.6764705882352942,2.0588235294117645,1.2941176470588236,2.2,1.2,2.0,1.4,1.4,1.3,1.0294117647058822,1.3235294117647058,1.0,1.3529411764705883,-1.2,-0.20000000000000018
E0,2023-05-07,Newcastle United,Arsenal,0,2,A,0,1,12,10,5,6,9,4,2,1,0,0,C Kavanagh,2223,E0_2223.csv,2,-2,Away Win,20230507_NewcastleUnited_Arsenal,3.0,1.4,2.4,2.6,1.2,2.4,1.8484848484848484,0.8181818181818182,2.0,0.6875,2.2,2.4,1.2,2.9,1.6,2.1,2.3823529411764706,1.1470588235294117,1.9411764705882353,1.0,1.2,0.7999999999999998
E0,2023-05-07,West Ham United,Manchester United,1,0,H,1,0,15,19,4,4,5,6,0,2,0,0,P Bankes,2223,E0_2223.csv,1,1,Home Win,20230507_WestHamUnited_ManchesterUnited,2.0,2.2,0.8,1.4,2.1,1.1,1.088235294117647,1.4705882352941178,1.2941176470588236,1.3529411764705883,1.4,0.6,2.0,1.1,1.2,1.7,1.4848484848484849,1.2121212121212122,1.2352941176470589,1.8823529411764706,-1.2,0.6000000000000001
E0,2023-05-08,Fulham,Leicester City,5,3,H,3,0,17,18,7,9,2,7,0,3,0,0,R Jones,2223,E0_2223.csv,8,2,Home Win,20230508_Fulham_LeicesterCity,1.2,1.2,1.2,1.0,1.6,0.7,1.3235294117647058,1.3529411764705883,1.411764705882353,1.411764705882353,1.2,1.6,1.0,1.0,1.7,0.6,1.3529411764705883,1.7352941176470589,1.4705882352941178,2.1176470588235294,0.19999999999999996,0.0
E0,2023-05-08,Brighton,Everton,1,5,A,0,3,23,10,5,5,15,1,1,5,0,0,S Hooper,2223,E0_2223.csv,6,-4,Away Win,20230508_Brighton_Everton,2.2,1.2,1.8,2.3,1.1,2.0,1.9375,1.25,2.0,0.875,0.8,2.2,0.4,1.0,2.0,0.8,0.7941176470588235,1.5294117647058822,0.7058823529411765,1.6470588235294117,1.4,1.4000000000000001
E0,2023-05-08,Nottingham Forest,Southampton,4,3,H,3,1,9,19,4,5,2,11,1,0,0,0,M Oliver,2223,E0_2223.csv,7,1,Home Win,20230508_NottinghamForest_Southampton,1.2,2.0,0.6,1.2,2.0,0.5,0.8823529411764706,1.8235294117647058,1.2941176470588236,1.2352941176470589,1.0,2.6,0.2,0.9,1.9,0.6,0.8235294117647058,1.7647058823529411,0.7647058823529411,1.7058823529411764,0.39999999999999997,0.19999999999999996
E0,2023-05-13,Manchester United,Wolverhampton Wanderers,2,0,H,1,0,27,5,9,0,11,7,3,2,0,0,J Brooks,2223,E0_2223.csv,2,2,Home Win,20230513_ManchesterUnited_WolverhamptonWanderers,1.0,0.8,1.4,0.8,1.3,1.4,1.4411764705882353,1.2058823529411764,1.75,0.5,1.2,1.6,1.8,1.2,1.5,1.6,0.8571428571428571,1.4285714285714286,0.7058823529411765,1.8235294117647058,-0.40000000000000013,-0.19999999999999996
E0,2023-05-13,Southampton,Fulham,0,2,A,0,0,5,9,1,4,1,8,2,0,0,0,T Bramall,2223,E0_2223.csv,2,-2,Away Win,20230513_Southampton_Fulham,1.4,2.6,0.2,1.1,2.3,0.3,0.8857142857142857,1.8285714285714285,0.8823529411764706,1.8235294117647058,1.6,1.6,1.2,1.4,1.8,0.9,1.4285714285714286,1.4,1.2352941176470589,1.2941176470588236,-1.0,-0.20000000000000018
E0,2023-05-13,Crystal Palace,Bournemouth,2,0,H,1,0,17,5,5,0,11,2,0,2,0,0,M Salisbury,2223,E0_2223.csv,2,2,Home Win,20230513_CrystalPalace_Bournemouth,1.2,1.2,1.4,1.4,1.4,1.3,1.0,1.3142857142857143,1.0588235294117647,1.2941176470588236,1.8,2.0,1.8,1.3,1.6,1.8,1.0571428571428572,1.9142857142857144,1.0,2.3529411764705883,-0.40000000000000013,-0.6000000000000001
E0,2023-05-13,Aston Villa,Tottenham Hotspur,2,1,H,1,0,8,5,4,2,8,3,3,3,0,0,P Bankes,2223,E0_2223.csv,3,1,Home Win,20230513_AstonVilla_TottenhamHotspur,1.0,0.6,1.4,1.5,0.5,2.0,1.3142857142857143,1.2285714285714286,1.7058823529411764,1.1176470588235294,1.8,3.0,0.8,1.8,2.2,1.2,1.8285714285714285,1.6285714285714286,1.6470588235294117,2.0588235294117645,0.5999999999999999,-0.8
E0,2023-05-13,Leeds,Newcastle United,2,2,D,1,1,9,18,4,5,2,6,3,2,1,0,S Hooper,2223,E0_2223.csv,4,0,Draw,20230513_Leeds_NewcastleUnited,1.0,3.0,0.2,1.5,2.9,0.8,1.2571428571428571,1.9714285714285715,1.3529411764705883,1.8235294117647058,2.6,1.6,1.8,2.6,1.2,2.4,1.7941176470588236,0.8529411764705882,1.7058823529411764,0.9411764705882353,-1.6,-1.6
E0,2023-05-13,Chelsea,Nottingham Forest,2,2,D,0,1,14,11,6,2,2,5,3,1,0,0,P Tierney,2223,E0_2223.csv,4,0,Draw,20230513_Chelsea_NottinghamForest,1.0,1.8,0.6,1.1,1.4,1.1,1.0,1.1470588235294117,1.0,0.9411764705882353,2.0,2.2,1.2,1.4,2.1,0.7,0.9714285714285714,1.8571428571428572,0.47058823529411764,2.411764705882353,-0.6,-1.0
E0,2023-05-14,Brentford,West Ham United,2,0,H,2,0,24,4,10,4,7,5,1,0,0,0,M Oliver,2223,E0_2223.csv,2,2,Home Win,20230514_Brentford_WestHamUnited,1.0,1.0,1.4,1.2,1.2,1.2,1.4857142857142858,1.2857142857142858,1.8823529411764706,1.0588235294117647,1.8,1.8,1.2,1.5,1.7,1.4,1.0857142857142856,1.4285714285714286,0.8823529411764706,1.588235294117647,0.19999999999999996,-0.8
E0,2023-05-14,Everton,Manchester City,0,3,A,0,2,7,9,3,4,8,6,1,0,0,0,A Taylor,2223,E0_2223.csv,3,-3,Away Win,20230514_Everton_ManchesterCity,1.8,2.0,1.0,1.5,1.7,1.1,0.9142857142857143,1.5142857142857142,0.8823529411764706,1.411764705882353,2.8,0.8,3.0,2.9,0.7,3.0,2.6176470588235294,0.9117647058823529,1.875,0.875,-2.0,-0.9999999999999998
E0,2023-05-14,Arsenal,Brighton,0,3,A,0,0,14,12,2,6,5,2,1,2,0,0,A Madley,2223,E0_2223.csv,3,-3,Away Win,20230514_Arsenal_Brighton,2.2,2.0,1.6,2.7,1.6,2.1,2.3714285714285714,1.1142857142857143,2.823529411764706,1.2941176470588236,2.2,1.8,1.8,2.0,1.6,1.7,1.9090909090909092,1.3636363636363635,1.875,1.625,-0.19999999999999996,0.0
E0,2023-05-15,Leicester City,Liverpool,0,3,A,0,2,4,16,4,5,4,4,2,1,0,0,C Pawson,2223,E0_2223.csv,3,-3,Away Win,20230515_LeicesterCity_Liverpool,1.8,2.4,1.0,1.3,2.1,0.6,1.4,1.8285714285714285,1.2352941176470589,1.3529411764705883,2.2,1.2,3.0,2.0,1.4,2.0,1.9142857142857144,1.2,1.2941176470588236,1.5294117647058822,-2.0,-0.40000000000000013
E0,2023-05-18,Newcastle United,Brighton,4,1,H,2,0,22,8,9,2,6,1,2,4,0,0,R Jones,2223,E0_2223.csv,5,3,Home Win,20230518_NewcastleUnited_Brighton,3.0,1.4,2.0,2.6,1.3,2.2,1.8,0.8857142857142857,1.8823529411764706,0.7647058823529411,2.4,1.6,1.8,2.1,1.4,1.9,1.9411764705882353,1.3235294117647058,1.9411764705882353,1.5294117647058822,0.19999999999999996,0.6000000000000001
E0,2023-05-20,Fulham,Crystal Palace,2,2,D,1,1,11,11,4,5,7,4,3,0,0,0,J Smith,2223,E0_2223.csv,4,0,Draw,20230520_Fulham_CrystalPalace,1.6,1.4,1.2,1.4,1.5,1.2,1.4444444444444444,1.3611111111111112,1.6111111111111112,1.5,1.2,1.2,1.4,1.6,1.3,1.6,1.0277777777777777,1.2777777777777777,0.9444444444444444,1.3333333333333333,-0.19999999999999996,0.40000000000000013
E0,2023-05-20,Nottingham Forest,Arsenal,1,0,H,1,0,6,11,2,3,3,6,3,2,0,0,A Taylor,2223,E0_2223.csv,1,1,Home Win,20230520_NottinghamForest_Arsenal,2.4,2.2,1.4,1.5,2.0,0.8,1.0,1.8611111111111112,1.4444444444444444,1.3333333333333333,1.8,2.2,1.4,2.4,1.7,1.8,2.3055555555555554,1.1666666666666667,1.9444444444444444,0.9444444444444444,0.0,0.5999999999999999
E0,2023-05-20,Wolverhampton Wanderers,Everton,1,1,D,1,0,13,19,5,4,1,7,5,1,0,0,D Coote,2223,E0_2223.csv,2,0,Draw,20230520_WolverhamptonWanderers_Everton,0.8,2.0,1.2,1.1,1.7,1.3,0.8333333333333334,1.4444444444444444,1.0,1.0555555555555556,1.6,2.0,1.0,1.3,1.8,1.0,0.8888888888888888,1.5555555555555556,0.9444444444444444,1.6111111111111112,0.19999999999999996,-0.8
E0,2023-05-20,Bournemouth,Manchester United,0,1,A,0,1,10,20,4,5,3,6,1,0,0,0,C Kavanagh,2223,E0_2223.csv,1,-1,Away Win,20230520_Bournemouth_ManchesterUnited,1.2,2.0,1.2,1.2,1.8,1.5,1.0277777777777777,1.9166666666666667,1.1111111111111112,1.5,1.0,0.8,1.4,1.0,0.6,1.7,1.457142857142857,1.1714285714285715,1.1666666666666667,1.8333333333333333,-0.19999999999999996,0.19999999999999996
E0,2023-05-20,Tottenham Hotspur,Brentford,1,3,A,1,0,22,11,8,4,8,2,1,1,0,0,J Gillett,2223,E0_2223.csv,4,-2,Away Win,20230520_TottenhamHotspur_Brentford,1.6,2.8,0.8,1.9,2.3,1.2,1.8055555555555556,1.6388888888888888,2.0,1.2222222222222223,1.4,0.6,2.0,1.2,1.2,1.2,1.5,1.25,1.1111111111111112,1.5,-1.2,0.20000000000000018
E0,2023-05-20,Liverpool,Aston Villa,1,1,D,0,1,10,6,5,3,9,4,3,5,0,0,J Brooks,2223,E0_2223.csv,2,0,Draw,20230520_Liverpool_AstonVilla,2.2,0.8,3.0,2.3,1.3,2.3,1.9444444444444444,1.1666666666666667,2.5,0.8888888888888888,0.8,0.8,1.4,1.6,0.5,2.2,1.3333333333333333,1.2222222222222223,0.9444444444444444,1.3333333333333333,1.6,1.4000000000000001
E0,2023-05-21,West Ham United,Leeds,3,1,H,1,1,19,12,9,3,9,5,1,3,0,0,P Bankes,2223,E0_2223.csv,4,2,Home Win,20230521_WestHamUnited_Leeds,1.0,2.2,0.6,1.4,1.8,1.3,1.0555555555555556,1.4444444444444444,1.2777777777777777,1.2777777777777777,1.2,2.2,0.4,1.5,2.9,0.8,1.2777777777777777,1.9722222222222223,1.1666666666666667,2.111111111111111,0.19999999999999996,-0.19999999999999996
E0,2023-05-21,Brighton,Southampton,3,1,H,2,0,26,5,8,1,4,3,2,5,0,0,P Tierney,2223,E0_2223.csv,4,2,Home Win,20230521_Brighton_Southampton,2.4,1.8,1.8,2.1,1.8,1.6,1.9142857142857144,1.4,1.9411764705882353,1.1176470588235294,1.4,2.6,0.2,1.1,2.5,0.2,0.8611111111111112,1.8333333333333333,0.8888888888888888,1.8333333333333333,1.6,1.0
E0,2023-05-21,Manchester City,Chelsea,1,0,H,1,0,15,13,2,6,5,2,0,2,0,0,M Oliver,2223,E0_2223.csv,1,1,Home Win,20230521_ManchesterCity_Chelsea,2.8,0.6,3.0,2.8,0.6,3.0,2.6285714285714286,0.8857142857142857,3.2777777777777777,0.9444444444444444,1.4,2.0,0.8,1.2,1.6,0.9,1.0285714285714285,1.1714285714285715,1.0,1.3529411764705883,2.2,1.4
E0,2023-05-22,Newcastle United,Leicester City,0,0,D,0,0,23,1,4,1,12,1,2,0,0,0,A Marriner,2223,E0_2223.csv,0,0,Draw,20230522_NewcastleUnited_LeicesterCity,2.6,1.4,2.0,2.8,1.3,2.2,1.8611111111111112,0.8888888888888888,2.0,0.7777777777777778,1.6,2.4,1.0,1.2,2.1,0.6,1.3611111111111112,1.8611111111111112,1.5555555555555556,2.2777777777777777,1.0,1.0
E0,2023-05-24,Brighton,Manchester City,1,1,D,1,1,20,13,7,4,5,1,2,1,0,0,S Hooper,2223,E0_2223.csv,2,0,Draw,20230524_Brighton_ManchesterCity,1.8,2.0,1.8,2.1,1.6,1.8,1.9444444444444444,1.3888888888888888,2.0,1.1111111111111112,2.2,0.4,3.0,2.7,0.6,3.0,2.5833333333333335,0.8611111111111112,1.9411764705882353,0.8235294117647058,-1.2,-0.40000000000000013
E0,2023-05-25,Manchester United,Chelsea,4,1,H,2,0,18,14,9,5,3,4,1,1,0,0,S Attwell,2223,E0_2223.csv,5,3,Home Win,20230525_ManchesterUnited_Chelsea,0.8,0.4,1.8,1.1,0.6,1.9,1.4444444444444444,1.1388888888888888,1.7647058823529411,0.47058823529411764,1.2,1.8,0.8,0.9,1.6,0.6,1.0,1.1666666666666667,0.9444444444444444,1.3333333333333333,1.0,-0.3999999999999999
E0,2023-05-28,Manchester United,Fulham,2,1,H,1,1,21,10,8,3,5,4,1,2,0,0,R Jones,2223,E0_2223.csv,3,1,Home Win,20230528_ManchesterUnited_Fulham,1.4,0.6,1.8,1.5,0.5,2.2,1.5135135135135136,1.135135135135135,1.8888888888888888,0.5,2.0,1.6,1.4,1.6,1.4,1.3,1.4594594594594594,1.3783783783783783,1.2777777777777777,1.2222222222222223,0.40000000000000013,-0.6000000000000001
E0,2023-05-28,Leicester City,West Ham United,2,1,H,1,0,13,16,4,3,3,5,1,1,0,0,S Hooper,2223,E0_2223.csv,3,1,Home Win,20230528_LeicesterCity_WestHamUnited,1.2,2.2,0.6,1.1,2.0,0.6,1.3243243243243243,1.8108108108108107,1.1666666666666667,1.4444444444444444,1.4,2.0,1.2,1.6,1.9,1.3,1.1081081081081081,1.4324324324324325,0.8333333333333334,1.6111111111111112,-0.6,-0.19999999999999996
E0,2023-05-28,Southampton,Liverpool,4,4,D,2,2,15,30,10,8,2,9,0,2,0,0,D England,2223,E0_2223.csv,8,0,Draw,20230528_Southampton_Liverpool,1.0,2.6,0.0,1.2,2.6,0.2,0.8648648648648649,1.864864864864865,0.8333333333333334,1.8333333333333333,2.0,0.8,2.6,2.3,1.0,2.4,1.9189189189189189,1.162162162162162,1.3888888888888888,1.4444444444444444,-2.6,-1.0
E0,2023-05-28,Everton,Bournemouth,1,0,H,0,0,13,7,6,2,9,3,1,3,0,0,S Attwell,2223,E0_2223.csv,1,1,Home Win,20230528_Everton_Bournemouth,1.8,2.2,1.0,1.3,1.9,0.8,0.8918918918918919,1.5405405405405406,0.8333333333333334,1.5,1.2,1.4,1.2,1.2,1.6,1.5,1.0,1.8918918918918919,0.9444444444444444,2.3333333333333335,-0.19999999999999996,0.6000000000000001
E0,2023-05-28,Leeds,Tottenham Hotspur,1,4,A,0,1,19,11,2,7,12,3,3,0,0,0,A Taylor,2223,E0_2223.csv,5,-3,Away Win,20230528_Leeds_TottenhamHotspur,1.2,2.4,0.4,1.2,3.0,0.5,1.2702702702702702,2.0,1.3888888888888888,1.8333333333333333,1.6,2.2,0.8,1.7,2.5,0.9,1.7837837837837838,1.6756756756756757,1.6111111111111112,2.0555555555555554,-0.4,-0.40000000000000013
E0,2023-05-28,Chelsea,Newcastle United,1,1,D,1,1,22,13,5,4,10,3,0,0,0,0,J Gillett,2223,E0_2223.csv,2,0,Draw,20230528_Chelsea_NewcastleUnited,1.4,2.2,0.8,0.8,1.8,0.5,1.0,1.2432432432432432,1.0555555555555556,1.0,1.8,1.2,1.6,2.6,1.3,2.0,1.8108108108108107,0.8648648648648649,1.7222222222222223,1.0,-0.8,-0.40000000000000013
E0,2023-05-28,Arsenal,Wolverhampton Wanderers,5,0,H,3,0,14,6,8,0,8,4,0,0,0,0,A Marriner,2223,E0_2223.csv,5,5,Home Win,20230528_Arsenal_WolverhamptonWanderers,1.2,1.8,1.2,2.1,1.8,1.5,2.2432432432432434,1.162162162162162,2.6666666666666665,1.3888888888888888,0.8,1.8,1.4,1.1,1.6,1.4,0.8378378378378378,1.4324324324324325,0.6666666666666666,1.8333333333333333,-0.19999999999999996,0.3999999999999999
E0,2023-05-28,Aston Villa,Brighton,2,1,H,2,1,12,8,5,4,4,3,4,4,0,0,D Coote,2223,E0_2223.csv,3,1,Home Win,20230528_AstonVilla_Brighton,0.8,0.8,1.4,1.4,0.6,2.0,1.3243243243243243,1.2162162162162162,1.7222222222222223,1.1111111111111112,1.8,2.2,1.4,2.0,1.7,1.6,1.9189189189189189,1.3783783783783783,1.8888888888888888,1.6666666666666667,0.0,-1.0
E0,2023-05-28,Crystal Palace,Nottingham Forest,1,1,D,0,1,16,7,4,4,5,4,0,2,0,0,T Bramall,2223,E0_2223.csv,2,0,Draw,20230528_CrystalPalace_NottinghamForest,1.6,1.6,1.4,1.8,1.4,1.7,1.054054054054054,1.2972972972972974,1.1111111111111112,1.2222222222222223,2.2,1.6,2.0,1.5,1.8,1.1,1.0,1.8108108108108107,0.5555555555555556,2.388888888888889,-0.6000000000000001,-0.6000000000000001
E0,2023-05-28,Brentford,Manchester City,1,0,H,0,0,11,17,4,3,3,4,4,0,0,0,J Brooks,2223,E0_2223.csv,1,1,Home Win,20230528_Brentford_ManchesterCity,1.8,0.6,2.4,1.4,1.2,1.4,1.5405405405405406,1.2432432432432432,1.8888888888888888,1.0,2.0,0.4,2.6,2.7,0.7,2.8,2.5405405405405403,0.8648648648648649,1.8888888888888888,0.8333333333333334,-0.20000000000000018,-0.19999999999999996
E0,2023-08-11,Burnley,Manchester City,0,3,A,0,2,6,17,1,8,6,5,0,0,1,0,C Pawson,2324,E0_2324.csv,3,-3,Away Win,20230811_Burnley_ManchesterCity,,,,,,,,,,,1.4,0.6,2.0,2.3,0.7,2.5,2.473684210526316,0.868421052631579,1.7894736842105263,0.8421052631578947,,
E0,2023-08-12,Arsenal,Nottingham Forest,2,1,H,2,0,15,6,7,2,8,3,2,2,0,0,M Oliver,2324,E0_2324.csv,3,1,Home Win,20230812_Arsenal_NottinghamForest,2.0,1.0,1.8,2.2,1.7,1.5,2.3157894736842106,1.131578947368421,2.789473684210526,1.3157894736842106,1.8,1.6,1.6,1.5,1.8,1.1,1.0,1.7894736842105263,0.5789473684210527,2.3157894736842106,0.19999999999999996,0.19999999999999996
E0,2023-08-12,Bournemouth,West Ham United,1,1,D,0,0,14,16,5,3,10,4,1,4,0,0,P Bankes,2324,E0_2324.csv,2,0,Draw,20230812_Bournemouth_WestHamUnited,1.0,1.6,0.6,1.0,1.6,1.2,0.9736842105263158,1.868421052631579,1.0526315789473684,1.4736842105263157,1.0,1.6,1.2,1.6,1.6,1.3,1.105263157894737,1.4473684210526316,0.8421052631578947,1.631578947368421,-0.6,0.0
E0,2023-08-12,Brighton,Luton,4,1,H,1,0,27,9,12,3,6,7,2,2,0,0,D Coote,2324,E0_2324.csv,5,3,Home Win,20230812_Brighton_Luton,1.8,1.6,1.4,2.0,1.7,1.6,1.894736842105263,1.394736842105263,1.9473684210526316,1.105263157894737,,,,,,,,,,,,
E0,2023-08-12,Everton,Fulham,0,1,A,0,0,19,9,9,2,10,4,0,2,0,0,S Attwell,2324,E0_2324.csv,1,-1,Away Win,20230812_Everton_Fulham,1.8,1.4,1.6,1.2,1.7,1.0,0.8947368421052632,1.5,0.8421052631578947,1.4210526315789473,2.0,1.6,1.4,1.6,1.4,1.3,1.4473684210526316,1.394736842105263,1.263157894736842,1.263157894736842,0.20000000000000018,-0.19999999999999996
E0,2023-08-12,Sheffield United,Crystal Palace,0,1,A,0,0,8,24,1,8,5,5,3,0,0,0,J Brooks,2324,E0_2324.csv,1,-1,Away Win,20230812_SheffieldUnited_CrystalPalace,,,,,,,,,,,1.8,1.4,1.6,1.8,1.1,1.8,1.0526315789473684,1.2894736842105263,1.0,1.368421052631579,,
E0,2023-08-12,Newcastle United,Aston Villa,5,1,H,2,1,17,16,13,6,6,5,4,4,0,0,A Madley,2324,E0_2324.csv,6,4,Home Win,20230812_NewcastleUnited_AstonVilla,1.4,1.2,1.2,2.2,1.3,1.8,1.7894736842105263,0.868421052631579,1.894736842105263,0.7368421052631579,1.0,1.0,1.4,1.4,0.7,2.0,1.3421052631578947,1.2105263157894737,0.9473684210526315,1.3157894736842106,-0.19999999999999996,0.3999999999999999
E0,2023-08-13,Chelsea,Liverpool,1,1,D,1,1,10,13,4,1,4,4,3,3,0,0,A Taylor,2324,E0_2324.csv,2,0,Draw,20230813_Chelsea_Liverpool,1.4,1.8,1.0,0.9,1.7,0.6,1.0,1.236842105263158,1.0526315789473684,1.0,2.0,1.0,2.2,2.7,1.4,2.4,1.9736842105263157,1.236842105263158,1.5263157894736843,1.5789473684210527,-1.2000000000000002,-0.6000000000000001
E0,2023-08-13,Brentford,Tottenham Hotspur,2,2,D,2,2,11,18,6,6,3,6,1,4,0,0,R Jones,2324,E0_2324.csv,4,0,Draw,20230813_Brentford_TottenhamHotspur,1.6,0.6,2.4,1.2,0.9,1.6,1.5263157894736843,1.2105263157894737,1.8421052631578947,0.9473684210526315,2.0,2.0,1.2,1.8,2.3,1.1,1.8421052631578947,1.6578947368421053,1.736842105263158,2.0,1.2,-0.3999999999999999
E0,2023-08-14,Manchester United,Wolverhampton Wanderers,1,0,H,0,0,15,23,3,6,8,7,2,3,0,0,S Hooper,2324,E0_2324.csv,1,1,Home Win,20230814_ManchesterUnited_WolverhamptonWanderers,1.8,0.6,2.4,1.6,0.6,2.2,1.5263157894736843,1.131578947368421,1.894736842105263,0.5263157894736842,0.4,2.8,0.8,0.9,1.7,1.4,0.8157894736842105,1.5263157894736843,0.631578947368421,2.0,1.5999999999999999,1.4
E0,2023-08-18,Nottingham Forest,Sheffield United,2,1,H,1,0,16,7,4,3,6,7,2,3,0,0,P Bankes,2324,E0_2324.csv,3,1,Home Win,20230818_NottinghamForest_SheffieldUnited,1.8,1.6,1.6,1.5,1.8,1.1,1.0,1.794871794871795,1.4210526315789473,1.263157894736842,,,,,,,,,,,,
E0,2023-08-19,Fulham,Brentford,0,3,A,0,1,10,17,2,8,5,5,2,2,1,0,D Bond,2324,E0_2324.csv,3,-3,Away Win,20230819_Fulham_Brentford,2.2,1.4,2.0,1.7,1.3,1.6,1.435897435897436,1.358974358974359,1.631578947368421,1.5263157894736843,1.6,0.8,2.0,1.4,1.0,1.7,1.5384615384615385,1.2307692307692308,1.2105263157894737,1.4736842105263157,0.0,0.6000000000000001
E0,2023-08-19,Liverpool,Bournemouth,3,1,H,2,1,26,13,10,5,10,2,1,3,1,0,T Bramall,2324,E0_2324.csv,4,2,Home Win,20230819_Liverpool_Bournemouth,2.0,1.2,1.8,2.6,1.3,2.4,1.9487179487179487,1.2307692307692308,2.4210526315789473,0.8947368421052632,0.4,1.6,0.2,1.1,1.5,1.3,0.9743589743589743,1.8461538461538463,0.8947368421052632,2.263157894736842,1.6,1.6
E0,2023-08-19,Wolverhampton Wanderers,Brighton,1,4,A,0,1,16,16,5,8,5,3,3,6,1,0,A Madley,2324,E0_2324.csv,5,-3,Away Win,20230819_WolverhamptonWanderers_Brighton,0.4,1.8,0.8,0.8,1.7,1.3,0.7948717948717948,1.5128205128205128,1.0,1.0526315789473684,2.0,1.8,1.4,2.2,1.7,1.6,1.9487179487179487,1.3846153846153846,1.8421052631578947,1.6842105263157894,-0.5999999999999999,-1.6
E0,2023-08-19,Tottenham Hotspur,Manchester United,2,0,H,0,0,17,22,6,6,5,6,1,3,0,0,M Oliver,2324,E0_2324.csv,2,2,Home Win,20230819_TottenhamHotspur_ManchesterUnited,1.8,1.6,1.4,1.9,2.4,1.1,1.8461538461538463,1.6666666666666667,1.9473684210526316,1.3157894736842106,2.0,0.4,3.0,1.5,0.6,2.2,1.5128205128205128,1.1025641025641026,1.1578947368421053,1.736842105263158,-1.6,-0.19999999999999996
E0,2023-08-19,Manchester City,Newcastle United,1,0,H,1,0,14,7,4,1,3,0,1,5,0,0,R Jones,2324,E0_2324.csv,1,1,Home Win,20230819_ManchesterCity_NewcastleUnited,1.6,0.4,2.0,2.2,0.6,2.5,2.4871794871794872,0.8461538461538461,3.1578947368421053,0.8947368421052632,2.4,1.0,1.8,2.5,1.3,1.8,1.8717948717948718,0.8717948717948718,1.6842105263157894,1.0,0.19999999999999996,-0.7999999999999998
E0,2023-08-20,Aston Villa,Everton,4,0,H,2,0,13,9,7,2,7,6,3,4,0,0,A Taylor,2324,E0_2324.csv,4,4,Home Win,20230820_AstonVilla_Everton,1.2,1.8,1.4,1.3,1.1,1.7,1.3333333333333333,1.3076923076923077,1.736842105263158,1.105263157894737,1.4,1.2,1.4,1.1,1.7,0.9,0.8717948717948718,1.4871794871794872,0.9473684210526315,1.5789473684210527,0.0,-0.19999999999999996
E0,2023-08-20,West Ham United,Chelsea,3,1,H,1,1,12,17,6,4,3,9,2,3,1,0,J Brooks,2324,E0_2324.csv,4,2,Home Win,20230820_WestHamUnited_Chelsea,1.2,1.2,1.4,1.6,1.7,1.1,1.1025641025641026,1.435897435897436,1.368421052631579,1.263157894736842,1.0,1.8,0.6,1.0,1.8,0.6,1.0,1.2307692307692308,0.9473684210526315,1.4736842105263157,0.7999999999999999,0.19999999999999996
E0,2023-08-21,Crystal Palace,Arsenal,0,1,A,0,0,14,14,2,3,1,8,2,1,0,1,D Coote,2324,E0_2324.csv,1,-1,Away Win,20230821_CrystalPalace_Arsenal,1.2,0.8,1.6,1.7,1.0,1.8,1.0512820512820513,1.2564102564102564,1.105263157894737,1.2105263157894737,1.8,1.0,1.8,2.0,1.7,1.5,2.3076923076923075,1.1282051282051282,1.8421052631578947,0.9473684210526315,-0.19999999999999996,-0.6000000000000001
E0,2023-08-25,Chelsea,Luton,3,0,H,1,0,19,11,8,1,6,4,2,3,0,0,R Jones,2324,E0_2324.csv,3,3,Home Win,20230825_Chelsea_Luton,0.8,2.0,0.4,1.1,2.0,0.6,1.0,1.275,1.05,1.0,,,,,,,,,,,,
E0,2023-08-26,Manchester United,Nottingham Forest,3,2,H,1,2,18,9,9,4,11,3,4,4,0,1,S Attwell,2324,E0_2324.csv,5,1,Home Win,20230826_ManchesterUnited_NottinghamForest,1.6,0.8,2.4,1.3,0.8,1.9,1.475,1.125,1.85,0.5,1.4,1.2,1.6,1.7,1.7,1.4,1.025,1.775,0.6,2.3,0.7999999999999998,0.20000000000000018
E0,2023-08-26,Brighton,West Ham United,1,3,A,0,1,25,12,10,3,17,4,1,3,0,0,A Taylor,2324,E0_2324.csv,4,-2,Away Win,20230826_Brighton_WestHamUnited,2.6,1.2,2.0,2.5,1.5,1.9,2.0,1.375,2.05,1.1,1.6,1.4,1.4,1.7,1.6,1.3,1.15,1.425,0.85,1.6,0.6000000000000001,1.0
E0,2023-08-26,Everton,Wolverhampton Wanderers,0,1,A,0,0,15,11,7,2,7,0,3,4,0,0,C Pawson,2324,E0_2324.csv,1,-1,Away Win,20230826_Everton_WolverhamptonWanderers,0.4,1.8,0.8,1.1,1.9,0.9,0.85,1.55,0.8,1.4,0.4,2.6,0.2,0.8,2.1,1.0,0.8,1.575,0.6,1.95,0.6000000000000001,0.0
E0,2023-08-26,Bournemouth,Tottenham Hotspur,0,2,A,0,1,11,17,3,6,6,2,1,3,0,0,T Robinson,2324,E0_2324.csv,2,-2,Away Win,20230826_Bournemouth_TottenhamHotspur,0.4,1.6,0.2,1.1,1.8,1.0,0.975,1.875,1.05,1.45,2.0,1.6,1.4,1.9,2.3,1.1,1.85,1.625,1.75,2.0,-1.2,-1.6
E0,2023-08-26,Arsenal,Fulham,2,2,D,0,1,19,8,11,3,8,3,0,3,0,1,P Tierney,2324,E0_2324.csv,4,0,Draw,20230826_Arsenal_Fulham,1.6,1.0,1.8,1.9,1.5,1.7,2.275,1.1,2.75,1.3,1.2,1.4,1.4,1.4,1.5,1.3,1.4,1.4,1.25,1.2,0.40000000000000013,0.40000000000000013
E0,2023-08-26,Brentford,Crystal Palace,1,1,D,1,0,12,15,1,5,8,6,0,0,0,0,P Bankes,2324,E0_2324.csv,2,0,Draw,20230826_Brentford_CrystalPalace,2.2,0.6,2.6,1.6,0.8,2.0,1.575,1.2,1.85,1.0,1.2,0.8,1.6,1.2,1.0,1.5,1.025,1.25,1.0,1.3,1.0,1.0000000000000002
E0,2023-08-27,Burnley,Aston Villa,1,3,A,0,2,9,16,2,6,4,6,2,0,0,0,M Salisbury,2324,E0_2324.csv,4,-2,Away Win,20230827_Burnley_AstonVilla,,,,,,,,,,,2.0,1.6,2.0,1.5,1.1,1.7,1.4,1.275,0.95,1.5,,
E0,2023-08-27,Sheffield United,Manchester City,1,2,A,0,0,6,30,2,9,1,12,3,0,0,0,J Gillett,2324,E0_2324.csv,3,-1,Away Win,20230827_SheffieldUnited_ManchesterCity,,,,,,,,,,,1.2,0.4,2.0,2.0,0.5,2.5,2.45,0.825,1.85,0.8,,
E0,2023-08-27,Newcastle United,Liverpool,1,2,A,1,0,23,9,8,4,5,9,1,2,0,1,J Brooks,2324,E0_2324.csv,3,-1,Away Win,20230827_NewcastleUnited_Liverpool,2.0,0.8,1.6,2.5,1.1,1.8,1.825,0.875,2.05,0.75,2.4,1.4,1.8,2.3,1.3,2.4,1.975,1.225,1.5,1.55,-0.19999999999999996,-0.3999999999999999
E0,2023-09-01,Luton,West Ham United,1,2,A,0,1,16,9,1,3,9,6,1,1,0,0,P Tierney,2324,E0_2324.csv,3,-1,Away Win,20230901_Luton_WestHamUnited,,,,,,,,,,,2.2,1.2,2.0,1.6,1.7,1.3,1.1951219512195121,1.4146341463414633,0.9523809523809523,1.5714285714285714,,
E0,2023-09-02,Sheffield United,Everton,2,2,D,2,1,13,16,8,6,4,6,1,2,0,0,A Madley,2324,E0_2324.csv,4,0,Draw,20230902_SheffieldUnited_Everton,0.6666666666666666,1.6666666666666667,0.0,0.6666666666666666,1.6666666666666667,0.0,0.6666666666666666,1.6666666666666667,,,0.4,1.4,0.8,1.0,1.7,0.9,0.8292682926829268,1.5365853658536586,0.9,1.7,-0.8,0.2666666666666666
E0,2023-09-02,Brentford,Bournemouth,2,2,D,1,1,21,12,7,5,5,2,1,2,0,0,R Madley,2324,E0_2324.csv,4,0,Draw,20230902_Brentford_Bournemouth,2.0,0.8,2.2,1.7,0.7,2.1,1.5609756097560976,1.1951219512195121,1.8095238095238095,1.0,0.4,1.6,0.2,0.8,1.8,0.7,0.9512195121951219,1.8780487804878048,0.9,2.3,2.0,1.6
E0,2023-09-02,Burnley,Tottenham Hotspur,2,5,A,1,2,16,20,4,10,7,4,4,3,0,0,D England,2324,E0_2324.csv,7,-3,Away Win,20230902_Burnley_TottenhamHotspur,,,,,,,,,,,2.2,1.2,2.0,1.9,2.0,1.4,1.853658536585366,1.5853658536585367,1.7619047619047619,1.9047619047619047,,
E0,2023-09-02,Chelsea,Nottingham Forest,0,1,A,0,0,21,7,2,3,8,0,3,4,0,0,T Robinson,2324,E0_2324.csv,1,-1,Away Win,20230902_Chelsea_NottinghamForest,1.4,1.8,1.0,1.3,1.8,0.9,1.048780487804878,1.2439024390243902,1.1428571428571428,0.9523809523809523,1.4,1.4,1.4,1.9,1.8,1.4,1.048780487804878,1.8048780487804879,0.6666666666666666,2.3333333333333335,-0.3999999999999999,0.0
E0,2023-09-02,Manchester City,Fulham,5,1,H,2,1,7,6,5,4,4,5,2,4,0,0,M Oliver,2324,E0_2324.csv,6,4,Home Win,20230902_ManchesterCity_Fulham,1.4,0.6,2.0,1.8,0.5,2.5,2.4390243902439024,0.8292682926829268,3.05,0.85,1.2,1.8,1.0,1.4,1.6,1.1,1.4146341463414633,1.4146341463414633,1.2857142857142858,1.2380952380952381,1.0,0.19999999999999996
E0,2023-09-02,Brighton,Newcastle United,3,1,H,1,0,15,9,6,2,5,3,4,4,0,0,S Attwell,2324,E0_2324.csv,4,2,Home Win,20230902_Brighton_NewcastleUnited,2.2,1.6,1.4,2.0,1.8,1.6,1.975609756097561,1.4146341463414633,2.0,1.1904761904761905,1.4,1.0,1.0,2.0,1.2,1.5,1.8048780487804879,0.9024390243902439,1.6,1.0,0.3999999999999999,0.8000000000000003
E0,2023-09-03,Liverpool,Aston Villa,3,0,H,2,0,17,9,4,3,7,3,0,1,0,0,S Hooper,2324,E0_2324.csv,3,3,Home Win,20230903_Liverpool_AstonVilla,2.2,1.6,1.8,2.2,1.2,2.4,1.975609756097561,1.2195121951219512,2.45,0.9,2.2,1.6,2.0,1.5,1.2,1.7,1.4390243902439024,1.2682926829268293,1.0476190476190477,1.4761904761904763,-0.19999999999999996,0.0
E0,2023-09-03,Crystal Palace,Wolverhampton Wanderers,3,2,H,0,0,16,12,11,4,4,2,1,3,0,0,R Jones,2324,E0_2324.csv,5,1,Home Win,20230903_CrystalPalace_WolverhamptonWanderers,1.0,1.0,1.2,1.1,1.1,1.3,1.024390243902439,1.2439024390243902,1.05,1.2,0.6,2.2,0.8,0.7,2.1,1.0,0.8048780487804879,1.5365853658536586,0.6190476190476191,1.8571428571428572,0.3999999999999999,0.4
E0,2023-09-03,Arsenal,Manchester United,3,1,H,1,1,17,10,5,2,12,3,2,3,0,0,A Taylor,2324,E0_2324.csv,4,2,Home Win,20230903_Arsenal_ManchesterUnited,2.0,0.8,2.0,1.9,1.5,1.7,2.268292682926829,1.1219512195121952,2.7142857142857144,1.3333333333333333,2.0,1.2,2.4,1.4,0.8,2.1,1.5121951219512195,1.146341463414634,1.1,1.75,-0.3999999999999999,0.0
E0,2023-09-16,Newcastle United,Brentford,1,0,H,0,0,9,11,2,2,8,3,3,5,0,0,C Pawson,2324,E0_2324.csv,1,1,Home Win,20230916_NewcastleUnited_Brentford,1.6,1.6,0.8,1.7,1.4,1.2,1.7857142857142858,0.9523809523809523,2.0,0.8095238095238095,1.8,1.0,1.8,1.8,0.8,2.1,1.5714285714285714,1.2142857142857142,1.3,1.4,-1.0,-0.19999999999999996
E0,2023-09-16,West Ham United,Manchester City,1,3,A,1,0,6,29,3,15,4,11,3,2,0,0,A Madley,2324,E0_2324.csv,4,-2,Away Win,20230916_WestHamUnited_ManchesterCity,2.0,1.2,2.0,1.7,1.6,1.6,1.2142857142857142,1.4047619047619047,1.45,1.25,2.2,0.6,2.4,2.1,0.5,2.5,2.5,0.8333333333333334,1.8571428571428572,0.8095238095238095,-0.3999999999999999,-0.20000000000000018
E0,2023-09-16,Manchester United,Brighton,1,3,A,0,1,14,10,4,8,8,1,2,2,0,0,J Gillett,2324,E0_2324.csv,4,-2,Away Win,20230916_ManchesterUnited_Brighton,1.4,1.6,1.8,1.4,1.1,1.8,1.5,1.1904761904761905,1.9047619047619047,0.5714285714285714,2.6,1.6,1.8,2.2,1.9,1.6,2.0,1.4047619047619047,1.95,1.65,0.0,-1.2000000000000002
E0,2023-09-16,Tottenham Hotspur,Sheffield United,2,1,H,0,0,28,7,10,5,15,2,6,5,0,1,P Bankes,2324,E0_2324.csv,3,1,Home Win,20230916_TottenhamHotspur_SheffieldUnited,3.0,1.0,2.6,2.3,1.6,1.7,1.9285714285714286,1.5952380952380953,1.95,1.25,1.0,1.75,0.25,1.0,1.75,0.25,1.0,1.75,,,2.35,2.0
E0,2023-09-16,Aston Villa,Crystal Palace,3,1,H,0,0,16,6,5,3,4,2,5,3,0,0,D England,2324,E0_2324.csv,4,2,Home Win,20230916_AstonVilla_CrystalPalace,2.0,2.0,1.8,1.4,1.4,1.6,1.4047619047619047,1.3095238095238095,1.85,1.05,1.2,1.0,1.6,1.4,1.3,1.5,1.0714285714285714,1.2619047619047619,1.0,1.2857142857142858,0.19999999999999996,0.8
E0,2023-09-16,Wolverhampton Wanderers,Liverpool,1,3,A,1,0,11,16,2,6,4,4,1,3,0,0,M Oliver,2324,E0_2324.csv,4,-2,Away Win,20230916_WolverhamptonWanderers_Liverpool,0.8,2.6,0.6,0.8,2.2,1.0,0.8333333333333334,1.5714285714285714,1.0,1.2,2.6,1.4,2.2,2.3,1.1,2.4,2.0,1.1904761904761905,1.5238095238095237,1.5238095238095237,-1.6,-1.8
E0,2023-09-16,Fulham,Luton,1,0,H,0,0,13,7,2,2,6,2,2,2,0,0,M Salisbury,2324,E0_2324.csv,1,1,Home Win,20230916_Fulham_Luton,1.0,2.4,0.8,1.5,2.0,1.1,1.4047619047619047,1.5,1.55,1.6,0.6666666666666666,3.0,0.0,0.6666666666666666,3.0,0.0,0.6666666666666666,3.0,,,0.8,0.33333333333333337
E0,2023-09-17,Bournemouth,Chelsea,0,0,D,0,0,13,14,4,6,1,7,1,5,0,0,D Coote,2324,E0_2324.csv,0,0,Draw,20230917_Bournemouth_Chelsea,0.8,1.8,0.4,1.0,1.6,0.8,0.9761904761904762,1.880952380952381,1.0,1.4761904761904763,1.2,1.2,1.0,1.3,1.7,0.9,1.0238095238095237,1.2380952380952381,0.95,1.55,-0.6,-0.3999999999999999
E0,2023-09-17,Everton,Arsenal,0,1,A,0,0,8,13,1,4,1,11,1,1,0,0,S Hooper,2324,E0_2324.csv,1,-1,Away Win,20230917_Everton_Arsenal,0.6,1.6,0.8,1.2,1.9,0.9,0.8571428571428571,1.5476190476190477,0.7619047619047619,1.380952380952381,2.6,0.8,2.6,1.9,1.3,1.9,2.2857142857142856,1.119047619047619,1.8,0.9,-1.8,-2.0
E0,2023-09-18,Nottingham Forest,Burnley,1,1,D,0,1,14,10,4,3,5,4,2,3,0,1,R Jones,2324,E0_2324.csv,2,0,Draw,20230918_NottinghamForest_Burnley,1.4,1.4,1.4,1.8,1.5,1.7,1.0476190476190477,1.7619047619047619,1.45,1.25,1.0,3.6666666666666665,0.0,1.0,3.6666666666666665,0.0,1.0,3.6666666666666665,,,1.4,0.3999999999999999
E0,2023-09-23,Brentford,Everton,1,3,A,1,1,12,18,2,6,1,4,2,2,0,0,M Oliver,2324,E0_2324.csv,4,-2,Away Win,20230923_Brentford_Everton,1.6,1.2,1.2,1.6,0.9,1.8,1.5348837209302326,1.2093023255813953,1.8181818181818181,1.0454545454545454,0.4,1.8,0.2,1.1,1.6,0.9,0.8372093023255814,1.5348837209302326,0.9523809523809523,1.7142857142857142,1.0,1.2000000000000002
E0,2023-09-23,Crystal Palace,Fulham,0,0,D,0,0,7,10,3,5,3,2,3,2,0,0,P Tierney,2324,E0_2324.csv,0,0,Draw,20230923_CrystalPalace_Fulham,1.2,1.4,1.4,1.5,1.4,1.5,1.069767441860465,1.302325581395349,1.1428571428571428,1.2380952380952381,1.0,2.0,1.4,1.5,1.8,1.4,1.3953488372093024,1.4651162790697674,1.2727272727272727,1.4090909090909092,0.0,0.19999999999999996
E0,2023-09-23,Luton,Wolverhampton Wanderers,1,1,D,0,0,20,3,4,3,10,1,0,2,0,1,J Smith,2324,E0_2324.csv,2,0,Draw,20230923_Luton_WolverhamptonWanderers,0.5,2.5,0.0,0.5,2.5,0.0,0.5,2.5,,,1.0,2.2,0.6,0.7,2.5,0.7,0.8372093023255814,1.6046511627906976,0.6818181818181818,1.9090909090909092,-0.6,-0.5
E0,2023-09-23,Manchester City,Nottingham Forest,2,0,H,2,0,7,10,4,3,6,6,3,7,1,0,A Taylor,2324,E0_2324.csv,2,2,Home Win,20230923_ManchesterCity_NottinghamForest,2.8,0.6,3.0,2.1,0.6,2.5,2.511627906976744,0.8372093023255814,3.142857142857143,0.8571428571428571,1.4,1.4,1.4,1.6,1.5,1.5,1.0465116279069768,1.744186046511628,0.6818181818181818,2.227272727272727,1.6,1.4
E0,2023-09-23,Burnley,Manchester United,0,1,A,0,1,12,11,4,4,9,5,1,2,0,0,T Harrington,2324,E0_2324.csv,1,-1,Away Win,20230923_Burnley_ManchesterUnited,1.0,3.0,0.25,1.0,3.0,0.25,1.0,3.0,1.0,3.6666666666666665,1.2,2.0,1.2,1.5,1.3,1.8,1.4883720930232558,1.2325581395348837,1.0952380952380953,1.8095238095238095,-0.95,-0.19999999999999996
E0,2023-09-24,Arsenal,Tottenham Hotspur,2,2,D,1,1,13,13,6,5,11,4,3,4,0,0,R Jones,2324,E0_2324.csv,4,0,Draw,20230924_Arsenal_TottenhamHotspur,1.8,0.8,2.6,1.9,0.9,2.2,2.255813953488372,1.0930232558139534,2.727272727272727,1.3181818181818181,2.6,1.0,2.6,2.3,1.5,1.9,1.930232558139535,1.5813953488372092,1.9090909090909092,1.9090909090909092,0.0,-0.8
E0,2023-09-24,Brighton,Bournemouth,3,1,H,1,1,13,12,4,4,4,4,3,3,0,0,J Brooks,2324,E0_2324.csv,4,2,Home Win,20230924_Brighton_Bournemouth,3.0,1.4,2.4,2.4,1.5,1.9,2.0232558139534884,1.3953488372093024,2.0454545454545454,1.1818181818181819,0.8,1.6,0.6,0.9,1.6,0.6,0.9534883720930233,1.8372093023255813,0.9523809523809523,2.2857142857142856,1.7999999999999998,2.2
E0,2023-09-24,Chelsea,Aston Villa,0,1,A,0,0,10,15,4,7,5,11,2,3,0,0,J Gillett,2324,E0_2324.csv,1,-1,Away Win,20230924_Chelsea_AstonVilla,1.0,1.0,1.0,1.2,1.4,1.0,1.0,1.2093023255813953,1.0909090909090908,0.9545454545454546,2.2,2.0,1.8,1.6,1.5,1.6,1.441860465116279,1.302325581395349,1.0,1.5454545454545454,-0.8,-1.2000000000000002
E0,2023-09-24,Liverpool,West Ham United,3,1,H,1,1,22,11,7,4,7,4,0,2,0,0,C Kavanagh,2324,E0_2324.csv,4,2,Home Win,20230924_Liverpool_WestHamUnited,2.4,0.8,2.6,2.2,0.9,2.4,2.0232558139534884,1.186046511627907,2.4761904761904763,0.8571428571428571,2.0,1.4,2.0,1.5,1.5,1.6,1.2093023255813953,1.441860465116279,1.0,1.5454545454545454,0.6000000000000001,0.3999999999999999
E0,2023-09-24,Sheffield United,Newcastle United,0,8,A,0,3,9,22,1,15,2,6,3,0,0,0,S Attwell,2324,E0_2324.csv,8,-8,Away Win,20230924_SheffieldUnited_NewcastleUnited,1.0,1.8,0.2,1.0,1.8,0.2,1.0,1.8,1.0,1.6666666666666667,1.6,1.4,1.2,1.5,1.3,1.2,1.7674418604651163,0.9302325581395349,1.5714285714285714,1.0952380952380953,-1.0,-0.6000000000000001
E0,2023-09-30,Wolverhampton Wanderers,Manchester City,2,1,H,1,0,3,23,1,8,0,6,5,4,0,0,C Pawson,2324,E0_2324.csv,3,1,Home Win,20230930_WolverhamptonWanderers_ManchesterCity,1.2,2.2,0.8,0.8,2.0,0.8,0.8409090909090909,1.5909090909090908,1.0,1.2857142857142858,2.6,0.6,3.0,2.1,0.5,2.5,2.5,0.8181818181818182,1.9090909090909092,0.8181818181818182,-2.2,-1.4000000000000001
E0,2023-09-30,West Ham United,Sheffield United,2,0,H,2,0,20,16,9,2,7,4,1,1,0,0,G Scott,2324,E0_2324.csv,2,2,Home Win,20230930_WestHamUnited_SheffieldUnited,2.0,1.8,1.8,1.6,1.5,1.6,1.2045454545454546,1.4772727272727273,1.4285714285714286,1.3333333333333333,1.0,3.2,0.2,0.8333333333333334,2.8333333333333335,0.16666666666666666,0.8333333333333334,2.8333333333333335,,,1.6,1.0
E0,2023-09-30,Tottenham Hotspur,Liverpool,2,1,H,1,1,24,12,8,4,12,5,5,4,0,2,S Hooper,2324,E0_2324.csv,3,1,Home Win,20230930_TottenhamHotspur_Liverpool,2.6,1.0,2.6,2.2,1.3,2.0,1.9318181818181819,1.5909090909090908,1.9523809523809523,1.2380952380952381,2.8,0.8,3.0,2.4,1.0,2.4,2.0454545454545454,1.1818181818181819,1.5909090909090908,1.5,-0.3999999999999999,-0.19999999999999973
E0,2023-09-30,Newcastle United,Burnley,2,0,H,1,0,20,8,8,2,5,3,1,3,0,0,T Bramall,2324,E0_2324.csv,2,2,Home Win,20230930_NewcastleUnited_Burnley,2.2,1.2,1.2,2.3,1.1,1.5,1.9090909090909092,0.9090909090909091,1.9545454545454546,0.7727272727272727,0.8,2.6,0.2,0.8,2.6,0.2,0.8,2.6,,,1.0,1.4000000000000001
E0,2023-09-30,Manchester United,Crystal Palace,0,1,A,0,1,19,8,4,2,10,4,3,2,0,0,C Kavanagh,2324,E0_2324.csv,1,-1,Away Win,20230930_ManchesterUnited_CrystalPalace,1.2,2.0,1.2,1.6,1.2,2.1,1.4772727272727273,1.2045454545454546,1.8636363636363635,0.6818181818181818,1.0,1.4,1.0,1.1,1.1,1.3,1.0454545454545454,1.2727272727272727,1.0,1.3636363636363635,0.19999999999999996,0.19999999999999996
E0,2023-09-30,Everton,Luton,1,2,A,1,2,23,9,5,2,3,6,0,1,0,0,A Taylor,2324,E0_2324.csv,3,-1,Away Win,20230930_Everton_Luton,1.0,1.8,0.8,1.2,1.5,1.1,0.8863636363636364,1.5227272727272727,0.7272727272727273,1.3636363636363635,0.6,2.2,0.2,0.6,2.2,0.2,0.6,2.2,0.3333333333333333,2.6666666666666665,0.6000000000000001,0.4
E0,2023-09-30,Bournemouth,Arsenal,0,4,A,0,2,8,15,1,8,6,6,0,1,0,0,M Salisbury,2324,E0_2324.csv,4,-4,Away Win,20230930_Bournemouth_Arsenal,0.8,2.0,0.4,0.6,1.8,0.3,0.9545454545454546,1.8636363636363635,0.9545454545454546,1.4090909090909092,1.8,1.0,2.2,1.8,1.0,2.0,2.25,1.1136363636363635,1.7619047619047619,0.8571428571428571,-1.8000000000000003,-1.0
E0,2023-09-30,Aston Villa,Brighton,6,1,H,3,0,19,11,9,3,1,3,4,4,0,0,A Madley,2324,E0_2324.csv,7,5,Home Win,20230930_AstonVilla_Brighton,2.2,1.0,2.4,1.7,1.4,1.9,1.4318181818181819,1.2727272727272727,1.9047619047619047,1.0476190476190477,2.8,1.4,2.4,2.4,1.6,1.9,2.0454545454545454,1.3863636363636365,2.0,1.619047619047619,0.0,-0.5999999999999996
E0,2023-10-01,Nottingham Forest,Brentford,1,1,D,0,0,6,18,1,5,1,11,1,2,1,0,P Tierney,2324,E0_2324.csv,2,0,Draw,20231001_NottinghamForest_Brentford,1.2,1.4,1.4,1.5,1.5,1.5,1.0227272727272727,1.75,1.4285714285714286,1.2380952380952381,1.4,1.4,1.0,1.5,1.1,1.5,1.5227272727272727,1.25,1.2380952380952381,1.380952380952381,0.3999999999999999,-0.19999999999999996
E0,2023-10-02,Fulham,Chelsea,0,2,A,0,2,10,11,3,4,8,1,1,4,0,0,T Robinson,2324,E0_2324.csv,2,-2,Away Win,20231002_Fulham_Chelsea,0.8,2.0,1.0,1.5,1.7,1.5,1.3636363636363635,1.4318181818181819,1.5238095238095237,1.5238095238095237,0.8,1.0,0.8,0.9,1.4,0.7,0.9772727272727273,1.2045454545454546,0.9047619047619048,1.4761904761904763,0.19999999999999996,0.0
E0,2023-10-03,Luton,Burnley,1,2,A,0,1,18,14,3,4,7,6,4,2,0,0,P Bankes,2324,E0_2324.csv,3,-1,Away Win,20231003_Luton_Burnley,0.8,1.6,0.8,0.8333333333333334,2.0,0.6666666666666666,0.8333333333333334,2.0,,,0.8,2.4,0.2,0.6666666666666666,2.5,0.16666666666666666,0.6666666666666666,2.5,,,0.6000000000000001,0.0
E0,2023-10-07,Crystal Palace,Nottingham Forest,0,0,D,0,0,8,16,2,5,3,7,0,1,0,0,C Pawson,2324,E0_2324.csv,0,0,Draw,20231007_CrystalPalace_NottinghamForest,1.2,1.2,1.6,1.2,1.0,1.6,1.0444444444444445,1.2444444444444445,1.0909090909090908,1.1818181818181819,1.0,1.4,1.0,1.2,1.3,1.3,1.0222222222222221,1.7333333333333334,0.6521739130434783,2.217391304347826,0.6000000000000001,0.19999999999999996
E0,2023-10-07,Manchester United,Brentford,2,1,H,0,1,21,11,8,3,7,5,0,5,0,0,A Madley,2324,E0_2324.csv,3,1,Home Win,20231007_ManchesterUnited_Brentford,1.2,1.8,1.2,1.4,1.3,1.8,1.4444444444444444,1.2,1.7826086956521738,0.6956521739130435,1.0,1.6,0.6,1.6,1.1,1.6,1.511111111111111,1.2444444444444445,1.2272727272727273,1.3636363636363635,0.6,0.19999999999999996
E0,2023-10-07,Fulham,Sheffield United,3,1,H,0,0,20,5,6,2,9,4,1,2,0,0,S Barrott,2324,E0_2324.csv,4,2,Home Win,20231007_Fulham_SheffieldUnited,0.8,1.8,1.0,1.0,1.6,1.2,1.3333333333333333,1.4444444444444444,1.4545454545454546,1.5454545454545454,0.8,3.2,0.2,0.7142857142857143,2.7142857142857144,0.14285714285714285,0.7142857142857143,2.7142857142857144,0.6666666666666666,2.0,0.8,0.0
E0,2023-10-07,Burnley,Chelsea,1,4,A,1,1,10,9,3,5,7,3,2,4,0,0,S Attwell,2324,E0_2324.csv,5,-3,Away Win,20231007_Burnley_Chelsea,1.0,2.0,0.8,0.8571428571428571,2.2857142857142856,0.5714285714285714,0.8571428571428571,2.2857142857142856,0.75,3.0,1.0,0.4,1.4,0.9,1.2,0.9,1.0,1.1777777777777778,0.9545454545454546,1.4090909090909092,-0.5999999999999999,0.0
E0,2023-10-07,Luton,Tottenham Hotspur,0,1,A,0,0,12,15,2,4,5,6,2,1,0,1,J Brooks,2324,E0_2324.csv,1,-1,Away Win,20231007_Luton_TottenhamHotspur,1.0,1.4,0.8,0.8571428571428571,2.0,0.5714285714285714,0.8571428571428571,2.0,1.0,1.6666666666666667,2.6,1.2,2.6,2.3,1.4,2.0,1.9333333333333333,1.5777777777777777,1.9130434782608696,1.9130434782608696,-1.8,-1.6
E0,2023-10-07,Everton,Bournemouth,3,0,H,2,0,25,11,8,4,8,7,1,2,0,0,D Coote,2324,E0_2324.csv,3,3,Home Win,20231007_Everton_Bournemouth,1.2,1.4,0.8,0.8,1.6,0.8,0.8888888888888888,1.5333333333333334,0.7391304347826086,1.391304347826087,0.6,2.2,0.4,0.5,1.9,0.3,0.9333333333333333,1.9111111111111112,0.9545454545454546,2.3181818181818183,0.4,0.6
E0,2023-10-08,Brighton,Liverpool,2,2,D,1,2,14,14,3,4,8,1,1,2,0,0,A Taylor,2324,E0_2324.csv,4,0,Draw,20231008_Brighton_Liverpool,2.2,2.4,1.8,2.4,1.8,1.9,2.022222222222222,1.488888888888889,2.0869565217391304,1.173913043478261,2.4,1.0,2.4,2.4,1.2,2.1,2.022222222222222,1.2,1.565217391304348,1.5217391304347827,-0.5999999999999999,-0.19999999999999973
E0,2023-10-08,West Ham United,Newcastle United,2,2,D,1,0,5,10,3,3,4,2,3,3,0,0,P Bankes,2324,E0_2324.csv,4,0,Draw,20231008_WestHamUnited_NewcastleUnited,1.8,1.6,1.8,1.7,1.5,1.6,1.2222222222222223,1.4444444444444444,1.4545454545454546,1.2727272727272727,2.6,1.0,1.8,2.3,0.9,1.7,1.9111111111111112,0.8888888888888888,1.8636363636363635,1.0454545454545454,0.0,-0.8
E0,2023-10-08,Wolverhampton Wanderers,Aston Villa,1,1,D,0,0,8,18,3,4,2,10,2,2,1,0,R Jones,2324,E0_2324.csv,2,0,Draw,20231008_WolverhamptonWanderers_AstonVilla,1.4,1.6,1.4,0.9,2.1,0.8,0.8666666666666667,1.5777777777777777,1.0454545454545454,1.2727272727272727,2.6,1.2,2.4,2.3,1.4,2.2,1.5333333333333334,1.2666666666666666,1.0,1.4782608695652173,-1.0,-1.2000000000000002
E0,2023-10-08,Arsenal,Manchester City,1,0,H,0,0,12,4,2,1,5,4,2,3,0,0,M Oliver,2324,E0_2324.csv,1,1,Home Win,20231008_Arsenal_ManchesterCity,2.4,1.0,2.2,2.0,1.0,2.0,2.2888888888888888,1.0888888888888888,2.6956521739130435,1.3478260869565217,2.6,1.0,2.4,1.9,0.7,2.2,2.466666666666667,0.8444444444444444,1.8695652173913044,0.8695652173913043,-0.19999999999999973,-0.20000000000000018
E0,2023-10-21,Nottingham Forest,Luton,2,2,D,0,0,19,13,8,4,4,2,3,0,0,0,S Barrott,2324,E0_2324.csv,4,0,Draw,20231021_NottinghamForest_Luton,0.6,0.8,1.2,1.0,1.1,1.3,1.0,1.6956521739130435,1.4090909090909092,1.2272727272727273,0.8,1.2,0.8,0.75,1.875,0.5,0.75,1.875,0.75,2.25,0.3999999999999999,-0.20000000000000007
E0,2023-10-21,Chelsea,Arsenal,2,2,D,1,0,11,13,5,3,2,7,3,3,0,0,C Kavanagh,2324,E0_2324.csv,4,0,Draw,20231021_Chelsea_Arsenal,1.2,0.6,1.4,1.3,1.2,1.2,1.065217391304348,1.173913043478261,1.0434782608695652,0.9565217391304348,2.2,0.6,2.6,2.1,0.7,2.3,2.260869565217391,1.065217391304348,1.8636363636363635,0.8181818181818182,-1.2000000000000002,-1.0000000000000002
E0,2023-10-21,Newcastle United,Crystal Palace,4,0,H,3,0,10,17,7,3,6,8,2,3,0,0,T Robinson,2324,E0_2324.csv,4,4,Home Win,20231021_NewcastleUnited_CrystalPalace,2.8,1.0,2.0,2.1,1.0,1.5,1.9130434782608696,0.9130434782608695,1.9565217391304348,0.7391304347826086,1.0,1.0,1.6,1.0,1.0,1.4,1.0217391304347827,1.2173913043478262,1.0,1.3043478260869565,0.3999999999999999,1.7999999999999998
E0,2023-10-21,Sheffield United,Manchester United,1,2,A,1,1,12,14,6,5,5,4,3,1,0,0,M Oliver,2324,E0_2324.csv,3,-1,Away Win,20231021_SheffieldUnited_ManchesterUnited,0.8,3.4,0.2,0.75,2.75,0.125,0.75,2.75,0.75,3.25,1.0,1.6,1.2,1.5,1.4,1.8,1.4565217391304348,1.1956521739130435,1.0909090909090908,1.7272727272727273,-1.0,-0.19999999999999996
E0,2023-10-21,Brentford,Burnley,3,0,H,1,0,23,6,10,1,5,5,5,2,0,1,J Smith,2324,E0_2324.csv,3,3,Home Win,20231021_Brentford_Burnley,1.0,1.8,0.4,1.5,1.3,1.3,1.5,1.2608695652173914,1.7826086956521738,1.1304347826086956,0.8,1.8,0.8,0.875,2.5,0.5,0.875,2.5,1.0,1.3333333333333333,-0.4,0.19999999999999996
E0,2023-10-21,Bournemouth,Wolverhampton Wanderers,1,2,A,1,0,7,20,4,7,3,12,2,6,1,0,P Tierney,2324,E0_2324.csv,3,-1,Away Win,20231021_Bournemouth_WolverhamptonWanderers,0.6,2.4,0.4,0.5,2.0,0.3,0.9130434782608695,1.934782608695652,0.9130434782608695,1.5217391304347827,1.4,1.8,1.0,1.0,2.0,0.9,0.8695652173913043,1.565217391304348,0.6956521739130435,1.8695652173913044,-0.6,-0.7999999999999999
E0,2023-10-21,Liverpool,Everton,2,0,H,0,0,26,6,6,1,12,4,1,1,0,1,C Pawson,2324,E0_2324.csv,2,2,Home Win,20231021_Liverpool_Everton,2.4,1.2,2.0,2.3,1.4,1.9,2.0217391304347827,1.2173913043478262,2.5,0.8636363636363636,1.8,1.2,1.4,1.1,1.3,1.1,0.9347826086956522,1.5,1.0454545454545454,1.6818181818181819,0.6000000000000001,0.5999999999999999
E0,2023-10-21,Manchester City,Brighton,2,1,H,2,0,10,5,6,3,2,2,2,2,1,0,R Jones,2324,E0_2324.csv,3,1,Home Win,20231021_ManchesterCity_Brighton,2.2,1.0,1.8,1.8,0.8,1.9,2.4130434782608696,0.8478260869565217,3.090909090909091,0.8181818181818182,2.4,2.2,2.0,2.3,1.9,1.7,2.0217391304347827,1.5,1.9545454545454546,1.8181818181818181,-0.19999999999999996,-0.19999999999999973
E0,2023-10-22,Aston Villa,West Ham United,4,1,H,1,0,15,14,7,4,8,7,0,1,0,0,D Coote,2324,E0_2324.csv,5,3,Home Win,20231022_AstonVilla_WestHamUnited,2.2,1.2,2.0,2.2,1.4,2.0,1.5217391304347827,1.2608695652173914,2.090909090909091,1.0454545454545454,1.6,1.8,1.4,1.9,1.5,1.7,1.2391304347826086,1.4565217391304348,1.0,1.608695652173913,0.6000000000000001,0.6000000000000001
E0,2023-10-23,Tottenham Hotspur,Fulham,2,0,H,1,0,15,10,5,3,3,5,2,0,0,0,A Taylor,2324,E0_2324.csv,2,2,Home Win,20231023_TottenhamHotspur_Fulham,2.4,1.2,2.6,2.3,1.2,2.3,1.9130434782608696,1.5434782608695652,1.9545454545454546,1.2272727272727273,1.0,1.6,1.4,1.1,1.7,1.2,1.3695652173913044,1.434782608695652,1.2173913043478262,1.3478260869565217,1.2000000000000002,1.4
E0,2023-10-27,Crystal Palace,Tottenham Hotspur,1,2,A,0,0,13,10,3,1,11,2,2,1,0,0,A Madley,2324,E0_2324.csv,3,-1,Away Win,20231027_CrystalPalace_TottenhamHotspur,0.4,1.4,1.0,0.8,1.2,1.3,1.0,1.2765957446808511,1.0434782608695652,1.1304347826086956,1.8,0.8,2.6,2.4,0.9,2.6,1.9148936170212767,1.5106382978723405,1.875,1.8333333333333333,-1.6,-1.4
E0,2023-10-28,Wolverhampton Wanderers,Newcastle United,2,2,D,1,2,11,13,6,5,8,7,1,4,0,0,A Taylor,2324,E0_2324.csv,4,0,Draw,20231028_WolverhamptonWanderers_NewcastleUnited,1.4,1.4,1.6,1.1,2.0,1.1,0.8936170212765957,1.553191489361702,1.0434782608695652,1.2608695652173914,3.4,0.4,2.6,2.5,1.0,1.7,1.9574468085106382,0.8936170212765957,1.8695652173913044,1.0869565217391304,-1.0,-2.0
E0,2023-10-28,Bournemouth,Burnley,2,1,H,1,1,13,6,6,3,10,5,2,3,0,0,S Barrott,2324,E0_2324.csv,3,1,Home Win,20231028_Bournemouth_Burnley,0.4,2.4,0.2,0.6,2.1,0.3,0.9148936170212766,1.9361702127659575,0.9166666666666666,1.5416666666666667,0.6,2.2,0.6,0.7777777777777778,2.5555555555555554,0.4444444444444444,0.7777777777777778,2.5555555555555554,0.75,1.75,-0.39999999999999997,-0.19999999999999996
E0,2023-10-28,Chelsea,Brentford,0,2,A,0,0,17,7,2,5,10,1,1,4,0,0,S Hooper,2324,E0_2324.csv,2,-2,Away Win,20231028_Chelsea_Brentford,1.6,0.8,1.6,1.4,1.0,1.3,1.0851063829787233,1.1914893617021276,1.0833333333333333,1.0,1.2,1.4,0.8,1.5,1.2,1.3,1.5319148936170213,1.2340425531914894,1.2173913043478262,1.391304347826087,0.8,0.40000000000000013
E0,2023-10-28,Arsenal,Sheffield United,5,0,H,1,0,13,2,8,0,6,1,0,3,0,0,T Robinson,2324,E0_2324.csv,5,5,Home Win,20231028_Arsenal_SheffieldUnited,2.0,0.8,2.2,2.3,0.8,2.4,2.25531914893617,1.0851063829787233,2.625,1.2916666666666667,0.6,3.4,0.0,0.7777777777777778,2.6666666666666665,0.1111111111111111,0.7777777777777778,2.6666666666666665,0.75,2.25,2.2,1.4
E0,2023-10-29,West Ham United,Everton,0,1,A,0,0,12,10,2,4,4,3,4,1,0,0,S Attwell,2324,E0_2324.csv,1,-1,Away Win,20231029_WestHamUnited_Everton,1.4,2.4,0.8,1.7,1.8,1.4,1.2340425531914894,1.5106382978723405,1.4782608695652173,1.3043478260869565,1.4,1.2,1.2,1.0,1.4,1.0,0.9148936170212766,1.5106382978723405,1.0,1.6956521739130435,-0.3999999999999999,0.0
E0,2023-10-29,Aston Villa,Luton,3,1,H,1,0,17,7,6,1,6,4,3,2,0,0,J Brooks,2324,E0_2324.csv,4,2,Home Win,20231029_AstonVilla_Luton,3.0,0.8,2.6,2.5,1.4,2.2,1.574468085106383,1.2553191489361701,2.1739130434782608,1.0434782608695652,1.2,1.4,1.0,0.8888888888888888,1.8888888888888888,0.5555555555555556,0.8888888888888888,1.8888888888888888,1.0,2.2,1.6,1.8
E0,2023-10-29,Brighton,Fulham,1,1,D,1,0,18,10,7,5,7,3,0,3,0,0,M Salisbury,2324,E0_2324.csv,2,0,Draw,20231029_Brighton_Fulham,2.0,2.4,1.4,2.3,2.0,1.6,2.0,1.5106382978723405,2.0833333333333335,1.2083333333333333,0.8,1.0,1.4,0.9,1.7,1.1,1.3404255319148937,1.446808510638298,1.1666666666666667,1.375,0.0,1.2
E0,2023-10-29,Liverpool,Nottingham Forest,3,0,H,2,0,21,9,8,1,8,3,2,3,0,0,C Kavanagh,2324,E0_2324.csv,3,3,Home Win,20231029_Liverpool_NottinghamForest,2.2,1.2,2.0,2.4,1.3,2.1,2.021276595744681,1.1914893617021276,2.4782608695652173,0.8260869565217391,0.8,1.2,0.8,1.1,1.3,1.1,1.0212765957446808,1.702127659574468,0.625,2.125,1.2,1.4000000000000001
E0,2023-10-29,Manchester United,Manchester City,0,3,A,0,1,7,21,3,10,7,12,4,1,0,0,P Tierney,2324,E0_2324.csv,3,-3,Away Win,20231029_ManchesterUnited_ManchesterCity,1.2,1.2,1.8,1.3,1.4,1.8,1.4680851063829787,1.1914893617021276,1.7916666666666667,0.7083333333333334,1.6,1.0,1.8,1.9,0.8,2.1,2.404255319148936,0.851063829787234,1.7916666666666667,0.875,0.0,-0.40000000000000013
E0,2023-11-04,Newcastle United,Arsenal,1,0,H,0,0,9,14,2,1,0,11,5,1,0,0,S Attwell,2324,E0_2324.csv,1,1,Home Win,20231104_NewcastleUnited_Arsenal,3.6,0.8,2.2,2.6,1.1,1.7,1.9583333333333333,0.9166666666666666,2.0416666666666665,0.7083333333333334,2.8,0.8,2.2,2.3,0.8,2.4,2.3125,1.0625,1.8695652173913044,0.8695652173913043,0.0,0.8000000000000003
E0,2023-11-04,Manchester City,Bournemouth,6,1,H,3,0,21,5,8,1,12,1,0,1,0,0,C Pawson,2324,E0_2324.csv,7,5,Home Win,20231104_ManchesterCity_Bournemouth,1.6,0.8,1.8,2.2,0.7,2.4,2.4166666666666665,0.8333333333333334,3.0434782608695654,0.8260869565217391,0.8,2.6,0.6,0.8,2.1,0.6,0.9375,1.9166666666666667,0.9130434782608695,2.347826086956522,1.2000000000000002,0.8
E0,2023-11-04,Everton,Brighton,1,1,D,1,0,10,7,4,2,3,3,4,2,0,0,T Robinson,2324,E0_2324.csv,2,0,Draw,20231104_Everton_Brighton,1.6,1.0,1.8,1.0,1.4,1.0,0.9166666666666666,1.4791666666666667,0.8333333333333334,1.3333333333333333,1.6,2.4,1.0,2.3,1.9,1.7,1.9791666666666667,1.5,1.9130434782608696,1.826086956521739,0.8,0.0
E0,2023-11-04,Sheffield United,Wolverhampton Wanderers,2,1,H,0,0,11,10,2,3,4,4,2,3,0,0,R Jones,2324,E0_2324.csv,3,1,Home Win,20231104_SheffieldUnited_WolverhamptonWanderers,0.4,4.0,0.0,0.7,2.9,0.1,0.7,2.9,0.8,3.0,1.6,1.2,1.8,1.3,1.7,1.2,0.9166666666666666,1.5625,0.75,1.8333333333333333,-1.8,-1.2000000000000002
E0,2023-11-04,Brentford,West Ham United,3,2,H,1,2,16,12,4,2,4,3,1,4,0,0,T Bramall,2324,E0_2324.csv,5,1,Home Win,20231104_Brentford_WestHamUnited,1.6,1.2,1.4,1.6,1.2,1.3,1.5416666666666667,1.2083333333333333,1.8333333333333333,1.0833333333333333,1.2,2.0,0.8,1.6,1.7,1.4,1.2083333333333333,1.5,1.0,1.7083333333333333,0.5999999999999999,0.40000000000000013
E0,2023-11-04,Fulham,Manchester United,0,1,A,0,0,18,12,3,5,9,4,5,2,0,0,J Brooks,2324,E0_2324.csv,1,-1,Away Win,20231104_Fulham_ManchesterUnited,0.8,1.2,1.0,0.9,1.6,1.2,1.3333333333333333,1.4375,1.5217391304347827,1.5217391304347827,1.0,1.2,1.8,1.1,1.6,1.5,1.4375,1.2291666666666667,1.1304347826086956,1.6956521739130435,-0.8,-0.19999999999999996
E0,2023-11-04,Burnley,Crystal Palace,0,2,A,0,1,17,4,5,3,12,1,0,5,0,0,P Bankes,2324,E0_2324.csv,2,-2,Away Win,20231104_Burnley_CrystalPalace,0.8,2.4,0.6,0.8,2.5,0.4,0.8,2.5,0.8,3.2,0.4,1.2,1.0,0.8,1.3,1.2,1.0,1.2916666666666667,0.9583333333333334,1.4166666666666667,-0.4,0.4
E0,2023-11-05,Nottingham Forest,Aston Villa,2,0,H,1,0,5,13,3,3,0,10,1,1,0,0,J Gillett,2324,E0_2324.csv,2,2,Home Win,20231105_NottinghamForest_AstonVilla,0.6,1.6,0.6,1.0,1.5,1.0,1.0,1.7291666666666667,1.434782608695652,1.2608695652173914,3.0,0.8,2.6,2.6,1.4,2.2,1.6041666666666667,1.25,1.0,1.4583333333333333,-2.0,-2.4
E0,2023-11-05,Luton,Liverpool,1,1,D,0,0,8,24,5,6,4,7,1,1,0,0,A Madley,2324,E0_2324.csv,2,0,Draw,20231105_Luton_Liverpool,1.2,1.8,0.8,0.9,2.0,0.5,0.9,2.0,0.75,1.5,2.2,1.0,2.0,2.3,0.9,2.3,2.0416666666666665,1.1666666666666667,1.5833333333333333,1.5416666666666667,-1.2,-1.0000000000000002
E0,2023-11-06,Tottenham Hotspur,Chelsea,1,4,A,1,1,8,17,5,8,1,6,1,5,2,0,M Oliver,2324,E0_2324.csv,5,-3,Away Win,20231106_TottenhamHotspur_Chelsea,1.8,0.8,2.6,2.2,0.9,2.6,1.9166666666666667,1.5,1.9565217391304348,1.173913043478261,1.6,1.2,1.4,1.3,1.1,1.2,1.0625,1.2083333333333333,1.0869565217391304,1.391304347826087,1.2000000000000002,0.19999999999999996
E0,2023-11-11,Wolverhampton Wanderers,Tottenham Hotspur,2,1,H,0,1,17,6,4,2,11,3,4,3,0,0,T Robinson,2324,E0_2324.csv,3,1,Home Win,20231111_WolverhamptonWanderers_TottenhamHotspur,1.6,1.4,1.6,1.4,1.8,1.2,0.9183673469387755,1.5714285714285714,1.0833333333333333,1.2916666666666667,1.6,1.2,2.4,2.1,1.1,2.5,1.8979591836734695,1.5510204081632653,1.88,1.8,-0.7999999999999998,0.0
E0,2023-11-11,Arsenal,Burnley,3,1,H,1,0,16,8,6,5,3,3,0,1,1,0,M Oliver,2324,E0_2324.csv,4,2,Home Win,20231111_Arsenal_Burnley,2.4,0.6,2.0,2.1,0.8,2.1,2.2653061224489797,1.0612244897959184,2.72,1.24,0.8,2.4,0.6,0.8,2.4,0.4,0.7272727272727273,2.4545454545454546,0.8,1.8,1.4,1.5999999999999999
E0,2023-11-11,Crystal Palace,Everton,2,3,A,1,1,13,8,4,4,9,2,1,4,0,0,S Barrott,2324,E0_2324.csv,5,-1,Away Win,20231111_CrystalPalace_Everton,0.8,1.2,1.4,0.9,1.3,1.2,1.0204081632653061,1.2653061224489797,1.0416666666666667,1.1666666666666667,1.2,1.0,1.4,1.1,1.4,1.1,0.9183673469387755,1.469387755102041,1.0,1.625,0.0,-0.3999999999999999
E0,2023-11-11,Manchester United,Luton,1,0,H,0,0,15,10,4,4,11,3,0,2,0,0,G Scott,2324,E0_2324.csv,1,1,Home Win,20231111_ManchesterUnited_Luton,1.0,1.2,1.8,1.1,1.6,1.5,1.4285714285714286,1.2040816326530612,1.72,0.8,1.0,1.8,0.4,0.9,1.7,0.6,0.9090909090909091,1.9090909090909092,1.0,2.3333333333333335,1.4,0.0
E0,2023-11-11,Bournemouth,Newcastle United,2,0,H,0,0,19,8,10,5,6,5,2,1,0,0,C Kavanagh,2324,E0_2324.csv,2,2,Home Win,20231111_Bournemouth_NewcastleUnited,0.8,3.2,0.6,0.8,2.6,0.5,0.9387755102040817,2.0,0.96,1.52,2.2,0.8,2.2,2.2,1.0,1.7,1.9387755102040816,0.8979591836734694,1.875,1.125,-1.6,-1.4000000000000001
E0,2023-11-12,Chelsea,Manchester City,4,4,D,2,2,17,15,9,10,3,3,5,3,0,0,A Taylor,2324,E0_2324.csv,8,0,Draw,20231112_Chelsea_ManchesterCity,2.4,1.2,2.0,1.6,1.1,1.4,1.1224489795918366,1.2040816326530612,1.04,1.04,2.4,1.0,1.8,2.5,0.8,2.4,2.489795918367347,0.8367346938775511,1.84,0.84,0.19999999999999996,0.0
E0,2023-11-12,West Ham United,Nottingham Forest,3,2,H,1,1,16,10,6,5,9,4,2,2,0,0,M Salisbury,2324,E0_2324.csv,5,1,Home Win,20231112_WestHamUnited_NottinghamForest,1.4,2.0,0.8,1.7,1.9,1.3,1.2244897959183674,1.530612244897959,1.4166666666666667,1.2916666666666667,1.0,1.2,1.2,1.1,1.3,1.3,1.0204081632653061,1.6938775510204083,0.6,2.16,-0.3999999999999999,0.3999999999999999
E0,2023-11-12,Aston Villa,Fulham,3,1,H,2,0,12,9,6,5,2,2,2,5,0,0,S Hooper,2324,E0_2324.csv,4,2,Home Win,20231112_AstonVilla_Fulham,2.8,1.2,2.0,2.5,1.1,2.2,1.5714285714285714,1.2653061224489797,2.2083333333333335,1.0416666666666667,0.8,1.4,0.8,0.8,1.7,0.9,1.3061224489795917,1.4285714285714286,1.16,1.36,1.2,1.9999999999999998
E0,2023-11-12,Brighton,Sheffield United,1,1,D,1,0,11,9,6,1,6,3,3,2,1,0,J Brooks,2324,E0_2324.csv,2,0,Draw,20231112_Brighton_SheffieldUnited,1.2,2.4,0.6,2.0,1.9,1.5,1.9591836734693877,1.489795918367347,2.04,1.2,0.8,2.6,0.6,0.9,2.9,0.4,0.8181818181818182,2.727272727272727,0.6,2.8,0.0,0.3999999999999999
E0,2023-11-12,Liverpool,Brentford,3,0,H,1,0,17,16,10,3,6,8,1,2,0,0,P Tierney,2324,E0_2324.csv,3,3,Home Win,20231112_Liverpool_Brentford,1.8,1.0,1.6,2.3,0.9,2.3,2.020408163265306,1.163265306122449,2.5,0.7916666666666666,2.0,1.0,2.0,1.7,1.2,1.5,1.5714285714285714,1.2244897959183674,1.25,1.3333333333333333,-0.3999999999999999,-0.19999999999999996
E0,2023-11-25,Manchester City,Liverpool,1,1,D,1,0,16,8,5,3,9,6,1,3,0,0,C Kavanagh,2324,E0_2324.csv,2,0,Draw,20231125_ManchesterCity_Liverpool,3.0,1.4,2.0,2.8,1.2,2.2,2.52,0.9,3.1666666666666665,0.8333333333333334,2.2,0.6,2.2,2.3,0.8,2.3,2.04,1.14,1.56,1.52,-0.20000000000000018,0.7999999999999998
E0,2023-11-25,Burnley,West Ham United,1,2,A,0,0,11,11,5,3,4,5,1,3,0,0,S Barrott,2324,E0_2324.csv,3,-1,Away Win,20231125_Burnley_WestHamUnited,0.6,2.8,0.0,0.8,2.4,0.4,0.75,2.5,0.6666666666666666,3.0,1.6,2.4,0.8,1.7,2.0,1.3,1.26,1.54,1.04,1.76,-0.8,-1.0
E0,2023-11-25,Luton,Crystal Palace,2,1,H,0,0,8,16,3,8,4,5,6,1,0,0,J Gillett,2324,E0_2324.csv,3,1,Home Win,20231125_Luton_CrystalPalace,0.8,1.6,0.4,0.9,1.5,0.6,0.8333333333333334,1.8333333333333333,0.8,1.4,1.0,1.8,0.8,1.1,1.5,1.2,1.04,1.3,1.0,1.36,-0.4,-0.19999999999999996
E0,2023-11-25,Newcastle United,Chelsea,4,1,H,1,1,14,7,5,4,4,2,4,4,0,1,S Hooper,2324,E0_2324.csv,5,3,Home Win,20231125_NewcastleUnited_Chelsea,1.8,1.2,1.6,2.2,1.1,1.7,1.9,0.92,2.0,0.68,2.8,2.0,1.6,1.9,1.2,1.5,1.18,1.26,1.2083333333333333,1.375,0.0,-0.9999999999999998
E0,2023-11-25,Nottingham Forest,Brighton,2,3,A,1,2,18,11,5,5,6,4,2,4,0,1,A Taylor,2324,E0_2324.csv,5,-1,Away Win,20231125_NottinghamForest_Brighton,1.2,1.6,1.0,1.1,1.5,1.0,1.04,1.72,1.4583333333333333,1.2083333333333333,1.2,1.4,0.8,1.7,1.9,1.3,1.94,1.48,1.875,1.7916666666666667,0.19999999999999996,0.0
E0,2023-11-25,Sheffield United,Bournemouth,1,3,A,0,2,10,23,2,11,4,7,4,1,0,0,A Madley,2324,E0_2324.csv,4,-2,Away Win,20231125_SheffieldUnited_Bournemouth,1.0,2.4,0.8,0.9,2.8,0.5,0.8333333333333334,2.5833333333333335,1.0,2.6666666666666665,1.2,2.4,1.2,0.9,2.3,0.8,0.96,1.96,0.9166666666666666,2.5,-0.3999999999999999,-0.19999999999999996
E0,2023-11-25,Brentford,Arsenal,0,1,A,0,0,9,15,3,4,1,8,1,1,0,0,T Robinson,2324,E0_2324.csv,1,-1,Away Win,20231125_Brentford_Arsenal,1.8,1.4,1.8,1.4,1.5,1.2,1.54,1.26,1.88,1.12,2.2,0.8,2.0,2.3,0.9,2.1,2.28,1.06,1.7916666666666667,0.875,-0.19999999999999996,-0.40000000000000013
E0,2023-11-26,Everton,Manchester United,0,3,A,0,1,24,9,6,4,6,5,3,0,0,0,J Brooks,2324,E0_2324.csv,3,-3,Away Win,20231126_Everton_ManchesterUnited,1.6,1.0,2.0,1.4,1.2,1.4,0.96,1.48,0.84,1.32,1.2,1.0,2.4,1.2,1.4,1.8,1.42,1.18,1.125,1.625,-0.3999999999999999,0.40000000000000013
E0,2023-11-26,Tottenham Hotspur,Aston Villa,1,2,A,1,1,18,15,8,5,9,3,0,4,0,0,R Jones,2324,E0_2324.csv,3,-1,Away Win,20231126_TottenhamHotspur_AstonVilla,1.4,1.4,1.8,2.0,1.3,2.2,1.88,1.56,1.9166666666666667,1.2916666666666667,2.2,1.2,2.0,2.4,1.2,2.2,1.6,1.26,0.96,1.48,-0.19999999999999996,-0.8000000000000003
E0,2023-11-27,Fulham,Wolverhampton Wanderers,3,2,H,1,1,12,10,6,6,6,2,2,2,0,0,M Salisbury,2324,E0_2324.csv,5,1,Home Win,20231127_Fulham_WolverhamptonWanderers,1.0,1.6,0.8,0.9,1.7,0.9,1.3,1.46,1.4583333333333333,1.5,1.6,1.4,1.6,1.5,1.5,1.5,0.94,1.56,0.76,1.84,-0.8,-0.6000000000000001
E0,2023-12-02,Arsenal,Wolverhampton Wanderers,2,1,H,2,0,19,6,6,3,4,0,1,2,0,0,P Bankes,2324,E0_2324.csv,3,1,Home Win,20231202_Arsenal_WolverhamptonWanderers,2.2,0.8,2.0,2.2,0.7,2.3,2.2549019607843137,1.0392156862745099,2.730769230769231,1.2307692307692308,1.8,1.8,1.4,1.6,1.8,1.2,0.9607843137254902,1.588235294117647,0.8076923076923077,1.8846153846153846,0.6000000000000001,0.40000000000000013
E0,2023-12-02,Brentford,Luton,3,1,H,0,0,27,7,6,1,7,5,1,2,0,0,A Taylor,2324,E0_2324.csv,4,2,Home Win,20231202_Brentford_Luton,1.6,1.2,1.8,1.3,1.5,1.1,1.5098039215686274,1.2549019607843137,1.8076923076923077,1.1153846153846154,1.2,1.6,1.0,1.0,1.4,0.9,0.9230769230769231,1.7692307692307692,0.8571428571428571,2.142857142857143,0.8,0.40000000000000013
E0,2023-12-02,Burnley,Sheffield United,5,0,H,2,0,19,6,7,3,6,1,2,5,0,1,C Kavanagh,2324,E0_2324.csv,5,5,Home Win,20231202_Burnley_SheffieldUnited,0.6,2.4,0.0,0.7,2.1,0.4,0.7692307692307693,2.4615384615384617,0.7142857142857143,2.857142857142857,1.0,2.4,0.8,0.9,2.9,0.5,0.8461538461538461,2.6153846153846154,0.6666666666666666,2.5,-0.8,-0.4
E0,2023-12-02,Nottingham Forest,Everton,0,1,A,0,0,13,12,2,3,4,3,1,0,0,0,P Tierney,2324,E0_2324.csv,1,-1,Away Win,20231202_NottinghamForest_Everton,1.6,2.2,0.8,1.1,1.5,1.0,1.0588235294117647,1.7450980392156863,1.48,1.28,1.0,1.6,1.4,1.4,1.4,1.4,0.9411764705882353,1.5098039215686274,1.08,1.64,-0.5999999999999999,0.6000000000000001
E0,2023-12-02,Newcastle United,Manchester United,1,0,H,0,0,22,8,4,1,7,3,1,2,0,0,R Jones,2324,E0_2324.csv,1,1,Home Win,20231202_NewcastleUnited_ManchesterUnited,2.2,1.0,2.0,2.5,1.0,2.0,1.9411764705882353,0.9215686274509803,2.076923076923077,0.6923076923076923,1.4,0.8,2.4,1.2,1.2,1.8,1.4509803921568627,1.1568627450980393,1.2,1.56,-0.3999999999999999,0.8000000000000003
E0,2023-12-03,Manchester City,Tottenham Hotspur,3,3,D,2,1,18,8,4,4,10,8,4,4,0,0,S Hooper,2324,E0_2324.csv,6,0,Draw,20231203_ManchesterCity_TottenhamHotspur,3.2,1.4,2.2,2.7,1.2,2.0,2.4901960784313726,0.9019607843137255,3.08,0.84,1.4,1.8,1.2,1.9,1.5,1.9,1.8627450980392157,1.5686274509803921,1.8461538461538463,1.8076923076923077,1.0000000000000002,1.8000000000000003
E0,2023-12-03,West Ham United,Crystal Palace,1,1,D,1,0,9,9,3,2,2,3,2,0,0,0,M Oliver,2324,E0_2324.csv,2,0,Draw,20231203_WestHamUnited_CrystalPalace,1.6,2.2,1.2,1.6,2.0,1.3,1.2745098039215685,1.5294117647058822,1.48,1.32,1.2,2.2,0.6,1.1,1.6,1.1,1.0392156862745099,1.3137254901960784,1.0,1.3846153846153846,0.6,0.40000000000000013
E0,2023-12-03,Chelsea,Brighton,3,2,H,2,1,8,18,5,9,5,8,3,5,1,0,C Pawson,2324,E0_2324.csv,5,1,Home Win,20231203_Chelsea_Brighton,2.2,2.6,1.0,1.7,1.6,1.2,1.1764705882352942,1.3137254901960784,1.1538461538461537,1.1538461538461537,1.4,1.4,1.2,1.9,1.8,1.6,1.9607843137254901,1.4901960784313726,1.92,1.8,-0.19999999999999996,0.8000000000000003
E0,2023-12-03,Liverpool,Fulham,4,3,H,2,2,26,9,12,5,3,4,0,0,0,0,S Attwell,2324,E0_2324.csv,7,1,Home Win,20231203_Liverpool_Fulham,2.0,0.4,2.2,2.2,0.8,2.1,2.019607843137255,1.1372549019607843,2.52,0.76,1.0,1.8,0.8,1.0,1.7,1.1,1.3333333333333333,1.4705882352941178,1.1538461538461537,1.4230769230769231,1.4000000000000001,1.0
E0,2023-12-03,Bournemouth,Aston Villa,2,2,D,1,1,15,11,7,3,7,7,5,3,0,0,T Bramall,2324,E0_2324.csv,4,0,Draw,20231203_Bournemouth_AstonVilla,1.8,2.0,1.8,1.2,2.2,1.1,1.0,1.9411764705882353,1.0,1.4615384615384615,2.4,1.2,2.4,2.3,1.2,2.2,1.607843137254902,1.2549019607843137,1.0,1.4615384615384615,-0.5999999999999999,-0.5999999999999999
E0,2023-12-05,Wolverhampton Wanderers,Burnley,1,0,H,1,0,7,12,4,3,6,8,2,4,0,0,J Gillett,2324,E0_2324.csv,1,1,Home Win,20231205_WolverhamptonWanderers_Burnley,1.6,2.0,0.8,1.5,1.7,1.2,0.9615384615384616,1.5961538461538463,1.12,1.28,1.6,1.8,0.6,1.1,2.0,0.6,1.0714285714285714,2.2857142857142856,0.8333333333333334,2.0,0.20000000000000007,0.0
E0,2023-12-05,Luton,Arsenal,3,4,A,1,2,6,23,4,9,3,8,2,1,0,0,S Barrott,2324,E0_2324.csv,7,-1,Away Win,20231205_Luton_Arsenal,1.0,1.8,0.8,1.1,1.6,0.9,0.9285714285714286,1.8571428571428572,1.0,1.3333333333333333,2.2,0.6,2.4,2.1,0.7,2.3,2.25,1.0384615384615385,1.76,0.84,-1.5999999999999999,-1.2000000000000002
E0,2023-12-06,Aston Villa,Manchester City,1,0,H,0,0,22,2,7,2,6,0,2,2,0,0,J Brooks,2324,E0_2324.csv,1,1,Home Win,20231206_AstonVilla_ManchesterCity,2.0,1.4,2.0,2.5,1.1,2.3,1.6153846153846154,1.2692307692307692,2.24,1.04,3.4,1.8,1.8,2.5,1.4,1.8,2.5,0.9423076923076923,1.9230769230769231,0.9615384615384616,0.19999999999999996,-1.4
E0,2023-12-06,Sheffield United,Liverpool,0,2,A,0,1,6,15,1,8,2,12,2,3,0,0,S Hooper,2324,E0_2324.csv,2,-2,Away Win,20231206_SheffieldUnited_Liverpool,0.8,3.0,0.8,0.7,3.2,0.4,0.7857142857142857,2.7857142857142856,1.0,2.7142857142857144,2.4,1.0,2.2,2.3,1.1,2.1,2.0576923076923075,1.1730769230769231,1.5384615384615385,1.5,-1.4000000000000001,-1.5999999999999999
E0,2023-12-06,Manchester United,Chelsea,2,1,H,1,1,28,13,9,3,12,4,4,0,0,0,C Kavanagh,2324,E0_2324.csv,3,1,Home Win,20231206_ManchesterUnited_Chelsea,1.0,0.8,1.8,1.1,1.0,1.8,1.4230769230769231,1.1538461538461537,1.6923076923076923,0.7692307692307693,2.4,2.6,1.4,2.0,1.7,1.5,1.2115384615384615,1.3269230769230769,1.2,1.48,0.40000000000000013,-1.4
E0,2023-12-06,Crystal Palace,Bournemouth,0,2,A,0,1,16,11,3,4,3,9,1,3,0,0,C Pawson,2324,E0_2324.csv,2,-2,Away Win,20231206_CrystalPalace_Bournemouth,1.4,1.6,0.8,0.9,1.5,0.9,1.0384615384615385,1.3076923076923077,1.08,1.24,2.0,2.0,2.0,1.2,2.2,1.1,1.0192307692307692,1.9423076923076923,1.0,2.44,-1.2,-0.6000000000000001
E0,2023-12-06,Brighton,Brentford,2,1,H,1,1,18,8,7,2,7,3,3,1,0,0,P Bankes,2324,E0_2324.csv,3,1,Home Win,20231206_Brighton_Brentford,1.6,1.6,1.2,1.8,2.0,1.3,1.9615384615384615,1.5192307692307692,2.0,1.1923076923076923,1.6,1.4,1.8,1.4,1.4,1.3,1.5384615384615385,1.25,1.2,1.4,-0.6000000000000001,0.0
E0,2023-12-06,Fulham,Nottingham Forest,5,0,H,2,0,14,4,6,1,6,1,0,1,0,0,J Smith,2324,E0_2324.csv,5,5,Home Win,20231206_Fulham_NottinghamForest,1.6,2.2,0.8,1.2,1.6,1.1,1.3653846153846154,1.5192307692307692,1.52,1.52,1.2,2.0,0.6,1.0,1.6,0.7,1.0384615384615385,1.7307692307692308,0.6538461538461539,2.1923076923076925,0.20000000000000007,0.40000000000000013
E0,2023-12-07,Everton,Newcastle United,3,0,H,0,0,21,13,6,3,5,2,3,0,0,0,T Robinson,2324,E0_2324.csv,3,3,Home Win,20231207_Everton_NewcastleUnited,1.2,1.2,2.0,1.3,1.2,1.6,0.9423076923076923,1.4807692307692308,0.8076923076923077,1.3846153846153846,1.6,1.0,2.0,2.5,0.7,2.3,1.9230769230769231,0.9038461538461539,1.8,1.16,0.0,-0.40000000000000013
E0,2023-12-07,Tottenham Hotspur,West Ham United,1,2,A,1,0,23,11,7,5,8,4,3,3,0,0,M Salisbury,2324,E0_2324.csv,3,-1,Away Win,20231207_TottenhamHotspur_WestHamUnited,1.6,2.4,0.8,1.7,1.6,1.7,1.8846153846153846,1.5961538461538463,1.88,1.32,1.6,1.6,1.4,1.5,2.0,1.1,1.2692307692307692,1.5192307692307692,1.0769230769230769,1.7307692307692308,-0.5999999999999999,0.0
E0,2023-12-09,Crystal Palace,Liverpool,1,2,A,0,0,8,14,4,2,6,5,5,2,1,0,A Madley,2324,E0_2324.csv,3,-1,Away Win,20231209_CrystalPalace_Liverpool,1.2,1.6,0.8,0.8,1.4,0.9,1.0188679245283019,1.320754716981132,1.0384615384615385,1.2692307692307692,2.2,1.0,2.2,2.2,1.0,2.1,2.056603773584906,1.150943396226415,1.5555555555555556,1.4444444444444444,-1.4000000000000001,-1.0000000000000002
E0,2023-12-09,Brighton,Burnley,1,1,D,0,1,29,6,11,3,9,1,0,4,0,0,S Hooper,2324,E0_2324.csv,2,0,Draw,20231209_Brighton_Burnley,1.8,1.6,1.6,1.7,2.0,1.3,1.9622641509433962,1.509433962264151,2.0,1.1851851851851851,1.4,1.6,0.6,1.1,2.0,0.6,1.0,2.2,0.7142857142857143,1.8571428571428572,1.0,0.40000000000000013
E0,2023-12-09,Manchester United,Bournemouth,0,3,A,0,1,20,10,3,4,10,4,3,1,0,0,P Bankes,2324,E0_2324.csv,3,-3,Away Win,20231209_ManchesterUnited_Bournemouth,1.4,0.4,2.4,1.2,0.8,2.1,1.4339622641509433,1.150943396226415,1.7037037037037037,0.7777777777777778,2.0,1.8,2.0,1.4,2.2,1.3,1.0377358490566038,1.9056603773584906,1.0384615384615385,2.3461538461538463,0.3999999999999999,-0.6000000000000001
E0,2023-12-09,Sheffield United,Brentford,1,0,H,1,0,9,10,4,4,3,4,5,1,0,0,S Attwell,2324,E0_2324.csv,1,1,Home Win,20231209_SheffieldUnited_Brentford,0.8,2.4,0.8,0.6,3.2,0.4,0.7333333333333333,2.7333333333333334,0.875,2.625,1.4,1.8,1.2,1.5,1.5,1.3,1.528301886792453,1.2641509433962264,1.1923076923076923,1.4230769230769231,-0.3999999999999999,-0.5999999999999999
E0,2023-12-09,Wolverhampton Wanderers,Nottingham Forest,1,1,D,1,1,10,8,4,2,4,3,0,1,0,0,S Barrott,2324,E0_2324.csv,2,0,Draw,20231209_WolverhamptonWanderers_NottinghamForest,1.4,1.6,1.2,1.5,1.4,1.5,0.9622641509433962,1.5660377358490567,1.1153846153846154,1.2307692307692308,1.2,2.4,0.6,0.9,2.0,0.6,1.0188679245283019,1.7924528301886793,0.6296296296296297,2.2962962962962963,0.6,0.19999999999999996
E0,2023-12-09,Aston Villa,Arsenal,1,0,H,1,0,10,12,3,5,3,3,4,2,0,0,J Gillett,2324,E0_2324.csv,1,1,Home Win,20231209_AstonVilla_Arsenal,1.6,1.2,2.0,2.3,1.0,2.3,1.6037735849056605,1.2452830188679245,2.1923076923076925,1.0,2.0,1.2,2.4,2.4,1.0,2.3,2.2830188679245285,1.0754716981132075,1.8461538461538463,0.9230769230769231,-0.3999999999999999,-0.3999999999999999
E0,2023-12-10,Tottenham Hotspur,Newcastle United,4,1,H,2,0,23,9,12,3,3,6,1,3,0,0,C Kavanagh,2324,E0_2324.csv,5,3,Home Win,20231210_TottenhamHotspur_NewcastleUnited,1.4,2.6,0.2,1.6,1.7,1.4,1.8679245283018868,1.6037735849056605,1.8461538461538463,1.3461538461538463,1.2,1.2,1.8,2.4,1.0,2.0,1.8867924528301887,0.9433962264150944,1.7307692307692308,1.2307692307692308,-1.6,0.19999999999999996
E0,2023-12-10,Luton,Manchester City,1,2,A,1,0,4,18,2,6,6,3,2,1,0,0,T Robinson,2324,E0_2324.csv,3,-1,Away Win,20231210_Luton_ManchesterCity,1.4,2.0,0.8,1.3,1.9,0.8,1.0666666666666667,2.0,1.2857142857142858,1.7142857142857142,2.8,2.0,1.2,2.2,1.4,1.5,2.452830188679245,0.9433962264150944,1.8518518518518519,0.9629629629629629,-0.3999999999999999,-1.4
E0,2023-12-10,Fulham,West Ham United,5,0,H,3,0,14,9,8,5,3,6,2,1,0,0,P Tierney,2324,E0_2324.csv,5,5,Home Win,20231210_Fulham_WestHamUnited,2.4,2.0,1.2,1.6,1.6,1.1,1.4339622641509433,1.490566037735849,1.6538461538461537,1.4615384615384615,2.0,1.6,2.0,1.6,1.8,1.4,1.2830188679245282,1.509433962264151,1.1111111111111112,1.7037037037037037,-0.8,0.3999999999999999
E0,2023-12-10,Everton,Chelsea,2,0,H,0,0,9,16,5,4,4,8,2,2,0,0,M Oliver,2324,E0_2324.csv,2,2,Home Win,20231210_Everton_Chelsea,1.6,1.2,2.0,1.6,1.1,1.9,0.9811320754716981,1.4528301886792452,0.8888888888888888,1.3333333333333333,2.6,2.6,1.4,2.1,1.9,1.4,1.2075471698113207,1.3396226415094339,1.1923076923076923,1.5,0.6000000000000001,-1.0
E0,2023-12-15,Nottingham Forest,Tottenham Hotspur,0,2,A,0,1,15,12,1,6,6,4,2,4,0,1,J Gillett,2324,E0_2324.csv,2,-2,Away Win,20231215_NottinghamForest_TottenhamHotspur,1.0,2.6,0.2,1.0,1.9,0.7,1.0185185185185186,1.7777777777777777,1.4230769230769231,1.2692307692307692,2.0,2.0,0.8,1.8,1.6,1.6,1.9074074074074074,1.5925925925925926,1.8888888888888888,1.8518518518518519,-0.6000000000000001,-1.0
E0,2023-12-16,Chelsea,Sheffield United,2,0,H,0,0,15,6,6,1,7,6,1,3,0,0,A Madley,2324,E0_2324.csv,2,2,Home Win,20231216_Chelsea_SheffieldUnited,1.8,2.8,0.8,2.1,2.0,1.4,1.1851851851851851,1.3518518518518519,1.2222222222222223,1.1851851851851851,0.6,2.2,0.8,0.7,2.4,0.7,0.75,2.5625,0.5714285714285714,2.857142857142857,0.0,1.2000000000000002
E0,2023-12-16,Manchester City,Crystal Palace,2,2,D,1,0,19,5,9,2,6,1,1,1,0,0,P Tierney,2324,E0_2324.csv,4,0,Draw,20231216_ManchesterCity_CrystalPalace,2.0,2.0,1.2,2.2,1.5,1.5,2.4444444444444446,0.9444444444444444,3.076923076923077,0.9230769230769231,1.0,2.0,0.2,0.9,1.6,0.8,1.0185185185185186,1.3333333333333333,1.0,1.3703703703703705,1.0,1.0
E0,2023-12-16,Newcastle United,Fulham,3,0,H,0,0,27,6,10,4,5,1,0,2,0,1,S Barrott,2324,E0_2324.csv,3,3,Home Win,20231216_NewcastleUnited_Fulham,1.2,2.0,1.2,1.7,1.4,1.7,1.8703703703703705,1.0,2.037037037037037,0.6666666666666666,3.4,1.8,1.8,2.1,1.6,1.3,1.5,1.462962962962963,1.2222222222222223,1.5185185185185186,-0.6000000000000001,-2.2
E0,2023-12-16,Burnley,Everton,0,2,A,0,2,14,9,2,6,8,6,0,1,0,0,A Taylor,2324,E0_2324.csv,2,-2,Away Win,20231216_Burnley_Everton,1.6,1.4,0.8,1.2,1.9,0.7,1.0,2.125,1.25,2.5,1.8,1.0,2.4,1.5,1.0,1.9,1.0,1.4259259259259258,1.0769230769230769,1.5769230769230769,-1.5999999999999999,-0.19999999999999996
E0,2023-12-17,West Ham United,Wolverhampton Wanderers,3,0,H,2,0,13,14,4,3,6,6,3,1,0,0,C Kavanagh,2324,E0_2324.csv,3,3,Home Win,20231217_WestHamUnited_WolverhamptonWanderers,1.6,2.0,2.0,1.5,2.0,1.4,1.2592592592592593,1.5740740740740742,1.4615384615384615,1.3076923076923077,1.4,1.4,1.4,1.5,1.4,1.5,0.9629629629629629,1.5555555555555556,0.8148148148148148,1.8888888888888888,0.6000000000000001,0.20000000000000018
E0,2023-12-17,Liverpool,Manchester United,0,0,D,0,0,34,6,8,1,12,0,2,4,0,1,M Oliver,2324,E0_2324.csv,0,0,Draw,20231217_Liverpool_ManchesterUnited,2.4,1.0,2.6,2.1,1.0,2.1,2.0555555555555554,1.1481481481481481,2.576923076923077,0.8461538461538461,1.2,1.0,1.8,1.1,1.1,1.8,1.4074074074074074,1.1851851851851851,1.1538461538461537,1.5384615384615385,0.8,1.2
E0,2023-12-17,Arsenal,Brighton,2,0,H,0,0,26,6,9,1,10,1,1,3,0,0,T Robinson,2324,E0_2324.csv,2,2,Home Win,20231217_Arsenal_Brighton,2.0,1.2,2.4,2.2,0.9,2.2,2.240740740740741,1.0740740740740742,2.7037037037037037,1.2222222222222223,1.8,1.6,1.6,1.5,2.0,1.1,1.9444444444444444,1.5,1.9230769230769231,1.8461538461538463,0.7999999999999998,0.19999999999999996
E0,2023-12-17,Brentford,Aston Villa,1,2,A,1,0,4,15,3,5,7,12,6,4,1,1,D Coote,2324,E0_2324.csv,3,-1,Away Win,20231217_Brentford_AstonVilla,0.8,1.6,0.6,1.4,1.3,1.3,1.5,1.2592592592592593,1.8518518518518519,1.1111111111111112,1.8,0.8,2.6,2.3,1.0,2.3,1.5925925925925926,1.2222222222222223,1.037037037037037,1.4814814814814814,-2.0,-1.0
E0,2023-12-21,Crystal Palace,Brighton,1,1,D,1,0,11,18,3,6,3,1,5,2,0,0,J Brooks,2324,E0_2324.csv,2,0,Draw,20231221_CrystalPalace_Brighton,1.0,1.8,0.4,1.0,1.8,0.6,1.0363636363636364,1.3454545454545455,1.037037037037037,1.2962962962962963,1.6,1.8,1.4,1.4,1.6,1.1,1.9090909090909092,1.509090909090909,1.8518518518518519,1.8518518518518519,-0.9999999999999999,-0.6000000000000001
E0,2023-12-22,Aston Villa,Sheffield United,1,1,D,0,0,12,5,4,2,9,1,3,3,0,0,A Taylor,2324,E0_2324.csv,2,0,Draw,20231222_AstonVilla_SheffieldUnited,1.6,0.8,2.6,1.9,1.0,2.3,1.6,1.2181818181818183,2.1481481481481484,0.9629629629629629,0.4,2.4,0.6,0.7,2.4,0.7,0.7058823529411765,2.5294117647058822,0.5,2.75,2.0,1.2000000000000002
E0,2023-12-23,Liverpool,Arsenal,1,1,D,1,1,13,13,3,2,4,5,2,5,0,0,C Kavanagh,2324,E0_2324.csv,2,0,Draw,20231223_Liverpool_Arsenal,1.8,1.0,2.2,2.0,0.8,2.2,2.018181818181818,1.1272727272727272,2.4814814814814814,0.8148148148148148,1.8,1.0,2.4,2.0,0.9,2.2,2.2363636363636363,1.0545454545454545,1.7777777777777777,0.9259259259259259,-0.19999999999999973,0.0
E0,2023-12-23,West Ham United,Manchester United,2,0,H,0,0,12,11,5,3,4,4,2,3,0,0,S Hooper,2324,E0_2324.csv,2,2,Home Win,20231223_WestHamUnited_ManchesterUnited,1.6,1.6,2.0,1.6,2.0,1.4,1.290909090909091,1.5454545454545454,1.5185185185185186,1.2592592592592593,1.0,1.0,1.4,1.1,1.0,1.9,1.3818181818181818,1.1636363636363636,1.1111111111111112,1.4814814814814814,0.6000000000000001,0.6000000000000001
E0,2023-12-23,Fulham,Burnley,0,2,A,0,0,19,7,5,2,8,6,2,1,0,0,R Welch,2324,E0_2324.csv,2,-2,Away Win,20231223_Fulham_Burnley,3.2,1.8,1.8,2.1,1.7,1.3,1.4727272727272727,1.490909090909091,1.7777777777777777,1.4074074074074074,1.4,1.2,0.8,1.0,2.0,0.4,0.9411764705882353,2.1176470588235294,0.75,1.75,1.0,1.8000000000000003
E0,2023-12-23,Luton,Newcastle United,1,0,H,1,0,16,15,5,2,6,7,2,1,0,0,D England,2324,E0_2324.csv,1,1,Home Win,20231223_Luton_NewcastleUnited,1.4,2.2,0.6,1.2,2.0,0.5,1.0625,2.0,1.25,1.75,1.8,1.6,1.8,1.8,1.4,1.7,1.8909090909090909,0.9818181818181818,1.7037037037037037,1.3333333333333333,-1.2000000000000002,-0.40000000000000013
E0,2023-12-23,Nottingham Forest,Bournemouth,2,3,A,0,0,11,18,5,7,6,6,0,3,1,0,R Jones,2324,E0_2324.csv,5,-1,Away Win,20231223_NottinghamForest_Bournemouth,0.6,2.4,0.2,0.9,2.0,0.6,1.0,1.7818181818181817,1.3703703703703705,1.2962962962962963,2.4,0.6,2.6,1.6,1.9,1.6,1.0740740740740742,1.8703703703703705,1.1111111111111112,2.259259259259259,-2.4,-1.7999999999999998
E0,2023-12-23,Tottenham Hotspur,Everton,2,1,H,2,0,13,18,6,8,3,8,1,4,0,0,S Attwell,2324,E0_2324.csv,3,1,Home Win,20231223_TottenhamHotspur_Everton,2.2,1.6,1.4,1.8,1.5,1.6,1.9090909090909092,1.5636363636363637,1.9259259259259258,1.3333333333333333,1.6,0.6,2.4,1.6,0.8,2.2,1.018181818181818,1.4,1.1111111111111112,1.5185185185185186,-1.0,0.6000000000000001
E0,2023-12-24,Wolverhampton Wanderers,Chelsea,2,1,H,0,0,14,16,6,5,10,6,3,5,0,0,D Coote,2324,E0_2324.csv,3,1,Home Win,20231224_WolverhamptonWanderers_Chelsea,1.0,1.8,0.8,1.3,1.6,1.2,0.9454545454545454,1.5818181818181818,1.1111111111111112,1.2222222222222223,1.4,2.0,1.2,2.1,2.0,1.4,1.2,1.3272727272727274,1.1481481481481481,1.5185185185185186,-0.3999999999999999,-0.3999999999999999
E0,2023-12-26,Burnley,Liverpool,0,2,A,0,1,9,19,0,10,4,4,2,1,0,0,P Tierney,2324,E0_2324.csv,2,-2,Away Win,20231226_Burnley_Liverpool,1.6,0.8,1.4,1.1,1.6,0.7,1.0,2.0,1.1111111111111112,2.4444444444444446,1.8,1.0,2.2,1.9,0.7,2.2,2.0,1.125,1.5714285714285714,1.4285714285714286,-0.8000000000000003,-0.19999999999999996
E0,2023-12-26,Sheffield United,Luton,2,3,A,0,1,21,12,6,4,9,4,5,0,0,0,S Allison,2324,E0_2324.csv,5,-1,Away Win,20231226_SheffieldUnited_Luton,0.4,2.0,0.8,0.7,2.2,0.8,0.7222222222222222,2.4444444444444446,0.8888888888888888,2.3333333333333335,1.6,2.0,1.2,1.2,1.8,0.8,1.0588235294117647,1.8823529411764706,0.875,2.25,-0.3999999999999999,-1.2000000000000002
E0,2023-12-26,Manchester United,Aston Villa,3,2,H,0,2,13,10,7,4,3,6,1,3,0,0,C Pawson,2324,E0_2324.csv,5,1,Home Win,20231226_ManchesterUnited_AstonVilla,0.4,1.4,0.8,0.9,1.1,1.6,1.3571428571428572,1.1785714285714286,1.6428571428571428,0.8571428571428571,1.4,0.8,2.2,1.9,1.0,2.3,1.5892857142857142,1.2142857142857142,1.0714285714285714,1.4642857142857142,-1.4000000000000001,-0.9999999999999999
E0,2023-12-26,Newcastle United,Nottingham Forest,1,3,A,1,1,19,15,7,6,10,2,3,3,0,0,C Kavanagh,2324,E0_2324.csv,4,-2,Away Win,20231226_NewcastleUnited_NottinghamForest,1.0,1.6,1.2,1.6,1.3,1.6,1.8571428571428572,0.9821428571428571,2.0714285714285716,0.6428571428571429,0.6,2.4,0.2,1.1,2.3,0.5,1.0178571428571428,1.8035714285714286,0.6428571428571429,2.25,1.0,0.4
E0,2023-12-26,Bournemouth,Fulham,3,0,H,1,0,16,8,4,3,6,5,0,2,0,0,T Robinson,2324,E0_2324.csv,3,3,Home Win,20231226_Bournemouth_Fulham,2.6,1.0,2.6,1.9,1.7,1.9,1.1090909090909091,1.8727272727272728,1.037037037037037,1.4814814814814814,2.6,1.8,1.2,1.8,1.8,1.0,1.4464285714285714,1.5,1.1785714285714286,1.5714285714285714,1.4000000000000001,0.0
E0,2023-12-27,Everton,Manchester City,1,3,A,1,0,7,23,2,9,8,4,4,2,0,0,J Brooks,2324,E0_2324.csv,4,-2,Away Win,20231227_Everton_ManchesterCity,1.8,0.4,2.4,1.4,1.0,1.9,1.0178571428571428,1.4107142857142858,0.9285714285714286,1.2857142857142858,1.6,1.6,1.2,2.3,1.5,1.6,2.4363636363636365,0.9636363636363636,1.8571428571428572,0.9642857142857143,1.2,0.19999999999999996
E0,2023-12-27,Chelsea,Crystal Palace,2,1,H,1,1,9,13,4,5,4,3,3,2,0,0,M Salisbury,2324,E0_2324.csv,3,1,Home Win,20231227_Chelsea_CrystalPalace,1.4,1.6,1.2,1.8,2.1,1.1,1.1964285714285714,1.3392857142857142,1.25,1.1428571428571428,1.0,1.6,0.6,1.1,1.9,0.6,1.0357142857142858,1.3392857142857142,1.0357142857142858,1.3928571428571428,0.6,0.3999999999999999
E0,2023-12-27,Brentford,Wolverhampton Wanderers,1,4,A,1,3,14,11,4,5,8,2,1,1,0,0,A Madley,2324,E0_2324.csv,5,-3,Away Win,20231227_Brentford_WolverhamptonWanderers,1.0,1.4,0.6,1.4,1.4,1.2,1.490909090909091,1.2727272727272727,1.8214285714285714,1.1428571428571428,1.0,1.4,1.4,1.4,1.6,1.4,0.9642857142857143,1.5714285714285714,0.7857142857142857,1.9285714285714286,-0.7999999999999999,0.0
E0,2023-12-28,Brighton,Tottenham Hotspur,4,2,H,2,0,15,19,9,3,7,6,3,2,0,0,J Gillett,2324,E0_2324.csv,6,2,Home Win,20231228_Brighton_TottenhamHotspur,1.2,1.6,1.0,1.3,1.5,1.1,1.8928571428571428,1.5,1.9642857142857142,1.1785714285714286,2.4,1.4,2.0,1.9,1.6,1.6,1.9107142857142858,1.5535714285714286,1.8928571428571428,1.7857142857142858,-1.0,-1.2
E0,2023-12-28,Arsenal,West Ham United,0,2,A,0,1,30,6,8,3,10,3,2,0,0,0,M Oliver,2324,E0_2324.csv,2,-2,Away Win,20231228_Arsenal_WestHamUnited,1.8,1.2,2.0,2.0,1.0,2.0,2.2142857142857144,1.0535714285714286,2.6785714285714284,1.1785714285714286,1.6,1.4,2.0,1.6,1.8,1.6,1.3035714285714286,1.5178571428571428,1.0714285714285714,1.8214285714285714,0.0,0.19999999999999996
E0,2023-12-30,Luton,Chelsea,2,3,A,0,2,15,12,6,8,7,2,2,2,0,0,P Tierney,2324,E0_2324.csv,5,-1,Away Win,20231230_Luton_Chelsea,1.8,2.2,1.2,1.5,1.9,1.1,1.1666666666666667,1.8888888888888888,1.2222222222222223,1.5555555555555556,1.2,1.4,1.2,1.8,2.0,1.3,1.2105263157894737,1.3333333333333333,1.1428571428571428,1.5357142857142858,0.0,0.6000000000000001
E0,2023-12-30,Aston Villa,Burnley,3,2,H,2,1,19,9,7,5,6,2,4,1,0,1,S Attwell,2324,E0_2324.csv,5,1,Home Win,20231230_AstonVilla_Burnley,1.4,1.0,2.0,1.7,1.2,2.0,1.5964912280701755,1.2456140350877194,2.107142857142857,0.9642857142857143,0.6,1.2,0.8,1.1,1.5,0.7,0.9473684210526315,2.0,0.8888888888888888,1.5555555555555556,1.2,0.7999999999999999
E0,2023-12-30,Crystal Palace,Brentford,3,1,H,2,1,13,9,6,4,7,4,0,1,0,0,R Jones,2324,E0_2324.csv,4,2,Home Win,20231230_CrystalPalace_Brentford,1.0,1.8,0.4,1.2,1.7,0.6,1.0350877192982457,1.3508771929824561,1.0357142857142858,1.2857142857142858,1.2,2.0,0.6,1.4,1.6,1.2,1.4821428571428572,1.3214285714285714,1.1481481481481481,1.4074074074074074,-0.19999999999999996,-0.19999999999999996
E0,2023-12-30,Manchester City,Sheffield United,2,0,H,1,0,18,4,4,2,12,2,1,1,0,0,D Coote,2324,E0_2324.csv,2,2,Home Win,20231230_ManchesterCity_SheffieldUnited,2.0,1.6,1.6,2.6,1.5,1.9,2.4464285714285716,0.9642857142857143,3.037037037037037,0.9629629629629629,0.8,1.6,0.8,0.8,2.3,0.8,0.7894736842105263,2.473684210526316,0.5555555555555556,2.5555555555555554,0.8,1.2
E0,2023-12-30,Wolverhampton Wanderers,Everton,3,0,H,1,0,12,10,6,0,5,2,2,3,0,0,T Bramall,2324,E0_2324.csv,3,3,Home Win,20231230_WolverhamptonWanderers_Everton,1.6,1.2,2.0,1.6,1.6,1.4,1.0175438596491229,1.5614035087719298,1.1428571428571428,1.2142857142857142,1.8,1.0,1.8,1.5,1.1,1.9,1.0175438596491229,1.4385964912280702,1.1071428571428572,1.5357142857142858,0.19999999999999996,-0.19999999999999996
E0,2023-12-30,Nottingham Forest,Manchester United,2,1,H,0,0,8,10,2,5,4,5,2,4,0,0,T Robinson,2324,E0_2324.csv,3,1,Home Win,20231230_NottinghamForest_ManchesterUnited,1.2,2.4,0.8,1.2,2.2,0.7,1.0526315789473684,1.7894736842105263,1.3928571428571428,1.3571428571428572,1.0,1.6,1.4,1.0,1.2,1.6,1.3859649122807018,1.1929824561403508,1.0714285714285714,1.5,-0.5999999999999999,0.19999999999999996
E0,2023-12-31,Tottenham Hotspur,Bournemouth,3,1,H,1,0,12,24,6,4,4,13,3,3,0,0,S Hooper,2324,E0_2324.csv,4,2,Home Win,20231231_TottenhamHotspur_Bournemouth,2.2,1.6,1.8,1.9,2.0,1.3,1.912280701754386,1.5964912280701755,1.9285714285714286,1.3214285714285714,2.6,0.8,2.6,2.2,1.4,2.2,1.1428571428571428,1.8392857142857142,1.1785714285714286,2.25,-0.8,-0.3999999999999999
E0,2023-12-31,Fulham,Arsenal,2,1,H,1,1,15,13,4,3,5,4,4,1,0,0,J Smith,2324,E0_2324.csv,3,1,Home Win,20231231_Fulham_Arsenal,2.0,1.6,1.2,1.8,1.9,1.0,1.4210526315789473,1.5263157894736843,1.7142857142857142,1.4285714285714286,1.4,1.4,1.4,1.8,1.0,1.9,2.175438596491228,1.0701754385964912,1.75,0.9285714285714286,-0.19999999999999996,0.6000000000000001
E0,2024-01-01,Liverpool,Newcastle United,4,2,H,0,0,34,5,15,3,7,3,3,5,0,0,A Taylor,2324,E0_2324.csv,6,2,Home Win,20240101_Liverpool_NewcastleUnited,1.4,0.4,2.2,1.9,0.7,2.2,2.0,1.105263157894737,2.4285714285714284,0.8214285714285714,1.0,2.2,0.6,1.3,1.6,1.3,1.8421052631578947,1.0175438596491229,1.6428571428571428,1.3214285714285714,1.6,0.3999999999999999
E0,2024-01-02,West Ham United,Brighton,0,0,D,0,0,6,22,2,8,2,0,1,0,0,0,S Barrott,2324,E0_2324.csv,0,0,Draw,20240102_WestHamUnited_Brighton,1.8,1.2,2.4,1.7,1.4,1.9,1.3157894736842106,1.4912280701754386,1.5357142857142858,1.2142857142857142,1.6,1.4,1.6,1.6,1.5,1.4,1.9298245614035088,1.5087719298245614,1.8214285714285714,1.8214285714285714,0.7999999999999998,0.19999999999999996
E0,2024-01-12,Burnley,Luton,1,1,D,1,0,13,14,7,5,2,8,1,0,0,0,T Harrington,2324,E0_2324.csv,2,0,Draw,20240112_Burnley_Luton,1.0,1.6,0.8,1.2,1.6,0.7,1.0,2.05,1.0,2.4,2.0,2.2,1.2,1.5,2.0,1.0,1.2105263157894737,1.9473684210526316,1.1111111111111112,2.2222222222222223,-0.3999999999999999,-1.0
E0,2024-01-13,Chelsea,Fulham,1,0,H,1,0,17,14,3,4,6,4,5,1,0,0,A Taylor,2324,E0_2324.csv,1,1,Home Win,20240113_Chelsea_Fulham,1.6,1.4,1.8,2.1,2.0,1.6,1.2413793103448276,1.3448275862068966,1.2758620689655173,1.1379310344827587,1.4,1.8,1.2,1.9,1.9,1.2,1.4310344827586208,1.5172413793103448,1.1379310344827587,1.6206896551724137,0.6000000000000001,0.20000000000000018
E0,2024-01-13,Newcastle United,Manchester City,2,3,A,2,1,12,27,5,11,3,13,1,2,0,0,C Kavanagh,2324,E0_2324.csv,5,-1,Away Win,20240113_NewcastleUnited_ManchesterCity,1.4,2.4,0.6,1.3,1.8,1.2,1.8448275862068966,1.0689655172413792,2.0344827586206895,0.7241379310344828,1.8,1.0,2.0,2.6,1.4,1.9,2.43859649122807,0.9473684210526315,1.896551724137931,0.9655172413793104,-1.4,-0.40000000000000013
E0,2024-01-14,Everton,Aston Villa,0,0,D,0,0,10,16,2,5,4,5,1,4,0,0,D Coote,2324,E0_2324.csv,0,0,Draw,20240114_Everton_AstonVilla,1.2,1.6,1.2,1.4,1.4,1.6,1.0,1.4655172413793103,0.9310344827586207,1.3448275862068966,1.8,1.4,2.0,1.7,1.3,2.0,1.6206896551724137,1.2586206896551724,1.103448275862069,1.5172413793103448,-0.8,-0.6000000000000001
E0,2024-01-14,Manchester United,Tottenham Hotspur,2,2,D,2,1,9,16,2,6,8,13,2,1,0,0,J Brooks,2324,E0_2324.csv,4,0,Draw,20240114_ManchesterUnited_TottenhamHotspur,0.8,1.8,0.8,1.1,1.1,1.6,1.3793103448275863,1.206896551724138,1.6896551724137931,0.896551724137931,2.6,1.4,2.4,2.0,2.0,1.3,1.9310344827586208,1.5862068965517242,1.896551724137931,1.8620689655172413,-1.5999999999999999,-1.8
E0,2024-01-20,Arsenal,Crystal Palace,5,0,H,2,0,21,12,6,5,6,7,0,0,0,0,P Tierney,2324,E0_2324.csv,5,5,Home Win,20240120_Arsenal_CrystalPalace,0.8,1.2,0.8,1.4,1.2,1.6,2.1551724137931036,1.0862068965517242,2.586206896551724,1.206896551724138,1.6,1.6,1.0,1.4,1.6,0.9,1.0689655172413792,1.3448275862068966,1.0344827586206897,1.4137931034482758,-0.19999999999999996,-0.8
E0,2024-01-20,Brentford,Nottingham Forest,3,2,H,1,1,11,12,5,3,6,4,1,3,0,0,D England,2324,E0_2324.csv,5,1,Home Win,20240120_Brentford_NottinghamForest,0.8,2.4,0.0,1.2,1.9,0.9,1.4736842105263157,1.3508771929824561,1.793103448275862,1.2413793103448276,1.6,1.6,1.4,1.4,2.0,1.0,1.0689655172413792,1.7758620689655173,0.7241379310344828,2.206896551724138,-1.4,-0.8
E0,2024-01-21,Sheffield United,West Ham United,2,2,D,1,1,21,16,6,5,4,1,3,1,1,1,M Salisbury,2324,E0_2324.csv,4,0,Draw,20240121_SheffieldUnited_WestHamUnited,0.8,1.6,0.8,0.8,2.0,0.8,0.75,2.45,1.0,2.4,1.4,1.0,2.0,1.7,1.3,2.0,1.293103448275862,1.4655172413793103,1.103448275862069,1.7586206896551724,-1.2,-0.5999999999999999
E0,2024-01-21,Bournemouth,Liverpool,0,4,A,0,0,11,14,1,7,8,5,1,2,0,0,A Madley,2324,E0_2324.csv,4,-4,Away Win,20240121_Bournemouth_Liverpool,2.4,1.0,2.4,2.2,1.5,2.2,1.1403508771929824,1.8596491228070176,1.1071428571428572,1.4285714285714286,1.8,0.8,2.2,2.0,0.9,2.2,2.0344827586206895,1.1206896551724137,1.5862068965517242,1.3793103448275863,0.19999999999999973,0.5999999999999999
E0,2024-01-22,Brighton,Wolverhampton Wanderers,0,0,D,0,0,11,8,4,3,8,2,1,4,0,0,C Pawson,2324,E0_2324.csv,0,0,Draw,20240122_Brighton_WolverhamptonWanderers,1.2,1.2,1.2,1.5,1.4,1.4,1.896551724137931,1.4827586206896552,2.0344827586206895,1.206896551724138,2.0,1.2,2.0,1.7,1.4,1.6,1.0517241379310345,1.5344827586206897,0.896551724137931,1.896551724137931,-0.8,-0.8
E0,2024-01-30,Nottingham Forest,Arsenal,1,2,A,0,0,9,19,3,3,2,11,0,1,0,0,S Hooper,2324,E0_2324.csv,3,-1,Away Win,20240130_NottinghamForest_Arsenal,1.8,2.0,1.2,1.4,2.3,0.7,1.0847457627118644,1.7966101694915255,1.4137931034482758,1.3448275862068966,1.8,1.0,1.4,1.9,1.1,1.9,2.2033898305084745,1.0677966101694916,1.7241379310344827,0.9655172413793104,-0.19999999999999996,0.0
E0,2024-01-30,Fulham,Everton,0,0,D,0,0,25,21,6,4,15,6,1,2,0,0,T Bramall,2324,E0_2324.csv,0,0,Draw,20240130_Fulham_Everton,0.4,2.0,0.6,1.9,1.9,1.2,1.4067796610169492,1.5084745762711864,1.7241379310344827,1.4137931034482758,0.8,1.6,0.8,1.3,1.3,1.6,0.9830508474576272,1.4406779661016949,1.0689655172413792,1.5862068965517242,-0.20000000000000007,-0.4
E0,2024-01-30,Luton,Brighton,4,0,H,3,0,18,9,8,2,7,4,2,2,0,0,R Jones,2324,E0_2324.csv,4,4,Home Win,20240130_Luton_Brighton,1.6,1.6,1.4,1.5,1.8,1.1,1.2,1.9,1.3,1.7,1.0,1.0,1.2,1.4,1.3,1.4,1.8644067796610169,1.4576271186440677,1.7586206896551724,1.7586206896551724,0.19999999999999996,0.6000000000000001
E0,2024-01-30,Crystal Palace,Sheffield United,3,2,H,2,2,12,9,4,5,11,1,1,4,0,0,T Harrington,2324,E0_2324.csv,5,1,Home Win,20240130_CrystalPalace_SheffieldUnited,1.4,2.2,1.0,1.2,2.1,0.6,1.0508474576271187,1.4067796610169492,1.103448275862069,1.2758620689655173,1.0,2.0,0.4,0.8,2.1,0.6,0.8095238095238095,2.4285714285714284,0.5,2.5,0.6,0.3999999999999999
E0,2024-01-30,Aston Villa,Newcastle United,1,3,A,0,2,12,14,6,5,8,7,4,1,0,0,J Brooks,2324,E0_2324.csv,4,-2,Away Win,20240130_AstonVilla_NewcastleUnited,1.6,1.4,1.6,1.7,1.1,2.1,1.5932203389830508,1.2372881355932204,2.1379310344827585,1.0,1.6,2.2,0.6,1.4,2.1,0.9,1.847457627118644,1.1016949152542372,1.6551724137931034,1.4137931034482758,1.0,0.0
E0,2024-01-31,Manchester City,Burnley,3,1,H,2,0,14,8,4,3,7,3,2,2,0,0,S Barrott,2324,E0_2324.csv,4,2,Home Win,20240131_ManchesterCity_Burnley,2.4,1.2,2.6,2.6,1.6,1.9,2.4482758620689653,0.9655172413793104,3.0,0.9285714285714286,1.0,1.6,0.8,1.3,1.5,0.8,1.0,2.0,1.0,1.7,1.8,1.4
E0,2024-01-31,Tottenham Hotspur,Brentford,3,2,H,0,1,19,9,5,5,5,3,2,3,0,0,D Coote,2324,E0_2324.csv,5,1,Home Win,20240131_TottenhamHotspur_Brentford,2.2,1.6,2.0,2.1,1.8,1.4,1.9322033898305084,1.5932203389830508,1.9655172413793103,1.3103448275862069,1.2,2.4,0.6,1.3,2.1,0.9,1.5,1.3620689655172413,1.1428571428571428,1.4642857142857142,1.4,1.0000000000000002
E0,2024-01-31,Liverpool,Chelsea,4,1,H,2,0,28,4,13,3,8,1,2,4,0,0,P Tierney,2324,E0_2324.csv,5,3,Home Win,20240131_Liverpool_Chelsea,2.2,0.6,2.2,2.3,0.8,2.4,2.0677966101694913,1.1016949152542372,2.4827586206896552,0.8620689655172413,1.8,1.0,2.4,1.8,1.9,1.6,1.2372881355932204,1.3220338983050848,1.206896551724138,1.5517241379310345,-0.19999999999999973,0.40000000000000013
E0,2024-02-01,West Ham United,Bournemouth,1,1,D,0,1,9,9,3,4,1,5,1,3,0,0,T Robinson,2324,E0_2324.csv,2,0,Draw,20240201_WestHamUnited_Bournemouth,1.8,0.4,2.2,1.7,1.2,2.1,1.305084745762712,1.4745762711864407,1.4827586206896552,1.1724137931034482,2.0,1.8,1.8,2.0,1.8,1.9,1.1206896551724137,1.896551724137931,1.1724137931034482,2.2758620689655173,0.40000000000000013,-0.19999999999999996
E0,2024-02-01,Wolverhampton Wanderers,Manchester United,3,4,A,0,2,16,21,7,8,4,5,2,5,0,0,J Gillett,2324,E0_2324.csv,7,-1,Away Win,20240201_WolverhamptonWanderers_ManchesterUnited,1.8,1.0,2.0,1.6,1.2,1.7,1.0338983050847457,1.5084745762711864,1.206896551724138,1.1724137931034482,1.2,1.6,1.0,1.2,1.3,1.4,1.3898305084745763,1.2203389830508475,1.0689655172413792,1.5172413793103448,1.0,0.6000000000000001
E0,2024-02-03,Sheffield United,Aston Villa,0,5,A,0,4,10,14,5,10,3,4,1,0,0,0,P Tierney,2324,E0_2324.csv,5,-5,Away Win,20240203_SheffieldUnited_AstonVilla,1.4,2.2,0.4,0.9,2.3,0.5,0.8636363636363636,2.4545454545454546,1.0909090909090908,2.3636363636363638,1.4,1.8,1.0,1.5,1.3,1.8,1.5833333333333333,1.2666666666666666,1.0666666666666667,1.4666666666666666,-0.6,0.0
E0,2024-02-03,Newcastle United,Luton,4,4,D,2,2,19,11,6,8,8,2,2,2,0,0,T Bramall,2324,E0_2324.csv,8,0,Draw,20240203_NewcastleUnited_Luton,1.6,2.4,0.6,1.7,2.0,1.2,1.8666666666666667,1.1,2.033333333333333,0.8,2.2,1.2,2.0,1.8,1.7,1.3,1.3333333333333333,1.8095238095238095,1.1,2.1,-1.4,-0.6000000000000001
E0,2024-02-03,Brighton,Crystal Palace,4,1,H,3,0,13,7,6,5,3,2,1,3,0,0,S Hooper,2324,E0_2324.csv,5,3,Home Win,20240203_Brighton_CrystalPalace,1.0,1.4,1.2,1.3,1.6,1.3,1.8333333333333333,1.5,1.9666666666666666,1.1666666666666667,1.6,2.2,1.4,1.3,2.0,0.9,1.0833333333333333,1.4166666666666667,1.0,1.5333333333333334,-0.19999999999999996,-0.6000000000000001
E0,2024-02-03,Everton,Tottenham Hotspur,2,2,D,1,2,14,9,5,6,9,5,3,0,0,0,M Oliver,2324,E0_2324.csv,4,0,Draw,20240203_Everton_TottenhamHotspur,0.4,1.6,0.4,1.0,1.1,1.4,0.9666666666666667,1.4166666666666667,0.9,1.3,2.4,2.0,2.0,2.3,1.8,1.7,1.95,1.6,1.9,1.8666666666666667,-1.6,-2.0
E0,2024-02-03,Burnley,Fulham,2,2,D,0,2,12,15,4,7,2,13,2,2,0,0,D Bond,2324,E0_2324.csv,4,0,Draw,20240203_Burnley_Fulham,1.2,1.8,0.8,1.3,1.5,0.8,1.0,2.0454545454545454,1.0,2.272727272727273,0.4,1.4,0.8,1.8,1.6,1.3,1.3833333333333333,1.4833333333333334,1.1,1.6,0.0,0.7999999999999999
E0,2024-02-04,Bournemouth,Nottingham Forest,1,1,D,1,1,9,8,2,6,11,6,3,2,1,0,R Welch,2324,E0_2324.csv,2,0,Draw,20240204_Bournemouth_NottinghamForest,1.6,2.0,1.4,2.0,1.3,2.0,1.11864406779661,1.88135593220339,1.0689655172413792,1.5172413793103448,2.0,2.0,1.2,1.3,2.2,0.7,1.0833333333333333,1.8,0.7666666666666667,2.2333333333333334,0.19999999999999996,-0.3999999999999999
E0,2024-02-04,Chelsea,Wolverhampton Wanderers,2,4,A,1,2,15,14,6,7,10,1,3,2,0,0,T Robinson,2324,E0_2324.csv,6,-2,Away Win,20240204_Chelsea_WolverhamptonWanderers,1.6,1.8,1.8,1.5,1.9,1.5,1.2333333333333334,1.3666666666666667,1.2666666666666666,1.1,2.4,1.2,2.0,1.7,1.5,1.4,1.0666666666666667,1.55,0.8666666666666667,1.8333333333333333,-0.19999999999999996,-0.7999999999999998
E0,2024-02-04,Manchester United,West Ham United,3,0,H,1,0,12,22,5,3,5,8,0,1,0,0,A Madley,2324,E0_2324.csv,3,3,Home Win,20240204_ManchesterUnited_WestHamUnited,2.0,2.2,1.4,1.5,1.6,1.4,1.4333333333333333,1.25,1.7,0.9333333333333333,1.4,0.6,1.8,1.5,1.1,1.9,1.3,1.4666666666666666,1.1333333333333333,1.7666666666666666,-0.40000000000000013,0.6000000000000001
E0,2024-02-04,Arsenal,Liverpool,3,1,H,1,1,15,10,7,1,2,4,6,2,0,1,A Taylor,2324,E0_2324.csv,4,2,Home Win,20240204_Arsenal_Liverpool,1.8,1.2,1.4,1.8,1.1,1.9,2.2,1.0666666666666667,2.6666666666666665,1.1666666666666667,3.0,0.8,2.6,2.4,0.9,2.4,2.1,1.1,1.6666666666666667,1.3333333333333333,-1.2000000000000002,-1.2
E0,2024-02-05,Brentford,Manchester City,1,3,A,1,1,9,25,3,15,8,13,1,0,0,0,J Gillett,2324,E0_2324.csv,4,-2,Away Win,20240205_Brentford_ManchesterCity,1.6,2.8,0.6,1.2,2.2,0.6,1.5084745762711864,1.3898305084745763,1.8333333333333333,1.2666666666666666,2.6,1.2,2.6,2.3,1.6,1.9,2.457627118644068,0.9661016949152542,1.9333333333333333,1.0,-2.0,-1.0
E0,2024-02-10,Wolverhampton Wanderers,Brentford,0,2,A,0,1,17,9,5,6,7,4,2,3,0,0,S Hooper,2324,E0_2324.csv,2,-2,Away Win,20240210_WolverhamptonWanderers_Brentford,2.8,1.4,2.0,1.9,1.4,1.7,1.1147540983606556,1.5573770491803278,1.2666666666666666,1.2666666666666666,1.6,3.0,0.6,1.3,2.2,0.6,1.5,1.4166666666666667,1.1724137931034482,1.5172413793103448,1.4,1.1999999999999997
E0,2024-02-10,Nottingham Forest,Newcastle United,2,3,A,2,2,13,7,3,5,4,4,1,2,0,0,A Taylor,2324,E0_2324.csv,5,-1,Away Win,20240210_NottinghamForest_NewcastleUnited,1.8,1.6,1.4,1.2,2.0,0.8,1.0819672131147542,1.7868852459016393,1.4,1.3666666666666667,2.4,3.0,0.8,1.7,2.3,1.0,1.901639344262295,1.1475409836065573,1.7,1.4,0.5999999999999999,-0.5999999999999999
E0,2024-02-10,Luton,Sheffield United,1,3,A,0,2,20,7,5,3,13,1,1,2,0,0,C Kavanagh,2324,E0_2324.csv,4,-2,Away Win,20240210_Luton_SheffieldUnited,2.8,2.0,1.6,2.2,2.0,1.4,1.4545454545454546,1.9090909090909092,1.5454545454545454,1.5454545454545454,1.2,3.0,0.2,0.8,2.5,0.5,0.8260869565217391,2.5652173913043477,0.6363636363636364,2.5454545454545454,1.4000000000000001,1.5999999999999999
E0,2024-02-10,Tottenham Hotspur,Brighton,2,1,H,0,1,16,6,6,3,9,6,2,3,0,0,S Barrott,2324,E0_2324.csv,3,1,Home Win,20240210_TottenhamHotspur_Brighton,2.4,2.2,1.6,2.4,1.8,1.8,1.9508196721311475,1.6065573770491803,2.0,1.3333333333333333,1.6,1.4,1.6,1.4,1.5,1.3,1.8688524590163935,1.4918032786885247,1.7,1.8333333333333333,0.0,0.7999999999999998
E0,2024-02-10,Fulham,Bournemouth,3,1,H,2,0,7,25,6,4,1,14,1,2,0,0,D England,2324,E0_2324.csv,4,2,Home Win,20240210_Fulham_Bournemouth,0.8,1.4,1.0,1.7,1.6,1.1,1.3934426229508197,1.4918032786885247,1.6666666666666667,1.3666666666666667,1.2,1.8,1.0,1.9,1.4,1.8,1.1166666666666667,1.8666666666666667,1.1666666666666667,2.2333333333333334,0.0,-0.3999999999999999
E0,2024-02-10,Manchester City,Everton,2,0,H,0,0,19,5,3,1,9,0,0,2,0,0,J Brooks,2324,E0_2324.csv,2,2,Home Win,20240210_ManchesterCity_Everton,2.8,1.0,3.0,2.2,1.3,2.1,2.466666666666667,0.9666666666666667,3.0,0.9310344827586207,0.6,1.6,0.6,1.2,1.0,1.5,0.9836065573770492,1.4262295081967213,1.0333333333333334,1.5333333333333334,2.4,2.1999999999999997
E0,2024-02-10,Liverpool,Burnley,3,1,H,1,1,25,9,10,4,9,3,3,2,0,0,T Robinson,2324,E0_2324.csv,4,2,Home Win,20240210_Liverpool_Burnley,3.0,1.2,2.4,2.4,1.1,2.3,2.081967213114754,1.1311475409836065,2.533333333333333,0.8666666666666667,1.2,2.2,0.4,1.4,1.5,0.9,1.0434782608695652,2.0434782608695654,1.0,1.8181818181818181,2.0,1.8
E0,2024-02-11,West Ham United,Arsenal,0,6,A,0,4,5,25,1,12,2,6,4,0,0,0,C Pawson,2324,E0_2324.csv,6,-6,Away Win,20240211_WestHamUnited_Arsenal,1.0,1.2,1.2,1.3,1.3,1.6,1.278688524590164,1.4918032786885247,1.4666666666666666,1.1666666666666667,2.2,1.2,1.8,2.0,1.2,1.9,2.2131147540983607,1.0655737704918034,1.7333333333333334,0.9666666666666667,-0.6000000000000001,-1.2000000000000002
E0,2024-02-11,Aston Villa,Manchester United,1,2,A,0,1,23,17,10,5,10,8,3,2,0,0,R Jones,2324,E0_2324.csv,3,-1,Away Win,20240211_AstonVilla_ManchesterUnited,2.2,1.6,1.4,1.8,1.2,1.8,1.639344262295082,1.2459016393442623,2.1,1.0666666666666667,2.6,1.8,2.0,1.5,1.6,1.4,1.459016393442623,1.2295081967213115,1.1666666666666667,1.5666666666666667,-0.6000000000000001,-0.3999999999999999
E0,2024-02-12,Crystal Palace,Chelsea,1,3,A,1,0,13,14,4,5,1,7,2,2,0,0,M Oliver,2324,E0_2324.csv,4,-2,Away Win,20240212_CrystalPalace_Chelsea,1.6,2.8,1.2,1.3,2.2,0.9,1.0819672131147542,1.459016393442623,1.1666666666666667,1.3,1.8,2.2,1.8,1.6,1.9,1.5,1.2459016393442623,1.4098360655737705,1.2,1.6333333333333333,-0.6000000000000001,-0.19999999999999996
E0,2024-02-17,Newcastle United,Bournemouth,2,2,D,0,0,17,12,5,7,4,2,1,3,0,0,M Salisbury,2324,E0_2324.csv,4,0,Draw,20240217_NewcastleUnited_Bournemouth,2.8,2.8,1.4,1.9,2.5,1.0,1.9193548387096775,1.1612903225806452,2.096774193548387,0.9032258064516129,0.8,2.4,0.4,1.7,1.6,1.5,1.1147540983606556,1.8852459016393444,1.1612903225806452,2.2580645161290325,0.9999999999999999,1.9999999999999998
E0,2024-02-17,Manchester City,Chelsea,1,1,D,0,1,31,9,5,6,12,1,1,3,0,0,A Madley,2324,E0_2324.csv,2,0,Draw,20240217_ManchesterCity_Chelsea,2.6,0.8,3.0,2.3,1.2,2.3,2.459016393442623,0.9508196721311475,2.966666666666667,0.9,2.0,2.2,1.8,1.6,1.8,1.5,1.2741935483870968,1.403225806451613,1.2580645161290323,1.6129032258064515,1.2,0.6000000000000001
E0,2024-02-17,Tottenham Hotspur,Wolverhampton Wanderers,1,2,A,0,1,15,12,4,7,10,4,0,1,0,0,A Taylor,2324,E0_2324.csv,3,-1,Away Win,20240217_TottenhamHotspur_WolverhamptonWanderers,2.4,1.6,2.2,2.3,1.6,2.0,1.9516129032258065,1.596774193548387,2.0,1.3225806451612903,2.0,1.6,1.4,1.8,1.4,1.7,1.096774193548387,1.564516129032258,0.967741935483871,1.8387096774193548,0.8000000000000003,0.3999999999999999
E0,2024-02-17,Nottingham Forest,West Ham United,2,0,H,1,0,19,10,8,3,5,3,4,4,0,1,T Bramall,2324,E0_2324.csv,2,2,Home Win,20240217_NottinghamForest_WestHamUnited,1.6,2.0,0.8,1.4,2.2,0.8,1.096774193548387,1.8064516129032258,1.4193548387096775,1.4193548387096775,0.6,2.4,0.6,1.2,1.8,1.5,1.2580645161290323,1.564516129032258,1.096774193548387,1.8064516129032258,0.20000000000000007,1.0
E0,2024-02-17,Fulham,Aston Villa,1,2,A,0,1,15,12,4,3,4,4,5,2,0,0,L Smith,2324,E0_2324.csv,3,-1,Away Win,20240217_Fulham_AstonVilla,1.4,1.0,1.6,1.7,1.3,1.4,1.4193548387096775,1.4838709677419355,1.7096774193548387,1.3548387096774193,2.0,1.4,1.4,1.7,1.2,1.7,1.6290322580645162,1.2580645161290323,1.1935483870967742,1.4193548387096775,0.20000000000000018,-0.6000000000000001
E0,2024-02-17,Burnley,Arsenal,0,5,A,0,2,8,16,0,7,4,6,2,1,0,0,J Gillett,2324,E0_2324.csv,5,-5,Away Win,20240217_Burnley_Arsenal,1.4,2.4,0.4,1.0,1.8,0.6,1.0416666666666667,2.0833333333333335,1.0833333333333333,2.25,3.4,0.8,2.4,2.4,1.1,1.9,2.274193548387097,1.0483870967741935,1.8709677419354838,0.9354838709677419,-2.0,-2.0
E0,2024-02-17,Brentford,Liverpool,1,4,A,0,1,15,15,6,8,1,6,2,1,0,0,M Oliver,2324,E0_2324.csv,5,-3,Away Win,20240217_Brentford_Liverpool,1.8,2.2,1.2,1.5,2.1,0.9,1.5081967213114753,1.3934426229508197,1.8064516129032258,1.3225806451612903,3.2,1.4,2.4,2.3,0.9,2.3,2.096774193548387,1.1290322580645162,1.6451612903225807,1.3870967741935485,-1.2,-1.4000000000000001
E0,2024-02-18,Sheffield United,Brighton,0,5,A,0,2,6,24,1,10,5,10,1,4,1,0,S Attwell,2324,E0_2324.csv,5,-5,Away Win,20240218_SheffieldUnited_Brighton,1.4,2.6,0.8,1.1,2.1,0.8,0.9166666666666666,2.5,1.0,2.5833333333333335,1.0,1.4,1.0,1.3,1.4,1.3,1.8548387096774193,1.5,1.6774193548387097,1.8387096774193548,-0.19999999999999996,0.3999999999999999
E0,2024-02-18,Luton,Manchester United,1,2,A,1,2,22,21,4,9,8,6,3,5,0,0,D Coote,2324,E0_2324.csv,3,-1,Away Win,20240218_Luton_ManchesterUnited,2.4,2.2,1.0,2.1,2.2,1.1,1.434782608695652,1.9565217391304348,1.5,1.6666666666666667,2.4,1.6,2.0,1.7,1.6,1.7,1.467741935483871,1.2258064516129032,1.1935483870967742,1.5483870967741935,-1.0,0.0
E0,2024-02-19,Everton,Crystal Palace,1,1,D,0,0,19,10,4,4,3,6,0,2,0,0,P Tierney,2324,E0_2324.csv,2,0,Draw,20240219_Everton_CrystalPalace,0.4,1.4,0.6,1.1,1.2,1.2,0.967741935483871,1.435483870967742,0.9354838709677419,1.3225806451612903,1.6,3.0,1.2,1.3,2.4,0.8,1.0806451612903225,1.4838709677419355,1.0,1.6129032258064515,-0.6,-1.2000000000000002
E0,2024-02-20,Manchester City,Brentford,1,0,H,0,0,25,6,11,2,10,1,2,4,0,0,D England,2324,E0_2324.csv,1,1,Home Win,20240220_ManchesterCity_Brentford,2.4,1.0,2.6,2.1,1.0,2.3,2.435483870967742,0.9516129032258065,2.903225806451613,0.9032258064516129,1.8,2.4,1.2,1.3,2.4,0.6,1.5,1.435483870967742,1.2,1.4666666666666666,1.4000000000000001,0.5999999999999999
E0,2024-02-21,Liverpool,Luton,4,1,H,0,1,29,12,13,3,13,4,1,4,0,0,A Madley,2324,E0_2324.csv,5,3,Home Win,20240221_Liverpool_Luton,3.2,1.2,2.4,2.5,1.0,2.3,2.126984126984127,1.126984126984127,2.5483870967741935,0.8709677419354839,2.2,2.0,1.0,2.1,2.1,1.1,1.4166666666666667,1.9583333333333333,1.3636363636363635,2.272727272727273,1.4,1.0
E0,2024-02-24,Arsenal,Newcastle United,4,1,H,2,0,18,3,8,2,9,0,1,0,0,0,P Tierney,2324,E0_2324.csv,5,3,Home Win,20240224_Arsenal_NewcastleUnited,4.2,0.4,3.0,2.5,0.8,1.9,2.3174603174603177,1.0317460317460319,2.6774193548387095,1.1612903225806452,2.8,2.4,1.6,2.1,2.4,1.1,1.9206349206349207,1.1746031746031746,1.7419354838709677,1.4193548387096775,1.4,1.4000000000000004
E0,2024-02-24,Manchester United,Fulham,1,2,A,0,0,21,17,9,5,10,9,2,5,0,0,M Oliver,2324,E0_2324.csv,3,-1,Away Win,20240224_ManchesterUnited_Fulham,2.6,1.4,2.6,1.7,1.6,1.7,1.4761904761904763,1.2222222222222223,1.7419354838709677,0.9032258064516129,1.2,1.2,1.0,1.3,1.5,1.1,1.4126984126984128,1.492063492063492,1.1290322580645162,1.6129032258064515,1.6,1.4000000000000001
E0,2024-02-24,Bournemouth,Manchester City,0,1,A,0,1,13,15,4,6,3,8,2,2,0,0,J Gillett,2324,E0_2324.csv,1,-1,Away Win,20240224_Bournemouth_ManchesterCity,1.0,2.2,0.6,1.7,1.6,1.5,1.1290322580645162,1.8870967741935485,1.0666666666666667,1.5,2.0,0.6,2.6,2.2,0.9,2.6,2.4126984126984126,0.9365079365079365,1.967741935483871,1.0,-2.0,-1.0
E0,2024-02-24,Brighton,Everton,1,1,D,0,0,23,6,7,3,11,3,2,3,1,0,T Harrington,2324,E0_2324.csv,2,0,Draw,20240224_Brighton_Everton,2.0,1.4,1.4,1.6,1.3,1.3,1.9047619047619047,1.4761904761904763,2.032258064516129,1.1612903225806452,0.6,1.0,0.8,0.9,1.3,1.0,0.9682539682539683,1.4285714285714286,1.0,1.5483870967741935,0.5999999999999999,1.4
E0,2024-02-24,Crystal Palace,Burnley,3,0,H,0,0,15,2,6,0,12,3,3,1,0,1,L Smith,2324,E0_2324.csv,3,3,Home Win,20240224_CrystalPalace_Burnley,1.2,3.0,0.8,1.4,2.3,0.9,1.0793650793650793,1.4761904761904763,1.1612903225806452,1.3548387096774193,1.0,2.8,0.4,1.0,2.2,0.6,1.0,2.2,1.0,1.9166666666666667,0.4,0.19999999999999996
E0,2024-02-24,Aston Villa,Nottingham Forest,4,2,H,3,1,16,10,6,3,7,2,1,2,0,0,S Barrott,2324,E0_2324.csv,6,2,Home Win,20240224_AstonVilla_NottinghamForest,1.8,1.2,1.4,1.8,1.3,1.7,1.6349206349206349,1.253968253968254,2.064516129032258,1.096774193548387,1.6,1.8,0.8,1.6,1.7,1.1,1.1111111111111112,1.7777777777777777,0.7741935483870968,2.193548387096774,0.5999999999999999,0.19999999999999996
E0,2024-02-25,Wolverhampton Wanderers,Sheffield United,1,0,H,1,0,13,12,2,4,5,6,2,1,0,0,D Bond,2324,E0_2324.csv,1,1,Home Win,20240225_WolverhamptonWanderers_SheffieldUnited,1.8,1.8,1.4,1.9,1.5,1.7,1.1111111111111112,1.5555555555555556,1.2258064516129032,1.2903225806451613,1.4,3.2,0.8,1.1,2.4,0.8,0.88,2.6,0.8333333333333334,2.4166666666666665,0.5999999999999999,0.40000000000000013
E0,2024-02-26,West Ham United,Brentford,4,2,H,2,1,17,14,6,8,1,7,1,2,0,0,S Hooper,2324,E0_2324.csv,6,2,Home Win,20240226_WestHamUnited_Brentford,0.6,2.8,0.4,1.0,1.9,1.2,1.2380952380952381,1.5714285714285714,1.4193548387096775,1.3225806451612903,1.2,2.2,0.6,1.2,2.3,0.6,1.4761904761904763,1.4285714285714286,1.1612903225806452,1.4516129032258065,-0.19999999999999996,-0.6
E0,2024-03-02,Tottenham Hotspur,Crystal Palace,3,1,H,0,0,14,4,6,1,11,1,1,2,0,0,J Brooks,2324,E0_2324.csv,4,2,Home Win,20240302_TottenhamHotspur_CrystalPalace,2.0,1.8,1.6,2.3,1.6,2.0,1.9365079365079365,1.6031746031746033,1.96875,1.34375,1.8,2.0,1.4,1.6,2.1,1.2,1.109375,1.453125,1.0,1.59375,0.20000000000000018,0.19999999999999996
E0,2024-03-02,Nottingham Forest,Liverpool,0,1,A,0,0,8,22,2,2,3,12,2,2,0,0,P Tierney,2324,E0_2324.csv,1,-1,Away Win,20240302_NottinghamForest_Liverpool,1.6,2.0,0.8,1.7,2.0,1.0,1.125,1.8125,1.4375,1.375,3.2,1.4,2.4,2.7,1.0,2.3,2.15625,1.125,1.71875,1.375,-1.5999999999999999,-1.6
E0,2024-03-02,Newcastle United,Wolverhampton Wanderers,3,0,H,2,0,14,12,7,3,3,5,0,1,0,0,T Robinson,2324,E0_2324.csv,3,3,Home Win,20240302_NewcastleUnited_WolverhamptonWanderers,2.6,2.6,1.6,2.1,2.4,1.1,1.90625,1.21875,2.09375,0.9375,2.0,1.8,1.8,1.9,1.4,1.9,1.109375,1.53125,1.0,1.8125,-0.19999999999999996,0.6000000000000001
E0,2024-03-02,Luton,Aston Villa,2,3,A,0,2,13,12,5,8,8,6,1,4,0,0,M Oliver,2324,E0_2324.csv,5,-1,Away Win,20240302_Luton_AstonVilla,2.2,2.6,0.8,1.9,2.1,1.1,1.4,2.04,1.4615384615384615,1.6923076923076923,2.6,1.6,1.8,2.1,1.5,1.7,1.671875,1.265625,1.21875,1.40625,-1.0,-0.3999999999999999
E0,2024-03-02,Everton,West Ham United,1,3,A,0,0,22,12,11,5,4,5,1,2,0,0,C Pawson,2324,E0_2324.csv,4,-2,Away Win,20240302_Everton_WestHamUnited,0.8,1.2,0.8,0.8,1.4,0.8,0.96875,1.421875,0.9375,1.3125,1.0,2.8,0.8,1.4,1.6,1.5,1.28125,1.578125,1.0625,1.8125,0.0,-0.19999999999999996
E0,2024-03-02,Brentford,Chelsea,2,2,D,0,1,14,17,5,6,0,6,3,1,0,0,J Gillett,2324,E0_2324.csv,4,0,Draw,20240302_Brentford_Chelsea,1.2,2.4,0.6,1.4,2.6,0.6,1.484375,1.46875,1.78125,1.40625,1.6,2.0,1.4,1.6,1.7,1.6,1.2698412698412698,1.3968253968253967,1.25,1.59375,-0.7999999999999999,-0.40000000000000013
E0,2024-03-02,Fulham,Brighton,3,0,H,2,0,12,15,5,5,2,6,1,2,0,0,S Hooper,2324,E0_2324.csv,3,3,Home Win,20240302_Fulham_Brighton,1.6,1.2,1.6,1.0,1.6,1.1,1.421875,1.484375,1.6875,1.375,2.2,1.6,1.4,1.6,1.3,1.3,1.890625,1.46875,1.78125,1.78125,0.20000000000000018,-0.6000000000000001
E0,2024-03-03,Burnley,Bournemouth,0,2,A,0,1,20,10,6,3,7,2,2,4,0,0,D Coote,2324,E0_2324.csv,2,-2,Away Win,20240303_Burnley_Bournemouth,0.8,3.2,0.2,0.9,2.4,0.5,0.9615384615384616,2.230769230769231,1.0,2.4615384615384617,1.0,1.6,0.6,1.5,1.7,1.2,1.1111111111111112,1.873015873015873,1.1875,2.25,-0.39999999999999997,-0.19999999999999996
E0,2024-03-03,Manchester City,Manchester United,3,1,H,0,1,27,3,8,1,15,2,0,1,0,0,A Madley,2324,E0_2324.csv,4,2,Home Win,20240303_ManchesterCity_ManchesterUnited,1.6,0.4,2.6,2.1,0.8,2.6,2.390625,0.921875,2.84375,0.875,2.4,1.4,2.4,1.8,1.5,1.7,1.46875,1.234375,1.21875,1.53125,0.20000000000000018,-0.7999999999999998
E0,2024-03-04,Sheffield United,Arsenal,0,6,A,0,5,4,22,0,10,0,7,1,0,0,0,S Barrott,2324,E0_2324.csv,6,-6,Away Win,20240304_SheffieldUnited_Arsenal,1.0,3.0,0.6,1.0,2.5,0.5,0.8461538461538461,2.5384615384615383,0.9230769230769231,2.769230769230769,4.0,0.6,3.0,2.9,0.8,2.2,2.34375,1.03125,1.96875,0.90625,-2.4,-3.0
E0,2024-03-09,Manchester United,Everton,2,0,H,2,0,15,23,8,6,5,8,1,2,0,0,S Hooper,2324,E0_2324.csv,2,2,Home Win,20240309_ManchesterUnited_Everton,1.8,1.4,1.8,1.9,1.8,1.6,1.4615384615384615,1.2615384615384615,1.71875,0.9375,1.0,1.8,0.6,0.7,1.7,0.5,0.9692307692307692,1.4461538461538461,1.0,1.53125,1.2000000000000002,0.8
E0,2024-03-09,Bournemouth,Sheffield United,2,2,D,0,1,32,13,12,9,10,3,3,5,0,0,A Taylor,2324,E0_2324.csv,4,0,Draw,20240309_Bournemouth_SheffieldUnited,1.2,1.4,1.0,1.4,1.7,1.2,1.125,1.84375,1.032258064516129,1.4838709677419355,0.6,3.6,0.6,1.0,2.9,0.5,0.8148148148148148,2.6666666666666665,0.7692307692307693,2.3076923076923075,0.4,0.6
E0,2024-03-09,Crystal Palace,Luton,1,1,D,1,0,21,8,4,2,8,6,2,3,0,0,S Singh,2324,E0_2324.csv,2,0,Draw,20240309_CrystalPalace_Luton,1.4,2.2,0.8,1.5,2.2,1.1,1.1076923076923078,1.476923076923077,1.21875,1.3125,1.8,3.2,0.2,2.0,2.2,1.1,1.4230769230769231,2.076923076923077,1.3333333333333333,2.4166666666666665,0.6000000000000001,-0.40000000000000013
E0,2024-03-09,Wolverhampton Wanderers,Fulham,2,1,H,0,0,8,23,3,6,3,4,2,2,0,0,T Harrington,2324,E0_2324.csv,3,1,Home Win,20240309_WolverhamptonWanderers_Fulham,1.4,1.6,1.8,1.9,1.4,1.9,1.0923076923076922,1.5538461538461539,1.21875,1.25,2.2,1.2,2.0,1.3,1.3,1.4,1.4461538461538461,1.4615384615384615,1.15625,1.59375,-0.19999999999999996,-0.8000000000000003
E0,2024-03-09,Arsenal,Brentford,2,1,H,1,1,17,9,6,4,10,4,2,4,0,0,R Jones,2324,E0_2324.csv,3,1,Home Win,20240309_Arsenal_Brentford,4.8,0.4,3.0,3.3,0.8,2.2,2.4,1.0153846153846153,2.71875,1.15625,1.4,2.2,0.8,1.5,2.6,0.7,1.4923076923076923,1.476923076923077,1.1875,1.53125,2.2,3.4
E0,2024-03-10,West Ham United,Burnley,2,2,D,0,2,22,11,4,4,4,4,2,4,0,0,D England,2324,E0_2324.csv,4,0,Draw,20240310_WestHamUnited_Burnley,1.4,2.8,1.2,1.4,1.7,1.5,1.3076923076923077,1.5692307692307692,1.5,1.34375,0.6,3.0,0.2,0.9,2.4,0.5,0.9259259259259259,2.2222222222222223,0.9230769230769231,2.0,1.0,0.7999999999999999
E0,2024-03-10,Aston Villa,Tottenham Hotspur,0,4,A,0,0,10,9,1,5,6,4,0,2,1,0,C Kavanagh,2324,E0_2324.csv,4,-4,Away Win,20240310_AstonVilla_TottenhamHotspur,3.0,1.4,2.4,2.2,1.6,1.7,1.6923076923076923,1.2769230769230768,2.125,1.125,2.2,1.6,2.0,2.2,1.6,2.0,1.953125,1.59375,1.903225806451613,1.8709677419354838,0.3999999999999999,0.7999999999999998
E0,2024-03-10,Brighton,Nottingham Forest,1,0,H,1,0,10,9,3,4,6,3,4,4,0,0,M Salisbury,2324,E0_2324.csv,1,1,Home Win,20240310_Brighton_NottinghamForest,2.2,1.4,1.4,1.6,1.4,1.3,1.8615384615384616,1.4923076923076923,2.0,1.15625,1.4,1.8,0.8,1.7,1.9,1.0,1.1076923076923078,1.8,0.8125,2.25,0.5999999999999999,0.8000000000000003
E0,2024-03-10,Liverpool,Manchester City,1,1,D,0,1,19,10,6,6,7,4,0,3,0,0,M Oliver,2324,E0_2324.csv,2,0,Draw,20240310_Liverpool_ManchesterCity,2.6,1.2,2.4,2.8,1.0,2.5,2.1384615384615384,1.1076923076923078,2.59375,0.875,1.6,0.4,2.6,2.2,0.7,2.8,2.4,0.9230769230769231,1.9375,0.96875,-0.20000000000000018,1.0
E0,2024-03-11,Chelsea,Newcastle United,3,2,H,1,1,12,11,8,3,0,4,3,1,0,0,J Brooks,2324,E0_2324.csv,5,1,Home Win,20240311_Chelsea_NewcastleUnited,1.8,2.4,1.0,1.8,1.7,1.7,1.28125,1.40625,1.2903225806451613,1.1935483870967742,2.6,2.4,1.6,2.1,2.4,1.1,1.9230769230769231,1.2,1.71875,1.5,-0.6000000000000001,-0.8
E0,2024-03-13,Bournemouth,Luton,4,3,H,0,3,24,8,10,4,11,3,1,2,0,0,S Allison,2324,E0_2324.csv,7,1,Home Win,20240313_Bournemouth_Luton,1.4,1.6,1.0,1.3,1.7,1.0,1.1384615384615384,1.8461538461538463,1.0625,1.5,1.2,2.6,0.2,2.0,2.3,0.9,1.4074074074074074,2.037037037037037,1.3076923076923077,2.3076923076923075,0.8,0.19999999999999996
E0,2024-03-16,Fulham,Tottenham Hotspur,3,0,H,1,0,16,14,7,5,4,5,2,3,0,0,R Jones,2324,E0_2324.csv,3,3,Home Win,20240316_Fulham_TottenhamHotspur,2.0,1.2,1.8,1.4,1.3,1.4,1.4393939393939394,1.4696969696969697,1.7272727272727273,1.3333333333333333,2.4,1.2,2.0,2.4,1.6,2.0,1.9846153846153847,1.5692307692307692,1.96875,1.8125,-0.19999999999999996,-0.3999999999999999
E0,2024-03-16,Burnley,Brentford,2,1,H,1,0,17,9,6,5,5,4,2,4,0,1,D Bond,2324,E0_2324.csv,3,1,Home Win,20240316_Burnley_Brentford,0.6,3.0,0.2,0.9,2.6,0.3,0.9642857142857143,2.2142857142857144,0.9285714285714286,2.4285714285714284,1.2,2.6,0.2,1.5,2.4,0.7,1.4848484848484849,1.4848484848484849,1.1818181818181819,1.5454545454545454,0.0,-0.6
E0,2024-03-16,Luton,Nottingham Forest,1,1,D,0,1,10,16,4,6,6,7,1,2,0,0,D England,2324,E0_2324.csv,2,0,Draw,20240316_Luton_NottinghamForest,1.6,2.8,0.2,2.0,2.5,0.6,1.4642857142857142,2.107142857142857,1.5,1.7857142857142858,1.2,1.8,0.6,1.5,1.7,1.0,1.0909090909090908,1.7878787878787878,0.7878787878787878,2.212121212121212,-0.39999999999999997,0.40000000000000013
E0,2024-03-17,West Ham United,Aston Villa,1,1,D,1,0,13,13,5,5,7,11,3,3,0,0,J Gillett,2324,E0_2324.csv,2,0,Draw,20240317_WestHamUnited_AstonVilla,1.8,2.6,1.4,1.4,1.9,1.3,1.3181818181818181,1.5757575757575757,1.5151515151515151,1.3636363636363635,2.0,2.2,1.8,2.1,1.9,1.6,1.6666666666666667,1.3181818181818181,1.2727272727272727,1.4242424242424243,-0.40000000000000013,-0.19999999999999996
E0,2024-03-30,Aston Villa,Wolverhampton Wanderers,2,0,H,1,0,11,13,5,3,5,4,3,4,0,0,P Tierney,2324,E0_2324.csv,2,2,Home Win,20240330_AstonVilla_WolverhamptonWanderers,2.0,2.0,2.0,2.0,1.7,1.7,1.6567164179104477,1.3134328358208955,2.0606060606060606,1.2121212121212122,1.0,1.4,1.8,1.9,1.4,1.9,1.106060606060606,1.5454545454545454,0.9696969696969697,1.8484848484848484,0.19999999999999996,1.0
E0,2024-03-30,Tottenham Hotspur,Luton,2,1,H,0,1,17,7,4,3,3,6,2,4,0,0,J Gillett,2324,E0_2324.csv,3,1,Home Win,20240330_TottenhamHotspur_Luton,2.0,1.4,1.8,2.2,1.8,1.7,1.9545454545454546,1.5909090909090908,2.0,1.3333333333333333,1.6,2.6,0.4,1.9,2.3,0.7,1.4482758620689655,2.0689655172413794,1.4285714285714286,2.4285714285714284,1.4,0.3999999999999999
E0,2024-03-30,Sheffield United,Fulham,3,3,D,0,0,8,24,4,9,2,15,4,1,0,0,T Robinson,2324,E0_2324.csv,6,0,Draw,20240330_SheffieldUnited_Fulham,1.0,3.0,0.8,1.1,3.0,0.5,0.8571428571428571,2.642857142857143,0.8571428571428571,3.0,2.0,1.0,1.8,1.7,1.0,1.7,1.462686567164179,1.4477611940298507,1.1515151515151516,1.606060606060606,-1.0,-1.0
E0,2024-03-30,Brentford,Manchester United,1,1,D,0,0,31,11,5,5,14,4,2,2,0,0,S Hooper,2324,E0_2324.csv,2,0,Draw,20240330_Brentford_ManchesterUnited,1.2,2.2,0.2,1.5,2.3,0.7,1.4776119402985075,1.492537313432836,1.7878787878787878,1.4242424242424243,1.6,1.4,1.8,2.1,1.6,1.9,1.4696969696969697,1.2424242424242424,1.2121212121212122,1.5757575757575757,-1.6,-0.40000000000000013
E0,2024-03-30,Chelsea,Burnley,2,2,D,1,0,33,18,13,7,12,4,2,2,0,1,D England,2324,E0_2324.csv,4,0,Draw,20240330_Chelsea_Burnley,2.2,2.0,1.6,1.9,1.9,1.7,1.3076923076923077,1.4153846153846155,1.34375,1.21875,0.8,2.6,0.8,1.1,2.5,0.6,1.0,2.1724137931034484,1.0,2.0,0.8,1.4000000000000001
E0,2024-03-30,Bournemouth,Everton,2,1,H,0,0,11,7,4,3,9,8,1,2,0,0,S Barrott,2324,E0_2324.csv,3,1,Home Win,20240330_Bournemouth_Everton,2.0,1.6,1.6,1.4,2.0,1.0,1.1818181818181819,1.8636363636363635,1.1515151515151516,1.5454545454545454,0.6,1.8,0.4,0.6,1.7,0.5,0.9545454545454546,1.4545454545454546,0.9696969696969697,1.5454545454545454,1.2000000000000002,1.4
E0,2024-03-30,Newcastle United,West Ham United,4,3,H,1,2,24,10,9,4,3,4,1,1,1,0,R Jones,2324,E0_2324.csv,7,1,Home Win,20240330_NewcastleUnited_WestHamUnited,2.2,2.2,1.4,2.3,2.6,1.1,1.9242424242424243,1.2272727272727273,2.121212121212121,0.9090909090909091,2.0,1.6,1.6,1.3,2.0,1.1,1.3134328358208955,1.5671641791044777,1.121212121212121,1.7878787878787878,-0.20000000000000018,0.20000000000000018
E0,2024-03-30,Nottingham Forest,Crystal Palace,1,1,D,0,1,12,10,5,3,4,6,1,1,0,0,C Kavanagh,2324,E0_2324.csv,2,0,Draw,20240330_NottinghamForest_CrystalPalace,1.0,1.4,0.8,1.3,1.7,0.8,1.0895522388059702,1.7761194029850746,1.393939393939394,1.3636363636363635,1.4,1.6,1.0,1.5,2.2,1.1,1.106060606060606,1.4696969696969697,1.0,1.6363636363636365,-0.19999999999999996,-0.3999999999999999
E0,2024-03-31,Liverpool,Brighton,2,1,H,1,1,30,9,8,3,8,4,5,3,0,0,D Coote,2324,E0_2324.csv,3,1,Home Win,20240331_Liverpool_Brighton,2.6,0.8,2.6,2.8,1.0,2.5,2.121212121212121,1.106060606060606,2.5454545454545454,0.8787878787878788,1.6,1.2,1.4,1.6,1.3,1.5,1.8484848484848484,1.4696969696969697,1.7272727272727273,1.8181818181818181,1.2000000000000002,1.0
E0,2024-03-31,Manchester City,Arsenal,0,0,D,0,0,12,6,1,2,7,4,0,2,0,0,A Taylor,2324,E0_2324.csv,0,0,Draw,20240331_ManchesterCity_Arsenal,1.4,0.6,2.2,2.0,0.7,2.6,2.378787878787879,0.9242424242424242,2.8484848484848486,0.8787878787878788,4.6,0.4,3.0,3.4,0.8,2.4,2.393939393939394,1.0151515151515151,2.090909090909091,0.8787878787878788,-0.7999999999999998,-3.1999999999999997
E0,2024-04-02,Newcastle United,Everton,1,1,D,1,0,18,10,6,3,7,3,0,3,0,0,T Harrington,2324,E0_2324.csv,2,0,Draw,20240402_NewcastleUnited_Everton,2.4,2.4,1.4,2.6,2.6,1.4,1.955223880597015,1.2537313432835822,2.176470588235294,0.9705882352941176,0.8,1.8,0.4,0.6,1.6,0.5,0.9552238805970149,1.462686567164179,0.9705882352941176,1.5588235294117647,0.9999999999999999,1.5999999999999999
E0,2024-04-02,Nottingham Forest,Fulham,3,1,H,3,0,16,18,4,3,3,8,0,0,0,0,M Oliver,2324,E0_2324.csv,4,2,Home Win,20240402_NottinghamForest_Fulham,0.8,1.6,0.4,1.2,1.7,0.6,1.088235294117647,1.7647058823529411,1.3823529411764706,1.3529411764705883,2.4,1.2,2.0,1.8,1.2,1.5,1.4852941176470589,1.4705882352941178,1.2058823529411764,1.6470588235294117,-1.6,-1.5999999999999999
E0,2024-04-02,Bournemouth,Crystal Palace,1,0,H,0,0,11,3,6,2,9,2,3,2,0,0,G Scott,2324,E0_2324.csv,1,1,Home Win,20240402_Bournemouth_CrystalPalace,2.0,1.4,2.0,1.5,1.8,1.3,1.1940298507462686,1.8507462686567164,1.1764705882352942,1.5294117647058822,1.4,1.2,1.2,1.5,2.1,1.2,1.1044776119402986,1.462686567164179,1.0,1.6176470588235294,0.8,0.6000000000000001
E0,2024-04-02,Burnley,Wolverhampton Wanderers,1,1,D,1,1,13,8,6,2,7,4,0,2,0,0,T Bramall,2324,E0_2324.csv,2,0,Draw,20240402_Burnley_WolverhamptonWanderers,1.2,2.0,1.0,1.1,2.4,0.7,1.0333333333333334,2.1666666666666665,1.0,2.3333333333333335,1.0,1.4,1.8,1.5,1.5,1.6,1.0895522388059702,1.5522388059701493,0.9411764705882353,1.8529411764705883,-0.8,0.19999999999999996
E0,2024-04-02,West Ham United,Tottenham Hotspur,1,1,D,1,1,11,13,4,4,9,5,1,4,0,0,J Brooks,2324,E0_2324.csv,2,0,Draw,20240402_WestHamUnited_TottenhamHotspur,2.6,2.0,1.6,1.6,2.4,1.0,1.338235294117647,1.6029411764705883,1.5,1.3529411764705883,2.0,1.4,1.8,2.2,1.5,2.0,1.955223880597015,1.5820895522388059,1.9090909090909092,1.8484848484848484,-0.19999999999999996,0.6000000000000001
E0,2024-04-03,Brentford,Brighton,0,0,D,0,0,5,24,2,6,1,5,1,1,0,0,A Madley,2324,E0_2324.csv,0,0,Draw,20240403_Brentford_Brighton,1.4,2.2,0.4,1.3,2.2,0.5,1.4705882352941178,1.4852941176470589,1.7647058823529411,1.411764705882353,1.6,1.2,1.4,1.3,1.3,1.2,1.835820895522388,1.4776119402985075,1.7058823529411764,1.8235294117647058,-0.9999999999999999,-0.20000000000000018
E0,2024-04-03,Arsenal,Luton,2,0,H,2,0,13,5,4,1,3,1,1,1,0,0,C Pawson,2324,E0_2324.csv,2,2,Home Win,20240403_Arsenal_Luton,3.4,0.4,2.6,3.4,0.6,2.5,2.3582089552238807,1.0,2.696969696969697,1.1515151515151516,1.6,2.2,0.4,1.9,2.4,0.6,1.4333333333333333,2.066666666666667,1.4,2.4,2.2,1.7999999999999998
E0,2024-04-03,Manchester City,Aston Villa,4,1,H,2,1,25,8,11,3,2,3,1,2,0,0,D England,2324,E0_2324.csv,5,3,Home Win,20240403_ManchesterCity_AstonVilla,1.2,0.4,2.2,1.8,0.7,2.4,2.343283582089552,0.9104477611940298,2.764705882352941,0.8529411764705882,2.0,1.8,2.0,1.9,1.5,1.7,1.661764705882353,1.2941176470588236,1.2647058823529411,1.411764705882353,0.20000000000000018,-0.8
E0,2024-04-04,Chelsea,Manchester United,4,3,H,2,2,28,19,10,5,12,3,3,0,0,0,J Gillett,2324,E0_2324.csv,7,1,Home Win,20240404_Chelsea_ManchesterUnited,2.2,1.6,1.8,2.0,1.9,1.8,1.3181818181818181,1.4242424242424243,1.3636363636363635,1.2424242424242424,1.4,1.4,1.4,1.9,1.5,1.7,1.462686567164179,1.2388059701492538,1.2058823529411764,1.5588235294117647,0.40000000000000013,0.8000000000000003
E0,2024-04-04,Liverpool,Sheffield United,3,1,H,1,0,29,8,9,3,13,1,0,1,0,0,S Attwell,2324,E0_2324.csv,4,2,Home Win,20240404_Liverpool_SheffieldUnited,2.4,0.8,2.6,2.8,1.1,2.5,2.1194029850746268,1.1044776119402986,2.5294117647058822,0.8823529411764706,1.0,3.4,0.4,1.2,3.0,0.6,0.9310344827586207,2.6551724137931036,0.8571428571428571,2.2857142857142856,2.2,1.4
E0,2024-04-06,Crystal Palace,Manchester City,2,4,A,1,1,7,18,4,8,2,9,1,1,0,0,P Tierney,2324,E0_2324.csv,6,-2,Away Win,20240406_CrystalPalace_ManchesterCity,1.2,1.2,1.0,1.2,2.1,0.9,1.088235294117647,1.4558823529411764,1.2121212121212122,1.303030303030303,1.8,0.6,2.2,1.9,0.6,2.4,2.3676470588235294,0.9117647058823529,1.9090909090909092,0.9696969696969697,-1.2000000000000002,-0.6000000000000001
E0,2024-04-06,Aston Villa,Brentford,3,3,D,1,0,11,8,3,3,11,3,2,2,0,0,M Salisbury,2324,E0_2324.csv,6,0,Draw,20240406_AstonVilla_Brentford,1.4,2.2,1.4,2.0,1.9,1.6,1.6521739130434783,1.3333333333333333,2.0588235294117645,1.1764705882352942,1.0,1.4,0.6,1.1,1.9,0.6,1.4492753623188406,1.463768115942029,1.1764705882352942,1.5588235294117647,0.7999999999999999,0.3999999999999999
E0,2024-04-06,Everton,Burnley,1,0,H,1,0,12,6,3,1,3,5,2,1,0,1,M Oliver,2324,E0_2324.csv,1,1,Home Win,20240406_Everton_Burnley,0.8,1.8,0.4,0.7,1.4,0.6,0.9558823529411765,1.4558823529411764,0.9393939393939394,1.3636363636363635,1.4,1.6,1.2,1.1,2.4,0.7,1.032258064516129,2.129032258064516,1.0666666666666667,2.0,-0.7999999999999999,-0.5999999999999999
E0,2024-04-06,Fulham,Newcastle United,0,1,A,0,0,14,12,4,5,14,3,1,2,0,0,S Allison,2324,E0_2324.csv,1,-1,Away Win,20240406_Fulham_NewcastleUnited,2.2,1.6,1.4,1.9,1.4,1.5,1.4782608695652173,1.4927536231884058,1.7647058823529411,1.2941176470588236,2.2,2.2,1.4,2.5,2.3,1.5,1.9411764705882353,1.25,1.7272727272727273,1.5454545454545454,0.0,0.0
E0,2024-04-06,Luton,Bournemouth,2,1,H,0,0,19,8,9,1,7,2,0,0,0,0,A Madley,2324,E0_2324.csv,3,1,Home Win,20240406_Luton_Bournemouth,1.2,2.0,0.4,1.5,2.6,0.3,1.3870967741935485,2.064516129032258,1.4666666666666666,1.7333333333333334,2.2,1.2,2.6,1.6,1.4,1.6,1.1911764705882353,1.8235294117647058,1.2121212121212122,2.1818181818181817,-2.2,-1.0000000000000002
E0,2024-04-06,Wolverhampton Wanderers,West Ham United,1,2,A,1,0,14,11,7,4,4,4,5,2,0,0,T Harrington,2324,E0_2324.csv,3,-1,Away Win,20240406_WolverhamptonWanderers_WestHamUnited,0.8,1.4,1.4,1.3,1.6,1.4,1.088235294117647,1.5441176470588236,1.2424242424242424,1.2424242424242424,2.0,1.8,1.2,1.5,2.3,1.0,1.3333333333333333,1.5942028985507246,1.1764705882352942,1.8529411764705883,0.19999999999999996,-1.2
E0,2024-04-06,Brighton,Arsenal,0,3,A,0,1,10,20,2,7,8,7,1,2,0,0,J Brooks,2324,E0_2324.csv,3,-3,Away Win,20240406_Brighton_Arsenal,0.6,1.2,1.0,1.3,1.3,1.2,1.8088235294117647,1.4558823529411764,1.9696969696969697,1.121212121212121,2.8,0.4,2.6,3.5,0.4,2.8,2.3529411764705883,0.9852941176470589,2.0294117647058822,0.8529411764705882,-1.6,-2.1999999999999997
E0,2024-04-07,Tottenham Hotspur,Nottingham Forest,3,1,H,1,1,17,13,7,6,12,2,2,3,0,0,S Hooper,2324,E0_2324.csv,4,2,Home Win,20240407_TottenhamHotspur_NottinghamForest,2.0,1.2,2.0,2.0,1.5,1.8,1.9411764705882353,1.5735294117647058,2.0,1.3235294117647058,1.0,1.0,1.0,1.3,1.5,0.9,1.1159420289855073,1.7536231884057971,0.7941176470588235,2.176470588235294,1.0,1.0
E0,2024-04-07,Sheffield United,Chelsea,2,2,D,1,1,11,6,6,3,7,6,4,2,0,0,R Jones,2324,E0_2324.csv,4,0,Draw,20240407_SheffieldUnited_Chelsea,1.2,3.0,0.4,1.3,3.1,0.6,0.9333333333333333,2.6666666666666665,1.0,3.0,2.4,2.0,1.8,2.2,2.1,1.8,1.3582089552238805,1.4477611940298507,1.2727272727272727,1.606060606060606,-1.4,-1.2
E0,2024-04-07,Manchester United,Liverpool,2,2,D,0,1,9,28,5,7,6,11,5,2,0,0,A Taylor,2324,E0_2324.csv,4,0,Draw,20240407_ManchesterUnited_Liverpool,1.6,2.0,0.8,2.1,1.7,1.7,1.4852941176470589,1.2794117647058822,1.7272727272727273,0.9090909090909091,2.2,0.8,2.6,2.7,1.0,2.5,2.1323529411764706,1.1029411764705883,1.696969696969697,1.3333333333333333,-1.8,-0.6000000000000001
E0,2024-04-13,Newcastle United,Tottenham Hotspur,4,0,H,2,0,18,11,5,2,16,3,0,4,0,0,T Robinson,2324,E0_2324.csv,4,4,Home Win,20240413_NewcastleUnited_TottenhamHotspur,2.2,1.4,2.0,2.4,2.0,1.8,1.9275362318840579,1.2318840579710144,2.142857142857143,0.9714285714285714,2.0,1.2,2.0,2.1,1.4,2.0,1.9565217391304348,1.565217391304348,1.8823529411764706,1.8235294117647058,0.0,0.20000000000000018
E0,2024-04-13,Brentford,Sheffield United,2,0,H,0,0,9,8,5,2,3,6,3,1,0,0,S Barrott,2324,E0_2324.csv,2,2,Home Win,20240413_Brentford_SheffieldUnited,1.2,1.6,0.6,1.3,1.9,0.7,1.4714285714285715,1.4857142857142858,1.7142857142857142,1.3714285714285714,1.6,3.2,0.6,1.3,3.1,0.6,0.967741935483871,2.6451612903225805,0.8666666666666667,2.3333333333333335,0.0,-0.40000000000000013
E0,2024-04-13,Burnley,Brighton,1,1,D,0,0,11,20,3,8,4,5,1,2,0,0,S Hooper,2324,E0_2324.csv,2,0,Draw,20240413_Burnley_Brighton,1.4,1.4,1.2,1.0,2.2,0.7,1.0,2.09375,1.0,2.25,0.4,1.6,0.8,1.3,1.6,1.1,1.7826086956521738,1.4782608695652173,1.6571428571428573,1.7714285714285714,0.3999999999999999,0.9999999999999999
E0,2024-04-13,Manchester City,Luton,5,1,H,1,0,33,4,13,2,12,1,1,0,0,0,J Brooks,2324,E0_2324.csv,6,4,Home Win,20240413_ManchesterCity_Luton,2.4,1.0,2.2,2.0,0.7,2.4,2.391304347826087,0.927536231884058,2.8,0.8571428571428571,1.4,2.0,0.8,1.3,2.3,0.5,1.40625,2.03125,1.3125,2.375,1.4000000000000001,1.0
E0,2024-04-13,Nottingham Forest,Wolverhampton Wanderers,2,2,D,1,1,18,11,9,4,10,1,2,3,0,0,C Pawson,2324,E0_2324.csv,4,0,Draw,20240413_NottinghamForest_WolverhamptonWanderers,1.2,1.4,1.0,1.3,1.6,0.9,1.1142857142857143,1.7714285714285714,1.4285714285714286,1.3428571428571427,0.8,1.8,0.8,1.4,1.8,1.3,1.0869565217391304,1.5507246376811594,0.9428571428571428,1.8285714285714285,0.19999999999999996,0.3999999999999999
E0,2024-04-13,Bournemouth,Manchester United,2,2,D,2,1,20,8,5,2,7,2,4,0,0,0,T Harrington,2324,E0_2324.csv,4,0,Draw,20240413_Bournemouth_ManchesterUnited,2.0,1.6,2.0,1.6,1.5,1.5,1.1884057971014492,1.826086956521739,1.1714285714285715,1.4857142857142858,1.8,2.0,1.0,2.1,1.7,1.7,1.4927536231884058,1.289855072463768,1.2571428571428571,1.6285714285714286,1.0,0.19999999999999996
E0,2024-04-14,Liverpool,Crystal Palace,0,1,A,0,1,21,8,6,5,11,1,1,1,0,0,C Kavanagh,2324,E0_2324.csv,1,-1,Away Win,20240414_Liverpool_CrystalPalace,1.8,1.0,2.2,2.5,1.2,2.3,2.130434782608696,1.1159420289855073,2.5428571428571427,0.8857142857142857,1.0,2.0,0.4,1.4,2.0,0.9,1.1014492753623188,1.4927536231884058,0.9714285714285714,1.6,1.8000000000000003,0.8
E0,2024-04-14,West Ham United,Fulham,0,2,A,0,1,15,18,4,10,8,3,1,2,0,0,S Attwell,2324,E0_2324.csv,2,-2,Away Win,20240414_WestHamUnited_Fulham,1.8,1.8,1.2,1.6,2.3,1.2,1.3428571428571427,1.5857142857142856,1.4857142857142858,1.3428571428571427,1.6,1.8,0.8,1.9,1.5,1.4,1.457142857142857,1.4857142857142858,1.2,1.6857142857142857,0.3999999999999999,0.19999999999999996
E0,2024-04-14,Arsenal,Aston Villa,0,2,A,0,0,18,11,4,2,4,6,3,1,0,0,D Coote,2324,E0_2324.csv,2,-2,Away Win,20240414_Arsenal_AstonVilla,2.6,0.2,2.6,3.3,0.4,2.8,2.36231884057971,0.9710144927536232,2.676470588235294,1.1176470588235294,1.4,2.4,1.0,2.2,1.9,1.7,1.6714285714285715,1.3571428571428572,1.2571428571428571,1.4857142857142858,1.6,1.2000000000000002
E0,2024-04-15,Chelsea,Everton,6,0,H,4,0,14,10,10,2,4,8,1,4,0,0,P Tierney,2324,E0_2324.csv,6,6,Home Win,20240415_Chelsea_Everton,2.6,2.2,1.8,2.1,2.1,1.6,1.3676470588235294,1.4558823529411764,1.4411764705882353,1.2941176470588236,0.8,1.6,0.8,0.8,1.4,0.8,0.9565217391304348,1.434782608695652,0.9714285714285714,1.542857142857143,1.0,1.8
E0,2024-04-20,Wolverhampton Wanderers,Arsenal,0,2,A,0,1,5,24,3,9,1,2,3,2,0,0,P Tierney,2324,E0_2324.csv,2,-2,Away Win,20240420_WolverhamptonWanderers_Arsenal,1.2,1.6,1.0,1.3,1.6,1.4,1.1,1.5571428571428572,1.2352941176470589,1.2647058823529411,1.4,0.6,2.0,3.1,0.5,2.5,2.3285714285714287,0.9857142857142858,2.057142857142857,0.8285714285714286,-1.0,-0.19999999999999996
E0,2024-04-20,Sheffield United,Burnley,1,4,A,0,2,18,16,11,9,11,2,1,0,0,0,A Madley,2324,E0_2324.csv,5,-3,Away Win,20240420_SheffieldUnited_Burnley,1.6,2.4,0.6,1.1,3.0,0.6,0.9375,2.625,1.0625,2.9375,1.2,1.2,1.2,0.9,2.1,0.7,1.0,2.0606060606060606,1.0,1.9375,-0.6,0.40000000000000013
E0,2024-04-20,Luton,Brentford,1,5,A,0,2,6,21,3,9,4,9,1,2,0,0,J Gillett,2324,E0_2324.csv,6,-4,Away Win,20240420_Luton_Brentford,1.0,2.2,0.8,1.3,2.5,0.5,1.393939393939394,2.121212121212121,1.5,1.6875,1.4,1.2,1.2,1.3,1.9,0.7,1.4788732394366197,1.4647887323943662,1.2285714285714286,1.6,-0.3999999999999999,-0.3999999999999999
E0,2024-04-21,Everton,Nottingham Forest,2,0,H,1,0,7,8,4,3,6,4,3,2,0,0,A Taylor,2324,E0_2324.csv,2,2,Home Win,20240421_Everton_NottinghamForest,0.6,2.2,0.8,0.8,2.0,0.7,0.9428571428571428,1.5,0.9411764705882353,1.3235294117647058,1.6,1.6,1.2,1.4,1.7,0.9,1.1267605633802817,1.7746478873239437,0.8,2.2,-0.3999999999999999,-1.0
E0,2024-04-21,Aston Villa,Bournemouth,3,1,H,1,1,14,14,4,6,8,4,1,3,0,0,T Robinson,2324,E0_2324.csv,4,2,Home Win,20240421_AstonVilla_Bournemouth,1.8,1.6,1.6,1.9,1.9,1.7,1.676056338028169,1.3380281690140845,2.085714285714286,1.2285714285714286,2.0,1.6,2.0,1.7,1.6,1.5,1.2,1.8285714285714285,1.2058823529411764,2.176470588235294,-0.3999999999999999,-0.19999999999999996
E0,2024-04-21,Crystal Palace,West Ham United,5,2,H,4,1,18,4,7,1,4,0,3,2,0,0,G Scott,2324,E0_2324.csv,7,3,Home Win,20240421_CrystalPalace_WestHamUnited,1.0,1.4,1.0,1.2,1.8,0.9,1.1,1.4714285714285715,1.2352941176470589,1.3823529411764706,1.4,1.8,1.0,1.6,2.2,1.2,1.323943661971831,1.591549295774648,1.2,1.8285714285714285,0.0,-0.3999999999999999
E0,2024-04-21,Fulham,Liverpool,1,3,A,1,1,12,14,5,7,1,4,3,0,0,0,C Pawson,2324,E0_2324.csv,4,-2,Away Win,20240421_Fulham_Liverpool,1.8,1.4,1.4,1.9,1.3,1.6,1.4647887323943662,1.4647887323943662,1.7142857142857142,1.2857142857142858,1.6,1.2,1.6,2.1,1.2,2.0,2.1,1.1142857142857143,1.7058823529411764,1.3529411764705883,-0.20000000000000018,0.19999999999999996
E0,2024-04-23,Arsenal,Chelsea,5,0,H,1,0,27,7,10,1,4,2,2,2,0,0,S Hooper,2324,E0_2324.csv,5,5,Home Win,20240423_Arsenal_Chelsea,1.4,0.4,2.0,3.0,0.4,2.5,2.323943661971831,0.971830985915493,2.6,1.1428571428571428,3.4,1.8,2.2,2.6,2.1,1.6,1.434782608695652,1.434782608695652,1.2941176470588236,1.6176470588235294,-0.20000000000000018,-2.0
E0,2024-04-24,Wolverhampton Wanderers,Bournemouth,0,1,A,0,1,15,21,4,6,8,12,4,1,0,1,S Attwell,2324,E0_2324.csv,1,-1,Away Win,20240424_WolverhamptonWanderers_Bournemouth,0.8,1.8,0.4,0.9,1.6,1.1,1.0845070422535212,1.5633802816901408,1.2,1.2857142857142858,1.4,1.6,1.4,1.7,1.6,1.5,1.1971830985915493,1.8450704225352113,1.2,2.2,-0.9999999999999999,-0.5999999999999999
E0,2024-04-24,Crystal Palace,Newcastle United,2,0,H,0,0,20,7,7,2,7,2,3,3,0,0,T Bramall,2324,E0_2324.csv,2,2,Home Win,20240424_CrystalPalace_NewcastleUnited,1.8,1.6,1.4,1.6,1.6,1.2,1.1549295774647887,1.4788732394366197,1.3428571428571427,1.4,2.4,1.4,2.0,2.5,1.9,1.8,1.957142857142857,1.2142857142857142,1.7058823529411764,1.5,-0.6000000000000001,-0.5999999999999999
E0,2024-04-24,Everton,Liverpool,2,0,H,1,0,16,23,6,7,4,13,0,3,0,0,A Madley,2324,E0_2324.csv,2,2,Home Win,20240424_Everton_Liverpool,1.0,1.8,1.4,0.8,1.8,0.9,0.9577464788732394,1.4788732394366197,0.9714285714285714,1.2857142857142858,2.0,1.2,2.0,2.3,1.0,2.3,2.112676056338028,1.1126760563380282,1.7428571428571429,1.3428571428571427,-0.6000000000000001,-1.0
E0,2024-04-24,Manchester United,Sheffield United,4,2,H,1,1,25,10,13,4,9,4,0,1,0,0,M Salisbury,2324,E0_2324.csv,6,2,Home Win,20240424_ManchesterUnited_SheffieldUnited,2.0,1.8,1.2,1.9,1.6,1.5,1.5,1.3,1.7352941176470589,0.9411764705882353,1.4,2.8,0.4,1.2,2.9,0.6,0.9393939393939394,2.6666666666666665,0.8125,2.3125,0.7999999999999999,0.6000000000000001
E0,2024-04-25,Brighton,Manchester City,0,4,A,0,3,7,14,3,6,4,4,2,0,0,0,J Gillett,2324,E0_2324.csv,4,-4,Away Win,20240425_Brighton_ManchesterCity,0.6,1.2,1.0,1.4,1.3,1.2,1.7714285714285714,1.4714285714285715,1.911764705882353,1.1764705882352942,2.8,1.0,2.2,2.2,0.7,2.4,2.4285714285714284,0.9285714285714286,1.9705882352941178,1.0,-1.2000000000000002,-2.1999999999999997
E0,2024-04-27,West Ham United,Liverpool,2,2,D,1,0,11,28,8,8,5,8,0,2,0,0,A Taylor,2324,E0_2324.csv,4,0,Draw,20240427_WestHamUnited_Liverpool,1.6,2.6,0.8,1.8,2.1,1.2,1.3333333333333333,1.6388888888888888,1.4444444444444444,1.3611111111111112,1.6,1.4,1.4,2.0,1.1,2.0,2.0833333333333335,1.125,1.6944444444444444,1.3611111111111112,-0.5999999999999999,0.0
E0,2024-04-27,Fulham,Crystal Palace,1,1,D,0,0,9,14,2,4,5,9,0,2,0,0,S Attwell,2324,E0_2324.csv,2,0,Draw,20240427_Fulham_CrystalPalace,1.4,2.0,0.8,1.7,1.5,1.3,1.4583333333333333,1.4861111111111112,1.6944444444444444,1.3333333333333333,2.0,1.4,1.8,1.7,1.3,1.5,1.1666666666666667,1.4583333333333333,0.9722222222222222,1.5555555555555556,-1.0,-0.6000000000000001
E0,2024-04-27,Manchester United,Burnley,1,1,D,0,0,27,16,10,7,6,5,1,3,0,0,J Brooks,2324,E0_2324.csv,2,0,Draw,20240427_ManchesterUnited_Burnley,2.4,2.2,1.2,2.0,1.8,1.5,1.5352112676056338,1.3098591549295775,1.8,0.9714285714285714,1.6,1.2,1.2,1.2,1.9,1.0,1.088235294117647,2.0294117647058822,1.1764705882352942,1.8823529411764706,0.0,0.7999999999999998
E0,2024-04-27,Newcastle United,Sheffield United,5,1,H,1,1,20,15,7,5,4,5,0,0,0,0,T Harrington,2324,E0_2324.csv,6,4,Home Win,20240427_NewcastleUnited_SheffieldUnited,2.0,1.2,2.0,2.1,1.7,1.7,1.9295774647887325,1.2253521126760563,2.1944444444444446,0.9444444444444444,1.2,3.0,0.2,1.1,3.2,0.3,0.9705882352941176,2.7058823529411766,0.8823529411764706,2.411764705882353,1.8,0.8
E0,2024-04-27,Wolverhampton Wanderers,Luton,2,1,H,1,0,13,9,5,6,4,4,3,1,0,0,D Coote,2324,E0_2324.csv,3,1,Home Win,20240427_WolverhamptonWanderers_Luton,0.8,1.6,0.4,0.9,1.5,1.1,1.0694444444444444,1.5555555555555556,1.1666666666666667,1.2777777777777777,1.0,3.0,0.6,1.3,2.8,0.5,1.3823529411764706,2.2058823529411766,1.2941176470588236,2.5294117647058822,-0.19999999999999996,-0.19999999999999996
E0,2024-04-27,Everton,Brentford,1,0,H,0,0,18,10,1,4,6,6,1,2,0,0,D England,2324,E0_2324.csv,1,1,Home Win,20240427_Everton_Brentford,1.2,1.4,2.0,1.0,1.6,1.2,0.9722222222222222,1.4583333333333333,1.0,1.25,2.2,1.0,1.8,1.7,1.6,1.0,1.5277777777777777,1.4583333333333333,1.3333333333333333,1.5833333333333333,0.19999999999999996,-1.0000000000000002
E0,2024-04-27,Aston Villa,Chelsea,2,2,D,2,0,9,21,4,5,2,4,3,5,0,0,C Pawson,2324,E0_2324.csv,4,0,Draw,20240427_AstonVilla_Chelsea,2.2,1.6,2.0,2.1,1.8,2.0,1.6944444444444444,1.3333333333333333,2.111111111111111,1.2222222222222223,2.8,2.4,1.6,2.5,2.2,1.6,1.4142857142857144,1.4857142857142858,1.2571428571428571,1.7142857142857142,0.3999999999999999,-0.5999999999999996
E0,2024-04-28,Bournemouth,Brighton,3,0,H,1,0,15,13,6,1,8,2,2,2,0,0,P Tierney,2324,E0_2324.csv,3,3,Home Win,20240428_Bournemouth_Brighton,1.2,1.4,1.4,1.6,1.4,1.7,1.1944444444444444,1.8194444444444444,1.1944444444444444,1.5,0.4,2.0,0.4,1.0,1.6,0.9,1.7464788732394365,1.5070422535211268,1.6388888888888888,1.75,0.9999999999999999,0.7999999999999999
E0,2024-04-28,Tottenham Hotspur,Arsenal,2,3,A,0,3,14,9,2,3,8,6,2,1,0,0,M Oliver,2324,E0_2324.csv,5,-1,Away Win,20240428_TottenhamHotspur_Arsenal,1.2,2.0,1.4,1.8,1.6,1.7,1.9285714285714286,1.6,2.0285714285714285,1.3142857142857143,2.4,0.4,2.4,2.9,0.4,2.5,2.361111111111111,0.9583333333333334,2.0555555555555554,0.8055555555555556,-1.0,-1.2
E0,2024-04-28,Nottingham Forest,Manchester City,0,2,A,0,1,14,11,2,5,4,5,0,0,0,0,S Hooper,2324,E0_2324.csv,2,-2,Away Win,20240428_NottinghamForest_ManchesterCity,1.4,1.8,1.0,1.2,1.6,0.9,1.1111111111111112,1.7777777777777777,1.4444444444444444,1.3611111111111112,3.4,0.8,2.6,2.4,0.7,2.4,2.4507042253521125,0.9154929577464789,2.0285714285714285,0.9714285714285714,-1.6,-2.0
E0,2024-05-02,Chelsea,Tottenham Hotspur,2,0,H,1,0,16,19,5,3,4,9,0,1,0,0,R Jones,2324,E0_2324.csv,2,2,Home Win,20240502_Chelsea_TottenhamHotspur,2.8,2.4,1.6,2.5,2.0,1.7,1.4225352112676057,1.4929577464788732,1.5714285714285714,1.2571428571428571,1.6,2.0,1.4,1.8,1.7,1.6,1.9295774647887325,1.619718309859155,1.8285714285714285,1.8857142857142857,0.20000000000000018,1.1999999999999997
E0,2024-05-03,Luton,Everton,1,1,D,1,1,18,10,5,3,8,7,1,3,0,0,T Robinson,2324,E0_2324.csv,2,0,Draw,20240503_Luton_Everton,1.0,3.0,0.6,1.3,2.6,0.5,1.3714285714285714,2.2,1.4705882352941178,1.8823529411764706,1.2,1.2,2.4,1.0,1.5,1.4,0.9726027397260274,1.4383561643835616,0.9444444444444444,1.6666666666666667,-1.7999999999999998,-0.19999999999999996
E0,2024-05-04,Arsenal,Bournemouth,3,0,H,1,0,25,7,9,2,6,1,2,3,0,0,D Coote,2324,E0_2324.csv,3,3,Home Win,20240504_Arsenal_Bournemouth,2.6,0.8,2.4,2.7,0.6,2.5,2.3698630136986303,0.9726027397260274,2.6666666666666665,1.1111111111111112,1.6,1.4,1.4,1.9,1.3,2.0,1.2191780821917808,1.7945205479452055,1.1944444444444444,2.138888888888889,1.0,1.0
E0,2024-05-04,Brentford,Fulham,0,0,D,0,0,7,15,3,3,7,6,1,1,0,0,G Scott,2324,E0_2324.csv,0,0,Draw,20240504_Brentford_Fulham,2.0,1.0,1.6,1.7,1.6,1.0,1.5068493150684932,1.452054794520548,1.7222222222222223,1.3333333333333333,1.0,1.6,0.8,1.7,1.4,1.4,1.452054794520548,1.4794520547945205,1.2222222222222223,1.6388888888888888,0.8,1.0
E0,2024-05-04,Burnley,Newcastle United,1,4,A,0,3,17,23,5,11,4,11,2,2,0,0,A Taylor,2324,E0_2324.csv,5,-3,Away Win,20240504_Burnley_NewcastleUnited,1.4,1.0,1.2,1.3,1.5,1.1,1.0857142857142856,2.0,1.0,2.176470588235294,2.2,0.8,2.0,2.3,1.6,1.7,1.9722222222222223,1.2222222222222223,1.6571428571428573,1.5142857142857142,-0.8,-0.8000000000000003
E0,2024-05-04,Sheffield United,Nottingham Forest,1,3,A,1,1,17,15,5,4,5,3,0,1,1,0,C Kavanagh,2324,E0_2324.csv,4,-2,Away Win,20240504_SheffieldUnited_NottinghamForest,1.2,3.4,0.2,1.2,3.2,0.3,0.9714285714285714,2.7714285714285714,1.0588235294117647,3.0,1.2,2.0,0.8,1.0,1.8,0.6,1.095890410958904,1.7808219178082192,0.7777777777777778,2.1944444444444446,-0.6000000000000001,0.0
E0,2024-05-04,Manchester City,Wolverhampton Wanderers,5,1,H,3,0,20,2,12,1,6,0,0,4,0,0,C Pawson,2324,E0_2324.csv,6,4,Home Win,20240504_ManchesterCity_WolverhamptonWanderers,3.8,0.8,3.0,2.5,0.6,2.6,2.4444444444444446,0.9027777777777778,2.861111111111111,0.8611111111111112,1.0,1.6,0.8,0.9,1.5,1.1,1.082191780821918,1.547945205479452,0.9722222222222222,1.8333333333333333,2.2,2.8
E0,2024-05-05,Brighton,Aston Villa,1,0,H,0,0,15,2,8,1,7,3,2,1,0,0,R Jones,2324,E0_2324.csv,1,1,Home Win,20240505_Brighton_AstonVilla,0.2,2.2,0.4,0.9,1.7,0.9,1.7222222222222223,1.5277777777777777,1.8571428571428572,1.2571428571428571,2.2,2.0,1.6,2.1,1.9,1.8,1.6986301369863013,1.3424657534246576,1.2777777777777777,1.4444444444444444,-1.2000000000000002,-2.0
E0,2024-05-05,Chelsea,West Ham United,5,0,H,3,0,25,13,14,2,8,6,1,3,0,0,A Madley,2324,E0_2324.csv,5,5,Home Win,20240505_Chelsea_WestHamUnited,2.4,1.8,1.6,2.4,1.9,1.7,1.4305555555555556,1.4722222222222223,1.5833333333333333,1.2222222222222223,1.4,2.2,1.0,2.0,2.1,1.3,1.3424657534246576,1.643835616438356,1.2222222222222223,1.9166666666666667,0.6000000000000001,1.0
E0,2024-05-05,Liverpool,Tottenham Hotspur,4,2,H,2,0,25,11,13,6,8,3,1,4,0,0,P Tierney,2324,E0_2324.csv,6,2,Home Win,20240505_Liverpool_TottenhamHotspur,1.4,1.6,1.0,1.8,1.2,1.8,2.0821917808219177,1.1369863013698631,2.4722222222222223,0.8888888888888888,1.2,2.2,0.8,1.6,1.8,1.3,1.9027777777777777,1.625,1.7777777777777777,1.8888888888888888,0.19999999999999996,0.19999999999999996
E0,2024-05-06,Crystal Palace,Manchester United,4,0,H,2,0,18,7,10,2,6,3,1,1,0,0,J Gillett ,2324,E0_2324.csv,4,4,Home Win,20240506_CrystalPalace_ManchesterUnited,2.2,1.4,2.0,1.7,1.3,1.5,1.1643835616438356,1.452054794520548,1.3611111111111112,1.3611111111111112,2.4,2.2,1.2,1.9,1.8,1.3,1.5277777777777777,1.3055555555555556,1.2777777777777777,1.6388888888888888,0.8,-0.19999999999999973
E0,2024-05-11,Nottingham Forest,Chelsea,2,3,A,1,1,20,12,4,5,5,6,2,3,0,0,T Harrington,2324,E0_2324.csv,5,-1,Away Win,20240511_NottinghamForest_Chelsea,1.2,2.0,0.8,1.1,1.5,0.9,1.1216216216216217,1.7702702702702702,1.4054054054054055,1.3783783783783783,3.0,1.4,2.0,2.8,1.8,1.9,1.4794520547945205,1.452054794520548,1.2777777777777777,1.7222222222222223,-1.2,-1.8
E0,2024-05-11,Wolverhampton Wanderers,Crystal Palace,1,3,A,0,2,13,13,7,3,8,3,3,2,0,1,T Bramall,2324,E0_2324.csv,4,-2,Away Win,20240511_WolverhamptonWanderers_CrystalPalace,1.0,2.2,0.8,0.9,2.0,0.8,1.0810810810810811,1.5945945945945945,1.1891891891891893,1.2702702702702702,2.6,0.6,2.6,1.8,1.3,1.5,1.2027027027027026,1.4324324324324325,0.972972972972973,1.5405405405405406,-1.8,-1.6
E0,2024-05-11,West Ham United,Luton,3,1,H,0,1,24,4,8,1,7,6,1,3,0,0,M Oliver,2324,E0_2324.csv,4,2,Home Win,20240511_WestHamUnited_Luton,1.2,3.0,0.8,1.6,2.4,1.0,1.3243243243243243,1.6891891891891893,1.4594594594594594,1.3783783783783783,1.2,2.8,0.8,1.2,2.4,0.6,1.3611111111111112,2.1666666666666665,1.2777777777777777,2.5,0.0,0.0
E0,2024-05-11,Tottenham Hotspur,Burnley,2,1,H,1,1,21,7,9,3,9,3,3,5,0,0,J Gillett,2324,E0_2324.csv,3,1,Home Win,20240511_TottenhamHotspur_Burnley,1.4,2.8,0.6,1.7,2.0,1.3,1.904109589041096,1.6575342465753424,2.0277777777777777,1.3611111111111112,1.4,1.6,1.0,1.4,1.6,1.1,1.0833333333333333,2.0555555555555554,1.1666666666666667,1.8333333333333333,-0.4,0.0
E0,2024-05-11,Fulham,Manchester City,0,4,A,0,1,1,16,1,9,1,7,1,0,1,0,A Taylor,2324,E0_2324.csv,4,-4,Away Win,20240511_Fulham_ManchesterCity,0.8,1.0,1.0,1.5,1.3,1.2,1.4324324324324325,1.4594594594594594,1.6756756756756757,1.3243243243243243,4.0,0.8,3.0,2.9,0.7,2.6,2.4794520547945207,0.9041095890410958,2.0277777777777777,0.9444444444444444,-2.0,-3.2
E0,2024-05-11,Everton,Sheffield United,1,0,H,1,0,15,13,6,1,3,6,1,2,0,0,S Attwell,2324,E0_2324.csv,1,1,Home Win,20240511_Everton_SheffieldUnited,1.2,1.4,2.0,1.0,1.5,1.4,0.972972972972973,1.4324324324324325,1.0,1.2162162162162162,1.0,3.6,0.0,1.3,3.4,0.3,0.9722222222222222,2.7777777777777777,0.8888888888888888,2.5555555555555554,2.0,0.19999999999999996
E0,2024-05-11,Bournemouth,Brentford,1,2,A,0,0,13,11,4,5,3,8,2,2,0,0,M Donohue,2324,E0_2324.csv,3,-1,Away Win,20240511_Bournemouth_Brentford,1.4,1.6,1.4,1.7,1.6,1.7,1.2027027027027026,1.8108108108108107,1.2432432432432432,1.4594594594594594,2.0,1.0,1.6,1.5,1.2,1.1,1.4864864864864864,1.4324324324324325,1.2972972972972974,1.5675675675675675,-0.20000000000000018,-0.6000000000000001
E0,2024-05-11,Newcastle United,Brighton,1,1,D,1,1,18,15,7,4,8,4,3,4,0,0,D England,2324,E0_2324.csv,2,0,Draw,20240511_NewcastleUnited_Brighton,2.8,0.8,2.4,2.5,1.5,1.9,2.0,1.2191780821917808,2.27027027027027,0.9459459459459459,0.4,2.2,0.8,0.5,1.7,0.9,1.7123287671232876,1.5068493150684932,1.5945945945945945,1.7837837837837838,1.5999999999999999,2.4
E0,2024-05-12,Manchester United,Arsenal,0,1,A,0,1,14,11,2,5,4,7,0,2,0,0,P Tierney,2324,E0_2324.csv,1,-1,Away Win,20240512_ManchesterUnited_Arsenal,1.8,2.2,1.2,1.7,2.1,1.0,1.5068493150684932,1.3424657534246576,1.7777777777777777,0.9722222222222222,2.6,0.8,2.4,2.6,0.5,2.5,2.3783783783783785,0.9594594594594594,2.081081081081081,0.8378378378378378,-1.2,-0.8
E0,2024-05-13,Aston Villa,Liverpool,3,3,D,1,2,19,14,5,7,5,4,1,1,0,0,S Hooper,2324,E0_2324.csv,6,0,Draw,20240513_AstonVilla_Liverpool,2.0,1.4,1.6,1.7,1.8,1.5,1.6756756756756757,1.337837837837838,2.108108108108108,1.2432432432432432,1.8,1.6,1.4,1.8,1.3,1.8,2.108108108108108,1.1486486486486487,1.7027027027027026,1.3783783783783783,0.20000000000000018,0.19999999999999996
E0,2024-05-14,Tottenham Hotspur,Manchester City,0,2,A,0,0,10,8,5,5,7,4,3,3,0,0,C Kavanagh,2324,E0_2324.csv,2,-2,Away Win,20240514_TottenhamHotspur_ManchesterCity,1.2,2.8,0.6,1.6,2.0,1.3,1.9054054054054055,1.6486486486486487,2.027027027027027,1.3513513513513513,4.0,0.4,3.0,3.2,0.7,2.6,2.5,0.8918918918918919,2.081081081081081,0.918918918918919,-2.4,-2.8
E0,2024-05-15,Manchester United,Newcastle United,3,2,H,1,0,17,21,8,8,9,9,3,3,0,0,R Jones,2324,E0_2324.csv,5,1,Home Win,20240515_ManchesterUnited_NewcastleUnited,1.4,2.0,1.0,1.6,2.0,1.0,1.4864864864864864,1.337837837837838,1.7297297297297298,0.972972972972973,2.8,1.0,2.0,2.5,1.2,2.0,1.9864864864864864,1.2162162162162162,1.7222222222222223,1.5,-1.0,-1.4
E0,2024-05-15,Brighton,Chelsea,1,2,A,0,1,12,13,2,6,4,6,2,2,0,1,M Salisbury,2324,E0_2324.csv,3,-1,Away Win,20240515_Brighton_Chelsea,0.6,1.8,1.0,0.5,1.7,0.9,1.7027027027027026,1.5,1.8333333333333333,1.2222222222222223,2.4,1.8,2.0,2.9,1.8,2.1,1.5,1.4594594594594594,1.3243243243243243,1.7297297297297298,-1.0,-1.7999999999999998
E0,2024-05-19,Luton,Fulham,2,4,A,1,2,15,15,6,7,4,4,5,4,0,0,M Donohue,2324,E0_2324.csv,6,-2,Away Win,20240519_Luton_Fulham,1.0,3.2,0.2,1.2,2.6,0.5,1.3513513513513513,2.189189189189189,1.4444444444444444,1.8333333333333333,0.8,1.6,1.0,1.2,1.7,0.9,1.4133333333333333,1.4933333333333334,1.1891891891891893,1.5945945945945945,-0.8,0.19999999999999996
E0,2024-05-19,Liverpool,Wolverhampton Wanderers,2,0,H,2,0,36,4,14,3,10,2,1,1,0,1,C Kavanagh,2324,E0_2324.csv,2,2,Home Win,20240519_Liverpool_WolverhamptonWanderers,2.4,2.0,1.6,2.0,1.6,1.6,2.12,1.1733333333333333,2.5135135135135136,0.918918918918919,0.8,2.4,0.6,1.0,2.0,0.8,1.08,1.6133333333333333,0.972972972972973,1.9189189189189189,1.0,1.5999999999999999
E0,2024-05-19,Manchester City,West Ham United,3,1,H,2,1,28,3,12,2,11,2,0,1,0,0,J Brooks,2324,E0_2324.csv,4,2,Home Win,20240519_ManchesterCity_WestHamUnited,3.4,0.2,3.0,3.1,0.6,2.6,2.493333333333333,0.88,2.918918918918919,0.8648648648648649,1.4,3.0,0.8,1.6,2.4,1.0,1.3466666666666667,1.68,1.1891891891891893,2.0,2.2,2.0
E0,2024-05-19,Crystal Palace,Aston Villa,5,0,H,2,0,15,8,9,2,2,4,1,4,0,0,D Bond,2324,E0_2324.csv,5,5,Home Win,20240519_CrystalPalace_AstonVilla,3.0,0.8,2.6,2.0,1.1,1.8,1.2266666666666666,1.4266666666666667,1.4324324324324325,1.3243243243243243,2.0,1.4,1.6,1.7,1.9,1.3,1.6933333333333334,1.36,1.2432432432432432,1.4324324324324325,1.0,1.0
E0,2024-05-19,Sheffield United,Tottenham Hotspur,0,3,A,0,1,6,18,1,9,2,6,2,0,0,0,A Madley,2324,E0_2324.csv,3,-3,Away Win,20240519_SheffieldUnited_TottenhamHotspur,1.0,3.4,0.0,1.3,2.9,0.3,0.9459459459459459,2.72972972972973,1.0555555555555556,3.0,1.2,2.4,0.6,1.2,2.2,1.0,1.88,1.6533333333333333,1.7837837837837838,1.945945945945946,-0.6,-0.19999999999999996
E0,2024-05-19,Burnley,Nottingham Forest,1,2,A,0,2,20,12,3,6,4,3,1,0,0,0,G Scott,2324,E0_2324.csv,3,-1,Away Win,20240519_Burnley_NottinghamForest,1.6,1.8,1.0,1.5,1.6,1.1,1.0810810810810811,2.054054054054054,1.0,2.2777777777777777,1.4,2.0,0.8,1.3,1.7,0.9,1.1333333333333333,1.7866666666666666,0.8378378378378378,2.1621621621621623,0.19999999999999996,0.20000000000000018
E0,2024-05-19,Brighton,Manchester United,0,2,A,0,0,17,11,3,4,7,5,1,3,0,0,C Pawson,2324,E0_2324.csv,2,-2,Away Win,20240519_Brighton_ManchesterUnited,0.6,2.0,0.8,0.6,1.6,0.9,1.6933333333333334,1.5066666666666666,1.8108108108108107,1.2432432432432432,1.6,2.0,1.4,1.8,1.9,1.3,1.5066666666666666,1.3466666666666667,1.2432432432432432,1.7027027027027026,-0.5999999999999999,-1.0
E0,2024-05-19,Brentford,Newcastle United,2,4,A,0,3,10,12,5,7,3,0,4,4,0,0,S Hooper,2324,E0_2324.csv,6,-2,Away Win,20240519_Brentford_NewcastleUnited,1.8,0.6,2.0,1.5,1.1,1.3,1.4933333333333334,1.4266666666666667,1.6756756756756757,1.2972972972972974,2.4,1.6,1.4,2.4,1.5,1.7,1.9866666666666666,1.24,1.7297297297297298,1.5405405405405406,0.6000000000000001,-0.5999999999999999
E0,2024-05-19,Arsenal,Everton,2,1,H,1,1,26,5,5,2,8,1,4,3,0,0,M Oliver,2324,E0_2324.csv,3,1,Home Win,20240519_Arsenal_Everton,2.8,0.4,3.0,2.1,0.5,2.5,2.36,0.9466666666666667,2.675675675675676,1.0810810810810811,1.4,0.2,2.6,1.0,1.2,1.7,0.9733333333333334,1.4133333333333333,0.9459459459459459,1.6486486486486487,0.3999999999999999,1.4
E0,2024-05-19,Chelsea,Bournemouth,2,1,H,1,0,16,22,6,5,6,5,2,3,0,0,A Taylor,2324,E0_2324.csv,3,1,Home Win,20240519_Chelsea_Bournemouth,2.8,1.0,2.6,2.8,1.7,2.1,1.5066666666666666,1.4533333333333334,1.6756756756756757,1.1891891891891893,1.2,1.6,1.2,1.6,1.6,1.6,1.2,1.8133333333333332,1.162162162162162,2.1621621621621623,1.4000000000000001,1.5999999999999999
,2024-08-16,Manchester United,Fulham,1,0,H,0,0,14,10,5,2,7,8,2,3,0,0,R Jones,2425,E0_2425.csv,1,1,Home Win,20240816_ManchesterUnited_Fulham,1.2,1.6,1.4,1.8,1.9,1.3,1.513157894736842,1.3289473684210527,1.763157894736842,1.0,1.2,2.0,1.0,1.5,1.7,1.2,1.4473684210526316,1.5,1.263157894736842,1.605263157894737,0.3999999999999999,0.0
,2024-08-17,Nottingham Forest,Bournemouth,1,1,D,1,0,14,13,8,4,2,6,1,3,0,0,M Oliver,2425,E0_2425.csv,2,0,Draw,20240817_NottinghamForest_Bournemouth,1.4,1.8,1.2,1.5,1.7,1.2,1.144736842105263,1.7763157894736843,1.4210526315789473,1.4210526315789473,1.2,1.4,1.2,1.3,1.5,1.3,1.1973684210526316,1.8157894736842106,1.1578947368421053,2.1578947368421053,0.0,0.19999999999999996
,2024-08-17,Newcastle United,Southampton,1,0,H,1,0,3,19,1,4,3,12,2,4,1,0,C Pawson,2425,E0_2425.csv,1,1,Home Win,20240817_NewcastleUnited_Southampton,3.2,1.6,2.0,2.6,1.4,2.0,2.013157894736842,1.25,2.236842105263158,0.9473684210526315,1.8,3.2,0.2,1.3,2.7,0.2,0.9473684210526315,1.9210526315789473,0.8947368421052632,1.894736842105263,1.8,1.4000000000000001
,2024-08-17,West Ham United,Aston Villa,1,2,A,1,1,14,15,3,3,5,3,1,2,0,0,T Harrington,2425,E0_2425.csv,3,-1,Away Win,20240817_WestHamUnited_AstonVilla,1.6,3.2,0.8,1.5,2.5,0.9,1.3421052631578947,1.6973684210526316,1.5,1.368421052631579,1.6,2.4,1.0,1.7,2.0,1.3,1.6710526315789473,1.4078947368421053,1.2105263157894737,1.5263157894736843,-0.19999999999999996,0.0
,2024-08-17,Arsenal,Wolverhampton Wanderers,2,0,H,1,0,18,9,6,3,8,2,2,2,0,0,J Gillett,2425,E0_2425.csv,2,2,Home Win,20240817_Arsenal_WolverhamptonWanderers,2.8,0.6,3.0,2.1,0.5,2.5,2.3552631578947367,0.9473684210526315,2.6578947368421053,1.0789473684210527,0.8,2.4,0.6,0.8,2.1,0.5,1.0657894736842106,1.618421052631579,0.9473684210526315,1.9210526315789473,2.4,1.9999999999999998
,2024-08-17,Ipswich,Liverpool,0,2,A,0,0,7,18,2,5,2,10,3,1,0,0,T Robinson,2425,E0_2425.csv,2,-2,Away Win,20240817_Ipswich_Liverpool,,,,,,,,,,,2.2,1.8,1.6,2.1,1.5,1.8,2.1184210526315788,1.1578947368421053,1.736842105263158,1.4210526315789473,,
,2024-08-17,Everton,Brighton,0,3,A,0,1,9,10,1,5,1,5,1,1,1,0,S Hooper,2425,E0_2425.csv,3,-3,Away Win,20240817_Everton_Brighton,1.2,0.6,2.0,1.1,1.2,1.7,0.9736842105263158,1.4210526315789473,1.0,1.1842105263157894,0.6,1.6,0.8,0.5,1.8,0.6,1.6710526315789473,1.513157894736842,1.5789473684210527,1.763157894736842,1.2,0.6
,2024-08-18,Brentford,Crystal Palace,2,1,H,1,0,9,14,5,6,4,7,1,5,0,0,S Barrott,2425,E0_2425.csv,3,1,Home Win,20240818_Brentford_CrystalPalace,1.8,1.4,1.4,1.6,1.3,1.3,1.5,1.4605263157894737,1.6842105263157894,1.368421052631579,3.0,0.4,2.6,2.4,1.0,2.0,1.2763157894736843,1.4078947368421053,1.0263157894736843,1.5263157894736843,-1.2000000000000002,-1.2
,2024-08-18,Chelsea,Manchester City,0,2,A,0,1,10,11,3,5,4,3,1,1,0,0,A Taylor,2425,E0_2425.csv,2,-2,Away Win,20240818_Chelsea_ManchesterCity,2.8,0.8,3.0,2.8,1.6,2.3,1.513157894736842,1.4473684210526316,1.6842105263157894,1.1842105263157894,3.2,0.4,3.0,3.3,0.6,2.8,2.5,0.881578947368421,2.0789473684210527,0.8947368421052632,0.0,-0.40000000000000036
,2024-08-19,Leicester City,Tottenham Hotspur,1,1,D,0,1,7,15,3,7,2,13,1,1,0,0,C Kavanagh,2425,E0_2425.csv,2,0,Draw,20240819_LeicesterCity_TottenhamHotspur,1.4,2.2,1.0,1.2,1.9,0.9,1.3421052631578947,1.7894736842105263,1.2105263157894737,1.4210526315789473,1.4,1.8,1.2,1.5,1.9,1.3,1.894736842105263,1.631578947368421,1.8157894736842106,1.894736842105263,-0.19999999999999996,0.0
,2024-08-24,Aston Villa,Arsenal,0,2,A,0,0,11,9,3,4,4,1,1,3,0,0,M Oliver,2425,E0_2425.csv,2,-2,Away Win,20240824_AstonVilla_Arsenal,1.4,2.4,1.0,1.8,2.0,1.5,1.6753246753246753,1.4025974025974026,2.1315789473684212,1.2894736842105263,2.2,0.6,3.0,2.3,0.5,2.7,2.3506493506493507,0.935064935064935,2.0526315789473686,0.8157894736842105,-2.0,-0.8000000000000003
,2024-08-24,Brighton,Manchester United,2,1,H,1,0,14,11,5,4,4,4,1,2,0,0,C Pawson,2425,E0_2425.csv,3,1,Home Win,20240824_Brighton_ManchesterUnited,1.2,1.0,1.4,0.7,1.6,0.9,1.6883116883116882,1.4935064935064934,1.763157894736842,1.263157894736842,1.2,1.4,1.8,1.8,1.8,1.5,1.5064935064935066,1.3116883116883118,1.263157894736842,1.6578947368421053,-0.40000000000000013,0.0
,2024-08-24,Crystal Palace,West Ham United,0,2,A,0,0,14,18,2,3,3,3,1,1,0,0,R Jones,2425,E0_2425.csv,2,-2,Away Win,20240824_CrystalPalace_WestHamUnited,2.8,0.8,2.0,2.4,1.1,1.9,1.2727272727272727,1.4155844155844155,1.5263157894736843,1.2894736842105263,1.4,2.6,0.8,1.5,2.6,0.8,1.3376623376623376,1.7012987012987013,1.1842105263157894,2.026315789473684,1.2,1.4
,2024-08-24,Fulham,Leicester City,2,1,H,1,1,18,10,6,4,7,5,2,2,0,0,D Bond,2425,E0_2425.csv,3,1,Home Win,20240824_Fulham_LeicesterCity,1.0,1.6,1.0,1.2,1.8,0.9,1.4285714285714286,1.4935064935064934,1.631578947368421,1.394736842105263,1.2,2.0,1.0,1.2,1.8,1.0,1.3333333333333333,1.7692307692307692,1.4736842105263157,2.1578947368421053,0.0,-0.19999999999999996
,2024-08-24,Manchester City,Ipswich,4,1,H,3,1,14,1,5,1,10,1,2,3,0,0,M Salisbury,2425,E0_2425.csv,5,3,Home Win,20240824_ManchesterCity_Ipswich,3.2,0.4,3.0,3.5,0.6,3.0,2.4935064935064934,0.8701298701298701,2.9210526315789473,0.868421052631579,,,,,,,,,,,,
,2024-08-24,Southampton,Nottingham Forest,0,1,A,0,0,5,23,1,8,4,10,3,3,0,0,S Barrott,2425,E0_2425.csv,1,-1,Away Win,20240824_Southampton_NottinghamForest,1.6,2.8,0.2,1.3,2.7,0.2,0.9230769230769231,1.8974358974358974,1.0,1.9473684210526316,1.6,1.6,1.4,1.5,1.7,1.2,1.1428571428571428,1.7662337662337662,0.868421052631579,2.1315789473684212,-1.2,0.0
,2024-08-24,Tottenham Hotspur,Everton,4,0,H,2,0,13,10,7,1,12,5,0,0,0,0,A Taylor,2425,E0_2425.csv,4,4,Home Win,20240824_TottenhamHotspur_Everton,1.6,1.6,1.4,1.4,1.9,1.1,1.8831168831168832,1.6233766233766234,1.9736842105263157,1.368421052631579,0.8,1.2,1.4,1.0,1.3,1.7,0.961038961038961,1.4415584415584415,0.9473684210526315,1.6578947368421053,0.0,0.8
,2024-08-25,Wolverhampton Wanderers,Chelsea,2,6,A,2,2,12,14,4,8,5,5,2,3,0,0,D England,2425,E0_2425.csv,8,-4,Away Win,20240825_WolverhamptonWanderers_Chelsea,0.8,2.6,0.6,0.8,2.1,0.5,1.051948051948052,1.6233766233766234,1.1842105263157894,1.3157894736842106,2.4,1.2,2.4,2.4,1.5,2.0,1.4935064935064934,1.4545454545454546,1.3421052631578947,1.7105263157894737,-1.7999999999999998,-1.5999999999999999
,2024-08-25,Liverpool,Brentford,2,0,H,1,0,19,8,8,2,9,4,2,3,0,0,S Attwell,2425,E0_2425.csv,2,2,Home Win,20240825_Liverpool_Brentford,2.6,1.4,2.2,2.1,1.4,1.8,2.116883116883117,1.1428571428571428,2.5,0.8947368421052632,1.2,1.4,1.4,1.7,1.2,1.6,1.5064935064935066,1.4545454545454546,1.3157894736842106,1.5526315789473684,0.8000000000000003,1.4000000000000001
,2024-08-25,Bournemouth,Newcastle United,1,1,D,1,0,16,14,4,5,8,9,2,2,0,0,D Coote,2425,E0_2425.csv,2,0,Draw,20240825_Bournemouth_NewcastleUnited,1.2,1.6,0.8,1.2,1.5,1.1,1.1948051948051948,1.8051948051948052,1.236842105263158,1.4736842105263157,2.4,1.4,2.0,2.3,1.1,2.0,2.0,1.2337662337662338,1.7894736842105263,1.5526315789473684,-1.2,-1.2
,2024-08-31,Arsenal,Brighton,1,1,D,1,0,11,22,7,4,3,7,3,2,1,0,C Kavanagh,2425,E0_2425.csv,2,0,Draw,20240831_Arsenal_Brighton,2.0,0.2,3.0,2.3,0.5,2.7,2.3461538461538463,0.9230769230769231,2.641025641025641,1.0512820512820513,1.4,1.2,1.4,0.9,1.7,1.1,1.6923076923076923,1.4871794871794872,1.6153846153846154,1.7179487179487178,1.6,0.6000000000000001
,2024-08-31,Brentford,Southampton,3,1,H,1,0,20,18,7,6,2,8,2,1,0,0,J Smith,2425,E0_2425.csv,4,2,Home Win,20240831_Brentford_Southampton,1.2,1.6,1.4,1.6,1.3,1.5,1.4871794871794872,1.4615384615384615,1.6923076923076923,1.358974358974359,1.0,2.2,0.2,1.2,2.4,0.2,0.9,1.875,0.85,1.85,1.2,0.19999999999999996
,2024-08-31,Everton,Bournemouth,2,3,A,0,0,18,17,8,7,8,4,2,1,0,0,S Attwell,2425,E0_2425.csv,5,-1,Away Win,20240831_Everton_Bournemouth,0.6,2.0,0.8,0.9,1.6,1.6,0.9487179487179487,1.4743589743589745,0.9743589743589743,1.2307692307692308,0.8,1.8,0.4,1.2,1.6,0.9,1.1923076923076923,1.794871794871795,1.1538461538461537,2.128205128205128,0.4,-0.20000000000000007
,2024-08-31,Ipswich,Fulham,1,1,D,1,1,11,9,4,4,8,6,2,3,0,0,L Smith,2425,E0_2425.csv,2,0,Draw,20240831_Ipswich_Fulham,,,,,,,,,,,1.2,1.6,1.4,1.1,1.6,1.1,1.435897435897436,1.4871794871794872,1.2307692307692308,1.5897435897435896,,
,2024-08-31,Leicester City,Aston Villa,1,2,A,0,1,9,10,3,5,1,4,4,5,0,0,D Coote,2425,E0_2425.csv,3,-1,Away Win,20240831_LeicesterCity_AstonVilla,0.8,1.4,1.0,1.3,1.9,1.0,1.325,1.775,1.2,1.4,1.0,2.4,0.8,1.6,2.2,1.2,1.6538461538461537,1.4102564102564104,1.2307692307692308,1.5128205128205128,0.19999999999999996,-0.19999999999999996
,2024-08-31,Nottingham Forest,Wolverhampton Wanderers,1,1,D,1,1,16,11,5,3,7,3,3,4,0,0,S Hooper,2425,E0_2425.csv,2,0,Draw,20240831_NottinghamForest_WolverhamptonWanderers,1.8,1.2,2.0,1.5,1.6,1.4,1.141025641025641,1.7435897435897436,1.4102564102564104,1.4102564102564104,0.8,3.6,0.0,0.9,2.6,0.4,1.064102564102564,1.6794871794871795,0.9230769230769231,1.9230769230769231,2.0,1.0
,2024-08-31,West Ham United,Manchester City,1,3,A,1,2,10,23,2,8,3,11,3,2,0,0,M Oliver,2425,E0_2425.csv,4,-2,Away Win,20240831_WestHamUnited_ManchesterCity,1.4,2.2,1.2,1.4,2.2,1.1,1.3461538461538463,1.6794871794871795,1.4871794871794872,1.3846153846153846,3.0,0.4,3.0,3.5,0.6,3.0,2.5128205128205128,0.8717948717948718,2.076923076923077,0.8717948717948718,-1.8,-1.6
,2024-09-01,Manchester United,Liverpool,0,3,A,0,2,8,11,3,3,5,2,4,1,0,0,A Taylor,2425,E0_2425.csv,3,-3,Away Win,20240901_ManchesterUnited_Liverpool,1.4,1.0,1.8,1.6,1.6,1.5,1.5,1.3205128205128205,1.7435897435897436,0.9743589743589743,2.6,1.0,2.6,2.0,1.3,1.8,2.1153846153846154,1.1282051282051282,1.7435897435897436,1.3846153846153846,-0.8,-1.2000000000000002
,2024-09-01,Chelsea,Crystal Palace,1,1,D,1,0,13,9,7,3,4,5,4,2,0,0,J Gillett,2425,E0_2425.csv,2,0,Draw,20240901_Chelsea_CrystalPalace,2.6,1.6,2.4,2.8,1.5,2.2,1.5512820512820513,1.4615384615384615,1.641025641025641,1.205128205128205,2.6,1.0,1.8,2.4,1.2,1.9,1.2564102564102564,1.4230769230769231,1.0256410256410255,1.5384615384615385,0.5999999999999999,0.0
,2024-09-01,Newcastle United,Tottenham Hotspur,2,1,H,1,0,9,20,3,6,7,12,4,4,0,0,R Jones,2425,E0_2425.csv,3,1,Home Win,20240901_NewcastleUnited_TottenhamHotspur,1.8,1.4,1.6,2.3,1.1,2.0,1.9871794871794872,1.2307692307692308,2.2051282051282053,0.9230769230769231,2.0,0.8,2.0,1.7,1.8,1.3,1.9102564102564104,1.6025641025641026,1.794871794871795,1.8717948717948718,-0.3999999999999999,-0.19999999999999996
,2024-09-14,Bournemouth,Chelsea,0,1,A,0,0,19,10,7,3,6,3,6,8,0,0,A Taylor,2425,E0_2425.csv,1,-1,Away Win,20240914_Bournemouth_Chelsea,1.4,1.6,1.0,1.4,1.6,1.2,1.2151898734177216,1.7974683544303798,1.2307692307692308,1.4615384615384615,2.2,1.4,2.0,2.3,1.6,2.0,1.5443037974683544,1.4556962025316456,1.4615384615384615,1.7179487179487178,-1.0,-0.8000000000000003
,2024-09-14,Aston Villa,Everton,3,2,H,1,2,17,6,8,2,6,2,1,4,0,0,C Pawson,2425,E0_2425.csv,5,1,Home Win,20240914_AstonVilla_Everton,1.4,2.4,1.4,1.7,1.9,1.5,1.6582278481012658,1.4050632911392404,2.076923076923077,1.3076923076923077,0.8,2.4,0.6,1.0,1.9,1.3,0.9620253164556962,1.4936708860759493,0.9230769230769231,1.7179487179487178,0.7999999999999999,0.5999999999999999
,2024-09-14,Manchester City,Brentford,2,1,H,2,1,18,8,7,5,12,3,3,1,0,0,D Bond,2425,E0_2425.csv,3,1,Home Win,20240914_ManchesterCity_Brentford,2.8,0.6,3.0,3.4,0.5,3.0,2.518987341772152,0.8734177215189873,2.948717948717949,0.8717948717948718,1.8,1.8,1.8,1.9,1.4,1.7,1.5063291139240507,1.4556962025316456,1.2820512820512822,1.564102564102564,1.2,0.9999999999999998
,2024-09-14,Liverpool,Nottingham Forest,0,1,A,0,0,14,5,5,3,7,2,4,4,0,0,M Oliver,2425,E0_2425.csv,1,-1,Away Win,20240914_Liverpool_NottinghamForest,2.4,0.6,2.6,2.1,1.1,2.0,2.1265822784810124,1.1139240506329113,2.4871794871794872,0.8717948717948718,1.4,1.2,1.6,1.3,1.6,1.2,1.139240506329114,1.7341772151898733,0.8717948717948718,2.076923076923077,1.0,1.0
,2024-09-14,Brighton,Ipswich,0,0,D,0,0,21,6,6,1,9,2,4,3,0,0,S Barrott,2425,E0_2425.csv,0,0,Draw,20240914_Brighton_Ipswich,1.4,1.2,1.4,1.0,1.5,1.2,1.6835443037974684,1.481012658227848,1.7692307692307692,1.2564102564102564,0.6666666666666666,2.3333333333333335,0.3333333333333333,0.6666666666666666,2.3333333333333335,0.3333333333333333,0.6666666666666666,2.3333333333333335,,,1.0666666666666667,0.7333333333333333
,2024-09-14,Crystal Palace,Leicester City,2,2,D,0,1,20,9,4,4,5,2,0,3,0,0,T Harrington,2425,E0_2425.csv,4,0,Draw,20240914_CrystalPalace_LeicesterCity,2.0,1.2,1.4,2.3,0.9,2.0,1.2531645569620253,1.4177215189873418,1.4871794871794872,1.3076923076923077,1.0,1.2,1.0,1.3,1.8,1.0,1.3170731707317074,1.7804878048780488,1.45,2.15,0.3999999999999999,1.0
,2024-09-14,Southampton,Manchester United,0,3,A,0,2,6,20,4,10,0,7,1,4,1,0,S Attwell,2425,E0_2425.csv,3,-3,Away Win,20240914_Southampton_ManchesterUnited,1.2,2.4,0.2,1.3,2.5,0.2,0.9024390243902439,1.9024390243902438,0.95,1.9,1.4,1.4,1.8,1.4,1.7,1.4,1.481012658227848,1.3417721518987342,1.2564102564102564,1.6666666666666667,-1.6,-0.19999999999999996
,2024-09-14,Fulham,West Ham United,1,1,D,1,0,21,11,5,3,3,2,2,3,0,0,T Robinson,2425,E0_2425.csv,2,0,Draw,20240914_Fulham_WestHamUnited,1.4,1.8,1.4,1.1,1.4,1.2,1.4303797468354431,1.481012658227848,1.641025641025641,1.3846153846153846,1.6,1.8,1.2,1.4,2.4,1.0,1.3417721518987342,1.6962025316455696,1.205128205128205,1.9743589743589745,0.19999999999999996,-0.20000000000000018
,2024-09-15,Wolverhampton Wanderers,Newcastle United,1,2,A,1,0,12,14,5,6,4,7,3,3,0,0,C Kavanagh,2425,E0_2425.csv,3,-1,Away Win,20240915_WolverhamptonWanderers_NewcastleUnited,0.8,2.8,0.2,0.9,2.5,0.5,1.0632911392405062,1.6708860759493671,1.205128205128205,1.435897435897436,2.0,1.4,2.0,2.4,1.2,2.0,1.9873417721518987,1.2278481012658229,1.7692307692307692,1.5384615384615385,-1.8,-1.2
,2024-09-15,Tottenham Hotspur,Arsenal,0,1,A,0,0,15,7,5,4,7,6,5,3,0,0,J Gillett,2425,E0_2425.csv,1,-1,Away Win,20240915_TottenhamHotspur_Arsenal,1.8,1.0,1.4,1.5,1.9,1.0,1.8987341772151898,1.6075949367088607,2.0256410256410255,1.3333333333333333,1.6,0.4,2.6,2.1,0.6,2.5,2.329113924050633,0.9240506329113924,2.051282051282051,0.7948717948717948,-1.2000000000000002,0.19999999999999996
,2024-09-21,Tottenham Hotspur,Brentford,3,1,H,2,1,23,6,10,6,9,4,3,1,0,0,J Brooks,2425,E0_2425.csv,4,2,Home Win,20240921_TottenhamHotspur_Brentford,1.8,0.8,1.4,1.5,1.6,1.0,1.875,1.6,1.975,1.325,1.6,2.0,1.2,1.7,1.3,1.6,1.5,1.4625,1.275,1.575,0.19999999999999996,0.19999999999999996
,2024-09-21,Southampton,Ipswich,1,1,D,1,0,11,13,3,6,2,10,4,4,0,0,S Allison,2425,E0_2425.csv,2,0,Draw,20240921_Southampton_Ipswich,1.0,2.4,0.2,1.0,2.5,0.1,0.8809523809523809,1.9285714285714286,0.9047619047619048,1.9523809523809523,0.5,1.75,0.5,0.5,1.75,0.5,0.5,1.75,,,-0.3,0.5
,2024-09-21,Crystal Palace,Manchester United,0,0,D,0,0,9,15,4,6,4,11,3,1,0,0,D Coote,2425,E0_2425.csv,0,0,Draw,20240921_CrystalPalace_ManchesterUnited,1.8,1.4,1.0,2.4,1.1,1.8,1.2625,1.425,1.5,1.325,1.4,1.0,1.8,1.5,1.5,1.6,1.5,1.325,1.3,1.625,-0.8,0.40000000000000013
,2024-09-21,Liverpool,Bournemouth,3,0,H,3,0,19,19,13,6,3,9,1,4,0,0,T Harrington,2425,E0_2425.csv,3,3,Home Win,20240921_Liverpool_Bournemouth,1.8,0.2,2.4,2.1,1.1,2.0,2.1,1.1125,2.425,0.875,1.2,1.4,1.0,1.2,1.5,1.1,1.2,1.7875,1.2,2.125,1.4,0.6000000000000001
,2024-09-21,Aston Villa,Wolverhampton Wanderers,3,1,H,0,1,9,10,4,4,6,5,3,6,0,0,T Robinson,2425,E0_2425.csv,4,2,Home Win,20240921_AstonVilla_WolverhamptonWanderers,1.4,2.2,1.8,1.7,1.8,1.7,1.675,1.4125,2.1,1.325,0.8,2.6,0.2,0.8,2.5,0.4,1.0625,1.675,0.925,1.9,1.6,0.5999999999999999
,2024-09-21,Fulham,Newcastle United,3,1,H,2,0,22,15,11,4,6,0,6,0,0,0,P Bankes,2425,E0_2425.csv,4,2,Home Win,20240921_Fulham_NewcastleUnited,1.6,1.2,1.6,1.2,1.4,1.3,1.425,1.475,1.625,1.375,2.0,1.0,2.6,2.2,1.3,2.0,1.9875,1.225,1.775,1.525,-1.0,-0.3999999999999999
,2024-09-21,Leicester City,Everton,1,1,D,0,1,12,16,2,5,6,1,1,2,0,0,D England,2425,E0_2425.csv,2,0,Draw,20240921_LeicesterCity_Everton,1.4,1.6,1.0,1.3,1.9,0.8,1.3333333333333333,1.7857142857142858,1.1904761904761905,1.4285714285714286,1.0,3.0,0.0,1.2,1.6,1.3,0.975,1.5125,0.95,1.75,1.0,0.3999999999999999
,2024-09-21,West Ham United,Chelsea,0,3,A,0,2,15,12,7,5,6,5,5,2,0,0,S Barrott,2425,E0_2425.csv,3,-3,Away Win,20240921_WestHamUnited_Chelsea,1.2,1.8,0.8,1.3,2.4,0.8,1.3375,1.6875,1.475,1.425,2.0,1.2,2.0,2.4,1.1,2.3,1.5375,1.4375,1.45,1.675,-1.2,-0.8
,2024-09-22,Brighton,Nottingham Forest,2,2,D,2,1,14,4,3,3,9,1,3,4,0,1,R Jones,2425,E0_2425.csv,4,0,Draw,20240922_Brighton_NottinghamForest,1.2,0.8,1.6,0.9,1.4,1.2,1.6625,1.4625,1.725,1.225,1.2,0.6,2.2,1.3,1.3,1.5,1.1375,1.7125,0.875,2.025,-0.6000000000000001,0.0
,2024-09-22,Manchester City,Arsenal,2,2,D,1,2,33,5,11,3,8,2,3,4,0,1,M Oliver,2425,E0_2425.csv,4,0,Draw,20240922_ManchesterCity_Arsenal,2.8,0.8,3.0,3.1,0.5,3.0,2.5125,0.875,2.925,0.875,1.6,0.4,2.6,2.2,0.4,2.8,2.3125,0.9125,2.025,0.775,0.3999999999999999,1.1999999999999997
,2024-09-28,Wolverhampton Wanderers,Liverpool,1,2,A,0,1,8,10,3,6,2,10,2,3,0,0,A Taylor,2425,E0_2425.csv,3,-1,Away Win,20240928_WolverhamptonWanderers_Liverpool,1.0,2.8,0.2,0.9,2.6,0.4,1.0617283950617284,1.691358024691358,1.2,1.45,2.0,0.2,2.4,2.1,1.0,2.0,2.111111111111111,1.0987654320987654,1.775,1.35,-2.1999999999999997,-1.0
,2024-09-28,Nottingham Forest,Fulham,0,1,A,0,0,11,14,1,2,6,5,2,4,0,0,J Smith,2425,E0_2425.csv,1,-1,Away Win,20240928_NottinghamForest_Fulham,1.2,0.8,1.8,1.3,1.3,1.5,1.1481481481481481,1.7160493827160495,1.4,1.4,1.4,1.0,1.6,1.3,1.5,1.3,1.4444444444444444,1.4691358024691359,1.225,1.575,0.19999999999999996,-0.19999999999999996
,2024-09-28,Everton,Crystal Palace,2,1,H,0,1,8,17,2,5,5,8,2,1,0,0,A Madley,2425,E0_2425.csv,3,1,Home Win,20240928_Everton_CrystalPalace,1.0,2.8,0.2,1.1,1.7,1.1,0.9753086419753086,1.5061728395061729,1.0,1.275,0.8,1.4,0.6,1.9,0.9,1.6,1.2469135802469136,1.4074074074074074,1.025,1.525,-0.39999999999999997,0.19999999999999996
,2024-09-28,Chelsea,Brighton,4,2,H,4,2,15,15,7,5,8,2,3,2,0,0,P Bankes,2425,E0_2425.csv,6,2,Home Win,20240928_Chelsea_Brighton,2.2,1.0,2.0,2.5,0.9,2.5,1.5555555555555556,1.4197530864197532,1.625,1.2,1.6,0.8,1.8,1.1,1.2,1.3,1.6666666666666667,1.4691358024691359,1.6,1.7,0.19999999999999996,0.6000000000000001
,2024-09-28,Brentford,West Ham United,1,1,D,1,0,8,19,3,3,7,7,2,3,0,0,S Hooper,2425,E0_2425.csv,2,0,Draw,20240928_Brentford_WestHamUnited,1.4,1.8,1.2,1.6,1.6,1.3,1.4938271604938271,1.4814814814814814,1.725,1.35,1.0,1.8,0.8,1.3,2.5,0.8,1.3209876543209877,1.7037037037037037,1.2,1.95,0.3999999999999999,0.3999999999999999
,2024-09-28,Arsenal,Leicester City,4,2,H,2,0,36,5,16,3,17,0,2,4,0,0,S Barrott,2425,E0_2425.csv,6,2,Home Win,20240928_Arsenal_LeicesterCity,1.6,0.6,2.2,2.2,0.6,2.6,2.308641975308642,0.9259259259259259,2.6,1.05,1.2,1.6,0.6,1.3,1.9,0.8,1.3255813953488371,1.7674418604651163,1.4761904761904763,2.142857142857143,1.6,0.40000000000000013
,2024-09-28,Newcastle United,Manchester City,1,1,D,0,1,11,16,4,6,5,6,4,4,0,0,J Gillett,2425,E0_2425.csv,2,0,Draw,20240928_NewcastleUnited_ManchesterCity,1.4,1.2,2.0,2.3,1.4,2.0,1.9753086419753085,1.2469135802469136,2.2,0.925,2.6,1.0,2.6,2.9,0.7,2.8,2.506172839506173,0.8888888888888888,2.1,0.875,-0.6000000000000001,-1.2000000000000002
,2024-09-29,Ipswich,Aston Villa,2,2,D,1,2,15,7,5,3,10,0,4,1,0,0,S Attwell,2425,E0_2425.csv,4,0,Draw,20240929_Ipswich_AstonVilla,0.6,1.6,0.6,0.6,1.6,0.6,0.6,1.6,,,2.0,1.4,2.4,1.8,1.9,1.7,1.691358024691358,1.4074074074074074,1.25,1.5,-1.7999999999999998,-1.4
,2024-09-29,Manchester United,Tottenham Hotspur,0,3,A,0,1,11,24,2,10,5,3,5,3,1,0,C Kavanagh,2425,E0_2425.csv,3,-3,Away Win,20240929_ManchesterUnited_TottenhamHotspur,1.0,1.0,1.4,1.1,1.3,1.4,1.4814814814814814,1.308641975308642,1.7,1.025,1.8,1.0,1.4,1.6,1.4,1.3,1.8888888888888888,1.5925925925925926,1.775,1.875,0.0,-0.8
,2024-09-30,Bournemouth,Southampton,3,1,H,3,0,14,9,6,3,7,4,2,5,0,0,M Oliver,2425,E0_2425.csv,4,2,Home Win,20240930_Bournemouth_Southampton,1.0,1.6,1.0,1.1,1.5,1.1,1.1851851851851851,1.8024691358024691,1.2,1.45,0.4,1.8,0.2,1.1,2.5,0.2,0.8837209302325582,1.9069767441860466,0.8571428571428571,1.9047619047619047,0.8,0.6
,2024-10-05,West Ham United,Ipswich,4,1,H,2,1,23,9,13,2,5,5,0,1,0,0,A Taylor,2425,E0_2425.csv,5,3,Home Win,20241005_WestHamUnited_Ipswich,1.0,1.6,1.0,1.2,2.1,0.9,1.3170731707317074,1.6951219512195121,1.4390243902439024,1.4634146341463414,1.0,1.6,0.8,0.8333333333333334,1.6666666666666667,0.6666666666666666,0.8333333333333334,1.6666666666666667,0.6666666666666666,1.6666666666666667,0.19999999999999996,0.0
,2024-10-05,Manchester City,Fulham,3,2,H,1,1,20,11,7,4,8,3,2,1,0,0,P Bankes,2425,E0_2425.csv,5,1,Home Win,20241005_ManchesterCity_Fulham,2.4,1.2,2.2,2.8,0.8,2.6,2.4878048780487805,0.8902439024390244,2.902439024390244,0.9024390243902439,1.6,0.8,2.2,1.3,1.2,1.6,1.4390243902439024,1.451219512195122,1.2195121951219512,1.5365853658536586,0.0,0.7999999999999998
,2024-10-05,Leicester City,Bournemouth,1,0,H,1,0,6,17,2,2,0,9,4,1,0,0,D Bond,2425,E0_2425.csv,1,1,Home Win,20241005_LeicesterCity_Bournemouth,1.4,2.2,0.4,1.3,2.1,0.7,1.3409090909090908,1.8181818181818181,1.1818181818181819,1.4090909090909092,1.4,1.6,1.4,1.3,1.6,1.1,1.2073170731707317,1.7926829268292683,1.170731707317073,2.1463414634146343,-0.9999999999999999,0.0
,2024-10-05,Everton,Newcastle United,0,0,D,0,0,8,14,2,3,0,10,1,2,0,0,C Pawson,2425,E0_2425.csv,0,0,Draw,20241005_Everton_NewcastleUnited,1.4,2.4,0.8,1.1,1.8,1.1,0.9878048780487805,1.5,1.024390243902439,1.2682926829268293,1.4,1.4,1.6,1.9,1.4,1.8,1.9634146341463414,1.2439024390243902,1.7560975609756098,1.5609756097560976,-0.8,0.0
,2024-10-05,Arsenal,Southampton,3,1,H,0,0,29,8,6,2,13,1,0,3,0,0,T Harrington,2425,E0_2425.csv,4,2,Home Win,20241005_Arsenal_Southampton,2.0,1.0,2.2,2.1,0.8,2.6,2.3292682926829267,0.9390243902439024,2.6341463414634148,1.0731707317073171,0.6,2.2,0.2,1.1,2.5,0.2,0.8863636363636364,1.9318181818181819,0.8636363636363636,1.9545454545454546,2.0,1.4
,2024-10-05,Crystal Palace,Liverpool,0,1,A,0,1,9,16,5,4,3,8,4,2,0,0,S Hooper,2425,E0_2425.csv,1,-1,Away Win,20241005_CrystalPalace_Liverpool,0.8,1.4,0.6,1.8,1.1,1.3,1.2439024390243902,1.4146341463414633,1.4634146341463414,1.2926829268292683,2.0,0.4,2.4,2.3,0.9,2.3,2.1097560975609757,1.0975609756097562,1.7804878048780488,1.3414634146341464,-1.7999999999999998,-1.2
,2024-10-05,Brentford,Wolverhampton Wanderers,5,3,H,4,2,19,17,12,6,10,3,2,3,0,0,A Madley,2425,E0_2425.csv,8,2,Home Win,20241005_Brentford_WolverhamptonWanderers,1.2,1.8,0.8,1.2,1.6,1.1,1.4878048780487805,1.475609756097561,1.7073170731707317,1.3414634146341464,1.2,2.8,0.2,1.0,2.7,0.4,1.0609756097560976,1.6951219512195121,0.926829268292683,1.9268292682926829,0.6000000000000001,0.0
,2024-10-06,Aston Villa,Manchester United,0,0,D,0,0,11,10,1,4,6,3,1,5,0,0,R Jones,2425,E0_2425.csv,0,0,Draw,20241006_AstonVilla_ManchesterUnited,2.0,1.6,2.0,1.7,2.0,1.5,1.6951219512195121,1.4146341463414633,2.1219512195121952,1.3170731707317074,0.8,1.6,0.8,1.0,1.5,1.3,1.4634146341463414,1.329268292682927,1.2682926829268293,1.5853658536585367,1.2,1.2
,2024-10-06,Chelsea,Nottingham Forest,1,1,D,0,0,22,16,8,9,11,3,6,2,0,1,C Kavanagh,2425,E0_2425.csv,2,0,Draw,20241006_Chelsea_NottinghamForest,3.0,1.0,2.6,2.7,1.1,2.5,1.5853658536585367,1.4268292682926829,1.6829268292682926,1.2195121951219512,1.0,0.8,1.6,1.3,1.2,1.5,1.1341463414634145,1.7073170731707317,0.9024390243902439,2.024390243902439,1.0,2.0
,2024-10-06,Brighton,Tottenham Hotspur,3,2,H,0,2,11,13,4,3,4,7,2,2,0,0,D Coote,2425,E0_2425.csv,5,1,Home Win,20241006_Brighton_TottenhamHotspur,1.4,1.6,1.2,1.3,1.3,1.3,1.670731707317073,1.5,1.7317073170731707,1.2439024390243902,2.2,0.8,1.8,1.9,1.2,1.6,1.9024390243902438,1.5731707317073171,1.8048780487804879,1.829268292682927,-0.6000000000000001,-0.8000000000000003
,2024-10-19,Bournemouth,Arsenal,2,0,H,0,0,13,6,4,1,7,4,1,1,0,1,R Jones,2425,E0_2425.csv,2,2,Home Win,20241019_Bournemouth_Arsenal,1.2,1.6,1.2,1.0,1.7,0.8,1.1927710843373494,1.783132530120482,1.2439024390243902,1.4390243902439024,2.2,1.2,2.2,2.1,0.7,2.6,2.3373493975903616,0.9397590361445783,2.024390243902439,0.8048780487804879,-1.0000000000000002,-1.0000000000000002
,2024-10-19,Newcastle United,Brighton,0,1,A,0,1,21,10,6,5,9,4,2,2,0,0,P Bankes,2425,E0_2425.csv,1,-1,Away Win,20241019_NewcastleUnited_Brighton,1.2,1.2,1.6,1.5,1.3,1.6,1.9397590361445782,1.2289156626506024,2.1707317073170733,0.926829268292683,1.6,1.8,1.2,1.5,1.5,1.3,1.6867469879518073,1.5060240963855422,1.6097560975609757,1.7560975609756098,0.40000000000000013,-0.40000000000000013
,2024-10-19,Manchester United,Brentford,2,1,H,0,1,23,8,11,2,9,2,2,2,0,0,S Barrott,2425,E0_2425.csv,3,1,Home Win,20241019_ManchesterUnited_Brentford,0.6,1.2,1.0,1.0,1.1,1.4,1.4457831325301205,1.3132530120481927,1.6585365853658536,1.0731707317073171,2.2,2.0,1.4,1.7,1.8,1.4,1.5301204819277108,1.4939759036144578,1.2682926829268293,1.6097560975609757,-0.3999999999999999,-1.6
,2024-10-19,Southampton,Leicester City,2,3,A,2,0,14,18,7,4,10,6,5,3,1,0,A Taylor,2425,E0_2425.csv,5,-1,Away Win,20241019_Southampton_LeicesterCity,0.8,2.6,0.2,0.9,2.4,0.2,0.8888888888888888,1.9555555555555555,0.9090909090909091,1.9090909090909092,1.4,1.8,1.0,1.1,1.6,1.0,1.3333333333333333,1.7777777777777777,1.5,2.227272727272727,-0.8,-0.5999999999999999
,2024-10-19,Fulham,Aston Villa,1,3,A,1,1,10,14,4,5,6,11,3,3,1,1,D England,2425,E0_2425.csv,4,-2,Away Win,20241019_Fulham_AstonVilla,1.6,1.2,1.6,1.4,1.4,1.5,1.4457831325301205,1.4698795180722892,1.6585365853658536,1.3658536585365855,2.0,1.2,2.2,1.5,1.8,1.5,1.6746987951807228,1.3975903614457832,1.2682926829268293,1.5121951219512195,-0.6000000000000001,-0.3999999999999999
,2024-10-19,Tottenham Hotspur,West Ham United,4,1,H,1,1,22,11,7,4,13,5,1,3,0,1,A Madley,2425,E0_2425.csv,5,3,Home Win,20241019_TottenhamHotspur_WestHamUnited,1.8,1.4,1.2,1.9,1.1,1.6,1.9036144578313252,1.5903614457831325,2.0,1.3170731707317074,1.4,1.8,1.0,1.4,2.0,1.1,1.3493975903614457,1.6867469879518073,1.1951219512195121,1.9268292682926829,0.19999999999999996,0.40000000000000013
,2024-10-19,Ipswich,Everton,0,2,A,0,2,13,11,2,8,5,8,1,1,0,0,M Oliver,2425,E0_2425.csv,2,-2,Away Win,20241019_Ipswich_Everton,1.0,1.6,0.8,0.8571428571428571,2.0,0.5714285714285714,0.8571428571428571,2.0,1.0,1.6666666666666667,1.4,1.6,1.0,1.0,1.8,0.9,0.9759036144578314,1.4819277108433735,0.9512195121951219,1.7317073170731707,-0.19999999999999996,-0.3999999999999999
,2024-10-20,Wolverhampton Wanderers,Manchester City,1,2,A,1,1,3,22,2,7,1,18,4,1,0,0,C Kavanagh,2425,E0_2425.csv,3,-1,Away Win,20241020_WolverhamptonWanderers_ManchesterCity,1.4,2.6,0.2,1.1,3.1,0.1,1.0843373493975903,1.7349397590361446,1.1951219512195121,1.4634146341463414,2.2,1.4,2.2,2.6,0.9,2.6,2.4939759036144578,0.9036144578313253,2.073170731707317,0.8780487804878049,-2.0,-0.8000000000000003
,2024-10-20,Liverpool,Chelsea,2,1,H,1,0,9,12,5,2,1,6,4,3,0,0,J Brooks,2425,E0_2425.csv,3,1,Home Win,20241020_Liverpool_Chelsea,1.8,0.4,2.4,2.2,0.7,2.5,2.0963855421686746,1.0843373493975903,2.4390243902439024,0.8536585365853658,2.0,0.8,2.2,2.3,1.2,2.3,1.5783132530120483,1.4216867469879517,1.4878048780487805,1.6341463414634145,0.19999999999999973,-0.19999999999999996
,2024-10-21,Nottingham Forest,Crystal Palace,1,0,H,0,0,20,20,6,7,6,6,2,3,0,0,T Robinson,2425,E0_2425.csv,1,1,Home Win,20241021_NottinghamForest_CrystalPalace,1.0,1.0,1.2,1.4,1.1,1.6,1.1325301204819278,1.6987951807228916,1.3658536585365855,1.3902439024390243,0.8,1.2,0.6,1.7,1.1,1.2,1.2289156626506024,1.4096385542168675,1.024390243902439,1.5365853658536586,0.6,0.19999999999999996
,2024-10-25,Leicester City,Nottingham Forest,1,3,A,1,1,11,20,1,5,6,7,5,2,0,0,C Pawson,2425,E0_2425.csv,4,-2,Away Win,20241025_LeicesterCity_NottinghamForest,1.8,1.8,1.6,1.4,1.5,1.3,1.3695652173913044,1.7826086956521738,1.173913043478261,1.3478260869565217,1.0,0.8,1.6,1.2,1.0,1.6,1.130952380952381,1.6785714285714286,0.9047619047619048,2.0,0.0,0.8
,2024-10-26,Aston Villa,Bournemouth,1,1,D,0,0,18,11,8,3,9,7,7,6,0,0,A Madley,2425,E0_2425.csv,2,0,Draw,20241026_AstonVilla_Bournemouth,2.2,1.2,2.2,1.8,1.8,1.8,1.6904761904761905,1.3928571428571428,2.0714285714285716,1.2857142857142858,1.0,1.2,1.2,1.2,1.4,1.1,1.2023809523809523,1.7619047619047619,1.1428571428571428,2.119047619047619,1.0000000000000002,1.2000000000000002
,2024-10-26,Brentford,Ipswich,4,3,H,2,2,20,11,9,5,5,5,0,1,0,1,L Smith,2425,E0_2425.csv,7,1,Home Win,20241026_Brentford_Ipswich,1.8,2.2,0.8,1.8,2.0,1.3,1.5238095238095237,1.5,1.7857142857142858,1.380952380952381,0.8,1.8,0.6,0.75,2.0,0.5,0.75,2.0,0.75,2.25,0.20000000000000007,1.0
,2024-10-26,Brighton,Wolverhampton Wanderers,2,2,D,1,0,19,14,6,7,9,6,3,3,0,0,M Oliver,2425,E0_2425.csv,4,0,Draw,20241026_Brighton_WolverhamptonWanderers,1.6,1.6,1.6,1.5,1.4,1.5,1.6785714285714286,1.4880952380952381,1.7619047619047619,1.2619047619047619,1.4,2.8,0.0,1.1,2.8,0.1,1.0833333333333333,1.7380952380952381,0.9761904761904762,2.0,1.6,0.20000000000000018
,2024-10-26,Manchester City,Southampton,1,0,H,1,0,22,5,8,2,12,1,1,3,0,0,T Harrington,2425,E0_2425.csv,1,1,Home Win,20241026_ManchesterCity_Southampton,2.0,1.4,2.2,2.4,1.0,2.6,2.488095238095238,0.9047619047619048,2.9047619047619047,0.9285714285714286,1.0,2.6,0.2,1.1,2.5,0.2,0.9130434782608695,1.9782608695652173,0.8695652173913043,2.0,2.0,1.0
,2024-10-26,Everton,Fulham,1,1,D,0,0,10,14,5,3,4,2,1,0,0,0,J Brooks,2425,E0_2425.csv,2,0,Draw,20241026_Everton_Fulham,1.4,1.0,1.6,1.1,1.7,1.1,0.9880952380952381,1.4642857142857142,1.0,1.2380952380952381,1.6,1.6,1.4,1.5,1.7,1.4,1.4404761904761905,1.4880952380952381,1.2380952380952381,1.5714285714285714,0.20000000000000018,-0.20000000000000018
,2024-10-27,Arsenal,Liverpool,2,2,D,2,1,9,9,3,4,1,3,2,2,0,0,A Taylor,2425,E0_2425.csv,4,0,Draw,20241027_Arsenal_Liverpool,2.0,1.4,2.0,1.8,0.9,2.3,2.3095238095238093,0.9523809523809523,2.642857142857143,1.0714285714285714,1.6,0.6,2.4,2.0,0.6,2.5,2.0952380952380953,1.0833333333333333,1.7619047619047619,1.3095238095238095,-0.3999999999999999,0.3999999999999999
,2024-10-27,West Ham United,Manchester United,2,1,H,0,0,12,18,3,5,6,5,5,1,0,0,D Coote,2425,E0_2425.csv,3,1,Home Win,20241027_WestHamUnited_ManchesterUnited,1.4,2.0,1.0,1.5,1.9,1.1,1.3452380952380953,1.7142857142857142,1.5,1.4523809523809523,1.0,0.8,1.6,1.2,1.1,1.7,1.4523809523809523,1.3095238095238095,1.2380952380952381,1.5476190476190477,-0.6000000000000001,0.3999999999999999
,2024-10-27,Crystal Palace,Tottenham Hotspur,1,0,H,1,0,14,11,6,3,8,8,4,4,0,0,D Bond,2425,E0_2425.csv,1,1,Home Win,20241027_CrystalPalace_TottenhamHotspur,0.6,1.2,0.4,1.3,1.2,0.9,1.2142857142857142,1.4047619047619047,1.4285714285714286,1.2857142857142858,2.4,1.2,1.8,2.1,1.1,1.6,1.9285714285714286,1.5833333333333333,1.8095238095238095,1.8571428571428572,-1.4,-1.7999999999999998
,2024-10-27,Chelsea,Newcastle United,2,1,H,1,1,17,11,7,3,7,4,6,3,0,0,S Hooper,2425,E0_2425.csv,3,1,Home Win,20241027_Chelsea_NewcastleUnited,2.0,1.0,2.0,2.1,1.2,2.0,1.5714285714285714,1.4285714285714286,1.6666666666666667,1.2142857142857142,0.8,1.2,1.0,1.4,1.3,1.5,1.9166666666666667,1.2261904761904763,1.7142857142857142,1.5238095238095237,1.0,1.2
,2024-11-02,Newcastle United,Arsenal,1,0,H,1,0,9,10,4,1,4,6,4,4,0,0,J Brooks,2425,E0_2425.csv,1,1,Home Win,20241102_NewcastleUnited_Arsenal,0.6,1.4,0.4,1.3,1.2,1.5,1.9058823529411764,1.2352941176470589,2.119047619047619,0.9285714285714286,2.2,1.8,1.6,1.9,1.1,2.1,2.3058823529411763,0.9647058823529412,1.9761904761904763,0.8333333333333334,-1.2000000000000002,-1.6
,2024-11-02,Bournemouth,Manchester City,2,1,H,1,0,12,18,6,4,3,10,2,1,0,0,M Oliver,2425,E0_2425.csv,3,1,Home Win,20241102_Bournemouth_ManchesterCity,1.2,1.2,1.4,1.2,1.3,1.2,1.2,1.7529411764705882,1.2619047619047619,1.4047619047619047,1.8,1.2,2.2,2.3,1.0,2.6,2.4705882352941178,0.8941176470588236,2.0714285714285716,0.8809523809523809,-0.8000000000000003,-0.6000000000000001
,2024-11-02,Ipswich,Leicester City,1,1,D,0,0,14,20,2,6,4,6,4,2,1,0,T Robinson,2425,E0_2425.csv,2,0,Draw,20241102_Ipswich_LeicesterCity,1.4,2.6,0.4,1.0,2.2222222222222223,0.4444444444444444,1.0,2.2222222222222223,0.75,1.75,1.6,2.0,1.4,1.5,1.8,1.2,1.3617021276595744,1.8085106382978724,1.565217391304348,2.217391304347826,-0.9999999999999999,-0.20000000000000018
,2024-11-02,Liverpool,Brighton,2,1,H,0,1,16,13,8,5,10,7,1,1,0,0,T Harrington,2425,E0_2425.csv,3,1,Home Win,20241102_Liverpool_Brighton,2.0,0.8,2.6,1.9,0.5,2.5,2.0941176470588236,1.0941176470588236,2.4285714285714284,0.8571428571428571,2.0,2.0,1.6,1.6,1.4,1.6,1.6823529411764706,1.4941176470588236,1.5952380952380953,1.7142857142857142,1.0,0.0
,2024-11-02,Nottingham Forest,West Ham United,3,0,H,1,0,19,4,6,2,11,6,1,2,0,1,P Bankes,2425,E0_2425.csv,3,3,Home Win,20241102_NottinghamForest_WestHamUnited,1.4,1.0,1.6,1.3,0.8,1.9,1.1529411764705881,1.6705882352941177,1.3571428571428572,1.3571428571428572,1.6,2.0,1.4,1.4,1.9,1.1,1.3529411764705883,1.7058823529411764,1.1904761904761905,1.9761904761904763,0.20000000000000018,-0.20000000000000018
,2024-11-02,Southampton,Everton,1,0,H,0,0,9,16,2,5,3,6,4,2,0,0,A Madley,2425,E0_2425.csv,1,1,Home Win,20241102_Southampton_Everton,1.0,2.2,0.2,1.0,2.3,0.2,0.8936170212765957,1.9574468085106382,0.9565217391304348,1.9565217391304348,1.2,0.6,1.8,1.1,1.8,0.9,0.9882352941176471,1.4588235294117646,0.9761904761904762,1.6904761904761905,-1.6,-0.19999999999999996
,2024-11-02,Wolverhampton Wanderers,Crystal Palace,2,2,D,0,0,11,19,6,7,3,6,1,2,0,0,A Taylor,2425,E0_2425.csv,4,0,Draw,20241102_WolverhamptonWanderers_CrystalPalace,1.6,2.8,0.2,1.2,2.7,0.2,1.0941176470588236,1.7411764705882353,1.1904761904761905,1.4761904761904763,0.4,0.8,0.8,1.1,1.1,0.9,1.2117647058823529,1.388235294117647,1.0,1.5238095238095237,-0.6000000000000001,1.2000000000000002
,2024-11-03,Tottenham Hotspur,Aston Villa,4,1,H,0,1,16,12,6,1,6,4,2,0,0,0,C Pawson,2425,E0_2425.csv,5,3,Home Win,20241103_TottenhamHotspur_AstonVilla,2.4,1.2,1.8,2.1,1.0,1.6,1.9058823529411764,1.576470588235294,2.0476190476190474,1.3095238095238095,1.8,1.0,1.8,1.6,1.6,1.8,1.6823529411764706,1.388235294117647,1.3095238095238095,1.5,0.0,0.5999999999999999
,2024-11-03,Manchester United,Chelsea,1,1,D,0,0,11,12,4,3,4,8,6,2,0,0,R Jones,2425,E0_2425.csv,2,0,Draw,20241103_ManchesterUnited_Chelsea,0.6,1.2,1.0,1.0,1.1,1.4,1.4470588235294117,1.3176470588235294,1.6666666666666667,1.0714285714285714,2.2,1.2,2.0,2.1,1.2,2.0,1.576470588235294,1.423529411764706,1.4761904761904763,1.6428571428571428,-1.0,-1.6
,2024-11-04,Fulham,Brentford,2,1,H,0,1,26,5,12,2,11,3,2,1,0,0,S Attwell,2425,E0_2425.csv,3,1,Home Win,20241104_Fulham_Brentford,1.6,1.6,1.4,1.6,1.4,1.5,1.4352941176470588,1.4823529411764707,1.6428571428571428,1.4047619047619047,2.4,2.4,1.4,2.0,2.2,1.3,1.5529411764705883,1.5176470588235293,1.2619047619047619,1.619047619047619,0.0,-0.7999999999999998
,2024-11-09,Liverpool,Aston Villa,2,0,H,1,0,14,12,5,2,2,9,0,3,0,0,D Coote,2425,E0_2425.csv,2,2,Home Win,20241109_Liverpool_AstonVilla,1.8,1.0,2.6,1.9,0.6,2.5,2.0930232558139537,1.0930232558139534,2.4186046511627906,0.8604651162790697,1.4,1.6,1.2,1.7,1.5,1.8,1.6744186046511629,1.4186046511627908,1.302325581395349,1.558139534883721,1.4000000000000001,0.40000000000000013
,2024-11-09,Brighton,Manchester City,2,1,H,0,1,10,15,4,6,0,4,3,3,0,0,S Barrott,2425,E0_2425.csv,3,1,Home Win,20241109_Brighton_ManchesterCity,1.8,2.0,1.4,1.7,1.4,1.6,1.6744186046511629,1.5,1.7674418604651163,1.2790697674418605,1.6,1.2,2.0,2.1,1.1,2.3,2.453488372093023,0.9069767441860465,2.046511627906977,0.9069767441860465,-0.6000000000000001,0.19999999999999996
,2024-11-09,Wolverhampton Wanderers,Southampton,2,0,H,1,0,8,9,4,0,1,9,1,4,0,0,T Bramall,2425,E0_2425.csv,2,2,Home Win,20241109_WolverhamptonWanderers_Southampton,1.8,2.6,0.4,1.4,2.7,0.3,1.1046511627906976,1.744186046511628,1.2093023255813953,1.4883720930232558,1.0,2.0,0.6,0.7,1.9,0.4,0.8958333333333334,1.9166666666666667,0.8333333333333334,1.9583333333333333,-0.19999999999999996,0.8
,2024-11-09,Brentford,Bournemouth,3,2,H,1,1,12,15,6,3,6,4,2,4,0,0,D Bond,2425,E0_2425.csv,5,1,Home Win,20241109_Brentford_Bournemouth,2.4,2.2,1.4,1.9,2.0,1.3,1.5465116279069768,1.5232558139534884,1.8372093023255813,1.4186046511627908,1.6,0.8,2.0,1.3,1.2,1.5,1.2093023255813953,1.744186046511628,1.1395348837209303,2.0930232558139537,-0.6000000000000001,0.7999999999999998
,2024-11-09,Crystal Palace,Fulham,0,2,A,0,1,13,17,5,7,1,8,1,1,1,0,M Salisbury,2425,E0_2425.csv,2,-2,Away Win,20241109_CrystalPalace_Fulham,0.8,1.2,0.8,0.8,1.3,0.7,1.2209302325581395,1.3953488372093024,1.4186046511627908,1.255813953488372,1.4,1.6,1.4,1.4,1.3,1.5,1.441860465116279,1.4767441860465116,1.2325581395348837,1.558139534883721,-0.5999999999999999,-0.5999999999999999
,2024-11-09,West Ham United,Everton,0,0,D,0,0,11,18,6,4,7,6,1,2,0,0,S Attwell,2425,E0_2425.csv,0,0,Draw,20241109_WestHamUnited_Everton,1.6,2.0,1.4,1.3,1.9,1.1,1.3372093023255813,1.7209302325581395,1.5116279069767442,1.441860465116279,1.0,0.6,1.6,1.0,1.7,0.9,0.9767441860465116,1.4534883720930232,0.9534883720930233,1.6744186046511629,-0.20000000000000018,0.6000000000000001
,2024-11-10,Manchester United,Leicester City,3,0,H,2,0,13,6,3,5,1,5,0,1,0,0,P Bankes,2425,E0_2425.csv,3,3,Home Win,20241110_ManchesterUnited_LeicesterCity,0.8,1.4,1.0,0.9,1.2,1.2,1.441860465116279,1.313953488372093,1.6511627906976745,1.069767441860465,1.6,2.0,1.4,1.4,1.8,1.0,1.3541666666666667,1.7916666666666667,1.5416666666666667,2.1666666666666665,-0.3999999999999999,-0.8
,2024-11-10,Nottingham Forest,Newcastle United,1,3,A,1,0,9,17,3,6,4,5,1,1,0,0,A Taylor,2425,E0_2425.csv,4,-2,Away Win,20241110_NottinghamForest_NewcastleUnited,1.6,0.6,2.0,1.4,0.7,1.9,1.1744186046511629,1.6511627906976745,1.3953488372093024,1.3255813953488371,0.6,0.8,1.0,1.0,1.0,1.5,1.8953488372093024,1.2209302325581395,1.697674418604651,1.5348837209302326,1.0,1.0
,2024-11-10,Tottenham Hotspur,Ipswich,1,2,A,0,2,17,8,5,3,12,2,1,5,0,0,D England,2425,E0_2425.csv,3,-1,Away Win,20241110_TottenhamHotspur_Ipswich,2.6,1.2,1.8,2.2,1.1,1.6,1.930232558139535,1.569767441860465,2.0930232558139537,1.302325581395349,1.4,2.6,0.4,1.0,2.1,0.5,1.0,2.1,1.2,2.6,1.4,1.2000000000000002
,2024-11-10,Chelsea,Arsenal,1,1,D,0,0,17,13,3,3,4,3,4,2,0,0,M Oliver,2425,E0_2425.csv,2,0,Draw,20241110_Chelsea_Arsenal,1.8,1.4,1.6,2.0,1.2,1.8,1.569767441860465,1.4186046511627908,1.6744186046511629,1.2093023255813953,1.8,1.6,1.4,1.7,1.1,1.8,2.2790697674418605,0.9651162790697675,1.930232558139535,0.8372093023255814,0.20000000000000018,0.0
,2024-11-23,Fulham,Wolverhampton Wanderers,1,4,A,1,1,10,10,3,5,7,2,3,0,0,0,R Jones,2425,E0_2425.csv,5,-3,Away Win,20241123_Fulham_WolverhamptonWanderers,1.6,1.6,1.4,1.6,1.2,1.8,1.4482758620689655,1.4597701149425288,1.6511627906976745,1.3953488372093024,2.0,2.2,1.0,1.6,2.5,0.6,1.1149425287356323,1.7241379310344827,1.0,2.0,0.3999999999999999,-0.3999999999999999
,2024-11-23,Manchester City,Tottenham Hotspur,0,4,A,0,2,23,9,5,7,9,3,4,2,0,0,J Brooks,2425,E0_2425.csv,4,-4,Away Win,20241123_ManchesterCity_TottenhamHotspur,1.6,1.4,1.8,2.0,1.3,2.0,2.4367816091954024,0.9195402298850575,2.86046511627907,0.9069767441860465,2.2,1.6,1.2,2.2,1.2,1.5,1.9195402298850575,1.5747126436781609,1.7674418604651163,1.8372093023255813,0.6000000000000001,-0.6000000000000001
,2024-11-23,Everton,Brentford,0,0,D,0,0,27,9,5,2,10,4,0,0,0,1,C Kavanagh,2425,E0_2425.csv,0,0,Draw,20241123_Everton_Brentford,0.6,0.4,1.2,1.0,1.4,1.0,0.9655172413793104,1.4367816091954022,1.0,1.2325581395348837,2.8,2.4,1.8,2.0,2.1,1.3,1.5632183908045978,1.528735632183908,1.255813953488372,1.627906976744186,-0.6000000000000001,-2.1999999999999997
,2024-11-23,Arsenal,Nottingham Forest,3,0,H,1,0,19,7,7,0,8,1,3,2,0,0,S Hooper,2425,E0_2425.csv,3,3,Home Win,20241123_Arsenal_NottinghamForest,1.2,1.4,1.0,1.6,1.2,1.6,2.264367816091954,0.9655172413793104,2.627906976744186,1.0930232558139534,1.8,1.0,2.0,1.4,0.9,1.8,1.1724137931034482,1.6666666666666667,0.9534883720930233,1.9767441860465116,-1.0,-0.6000000000000001
,2024-11-23,Aston Villa,Crystal Palace,2,2,D,1,2,17,13,5,6,10,1,3,2,0,0,T Robinson,2425,E0_2425.csv,4,0,Draw,20241123_AstonVilla_CrystalPalace,1.0,1.6,1.0,1.5,1.6,1.5,1.6551724137931034,1.4252873563218391,2.046511627906977,1.2790697674418605,0.6,1.2,0.8,0.7,1.3,0.7,1.206896551724138,1.4022988505747127,1.0232558139534884,1.5348837209302326,0.19999999999999996,0.4
,2024-11-23,Leicester City,Chelsea,1,2,A,0,1,4,16,1,7,2,9,4,3,0,0,A Madley,2425,E0_2425.csv,3,-1,Away Win,20241123_LeicesterCity_Chelsea,1.2,1.8,1.4,1.3,2.0,0.9,1.3265306122448979,1.816326530612245,1.1666666666666667,1.4166666666666667,1.2,1.2,1.2,2.1,1.1,1.9,1.5632183908045978,1.4137931034482758,1.4651162790697674,1.627906976744186,0.19999999999999996,0.0
,2024-11-23,Bournemouth,Brighton,1,2,A,0,1,19,6,5,4,7,0,2,2,0,1,S Attwell,2425,E0_2425.csv,3,-1,Away Win,20241123_Bournemouth_Brighton,1.4,1.2,1.4,1.4,1.4,1.4,1.2183908045977012,1.7586206896551724,1.2790697674418605,1.3953488372093024,1.8,1.4,2.0,1.6,1.5,1.6,1.6781609195402298,1.4942528735632183,1.5813953488372092,1.7209302325581395,-0.6000000000000001,-0.40000000000000013
,2024-11-24,Southampton,Liverpool,2,3,A,1,1,7,27,5,11,3,10,3,4,0,0,S Barrott,2425,E0_2425.csv,5,-1,Away Win,20241124_Southampton_Liverpool,0.8,1.8,0.6,0.7,2.0,0.4,0.8775510204081632,1.9183673469387754,0.9583333333333334,1.875,1.8,0.8,2.6,1.9,0.6,2.5,2.0919540229885056,1.0804597701149425,1.7674418604651163,1.3255813953488371,-2.0,-1.0
,2024-11-24,Ipswich,Manchester United,1,1,D,1,1,11,11,6,4,4,3,0,0,0,0,A Taylor,2425,E0_2425.csv,2,0,Draw,20241124_Ipswich_ManchesterUnited,1.4,2.4,0.8,1.2,2.0,0.8,1.0909090909090908,2.0,0.8,1.6,1.4,0.8,1.6,1.1,1.2,1.2,1.4597701149425288,1.2988505747126438,1.2325581395348837,1.558139534883721,-0.8,0.0
,2024-11-25,Newcastle United,West Ham United,0,2,A,0,1,18,15,2,6,8,3,1,0,0,0,C Pawson,2425,E0_2425.csv,2,-2,Away Win,20241125_NewcastleUnited_WestHamUnited,1.0,0.8,1.4,1.2,1.1,1.5,1.9080459770114941,1.2183908045977012,2.0930232558139537,0.9069767441860465,1.4,1.8,1.4,1.2,1.7,1.2,1.3218390804597702,1.7011494252873562,1.1627906976744187,2.0,0.0,-0.3999999999999999
,2024-11-29,Brighton,Southampton,1,1,D,1,0,22,10,5,2,7,6,2,4,0,0,R Jones,2425,E0_2425.csv,2,0,Draw,20241129_Brighton_Southampton,1.6,1.2,2.0,1.6,1.5,1.6,1.6818181818181819,1.4886363636363635,1.7727272727272727,1.2727272727272727,1.0,1.8,0.6,0.9,2.2,0.4,0.9,1.94,0.8,1.96,1.4,0.6000000000000001
,2024-11-30,West Ham United,Arsenal,2,5,A,2,5,12,16,5,7,2,10,4,1,0,0,A Taylor,2425,E0_2425.csv,7,-3,Away Win,20241130_WestHamUnited_Arsenal,1.0,1.6,1.4,1.2,1.7,1.2,1.3295454545454546,1.6818181818181819,1.4772727272727273,1.4090909090909092,1.2,1.2,1.0,1.7,1.2,1.6,2.272727272727273,0.9545454545454546,1.9090909090909092,0.8409090909090909,0.3999999999999999,-0.19999999999999996
,2024-11-30,Nottingham Forest,Ipswich,1,0,H,0,0,12,7,5,3,8,7,1,3,0,0,T Harrington,2425,E0_2425.csv,1,1,Home Win,20241130_NottinghamForest_Ipswich,1.6,1.4,1.8,1.3,1.2,1.5,1.1590909090909092,1.6818181818181819,1.3863636363636365,1.3636363636363635,1.4,1.8,1.0,1.2,1.7,0.9,1.0833333333333333,1.9166666666666667,1.3333333333333333,2.3333333333333335,0.8,0.20000000000000018
,2024-11-30,Wolverhampton Wanderers,Bournemouth,2,4,A,1,3,10,12,3,8,3,4,4,1,0,0,P Bankes,2425,E0_2425.csv,6,-2,Away Win,20241130_WolverhamptonWanderers_Bournemouth,2.2,1.4,1.6,1.8,2.0,0.9,1.1477272727272727,1.7159090909090908,1.2272727272727273,1.4545454545454546,1.6,1.4,1.4,1.4,1.5,1.3,1.2159090909090908,1.7613636363636365,1.1590909090909092,2.1136363636363638,0.20000000000000018,0.6000000000000001
,2024-11-30,Brentford,Leicester City,4,1,H,3,1,13,7,6,3,5,4,1,1,0,0,M Oliver,2425,E0_2425.csv,5,3,Home Win,20241130_Brentford_LeicesterCity,1.8,1.8,1.4,2.0,1.9,1.4,1.5454545454545454,1.5113636363636365,1.8636363636363635,1.4318181818181819,1.2,2.2,0.8,1.3,2.0,0.9,1.32,1.82,1.48,2.2,0.5999999999999999,0.6000000000000001
,2024-11-30,Crystal Palace,Newcastle United,1,1,D,0,0,16,1,4,0,8,9,3,3,0,0,D England,2425,E0_2425.csv,2,0,Draw,20241130_CrystalPalace_NewcastleUnited,1.0,1.4,1.0,0.9,1.3,0.8,1.2159090909090908,1.4090909090909092,1.3863636363636365,1.2727272727272727,1.0,1.2,1.2,1.1,1.2,1.4,1.8863636363636365,1.2272727272727273,1.7272727272727273,1.5227272727272727,-0.19999999999999996,0.0
,2024-12-01,Chelsea,Aston Villa,3,0,H,2,0,17,10,8,4,3,4,2,2,0,0,S Attwell,2425,E0_2425.csv,3,3,Home Win,20241201_Chelsea_AstonVilla,1.4,1.2,1.6,1.7,1.0,1.9,1.5681818181818181,1.4090909090909092,1.6590909090909092,1.2045454545454546,1.4,2.0,1.0,1.7,1.6,1.6,1.6590909090909092,1.4318181818181819,1.2727272727272727,1.5681818181818181,0.6000000000000001,0.0
,2024-12-01,Manchester United,Everton,4,0,H,2,0,11,8,5,2,2,2,2,3,0,0,J Brooks,2425,E0_2425.csv,4,4,Home Win,20241201_ManchesterUnited_Everton,1.6,1.0,1.6,1.1,1.1,1.3,1.4545454545454546,1.2954545454545454,1.6818181818181819,1.0454545454545454,0.6,0.4,1.2,1.0,1.0,1.1,0.9545454545454546,1.4204545454545454,0.9318181818181818,1.6363636363636365,0.40000000000000013,1.0
,2024-12-01,Tottenham Hotspur,Fulham,1,1,D,0,0,8,14,3,6,7,11,0,1,0,1,D Bond,2425,E0_2425.csv,2,0,Draw,20241201_TottenhamHotspur_Fulham,2.6,1.0,1.8,2.2,1.2,1.5,1.9431818181818181,1.5568181818181819,2.0681818181818183,1.3181818181818181,1.4,1.8,1.4,1.5,1.5,1.5,1.4431818181818181,1.4886363636363635,1.25,1.5227272727272727,0.40000000000000013,1.2000000000000002
,2024-12-01,Liverpool,Manchester City,2,0,H,1,0,18,8,7,2,7,4,1,3,0,0,C Kavanagh,2425,E0_2425.csv,2,2,Home Win,20241201_Liverpool_ManchesterCity,2.2,1.2,2.6,2.0,0.8,2.5,2.102272727272727,1.0909090909090908,2.409090909090909,0.8409090909090909,1.0,1.8,1.2,1.6,1.6,1.7,2.409090909090909,0.9545454545454546,2.022727272727273,0.9318181818181818,1.4000000000000001,1.2000000000000002
,2024-12-03,Ipswich,Crystal Palace,0,1,A,0,0,9,13,2,3,4,7,2,4,0,0,C Pawson,2425,E0_2425.csv,1,-1,Away Win,20241203_Ipswich_CrystalPalace,1.4,1.6,1.0,1.1,1.7,0.8,1.0,1.8461538461538463,0.8333333333333334,1.5,1.2,1.4,1.2,0.9,1.3,0.8,1.2134831460674158,1.404494382022472,1.0454545454545454,1.5454545454545454,-0.19999999999999996,0.19999999999999996
,2024-12-03,Leicester City,West Ham United,3,1,H,1,0,8,31,6,10,3,9,2,2,0,0,J Smith,2425,E0_2425.csv,4,2,Home Win,20241203_LeicesterCity_WestHamUnited,0.8,2.6,0.2,1.3,2.2,0.9,1.3137254901960784,1.8627450980392157,1.16,1.44,1.2,1.8,1.4,1.3,1.9,1.2,1.3370786516853932,1.7191011235955056,1.1818181818181819,1.9545454545454546,-1.2,-0.3999999999999999
,2024-12-04,Arsenal,Manchester United,2,0,H,0,0,14,5,6,2,13,0,1,3,0,0,S Barrott,2425,E0_2425.csv,2,2,Home Win,20241204_Arsenal_ManchesterUnited,2.2,1.2,1.6,2.1,1.3,1.8,2.303370786516854,0.9662921348314607,2.6363636363636362,1.0681818181818181,2.0,0.8,1.6,1.5,0.8,1.6,1.4831460674157304,1.2808988764044944,1.2272727272727273,1.5454545454545454,0.0,0.20000000000000018
,2024-12-04,Aston Villa,Brentford,3,1,H,3,0,20,9,10,1,10,5,2,2,0,0,L Smith,2425,E0_2425.csv,4,2,Home Win,20241204_AstonVilla_Brentford,0.8,2.4,0.4,1.5,1.8,1.3,1.6404494382022472,1.449438202247191,2.0454545454545454,1.2954545454545454,2.4,1.6,2.0,2.1,1.9,1.4,1.5730337078651686,1.5056179775280898,1.2272727272727273,1.5909090909090908,-1.6,-1.5999999999999999
,2024-12-04,Southampton,Chelsea,1,5,A,1,3,6,26,4,13,5,7,1,0,1,0,T Harrington,2425,E0_2425.csv,6,-4,Away Win,20241204_Southampton_Chelsea,0.8,1.4,0.8,0.9,2.0,0.5,0.9019607843137255,1.9215686274509804,1.0,1.92,1.8,0.8,2.2,1.9,0.9,2.1,1.5842696629213484,1.3932584269662922,1.4772727272727273,1.6136363636363635,-1.4000000000000001,-1.0
,2024-12-04,Newcastle United,Liverpool,3,3,D,1,0,17,16,6,5,5,6,2,5,0,0,A Madley,2425,E0_2425.csv,6,0,Draw,20241204_NewcastleUnited_Liverpool,1.2,1.2,1.4,1.0,1.2,1.2,1.8764044943820224,1.2247191011235956,2.0454545454545454,0.9318181818181818,2.2,1.0,2.6,1.9,0.8,2.5,2.101123595505618,1.0786516853932584,1.7954545454545454,1.3409090909090908,-1.2000000000000002,-1.0000000000000002
,2024-12-04,Manchester City,Nottingham Forest,3,0,H,2,0,17,12,7,3,8,2,2,4,0,0,M Oliver,2425,E0_2425.csv,3,3,Home Win,20241204_ManchesterCity_NottinghamForest,0.6,2.0,0.6,1.3,1.7,1.4,2.3820224719101124,0.9662921348314607,2.7954545454545454,0.9772727272727273,1.6,1.4,1.8,1.3,1.1,1.7,1.1573033707865168,1.6629213483146068,0.9318181818181818,2.0,-1.2000000000000002,-1.0
,2024-12-04,Everton,Wolverhampton Wanderers,4,0,H,2,0,13,6,4,2,3,4,2,0,0,0,M Salisbury,2425,E0_2425.csv,4,4,Home Win,20241204_Everton_WolverhamptonWanderers,0.2,1.2,0.6,0.8,1.1,1.1,0.9438202247191011,1.449438202247191,0.9772727272727273,1.2045454545454546,2.4,1.8,1.6,1.9,2.3,0.8,1.1573033707865168,1.7415730337078652,1.0681818181818181,1.9772727272727273,-1.0,-2.1999999999999997
,2024-12-05,Fulham,Brighton,3,1,H,1,0,6,13,2,3,5,6,2,2,0,0,P Bankes,2425,E0_2425.csv,4,2,Home Win,20241205_Fulham_Brighton,1.4,1.4,1.6,1.5,1.5,1.5,1.4382022471910112,1.4831460674157304,1.6363636363636365,1.4545454545454546,1.6,1.4,1.6,1.6,1.5,1.6,1.6741573033707866,1.4831460674157304,1.5909090909090908,1.7045454545454546,0.0,-0.20000000000000018
,2024-12-05,Bournemouth,Tottenham Hotspur,1,0,H,1,0,21,12,8,4,5,9,2,2,0,0,S Hooper,2425,E0_2425.csv,1,1,Home Win,20241205_Bournemouth_TottenhamHotspur,2.0,1.8,1.4,1.5,1.5,1.3,1.247191011235955,1.7640449438202248,1.2727272727272727,1.4090909090909092,2.0,1.0,1.4,2.2,1.1,1.6,1.9325842696629214,1.550561797752809,1.8181818181818181,1.7954545454545454,0.0,0.0
,2024-12-07,Aston Villa,Southampton,1,0,H,1,0,18,4,5,0,14,1,1,3,0,0,D Bond,2425,E0_2425.csv,1,1,Home Win,20241207_AstonVilla_Southampton,1.2,2.4,0.8,1.5,1.7,1.3,1.6555555555555554,1.4444444444444444,2.066666666666667,1.288888888888889,1.0,2.2,0.8,1.0,2.2,0.5,0.9038461538461539,1.9807692307692308,0.8076923076923077,1.9230769230769231,0.0,0.19999999999999996
,2024-12-07,Brentford,Newcastle United,4,2,H,2,2,11,16,8,3,3,4,3,0,0,0,T Robinson,2425,E0_2425.csv,6,2,Home Win,20241207_Brentford_NewcastleUnited,1.8,1.6,1.4,2.1,2.0,1.4,1.5666666666666667,1.5222222222222221,1.9111111111111112,1.4222222222222223,1.6,1.4,1.6,1.1,1.4,1.0,1.8888888888888888,1.2444444444444445,1.711111111111111,1.511111111111111,-0.20000000000000018,0.19999999999999996
,2024-12-07,Crystal Palace,Manchester City,2,2,D,1,1,12,12,3,4,6,8,1,0,0,1,R Jones,2425,E0_2425.csv,4,0,Draw,20241207_CrystalPalace_ManchesterCity,1.2,1.4,1.2,0.8,1.1,1.0,1.211111111111111,1.3888888888888888,1.3777777777777778,1.2666666666666666,1.0,2.0,0.6,1.4,1.6,1.4,2.388888888888889,0.9555555555555556,1.9777777777777779,0.9555555555555556,0.6,0.19999999999999996
,2024-12-07,Manchester United,Nottingham Forest,2,3,A,1,1,17,11,7,3,5,3,0,2,0,0,D England,2425,E0_2425.csv,5,-1,Away Win,20241207_ManchesterUnited_NottinghamForest,1.8,0.8,1.6,1.2,1.0,1.3,1.4666666666666666,1.288888888888889,1.7333333333333334,1.0222222222222221,1.0,1.8,1.2,1.2,1.4,1.4,1.1444444444444444,1.6777777777777778,0.9111111111111111,2.022222222222222,0.40000000000000013,0.8
,2024-12-08,Tottenham Hotspur,Chelsea,3,4,A,2,1,13,17,5,8,5,10,2,2,0,0,A Taylor,2425,E0_2425.csv,7,-1,Away Win,20241208_TottenhamHotspur_Chelsea,2.0,1.0,1.4,2.2,1.1,1.6,1.9111111111111112,1.5444444444444445,2.0444444444444443,1.3111111111111111,2.4,0.8,2.2,2.3,1.0,2.1,1.6222222222222222,1.3888888888888888,1.5555555555555556,1.6,-0.8000000000000003,-0.3999999999999999
,2024-12-08,Leicester City,Brighton,2,2,D,0,1,10,16,3,7,5,5,1,2,0,0,S Attwell,2425,E0_2425.csv,4,0,Draw,20241208_LeicesterCity_Brighton,1.2,2.2,0.8,1.4,2.1,1.1,1.3461538461538463,1.8461538461538463,1.2307692307692308,1.4230769230769231,1.4,1.6,1.4,1.7,1.8,1.5,1.6666666666666667,1.5,1.5777777777777777,1.7333333333333334,-0.5999999999999999,-0.19999999999999996
,2024-12-08,Fulham,Arsenal,1,1,D,1,0,2,12,2,4,0,6,4,2,0,0,C Kavanagh,2425,E0_2425.csv,2,0,Draw,20241208_Fulham_Arsenal,1.8,1.4,2.0,1.7,1.5,1.7,1.4555555555555555,1.4777777777777779,1.6666666666666667,1.4444444444444444,2.2,0.8,2.0,2.2,1.3,1.8,2.3,0.9555555555555556,1.9777777777777779,0.8666666666666667,0.0,-0.40000000000000013
,2024-12-08,Ipswich,Bournemouth,1,2,A,1,0,18,22,5,6,6,13,2,1,0,0,M Salisbury,2425,E0_2425.csv,3,-1,Away Win,20241208_Ipswich_Bournemouth,0.8,1.0,1.0,1.1,1.8,0.7,0.9285714285714286,1.7857142857142858,0.7142857142857143,1.4285714285714286,2.0,1.6,1.8,1.6,1.4,1.6,1.2444444444444445,1.7444444444444445,1.2222222222222223,2.111111111111111,-0.8,-1.2
,2024-12-09,West Ham United,Wolverhampton Wanderers,2,1,H,0,0,19,19,4,5,11,0,5,4,0,0,J Brooks,2425,E0_2425.csv,3,1,Home Win,20241209_WestHamUnited_WolverhamptonWanderers,1.0,2.2,0.8,1.3,2.1,1.1,1.3333333333333333,1.7333333333333334,1.488888888888889,1.488888888888889,2.0,2.2,1.4,1.8,2.5,0.8,1.1444444444444444,1.7666666666666666,1.0444444444444445,2.022222222222222,-0.5999999999999999,-1.0
,2024-12-14,Arsenal,Everton,0,0,D,0,0,13,2,5,0,8,2,0,3,0,0,C Pawson,2425,E0_2425.csv,0,0,Draw,20241214_Arsenal_Everton,2.4,0.8,2.2,2.1,1.2,1.8,2.2857142857142856,0.9560439560439561,2.6222222222222222,1.0444444444444445,0.8,1.0,1.0,1.0,0.8,1.4,0.9777777777777777,1.4333333333333333,0.9111111111111111,1.6888888888888889,1.2000000000000002,1.5999999999999999
,2024-12-14,Liverpool,Fulham,2,2,D,0,1,16,12,4,3,5,4,3,4,1,0,T Harrington,2425,E0_2425.csv,4,0,Draw,20241214_Liverpool_Fulham,2.4,1.2,2.6,2.2,1.0,2.6,2.111111111111111,1.1,2.4,0.8222222222222222,1.6,1.4,1.6,1.5,1.5,1.5,1.4505494505494505,1.4725274725274726,1.2444444444444445,1.511111111111111,1.0,0.7999999999999998
,2024-12-14,Newcastle United,Leicester City,4,0,H,1,0,27,4,11,1,5,2,3,3,0,0,T Bramall,2425,E0_2425.csv,4,4,Home Win,20241214_NewcastleUnited_LeicesterCity,1.8,2.2,1.0,1.2,1.5,1.0,1.89010989010989,1.2747252747252746,2.066666666666667,0.9777777777777777,1.4,2.4,0.8,1.5,2.2,1.1,1.3584905660377358,1.849056603773585,1.4615384615384615,2.269230769230769,0.19999999999999996,0.40000000000000013
,2024-12-14,Wolverhampton Wanderers,Ipswich,1,2,A,0,1,16,10,6,5,7,3,0,2,1,0,S Hooper,2425,E0_2425.csv,3,-1,Away Win,20241214_WolverhamptonWanderers_Ipswich,1.8,2.2,1.2,1.8,2.4,0.8,1.1428571428571428,1.7692307692307692,1.2444444444444445,1.511111111111111,0.8,1.2,0.8,1.1,1.9,0.6,0.9333333333333333,1.8,1.1428571428571428,2.142857142857143,0.3999999999999999,1.0
,2024-12-14,Nottingham Forest,Aston Villa,2,1,H,0,0,17,8,6,2,4,3,0,1,0,0,S Barrott,2425,E0_2425.csv,3,1,Home Win,20241214_NottinghamForest_AstonVilla,1.0,2.2,1.2,1.3,1.4,1.6,1.164835164835165,1.6813186813186813,1.3777777777777778,1.3333333333333333,1.2,1.6,1.4,1.3,1.6,1.3,1.6483516483516483,1.4285714285714286,1.2444444444444445,1.6,-0.19999999999999996,-0.19999999999999996
,2024-12-15,Chelsea,Brentford,2,1,H,1,0,26,9,8,4,8,5,0,2,1,0,P Bankes,2425,E0_2425.csv,3,1,Home Win,20241215_Chelsea_Brentford,3.0,1.2,2.6,2.4,1.3,2.1,1.6483516483516483,1.4065934065934067,1.6888888888888889,1.1777777777777778,2.4,1.6,2.0,2.4,1.9,1.7,1.5934065934065933,1.5274725274725274,1.2222222222222223,1.6222222222222222,0.6000000000000001,0.6000000000000001
,2024-12-15,Brighton,Crystal Palace,1,3,A,0,2,17,13,5,5,8,5,1,4,0,0,M Oliver,2425,E0_2425.csv,4,-2,Away Win,20241215_Brighton_CrystalPalace,1.6,1.6,1.6,1.7,1.8,1.5,1.6703296703296704,1.5054945054945055,1.7555555555555555,1.2666666666666666,1.2,1.4,1.2,1.0,1.3,1.0,1.2197802197802199,1.3956043956043955,1.0444444444444445,1.511111111111111,0.40000000000000013,0.40000000000000013
,2024-12-15,Manchester City,Manchester United,1,2,A,1,0,10,10,3,3,8,2,1,1,0,0,A Taylor,2425,E0_2425.csv,3,-1,Away Win,20241215_ManchesterCity_ManchesterUnited,1.2,2.0,0.8,1.4,1.6,1.4,2.3846153846153846,0.967032967032967,2.8,0.9555555555555556,2.0,1.2,1.4,1.4,1.3,1.2,1.4725274725274726,1.3076923076923077,1.2,1.5555555555555556,-0.5999999999999999,-0.8
,2024-12-15,Southampton,Tottenham Hotspur,0,5,A,0,5,9,18,3,9,2,5,1,3,0,0,D England,2425,E0_2425.csv,5,-5,Away Win,20241215_Southampton_TottenhamHotspur,0.8,2.4,0.2,0.9,2.2,0.4,0.8867924528301887,1.9622641509433962,1.0,2.0384615384615383,1.8,1.6,0.8,2.2,1.4,1.3,1.9230769230769231,1.5714285714285714,1.7777777777777777,1.7777777777777777,-0.6000000000000001,-1.0
,2024-12-16,Bournemouth,West Ham United,1,1,D,0,0,29,16,9,3,12,6,0,2,0,0,C Kavanagh,2425,E0_2425.csv,2,0,Draw,20241216_Bournemouth_WestHamUnited,2.0,1.6,1.8,1.8,1.2,1.9,1.2527472527472527,1.7362637362637363,1.2666666666666666,1.3777777777777778,1.4,1.8,1.4,1.5,1.9,1.4,1.3406593406593406,1.7252747252747254,1.1777777777777778,1.9777777777777779,0.40000000000000013,0.6000000000000001
,2024-12-21,Aston Villa,Manchester City,2,1,H,1,0,11,12,6,6,5,4,3,3,0,0,P Bankes,2425,E0_2425.csv,3,1,Home Win,20241221_AstonVilla_ManchesterCity,1.4,1.6,1.4,1.2,1.6,1.2,1.641304347826087,1.434782608695652,2.0434782608695654,1.2608695652173914,1.2,2.0,0.8,1.4,1.7,1.3,2.369565217391304,0.9782608695652174,1.9782608695652173,0.9782608695652174,0.5999999999999999,0.19999999999999996
,2024-12-21,Brentford,Nottingham Forest,0,2,A,0,1,7,10,3,6,9,5,3,4,0,0,M Oliver,2425,E0_2425.csv,2,-2,Away Win,20241221_Brentford_NottinghamForest,2.0,1.6,1.4,2.4,2.0,1.6,1.5869565217391304,1.5326086956521738,1.9565217391304348,1.434782608695652,1.2,1.8,1.8,1.5,1.4,1.9,1.173913043478261,1.673913043478261,0.9565217391304348,2.0217391304347827,-0.40000000000000013,0.8
,2024-12-21,Ipswich,Newcastle United,0,4,A,0,3,10,15,2,7,2,1,2,0,0,0,S Attwell,2425,E0_2425.csv,4,-4,Away Win,20241221_Ipswich_NewcastleUnited,0.8,1.2,0.8,1.1,1.8,0.8,1.0,1.75,0.75,1.5,2.0,2.0,1.0,1.5,1.4,1.2,1.9130434782608696,1.2608695652173914,1.7173913043478262,1.565217391304348,-0.19999999999999996,-1.2
,2024-12-21,West Ham United,Brighton,1,1,D,0,0,11,12,4,6,8,4,2,2,0,0,R Jones,2425,E0_2425.csv,2,0,Draw,20241221_WestHamUnited_Brighton,1.6,2.0,1.4,1.5,1.9,1.4,1.3369565217391304,1.7173913043478262,1.5,1.4782608695652173,1.4,2.0,1.0,1.6,1.7,1.5,1.6630434782608696,1.5217391304347827,1.5869565217391304,1.7391304347826086,0.3999999999999999,0.20000000000000018
,2024-12-21,Crystal Palace,Arsenal,1,5,A,1,3,15,14,6,6,3,3,2,2,0,0,S Hooper,2425,E0_2425.csv,6,-4,Away Win,20241221_CrystalPalace_Arsenal,1.8,1.2,1.8,1.2,1.2,1.3,1.2391304347826086,1.391304347826087,1.391304347826087,1.2826086956521738,2.2,0.6,2.2,1.7,1.0,1.6,2.260869565217391,0.9456521739130435,1.9565217391304348,0.8695652173913043,-0.40000000000000013,-0.40000000000000013
,2024-12-22,Everton,Chelsea,0,0,D,0,0,5,12,4,5,2,5,4,1,0,0,C Kavanagh,2425,E0_2425.csv,0,0,Draw,20241222_Everton_Chelsea,0.8,0.8,1.2,0.9,0.7,1.4,0.967032967032967,1.4175824175824177,1.0444444444444445,1.1777777777777778,3.2,1.2,3.0,2.2,1.2,2.1,1.6521739130434783,1.4021739130434783,1.608695652173913,1.6304347826086956,-1.8,-2.4000000000000004
,2024-12-22,Fulham,Southampton,0,0,D,0,0,16,5,5,1,6,5,1,3,0,0,T Robinson,2425,E0_2425.csv,0,0,Draw,20241222_Fulham_Southampton,1.6,1.8,1.2,1.6,1.7,1.3,1.4565217391304348,1.4782608695652173,1.6521739130434783,1.434782608695652,0.8,3.0,0.2,0.8,2.4,0.4,0.8703703703703703,2.0185185185185186,0.7777777777777778,1.8888888888888888,1.0,0.8
,2024-12-22,Leicester City,Wolverhampton Wanderers,0,3,A,0,3,9,8,5,4,6,1,2,0,0,0,A Taylor,2425,E0_2425.csv,3,-3,Away Win,20241222_LeicesterCity_WolverhamptonWanderers,1.4,2.6,0.8,1.3,2.2,1.1,1.3333333333333333,1.8888888888888888,1.2592592592592593,1.4444444444444444,1.6,2.6,0.6,1.8,2.4,0.8,1.141304347826087,1.7717391304347827,1.0434782608695652,2.0217391304347827,0.20000000000000007,-0.20000000000000018
,2024-12-22,Manchester United,Bournemouth,0,3,A,0,1,23,10,7,5,13,1,1,3,0,0,C Pawson,2425,E0_2425.csv,3,-3,Away Win,20241222_ManchesterUnited_Bournemouth,1.8,1.4,1.4,1.6,1.1,1.5,1.4782608695652173,1.3043478260869565,1.7391304347826086,1.065217391304348,1.8,1.2,2.0,1.6,1.2,1.7,1.25,1.7282608695652173,1.2391304347826086,2.0869565217391304,-0.6000000000000001,0.0
,2024-12-22,Tottenham Hotspur,Liverpool,3,6,A,1,3,9,24,5,12,7,5,1,2,0,0,S Barrott,2425,E0_2425.csv,9,-3,Away Win,20241222_TottenhamHotspur_Liverpool,2.6,1.2,1.4,2.4,1.4,1.3,1.9565217391304348,1.5543478260869565,2.0652173913043477,1.3695652173913044,2.4,1.4,2.2,2.1,1.2,2.4,2.10989010989011,1.10989010989011,1.8222222222222222,1.3777777777777778,-0.8000000000000003,0.20000000000000018
,2024-12-26,Liverpool,Leicester City,3,1,H,1,1,19,4,7,1,14,1,3,2,0,0,D Bond,2425,E0_2425.csv,4,2,Home Win,20241226_Liverpool_LeicesterCity,3.2,2.0,2.2,2.5,1.4,2.4,2.152173913043478,1.1304347826086956,2.391304347826087,0.8478260869565217,1.2,2.8,0.8,1.2,2.5,0.8,1.309090909090909,1.9090909090909092,1.4074074074074074,2.3333333333333335,1.4000000000000001,2.0
,2024-12-26,Wolverhampton Wanderers,Manchester United,2,0,H,0,0,7,11,4,4,4,4,2,2,0,1,T Harrington,2425,E0_2425.csv,2,2,Home Win,20241226_WolverhamptonWanderers_ManchesterUnited,1.4,2.4,0.6,1.8,1.9,1.1,1.1612903225806452,1.7526881720430108,1.2391304347826086,1.5217391304347827,1.6,1.8,1.2,1.6,1.4,1.4,1.4623655913978495,1.3225806451612903,1.2173913043478262,1.5434782608695652,-0.6,-0.20000000000000018
,2024-12-26,Southampton,West Ham United,0,1,A,0,0,18,16,5,2,2,2,1,2,0,0,L Smith,2425,E0_2425.csv,1,-1,Away Win,20241226_Southampton_WestHamUnited,0.4,2.4,0.4,0.7,2.1,0.5,0.8545454545454545,1.981818181818182,0.9629629629629629,2.1481481481481484,1.4,2.2,1.0,1.2,1.9,1.2,1.3333333333333333,1.7096774193548387,1.173913043478261,1.9565217391304348,-0.6,-0.9999999999999999
,2024-12-26,Nottingham Forest,Tottenham Hotspur,1,0,H,1,0,10,13,3,4,2,7,3,2,0,1,C Pawson,2425,E0_2425.csv,1,1,Home Win,20241226_NottinghamForest_TottenhamHotspur,1.6,1.2,2.4,1.6,1.3,2.1,1.1827956989247312,1.6559139784946237,1.391304347826087,1.326086956521739,2.4,2.4,0.8,2.5,1.7,1.3,1.967741935483871,1.6021505376344085,1.8478260869565217,1.7391304347826086,1.5999999999999999,-0.7999999999999998
,2024-12-26,Manchester City,Everton,1,1,D,1,1,24,8,5,3,8,5,1,4,0,0,S Hooper,2425,E0_2425.csv,2,0,Draw,20241226_ManchesterCity_Everton,1.4,1.6,0.8,1.2,1.7,1.0,2.3548387096774195,0.989247311827957,2.760869565217391,0.9782608695652174,0.8,0.8,1.2,0.7,0.6,1.2,0.9565217391304348,1.4021739130434783,0.8913043478260869,1.6521739130434783,-0.3999999999999999,0.5999999999999999
,2024-12-26,Chelsea,Fulham,1,2,A,1,0,12,14,8,7,3,1,1,3,0,0,S Barrott,2425,E0_2425.csv,3,-1,Away Win,20241226_Chelsea_Fulham,2.8,1.0,2.6,2.1,1.1,2.1,1.6344086021505377,1.3870967741935485,1.6956521739130435,1.173913043478261,1.4,1.0,1.4,1.4,1.4,1.4,1.4408602150537635,1.4623655913978495,1.2608695652173914,1.5217391304347827,1.2000000000000002,1.4
,2024-12-26,Bournemouth,Crystal Palace,0,0,D,0,0,18,10,4,4,5,2,2,2,0,0,T Bramall,2425,E0_2425.csv,0,0,Draw,20241226_Bournemouth_CrystalPalace,2.2,0.8,2.6,1.9,1.1,2.0,1.2688172043010753,1.7096774193548387,1.2608695652173914,1.3695652173913044,1.6,1.8,1.6,1.3,1.6,1.3,1.2365591397849462,1.4301075268817205,1.0869565217391304,1.5,1.0,0.6000000000000001
,2024-12-26,Newcastle United,Aston Villa,3,0,H,1,0,22,4,8,1,9,6,2,1,0,1,A Taylor,2425,E0_2425.csv,3,3,Home Win,20241226_NewcastleUnited_AstonVilla,2.8,1.6,1.6,1.9,1.4,1.4,1.935483870967742,1.2473118279569892,2.108695652173913,0.9565217391304348,1.4,1.4,1.8,1.4,1.7,1.4,1.6451612903225807,1.4301075268817205,1.2391304347826086,1.608695652173913,-0.19999999999999996,1.4
,2024-12-27,Brighton,Brentford,0,0,D,0,0,24,8,7,3,5,3,0,2,0,0,A Madley,2425,E0_2425.csv,0,0,Draw,20241227_Brighton_Brentford,1.2,2.0,0.6,1.4,1.6,1.3,1.6559139784946237,1.5161290322580645,1.7391304347826086,1.3043478260869565,2.0,2.0,1.2,1.9,1.9,1.3,1.5698924731182795,1.5376344086021505,1.2173913043478262,1.6304347826086956,-0.6,-0.8
,2024-12-27,Arsenal,Ipswich,1,0,H,1,0,13,3,5,0,5,1,1,1,0,0,D England,2425,E0_2425.csv,1,1,Home Win,20241227_Arsenal_Ipswich,2.6,0.8,2.2,1.9,1.0,1.6,2.2903225806451615,0.946236559139785,2.5652173913043477,1.0217391304347827,0.6,1.8,0.6,1.0,1.8,0.8,0.9411764705882353,1.8823529411764706,1.25,2.0,1.6,2.0
,2024-12-29,Tottenham Hotspur,Wolverhampton Wanderers,2,2,D,2,1,13,11,3,3,5,5,1,2,0,0,C Kavanagh,2425,E0_2425.csv,4,0,Draw,20241229_TottenhamHotspur_WolverhamptonWanderers,2.2,2.4,0.6,2.1,1.7,1.0,1.946808510638298,1.5957446808510638,2.0851063829787235,1.4680851063829787,1.4,1.6,1.2,1.9,1.7,1.4,1.1702127659574468,1.7340425531914894,1.0851063829787233,1.9787234042553192,-0.6,0.8000000000000003
,2024-12-29,Fulham,Bournemouth,2,2,D,1,0,11,16,6,9,1,7,1,3,0,0,R Jones,2425,E0_2425.csv,4,0,Draw,20241229_Fulham_Bournemouth,1.6,1.0,1.8,1.5,1.2,1.7,1.446808510638298,1.4574468085106382,1.6170212765957446,1.4042553191489362,1.4,0.4,2.2,1.7,1.1,1.8,1.2553191489361701,1.6914893617021276,1.2765957446808511,2.0425531914893615,-0.40000000000000013,0.20000000000000018
,2024-12-29,West Ham United,Liverpool,0,5,A,0,3,7,22,0,13,3,6,0,0,0,0,A Taylor,2425,E0_2425.csv,5,-5,Away Win,20241229_WestHamUnited_Liverpool,1.2,1.2,1.6,1.2,1.5,1.5,1.3297872340425532,1.6914893617021276,1.4893617021276595,1.4680851063829787,3.2,1.8,2.2,2.7,1.5,2.4,2.161290322580645,1.1290322580645162,1.9130434782608696,1.4130434782608696,-0.6000000000000001,-2.0
,2024-12-29,Crystal Palace,Southampton,2,1,H,1,1,19,7,10,3,8,7,2,3,0,0,M Salisbury,2425,E0_2425.csv,3,1,Home Win,20241229_CrystalPalace_Southampton,1.4,1.6,1.6,1.3,1.5,1.4,1.2234042553191489,1.4148936170212767,1.3829787234042554,1.3617021276595744,0.2,2.4,0.2,0.5,1.9,0.5,0.8392857142857143,1.9642857142857142,0.75,1.8214285714285714,1.4000000000000001,1.2
,2024-12-29,Everton,Nottingham Forest,0,2,A,0,1,13,11,2,7,5,4,4,1,0,0,T Harrington,2425,E0_2425.csv,2,-2,Away Win,20241229_Everton_NottinghamForest,1.0,1.0,1.2,0.8,0.7,1.2,0.956989247311828,1.3978494623655915,1.0217391304347827,1.1521739130434783,1.6,1.2,2.4,1.6,1.3,2.1,1.1808510638297873,1.6382978723404256,0.9787234042553191,1.9787234042553192,-1.2,-0.6000000000000001
,2024-12-29,Leicester City,Manchester City,0,2,A,0,1,11,14,4,5,4,4,2,1,0,0,M Oliver,2425,E0_2425.csv,2,-2,Away Win,20241229_LeicesterCity_ManchesterCity,1.2,2.6,0.8,1.0,2.6,0.5,1.3035714285714286,1.9285714285714286,1.2142857142857142,1.5,1.6,1.4,1.0,1.1,1.7,0.8,2.3404255319148937,0.9893617021276596,1.9574468085106382,1.0,-0.19999999999999996,-0.40000000000000013
,2024-12-30,Aston Villa,Brighton,2,2,D,1,1,20,13,4,4,12,3,2,3,0,0,C Pawson,2425,E0_2425.csv,4,0,Draw,20241230_AstonVilla_Brighton,1.4,1.4,1.8,1.1,1.9,1.1,1.627659574468085,1.446808510638298,2.0425531914893615,1.2553191489361701,1.0,1.8,0.6,1.3,1.6,1.1,1.6382978723404256,1.5,1.574468085106383,1.7234042553191489,1.2000000000000002,0.3999999999999999
,2024-12-30,Ipswich,Chelsea,2,0,H,1,0,9,20,6,5,4,7,4,4,0,0,J Brooks,2425,E0_2425.csv,2,2,Home Win,20241230_Ipswich_Chelsea,0.6,1.8,0.6,1.0,1.7,0.8,0.8888888888888888,1.8333333333333333,0.6666666666666666,1.7777777777777777,2.4,1.4,2.0,2.1,1.1,2.1,1.627659574468085,1.3936170212765957,1.574468085106383,1.5957446808510638,-1.4,-1.7999999999999998
,2024-12-30,Manchester United,Newcastle United,0,2,A,0,2,10,12,0,4,2,3,1,1,0,0,S Hooper,2425,E0_2425.csv,2,-2,Away Win,20241230_ManchesterUnited_NewcastleUnited,0.8,2.2,0.6,1.4,1.5,1.1,1.446808510638298,1.3297872340425532,1.702127659574468,1.1063829787234043,3.2,1.4,2.0,2.2,1.3,1.7,1.946808510638298,1.2340425531914894,1.7659574468085106,1.5319148936170213,-1.4,-2.4000000000000004
,2025-01-01,Brentford,Arsenal,1,3,A,1,1,5,14,2,5,4,3,1,2,0,0,P Bankes,2425,E0_2425.csv,4,-2,Away Win,20250101_Brentford_Arsenal,1.2,1.8,0.8,1.8,1.7,1.4,1.553191489361702,1.5212765957446808,1.9148936170212767,1.446808510638298,1.8,0.4,2.2,2.0,0.8,1.9,2.276595744680851,0.9361702127659575,2.021276595744681,0.8723404255319149,-1.4000000000000001,-0.6000000000000001
,2025-01-04,Southampton,Brentford,0,5,A,0,1,8,20,1,11,2,2,2,0,0,0,S Attwell,2425,E0_2425.csv,5,-5,Away Win,20250104_Southampton_Brentford,0.2,1.8,0.2,0.6,2.0,0.5,0.8421052631578947,1.9649122807017543,0.9285714285714286,2.107142857142857,1.2,1.8,0.8,1.5,1.7,1.1,1.5473684210526315,1.5368421052631578,1.1914893617021276,1.5957446808510638,-0.6000000000000001,-1.0
,2025-01-04,Manchester City,West Ham United,4,1,H,2,0,10,17,7,4,7,1,2,1,0,0,M Salisbury,2425,E0_2425.csv,5,3,Home Win,20250104_ManchesterCity_WestHamUnited,1.4,1.4,1.0,1.2,1.7,0.8,2.336842105263158,0.9789473684210527,2.723404255319149,0.9787234042553191,1.0,1.6,1.6,1.0,1.9,1.2,1.3157894736842106,1.7263157894736842,1.1702127659574468,1.9148936170212767,-0.6000000000000001,0.3999999999999999
,2025-01-04,Crystal Palace,Chelsea,1,1,D,0,1,13,15,6,1,6,6,0,2,0,0,T Robinson,2425,E0_2425.csv,2,0,Draw,20250104_CrystalPalace_Chelsea,1.6,1.8,1.6,1.4,1.6,1.4,1.231578947368421,1.4105263157894736,1.3958333333333333,1.3541666666666667,1.4,1.6,1.4,1.9,1.2,1.8,1.6105263157894736,1.4,1.5416666666666667,1.6041666666666667,0.20000000000000018,0.20000000000000018
,2025-01-04,Brighton,Arsenal,1,1,D,0,1,11,9,4,3,2,5,2,3,0,0,A Taylor,2425,E0_2425.csv,2,0,Draw,20250104_Brighton_Arsenal,1.2,1.6,0.8,1.3,1.6,1.1,1.6421052631578947,1.5052631578947369,1.702127659574468,1.2765957446808511,2.0,0.6,2.2,2.1,0.7,2.1,2.2842105263157895,0.9368421052631579,2.0416666666666665,0.875,-1.4000000000000001,-0.8
,2025-01-04,Aston Villa,Leicester City,2,1,H,0,0,13,4,5,2,7,2,0,1,0,0,J Gillett,2425,E0_2425.csv,3,1,Home Win,20250104_AstonVilla_LeicesterCity,1.2,1.6,1.4,1.2,2.0,1.1,1.631578947368421,1.4526315789473685,2.0416666666666665,1.2708333333333333,0.6,2.8,0.2,0.9,2.5,0.5,1.280701754385965,1.9298245614035088,1.3928571428571428,2.357142857142857,1.2,0.6
,2025-01-04,Tottenham Hotspur,Newcastle United,1,2,A,1,2,13,14,4,4,9,10,1,4,0,0,A Madley,2425,E0_2425.csv,3,-1,Away Win,20250104_TottenhamHotspur_NewcastleUnited,2.6,2.6,0.8,2.3,1.8,1.1,1.9473684210526316,1.6,2.0833333333333335,1.4791666666666667,3.0,0.8,2.4,2.3,1.1,2.0,1.9473684210526316,1.2210526315789474,1.7708333333333333,1.5,-1.5999999999999999,-0.3999999999999999
,2025-01-04,Bournemouth,Everton,1,0,H,0,0,19,9,8,0,9,3,2,2,0,0,J Brooks,2425,E0_2425.csv,1,1,Home Win,20250104_Bournemouth_Everton,1.6,0.8,1.8,1.8,1.2,1.8,1.263157894736842,1.694736842105263,1.2340425531914894,1.3404255319148937,1.0,0.6,1.2,0.6,0.9,0.9,0.9468085106382979,1.4042553191489362,0.8936170212765957,1.6382978723404256,0.6000000000000001,0.6000000000000001
,2025-01-05,Fulham,Ipswich,2,2,D,0,1,15,7,4,3,9,2,1,5,0,0,D Bond,2425,E0_2425.csv,4,0,Draw,20250105_Fulham_Ipswich,1.4,1.2,1.4,1.6,1.3,1.7,1.4526315789473685,1.4631578947368422,1.625,1.4166666666666667,1.0,1.6,1.2,0.9,1.3,1.1,0.9473684210526315,1.736842105263158,1.1111111111111112,1.8888888888888888,0.19999999999999996,0.3999999999999999
,2025-01-05,Liverpool,Manchester United,2,2,D,0,0,19,13,6,4,6,9,2,4,0,0,M Oliver,2425,E0_2425.csv,4,0,Draw,20250105_Liverpool_ManchesterUnited,3.8,1.8,2.2,3.0,1.4,2.4,2.1914893617021276,1.1170212765957446,2.404255319148936,0.851063829787234,0.8,2.2,0.6,1.3,1.5,1.1,1.431578947368421,1.3368421052631578,1.1914893617021276,1.553191489361702,1.6,3.0
,2025-01-06,Wolverhampton Wanderers,Nottingham Forest,0,3,A,0,2,13,11,6,3,5,3,1,2,0,0,P Bankes,2425,E0_2425.csv,3,-3,Away Win,20250106_WolverhamptonWanderers_NottinghamForest,1.8,1.2,1.4,1.9,1.7,1.4,1.1789473684210525,1.736842105263158,1.2553191489361701,1.4893617021276595,2.0,0.6,3.0,1.5,1.2,2.1,1.1894736842105262,1.6210526315789473,1.0,1.9375,-1.6,-0.19999999999999996
,2025-01-14,Brentford,Manchester City,2,2,D,0,0,18,21,6,8,4,5,0,0,0,0,A Taylor,2425,E0_2425.csv,4,0,Draw,20250114_Brentford_ManchesterCity,1.4,1.4,0.8,1.9,1.5,1.4,1.5833333333333333,1.5208333333333333,1.8958333333333333,1.4791666666666667,1.8,1.2,1.4,1.5,1.6,1.1,2.3541666666666665,0.9791666666666666,1.9583333333333333,0.9791666666666666,-0.5999999999999999,-0.40000000000000013
,2025-01-14,Chelsea,Bournemouth,2,2,D,1,0,26,7,10,3,9,3,2,3,0,0,R Jones,2425,E0_2425.csv,4,0,Draw,20250114_Chelsea_Bournemouth,0.8,1.2,1.0,1.9,1.2,1.8,1.6041666666666667,1.3958333333333333,1.6808510638297873,1.1914893617021276,1.4,0.6,1.8,1.7,1.1,1.8,1.2604166666666667,1.6770833333333333,1.2916666666666667,2.0416666666666665,-0.8,-0.5999999999999999
,2025-01-14,West Ham United,Fulham,3,2,H,2,0,4,21,3,5,0,3,3,3,0,0,C Pawson,2425,E0_2425.csv,5,1,Home Win,20250114_WestHamUnited_Fulham,0.8,2.2,1.0,1.1,2.0,1.2,1.3125,1.75,1.4583333333333333,1.5416666666666667,1.6,1.4,1.4,1.6,1.4,1.5,1.4583333333333333,1.46875,1.2765957446808511,1.5106382978723405,-0.3999999999999999,-0.8
,2025-01-14,Nottingham Forest,Liverpool,1,1,D,1,0,6,23,3,7,0,9,2,1,0,0,C Kavanagh,2425,E0_2425.csv,2,0,Draw,20250114_NottinghamForest_Liverpool,2.0,0.2,3.0,1.5,1.2,2.1,1.2083333333333333,1.6041666666666667,1.3829787234042554,1.297872340425532,3.6,1.6,2.2,3.0,1.4,2.4,2.1894736842105265,1.1263157894736842,1.9787234042553192,1.3829787234042554,0.7999999999999998,-1.6
,2025-01-15,Everton,Aston Villa,0,1,A,0,0,10,11,3,3,8,5,2,1,0,0,S Barrott,2425,E0_2425.csv,1,-1,Away Win,20250115_Everton_AstonVilla,0.2,0.8,0.6,0.5,0.9,0.8,0.9368421052631579,1.4,1.0,1.1702127659574468,1.4,1.8,1.4,1.3,1.7,1.4,1.6354166666666667,1.4479166666666667,1.2127659574468086,1.6382978723404256,-0.7999999999999999,-1.2
,2025-01-15,Leicester City,Crystal Palace,0,2,A,0,0,21,9,4,4,4,3,0,0,0,0,A Madley,2425,E0_2425.csv,2,-2,Away Win,20250115_LeicesterCity_CrystalPalace,0.4,2.8,0.0,0.9,2.6,0.4,1.2758620689655173,1.9310344827586208,1.1724137931034482,1.5172413793103448,1.4,1.6,1.6,1.3,1.5,1.4,1.2291666666666667,1.40625,1.0638297872340425,1.4680851063829787,-1.6,-0.9999999999999999
,2025-01-15,Newcastle United,Wolverhampton Wanderers,3,0,H,1,0,17,13,5,7,4,2,0,2,0,0,D England,2425,E0_2425.csv,3,3,Home Win,20250115_NewcastleUnited_WolverhamptonWanderers,3.0,0.2,3.0,2.4,1.2,2.0,1.9479166666666667,1.21875,2.127659574468085,0.9361702127659575,1.6,1.4,1.4,1.7,1.8,1.3,1.1666666666666667,1.75,1.1041666666666667,1.9791666666666667,1.6,1.4
,2025-01-15,Arsenal,Tottenham Hotspur,2,1,H,2,1,14,10,4,2,10,4,3,1,0,0,S Hooper,2425,E0_2425.csv,3,1,Home Win,20250115_Arsenal_TottenhamHotspur,2.0,0.6,2.2,2.2,0.7,2.2,2.2708333333333335,0.9375,2.5319148936170213,1.0,2.2,2.2,0.8,2.0,1.9,0.8,1.9375,1.6041666666666667,1.8085106382978724,1.7234042553191489,1.4000000000000001,-0.20000000000000018
,2025-01-16,Manchester United,Southampton,3,1,H,0,1,23,13,9,5,5,4,1,3,0,0,J Brooks,2425,E0_2425.csv,4,2,Home Win,20250116_ManchesterUnited_Southampton,0.8,2.0,0.8,1.4,1.6,1.1,1.4375,1.34375,1.6666666666666667,1.125,0.2,2.6,0.2,0.5,2.5,0.2,0.8275862068965517,2.0172413793103448,0.7586206896551724,1.8275862068965518,0.6000000000000001,0.6000000000000001
,2025-01-16,Ipswich,Brighton,0,2,A,0,0,5,11,3,5,1,9,2,2,0,0,T Harrington,2425,E0_2425.csv,2,-2,Away Win,20250116_Ipswich_Brighton,1.2,1.6,1.4,1.0,1.4,1.1,1.0,1.75,0.8,1.6,1.0,1.4,0.8,1.3,1.5,1.2,1.6354166666666667,1.5,1.5833333333333333,1.7291666666666667,0.5999999999999999,0.19999999999999996
,2025-01-18,Newcastle United,Bournemouth,1,4,A,1,2,13,19,5,10,7,6,1,6,0,0,S Attwell,2425,E0_2425.csv,5,-3,Away Win,20250118_NewcastleUnited_Bournemouth,2.8,0.2,3.0,2.4,1.1,2.0,1.958762886597938,1.2061855670103092,2.1458333333333335,0.9166666666666666,1.6,0.8,1.8,1.7,1.0,1.9,1.268041237113402,1.6804123711340206,1.3061224489795917,2.0408163265306123,1.2,1.1999999999999997
,2025-01-18,Brentford,Liverpool,0,2,A,0,0,11,37,6,8,2,15,2,3,0,0,A Madley,2425,E0_2425.csv,2,-2,Away Win,20250118_Brentford_Liverpool,1.6,1.4,1.0,1.8,1.5,1.2,1.5876288659793814,1.5257731958762886,1.8979591836734695,1.489795918367347,3.4,1.4,2.2,2.9,1.4,2.2,2.1770833333333335,1.125,1.9583333333333333,1.375,-1.2000000000000002,-1.7999999999999998
,2025-01-18,Leicester City,Fulham,0,2,A,0,0,8,17,4,2,5,2,3,1,0,0,M Salisbury,2425,E0_2425.csv,2,-2,Away Win,20250118_LeicesterCity_Fulham,0.4,2.4,0.0,0.9,2.5,0.4,1.2542372881355932,1.9322033898305084,1.1333333333333333,1.5333333333333334,1.6,1.6,1.2,1.6,1.7,1.2,1.4639175257731958,1.4845360824742269,1.2916666666666667,1.5416666666666667,-1.2,-1.2000000000000002
,2025-01-18,West Ham United,Crystal Palace,0,2,A,0,0,7,12,0,7,2,4,1,0,1,0,T Bramall,2425,E0_2425.csv,2,-2,Away Win,20250118_WestHamUnited_CrystalPalace,1.2,2.4,1.4,1.4,2.2,1.4,1.3298969072164948,1.7525773195876289,1.489795918367347,1.5510204081632653,1.2,1.4,1.6,1.5,1.3,1.7,1.2371134020618557,1.3917525773195876,1.0833333333333333,1.4375,-0.20000000000000018,0.0
,2025-01-18,Arsenal,Aston Villa,2,2,D,1,0,18,8,6,4,10,1,2,3,0,0,C Kavanagh,2425,E0_2425.csv,4,0,Draw,20250118_Arsenal_AstonVilla,2.4,0.8,2.6,2.3,0.7,2.4,2.268041237113402,0.9381443298969072,2.5208333333333335,1.0,1.4,1.4,2.0,1.4,1.5,1.7,1.6288659793814433,1.4329896907216495,1.2083333333333333,1.6041666666666667,0.6000000000000001,1.0
,2025-01-19,Everton,Tottenham Hotspur,3,2,H,3,0,12,11,6,6,3,8,2,1,0,0,D England,2425,E0_2425.csv,5,1,Home Win,20250119_Everton_TottenhamHotspur,0.2,1.0,0.4,0.5,0.9,0.8,0.9270833333333334,1.3958333333333333,0.9791666666666666,1.1666666666666667,1.4,2.6,0.2,2.0,1.9,0.8,1.9278350515463918,1.6082474226804124,1.7916666666666667,1.7291666666666667,0.2,-1.2
,2025-01-19,Manchester United,Brighton,1,3,A,1,1,10,6,1,3,4,2,3,3,0,0,P Bankes,2425,E0_2425.csv,4,-2,Away Win,20250119_ManchesterUnited_Brighton,1.0,2.0,0.8,1.4,1.7,1.1,1.4536082474226804,1.3402061855670102,1.6938775510204083,1.1224489795918366,1.2,0.8,1.4,1.3,1.4,1.2,1.6391752577319587,1.4845360824742269,1.5918367346938775,1.6938775510204083,-0.5999999999999999,-0.19999999999999996
,2025-01-19,Nottingham Forest,Southampton,3,2,H,3,0,14,10,5,4,2,8,0,4,0,0,A Taylor,2425,E0_2425.csv,5,1,Home Win,20250119_NottinghamForest_Southampton,1.8,0.2,2.6,1.5,1.0,2.2,1.2061855670103092,1.597938144329897,1.375,1.2916666666666667,0.4,2.2,0.2,0.6,2.6,0.2,0.8305084745762712,2.0338983050847457,0.7666666666666667,1.8666666666666667,2.4,1.4
,2025-01-19,Ipswich,Manchester City,0,6,A,0,3,8,17,4,9,4,7,0,1,0,0,S Barrott,2425,E0_2425.csv,6,-6,Away Win,20250119_Ipswich_ManchesterCity,0.8,1.8,0.8,0.8,1.5,0.8,0.9523809523809523,1.7619047619047619,0.7272727272727273,1.6363636363636365,2.0,1.2,1.6,1.6,1.6,1.2,2.350515463917526,0.9896907216494846,1.9591836734693877,1.0,-0.8,-1.2
,2025-01-20,Chelsea,Wolverhampton Wanderers,3,1,H,1,1,19,9,7,4,3,6,4,2,0,0,S Hooper,2425,E0_2425.csv,4,2,Home Win,20250120_Chelsea_WolverhamptonWanderers,0.8,1.4,0.6,2.0,1.3,1.8,1.6082474226804124,1.402061855670103,1.6875,1.2083333333333333,1.4,1.6,1.4,1.5,2.1,1.0,1.1546391752577319,1.7628865979381443,1.0816326530612246,2.0,-0.7999999999999999,-0.5999999999999999
,2025-01-25,Bournemouth,Nottingham Forest,5,0,H,1,0,16,18,10,4,3,9,2,3,0,0,C Pawson,2425,E0_2425.csv,5,5,Home Win,20250125_Bournemouth_NottinghamForest,1.8,1.0,1.8,2.0,0.9,2.2,1.2959183673469388,1.6734693877551021,1.2291666666666667,1.3125,2.0,0.6,2.6,1.8,0.9,2.5,1.2244897959183674,1.6020408163265305,1.0408163265306123,1.8979591836734695,-0.8,-0.19999999999999996
,2025-01-25,Brighton,Everton,0,1,A,0,1,16,3,1,1,9,1,3,4,0,0,T Robinson,2425,E0_2425.csv,1,-1,Away Win,20250125_Brighton_Everton,1.6,0.8,1.8,1.4,1.4,1.2,1.653061224489796,1.4795918367346939,1.6875,1.2708333333333333,0.8,1.4,0.8,0.8,1.1,1.0,0.9484536082474226,1.402061855670103,0.875,1.625,1.0,0.8
,2025-01-25,Liverpool,Ipswich,4,1,H,3,0,16,3,6,3,3,4,0,2,0,0,M Salisbury,2425,E0_2425.csv,5,3,Home Win,20250125_Liverpool_Ipswich,2.6,0.8,2.2,2.9,1.4,2.2,2.1752577319587627,1.1134020618556701,2.3958333333333335,0.875,0.8,2.2,0.8,0.7,2.0,0.7,0.9090909090909091,1.9545454545454546,1.2,1.9,1.4000000000000001,1.8
,2025-01-25,Southampton,Newcastle United,1,3,A,1,2,12,17,5,9,3,8,1,0,0,0,S Barrott,2425,E0_2425.csv,4,-2,Away Win,20250125_Southampton_NewcastleUnited,0.8,2.8,0.0,0.6,2.6,0.2,0.85,2.05,0.896551724137931,2.206896551724138,2.2,1.0,2.4,2.5,1.3,2.0,1.9489795918367347,1.2346938775510203,1.7755102040816326,1.489795918367347,-2.4,-1.4000000000000001
,2025-01-25,Wolverhampton Wanderers,Arsenal,0,1,A,0,0,9,9,4,3,1,5,0,1,1,1,M Oliver,2425,E0_2425.csv,1,-1,Away Win,20250125_WolverhamptonWanderers_Arsenal,1.0,2.2,0.8,1.2,2.3,0.7,1.153061224489796,1.7755102040816326,1.2291666666666667,1.5208333333333333,1.8,1.0,2.2,2.2,0.9,2.2,2.2653061224489797,0.9489795918367347,2.020408163265306,0.8775510204081632,-1.4000000000000001,-0.8
,2025-01-25,Manchester City,Chelsea,3,1,H,1,1,15,10,6,4,2,4,3,2,0,0,J Brooks,2425,E0_2425.csv,4,2,Home Win,20250125_ManchesterCity_Chelsea,3.0,0.8,2.2,2.2,1.2,1.5,2.3877551020408165,0.9795918367346939,2.75,0.9791666666666666,1.4,1.6,1.0,2.1,1.3,1.8,1.6224489795918366,1.3979591836734695,1.530612244897959,1.5918367346938775,1.2000000000000002,1.6
,2025-01-26,Crystal Palace,Brentford,1,2,A,0,0,16,13,5,6,4,7,2,2,0,0,T Harrington,2425,E0_2425.csv,3,-1,Away Win,20250126_CrystalPalace_Brentford,1.4,0.4,2.2,1.5,1.1,1.9,1.2448979591836735,1.3775510204081634,1.3877551020408163,1.346938775510204,1.6,1.4,1.0,1.8,1.7,1.1,1.5714285714285714,1.530612244897959,1.2708333333333333,1.5625,1.2000000000000002,-0.20000000000000018
,2025-01-26,Tottenham Hotspur,Leicester City,1,2,A,1,0,15,12,6,3,6,4,1,5,0,0,R Jones,2425,E0_2425.csv,3,-1,Away Win,20250126_TottenhamHotspur_LeicesterCity,1.2,2.0,0.2,1.8,2.2,0.5,1.9285714285714286,1.6224489795918366,2.061224489795918,1.489795918367347,0.4,2.2,0.0,0.8,2.5,0.4,1.2333333333333334,1.9333333333333333,1.3793103448275863,2.3448275862068964,0.2,0.7999999999999999
,2025-01-26,Aston Villa,West Ham United,1,1,D,1,0,14,14,4,4,4,3,2,3,0,0,P Bankes,2425,E0_2425.csv,2,0,Draw,20250126_AstonVilla_WestHamUnited,1.4,1.6,1.6,1.4,1.5,1.7,1.6326530612244898,1.4387755102040816,2.0408163265306123,1.2653061224489797,1.0,2.6,1.2,1.2,2.4,1.1,1.316326530612245,1.7551020408163265,1.1666666666666667,1.9583333333333333,0.40000000000000013,0.3999999999999999
,2025-01-26,Fulham,Manchester United,0,1,A,0,0,9,4,3,1,3,0,0,1,0,0,A Taylor,2425,E0_2425.csv,1,-1,Away Win,20250126_Fulham_ManchesterUnited,2.0,1.6,1.6,1.7,1.3,1.5,1.469387755102041,1.469387755102041,1.6326530612244898,1.4285714285714286,1.2,2.0,0.8,1.4,1.9,1.0,1.4489795918367347,1.3571428571428572,1.2083333333333333,1.5625,0.8,0.8
,2025-02-01,Bournemouth,Liverpool,0,2,A,0,1,14,19,3,7,3,3,2,3,0,0,D England,2425,E0_2425.csv,2,-2,Away Win,20250201_Bournemouth_Liverpool,2.8,1.0,2.2,2.1,0.7,2.2,1.3333333333333333,1.6565656565656566,1.3061224489795917,1.2857142857142858,2.8,0.8,2.2,3.0,1.3,2.2,2.193877551020408,1.1122448979591837,1.9591836734693877,1.346938775510204,0.0,0.0
,2025-02-01,Wolverhampton Wanderers,Aston Villa,2,0,H,1,0,8,10,5,3,5,8,2,3,0,0,A Madley,2425,E0_2425.csv,2,2,Home Win,20250201_WolverhamptonWanderers_AstonVilla,0.6,2.4,0.2,1.0,2.0,0.7,1.1414141414141414,1.7676767676767677,1.2040816326530612,1.510204081632653,1.6,1.2,1.8,1.5,1.3,1.8,1.6262626262626263,1.4343434343434343,1.2244897959183674,1.6122448979591837,-1.6,-1.0
,2025-02-01,Newcastle United,Fulham,1,2,A,1,0,11,15,4,4,4,7,4,4,0,0,C Kavanagh,2425,E0_2425.csv,3,-1,Away Win,20250201_NewcastleUnited_Fulham,2.2,1.2,2.4,2.7,1.3,2.2,1.9595959595959596,1.2323232323232323,2.122448979591837,0.9795918367346939,1.6,1.6,1.0,1.6,1.3,1.4,1.4545454545454546,1.4646464646464648,1.3061224489795917,1.510204081632653,1.4,0.6000000000000001
,2025-02-01,Nottingham Forest,Brighton,7,0,H,3,0,14,10,9,5,4,6,1,3,0,0,S Hooper,2425,E0_2425.csv,7,7,Home Win,20250201_NottinghamForest_Brighton,1.8,1.6,2.0,1.7,1.4,2.2,1.2121212121212122,1.6363636363636365,1.4081632653061225,1.3061224489795917,1.6,1.0,1.6,1.3,1.4,1.1,1.6363636363636365,1.4747474747474747,1.62,1.68,0.3999999999999999,0.19999999999999996
,2025-02-01,Everton,Leicester City,4,0,H,3,0,13,9,7,1,5,6,0,0,0,0,D Bond,2425,E0_2425.csv,4,4,Home Win,20250201_Everton_LeicesterCity,0.8,1.2,1.2,0.9,1.1,1.2,0.9489795918367347,1.3877551020408163,1.0204081632653061,1.183673469387755,0.6,1.8,0.6,0.9,2.2,0.7,1.2459016393442623,1.9180327868852458,1.4,2.3,0.6,0.20000000000000007
,2025-02-01,Ipswich,Southampton,1,2,A,1,1,15,9,6,4,1,2,0,3,0,0,M Oliver,2425,E0_2425.csv,3,-1,Away Win,20250201_Ipswich_Southampton,1.0,2.8,0.8,0.8,2.3,0.7,0.9130434782608695,2.0434782608695654,0.6666666666666666,2.0,1.0,3.2,0.0,0.6,2.8,0.1,0.8524590163934426,2.0655737704918034,0.8064516129032258,1.903225806451613,0.8,0.0
,2025-02-02,Brentford,Tottenham Hotspur,0,2,A,0,1,20,13,4,2,10,3,0,1,0,0,J Gillett,2425,E0_2425.csv,2,-2,Away Win,20250202_Brentford_TottenhamHotspur,2.0,1.6,1.4,1.6,1.7,1.1,1.5757575757575757,1.5252525252525253,1.86,1.5,1.4,2.2,0.2,1.8,2.3,0.4,1.9191919191919191,1.6262626262626263,1.7959183673469388,1.7551020408163265,1.2,0.6000000000000001
,2025-02-02,Manchester United,Crystal Palace,0,2,A,0,0,17,11,2,3,11,0,3,1,0,0,J Brooks,2425,E0_2425.csv,2,-2,Away Win,20250202_ManchesterUnited_CrystalPalace,1.4,1.6,1.4,1.1,1.9,1.0,1.4444444444444444,1.3434343434343434,1.68,1.16,1.6,0.8,2.0,1.5,1.2,1.8,1.2424242424242424,1.3838383838383839,1.1020408163265305,1.4081632653061225,-0.6000000000000001,-0.20000000000000018
,2025-02-02,Arsenal,Manchester City,5,1,H,1,0,12,7,7,4,5,2,2,0,0,0,P Bankes,2425,E0_2425.csv,6,4,Home Win,20250202_Arsenal_ManchesterCity,1.8,1.0,2.2,1.8,0.7,2.2,2.2525252525252526,0.9393939393939394,2.510204081632653,1.0204081632653061,3.4,0.8,2.6,2.5,1.1,1.8,2.393939393939394,0.9797979797979798,2.04,0.98,-0.3999999999999999,-1.5999999999999999
,2025-02-03,Chelsea,West Ham United,2,1,H,0,1,22,14,3,5,4,3,3,1,0,0,S Attwell,2425,E0_2425.csv,3,1,Home Win,20250203_Chelsea_WestHamUnited,1.4,1.8,1.0,1.9,1.6,1.5,1.6161616161616161,1.4141414141414141,1.7142857142857142,1.2040816326530612,1.0,2.8,0.8,1.1,2.0,1.2,1.3131313131313131,1.7474747474747474,1.163265306122449,1.9387755102040816,0.19999999999999996,0.3999999999999999
,2025-02-12,Everton,Liverpool,2,2,D,1,1,10,6,3,4,2,3,2,2,1,1,M Oliver,2425,E0_2425.csv,4,0,Draw,20250212_Everton_Liverpool,1.6,0.8,1.8,1.3,0.7,1.5,0.9797979797979798,1.3737373737373737,1.08,1.16,2.2,0.8,2.2,3.0,1.3,2.2,2.191919191919192,1.101010101010101,1.96,1.32,-0.40000000000000013,-0.6000000000000001
,2025-02-14,Brighton,Chelsea,3,0,H,2,0,13,8,5,0,2,9,1,2,0,0,K Kavanagh,2425,E0_2425.csv,3,3,Home Win,20250214_Brighton_Chelsea,1.2,2.0,1.4,1.2,1.8,1.1,1.62,1.53,1.653061224489796,1.2653061224489797,1.8,1.6,1.6,1.6,1.6,1.5,1.62,1.41,1.52,1.62,-0.20000000000000018,-0.6000000000000001
,2025-02-15,Crystal Palace,Everton,1,2,A,0,1,17,11,6,6,6,2,0,1,0,0,A Taylor,2425,E0_2425.csv,3,-1,Away Win,20250215_CrystalPalace_Everton,1.6,0.6,2.0,1.6,1.2,1.8,1.25,1.37,1.38,1.36,2.0,1.0,2.0,1.1,0.9,1.3,0.99,1.38,0.8775510204081632,1.5918367346938775,0.0,-0.3999999999999999
,2025-02-15,West Ham United,Brentford,0,1,A,0,1,13,14,3,5,9,2,1,1,0,0,D England,2425,E0_2425.csv,1,-1,Away Win,20250215_WestHamUnited_Brentford,1.2,2.2,0.8,1.1,1.9,1.2,1.31,1.75,1.46,1.56,1.8,1.4,1.4,1.5,1.6,1.1,1.56,1.53,1.2857142857142858,1.5510204081632653,-0.5999999999999999,-0.6000000000000001
,2025-02-15,Southampton,Bournemouth,1,3,A,0,2,11,14,4,7,4,6,1,3,0,0,J Gillett,2425,E0_2425.csv,4,-2,Away Win,20250215_Southampton_Bournemouth,1.2,3.0,0.6,0.7,2.4,0.4,0.8709677419354839,2.0483870967741935,0.9,2.2333333333333334,2.4,1.0,2.0,2.0,0.9,1.9,1.32,1.66,1.36,2.02,-1.4,-1.2
,2025-02-15,Manchester City,Newcastle United,4,0,H,3,0,11,3,7,1,7,4,0,1,0,0,A Madley,2425,E0_2425.csv,4,4,Home Win,20250215_ManchesterCity_NewcastleUnited,3.2,1.8,2.0,2.3,1.6,1.5,2.38,1.02,2.7551020408163267,0.9795918367346939,2.0,1.6,1.8,2.5,1.2,2.1,1.95,1.24,1.8,1.48,0.19999999999999996,1.2000000000000002
,2025-02-15,Aston Villa,Ipswich,1,1,D,0,0,25,4,6,3,16,1,0,3,0,1,R Jones,2425,E0_2425.csv,2,0,Draw,20250215_AstonVilla_Ipswich,1.2,1.2,1.6,1.2,1.4,1.5,1.61,1.44,2.02,1.26,0.8,3.2,0.2,0.9,2.4,0.7,0.9166666666666666,2.0416666666666665,1.1818181818181819,2.090909090909091,1.4000000000000001,0.3999999999999999
,2025-02-15,Leicester City,Arsenal,0,2,A,0,0,6,11,2,5,3,7,2,1,0,0,S Barrott,2425,E0_2425.csv,2,-2,Away Win,20250215_LeicesterCity_Arsenal,0.6,2.2,0.6,0.6,2.5,0.4,1.2258064516129032,1.9516129032258065,1.096774193548387,1.5483870967741935,2.2,1.0,2.2,2.1,0.8,2.2,2.28,0.94,2.0,0.86,-1.6,-1.6
,2025-02-15,Fulham,Nottingham Forest,2,1,H,1,1,24,8,10,2,8,4,0,0,0,0,T Bramall,2425,E0_2425.csv,3,1,Home Win,20250215_Fulham_NottinghamForest,1.6,1.4,1.4,1.5,1.3,1.4,1.46,1.46,1.6,1.42,2.8,1.6,2.0,2.4,1.1,2.5,1.27,1.62,1.02,1.96,-0.6000000000000001,-1.1999999999999997
,2025-02-16,Liverpool,Wolverhampton Wanderers,2,1,H,2,0,10,16,3,4,4,3,2,2,0,0,S Hooper,2425,E0_2425.csv,3,1,Home Win,20250216_Liverpool_WolverhamptonWanderers,2.2,0.8,2.2,2.9,1.2,2.2,2.19,1.11,2.4285714285714284,0.8775510204081632,0.6,2.0,0.6,1.2,1.6,1.0,1.15,1.75,1.08,2.02,1.6,1.6
,2025-02-16,Tottenham Hotspur,Manchester United,1,0,H,1,0,22,16,7,6,10,5,1,2,0,0,P Bankes,2425,E0_2425.csv,1,1,Home Win,20250216_TottenhamHotspur_ManchesterUnited,1.4,1.8,0.6,2.0,2.2,0.7,1.92,1.61,2.04,1.5,1.4,1.6,1.4,1.1,1.9,1.0,1.43,1.35,1.2040816326530612,1.530612244897959,-0.7999999999999999,0.0
,2025-02-19,Aston Villa,Liverpool,2,2,D,2,1,9,17,4,3,6,8,1,0,0,0,C Pawson,2425,E0_2425.csv,4,0,Draw,20250219_AstonVilla_Liverpool,1.0,1.2,1.2,1.2,1.5,1.3,1.603960396039604,1.4356435643564356,2.0,1.2549019607843137,2.4,0.8,2.6,2.9,1.1,2.4,2.1881188118811883,1.108910891089109,1.9607843137254901,1.3333333333333333,-1.4000000000000001,-1.4
,2025-02-21,Leicester City,Brentford,0,4,A,0,3,8,14,3,6,5,6,4,0,0,0,T Harrington,2425,E0_2425.csv,4,-4,Away Win,20250221_LeicesterCity_Brentford,0.4,2.2,0.6,0.4,2.5,0.3,1.2063492063492063,1.9523809523809523,1.0625,1.5625,1.0,1.4,1.4,1.2,1.4,1.1,1.5544554455445545,1.5148514851485149,1.28,1.52,-0.7999999999999999,-0.6
,2025-02-22,Ipswich,Tottenham Hotspur,1,4,A,1,2,17,10,5,6,4,4,2,1,0,0,T Robinson,2425,E0_2425.csv,5,-3,Away Win,20250222_Ipswich_TottenhamHotspur,0.6,3.0,0.2,0.9,2.3,0.8,0.92,2.0,0.6923076923076923,2.0,1.4,1.4,1.2,1.8,1.8,1.0,1.9108910891089108,1.5940594059405941,1.8,1.72,-1.0,-0.7999999999999999
,2025-02-22,Southampton,Brighton,0,4,A,0,1,6,18,1,12,5,6,2,0,0,0,D Bond,2425,E0_2425.csv,4,-4,Away Win,20250222_Southampton_Brighton,1.4,2.6,0.6,0.8,2.6,0.4,0.873015873015873,2.0634920634920637,0.9032258064516129,2.2580645161290325,1.6,1.8,1.8,1.3,1.6,1.3,1.6336633663366336,1.5148514851485149,1.588235294117647,1.7843137254901962,-1.2000000000000002,-0.20000000000000018
,2025-02-22,Aston Villa,Chelsea,2,1,H,0,1,12,15,6,7,2,3,1,3,0,0,M Oliver,2425,E0_2425.csv,3,1,Home Win,20250222_AstonVilla_Chelsea,1.2,1.6,0.8,1.3,1.5,1.4,1.607843137254902,1.4411764705882353,2.0,1.2692307692307692,1.6,2.0,1.4,1.2,1.6,1.2,1.603960396039604,1.4257425742574257,1.4901960784313726,1.6470588235294117,-0.5999999999999999,-0.40000000000000013
,2025-02-22,Fulham,Crystal Palace,0,2,A,0,1,10,10,0,5,7,7,1,3,0,0,R Jones,2425,E0_2425.csv,2,-2,Away Win,20250222_Fulham_CrystalPalace,1.6,1.2,1.8,1.6,1.3,1.6,1.4653465346534653,1.4554455445544554,1.607843137254902,1.411764705882353,1.6,0.8,1.8,1.5,1.2,1.7,1.2475247524752475,1.3762376237623761,1.12,1.38,0.0,0.0
,2025-02-22,Arsenal,West Ham United,0,1,A,0,1,20,5,2,2,2,0,1,3,1,0,C Pawson,2425,E0_2425.csv,1,-1,Away Win,20250222_Arsenal_WestHamUnited,2.4,0.8,2.6,2.2,0.7,2.4,2.277227722772277,0.9306930693069307,2.56,1.02,1.0,1.6,0.8,0.9,1.9,0.9,1.297029702970297,1.7425742574257426,1.16,1.94,1.8,1.4
,2025-02-22,Everton,Manchester United,2,2,D,2,0,9,9,8,3,7,9,4,1,0,0,A Madley,2425,E0_2425.csv,4,0,Draw,20250222_Everton_ManchesterUnited,2.4,1.0,2.6,1.3,1.0,1.5,1.0,1.3762376237623761,1.0980392156862746,1.1764705882352942,1.0,1.4,1.2,0.9,1.7,1.0,1.4158415841584158,1.3465346534653466,1.18,1.52,1.4000000000000001,1.4
,2025-02-22,Bournemouth,Wolverhampton Wanderers,0,1,A,0,1,8,13,3,5,6,7,3,3,1,0,M Salisbury,2425,E0_2425.csv,1,-1,Away Win,20250222_Bournemouth_WolverhamptonWanderers,2.8,1.2,2.0,2.1,0.9,1.9,1.3366336633663367,1.6534653465346534,1.28,1.3,0.8,1.8,0.6,1.2,1.6,1.0,1.1485148514851484,1.7524752475247525,1.0784313725490196,2.019607843137255,1.4,1.9999999999999998
,2025-02-23,Newcastle United,Nottingham Forest,4,3,H,4,1,13,17,5,5,7,6,1,4,0,0,J Gillett,2425,E0_2425.csv,7,1,Home Win,20250223_NewcastleUnited_NottinghamForest,1.6,2.2,1.2,2.3,1.2,2.1,1.9306930693069306,1.2673267326732673,2.1,1.0,2.4,2.0,1.4,2.2,1.1,2.2,1.2673267326732673,1.6237623762376239,1.0196078431372548,1.9607843137254901,-0.19999999999999996,-0.7999999999999998
,2025-02-23,Manchester City,Liverpool,0,2,A,0,2,16,8,5,4,7,5,0,0,0,0,A Taylor,2425,E0_2425.csv,2,-2,Away Win,20250223_ManchesterCity_Liverpool,3.2,1.6,2.0,2.5,1.4,1.7,2.396039603960396,1.00990099009901,2.78,0.96,2.4,1.2,2.2,2.5,1.0,2.2,2.1862745098039214,1.1176470588235294,1.9615384615384615,1.3461538461538463,-0.20000000000000018,0.8000000000000003
,2025-02-25,Brighton,Bournemouth,2,1,H,1,0,11,19,4,5,1,9,2,1,0,0,M Oliver,2425,E0_2425.csv,3,1,Home Win,20250225_Brighton_Bournemouth,2.0,1.8,1.8,1.6,1.3,1.6,1.6568627450980393,1.5,1.68,1.24,2.4,1.0,1.8,2.0,0.9,1.8,1.3235294117647058,1.6470588235294117,1.392156862745098,2.0,0.0,-0.3999999999999999
,2025-02-25,Crystal Palace,Aston Villa,4,1,H,1,0,19,6,6,2,3,8,3,1,0,0,S Barrott,2425,E0_2425.csv,5,3,Home Win,20250225_CrystalPalace_AstonVilla,1.6,0.8,1.8,1.4,1.1,1.7,1.2549019607843137,1.3627450980392157,1.3725490196078431,1.3725490196078431,1.2,1.4,1.2,1.3,1.5,1.4,1.6116504854368932,1.4368932038834952,1.2,1.62,0.6000000000000001,0.40000000000000013
,2025-02-25,Wolverhampton Wanderers,Fulham,1,2,A,1,1,18,11,5,5,7,5,1,3,0,0,P Bankes,2425,E0_2425.csv,3,-1,Away Win,20250225_WolverhamptonWanderers_Fulham,1.0,1.2,1.2,1.2,1.4,1.3,1.1470588235294117,1.7352941176470589,1.22,1.48,1.2,1.0,1.8,1.4,1.3,1.5,1.4509803921568627,1.4607843137254901,1.32,1.5,-0.6000000000000001,-0.19999999999999996
,2025-02-25,Chelsea,Southampton,4,0,H,3,0,19,7,10,2,4,2,1,2,0,0,T Bramall,2425,E0_2425.csv,4,4,Home Win,20250225_Chelsea_Southampton,1.4,2.0,1.2,1.1,1.7,0.9,1.5980392156862746,1.4313725490196079,1.72,1.2,1.2,2.8,0.6,0.8,2.5,0.4,0.859375,2.09375,0.84375,1.875,0.6,0.19999999999999996
,2025-02-26,Liverpool,Newcastle United,2,0,H,1,0,12,3,3,0,4,2,0,1,0,0,C Kavanagh,2425,E0_2425.csv,2,2,Home Win,20250226_Liverpool_NewcastleUnited,2.0,1.0,2.2,2.4,0.9,2.2,2.1844660194174756,1.1067961165048543,2.42,0.88,1.8,2.8,1.2,2.3,1.5,2.1,1.9509803921568627,1.2843137254901962,1.7647058823529411,1.5294117647058822,1.0000000000000002,0.19999999999999996
,2025-02-26,Tottenham Hotspur,Manchester City,0,1,A,0,1,11,12,6,5,8,3,3,0,0,0,J Gillett,2425,E0_2425.csv,1,-1,Away Win,20250226_TottenhamHotspur_ManchesterCity,2.0,1.2,1.8,1.7,1.9,1.0,1.9313725490196079,1.588235294117647,2.019607843137255,1.4705882352941178,2.8,1.6,1.8,2.4,1.4,1.7,2.372549019607843,1.0196078431372548,2.019607843137255,1.0588235294117647,0.0,-0.7999999999999998
,2025-02-26,Manchester United,Ipswich,3,2,H,2,2,10,12,6,3,5,6,4,4,1,0,D England,2425,E0_2425.csv,5,1,Home Win,20250226_ManchesterUnited_Ipswich,0.8,1.6,0.8,0.9,1.8,0.8,1.4215686274509804,1.3529411764705883,1.6470588235294117,1.1764705882352942,0.8,3.4,0.2,0.8,2.6,0.5,0.9230769230769231,2.076923076923077,1.1666666666666667,2.0,0.6000000000000001,0.0
,2025-02-26,Brentford,Everton,1,1,D,1,0,12,14,3,4,2,5,2,1,0,0,S Hooper,2425,E0_2425.csv,2,0,Draw,20250226_Brentford_Everton,1.4,1.0,1.8,1.5,1.2,1.4,1.5784313725490196,1.5,1.8235294117647058,1.5098039215686274,2.2,1.0,2.2,1.5,1.2,1.5,1.0098039215686274,1.3823529411764706,0.9,1.58,-0.40000000000000013,-0.8000000000000003
,2025-02-26,Nottingham Forest,Arsenal,0,0,D,0,0,6,13,2,1,3,11,1,1,0,0,A Madley,2425,E0_2425.csv,0,0,Draw,20250226_NottinghamForest_Arsenal,2.8,2.6,1.2,2.3,1.4,1.9,1.2843137254901962,1.6470588235294117,1.52,1.28,2.0,0.8,2.0,2.2,0.8,2.3,2.2549019607843137,0.9313725490196079,2.0,0.8431372549019608,-0.8,0.7999999999999998
,2025-02-27,West Ham United,Leicester City,2,0,H,2,0,8,10,2,2,3,3,0,0,0,0,S Attwell,2425,E0_2425.csv,2,2,Home Win,20250227_WestHamUnited_LeicesterCity,0.6,1.2,0.8,0.9,1.8,1.1,1.2941176470588236,1.7254901960784315,1.4313725490196079,1.5490196078431373,0.4,2.6,0.6,0.4,2.5,0.3,1.1875,1.984375,1.3548387096774193,2.3548387096774195,0.20000000000000007,0.19999999999999996
,2025-03-08,Wolverhampton Wanderers,Everton,1,1,D,1,1,11,12,3,4,5,5,2,2,0,0,S Attwell,2425,E0_2425.csv,2,0,Draw,20250308_WolverhamptonWanderers_Everton,1.0,1.0,1.2,1.0,1.6,1.0,1.145631067961165,1.7378640776699028,1.2156862745098038,1.4901960784313726,2.2,1.2,1.8,1.5,1.2,1.5,1.0097087378640777,1.3786407766990292,0.9019607843137255,1.5686274509803921,-0.6000000000000001,-1.2000000000000002
,2025-03-08,Nottingham Forest,Manchester City,1,0,H,0,0,9,14,4,3,3,2,3,2,0,0,C Kavanagh,2425,E0_2425.csv,1,1,Home Win,20250308_NottinghamForest_ManchesterCity,2.2,2.2,0.8,2.1,1.4,1.7,1.2718446601941749,1.6310679611650485,1.4901960784313726,1.2549019607843137,1.8,1.6,1.8,2.4,1.2,2.0,2.3592233009708736,1.0097087378640777,2.0,1.0384615384615385,-1.0,0.40000000000000013
,2025-03-08,Brighton,Fulham,2,1,H,1,1,9,6,4,1,3,7,0,2,0,0,S Barrott,2425,E0_2425.csv,3,1,Home Win,20250308_Brighton_Fulham,1.8,1.8,1.8,1.7,1.3,1.8,1.6601941747572815,1.4951456310679612,1.6862745098039216,1.2352941176470589,1.2,1.2,1.8,1.6,1.4,1.7,1.4563106796116505,1.4563106796116505,1.3333333333333333,1.4901960784313726,0.0,0.6000000000000001
,2025-03-08,Crystal Palace,Ipswich,1,0,H,0,0,19,15,4,8,5,4,4,3,0,0,S Hooper,2425,E0_2425.csv,1,1,Home Win,20250308_CrystalPalace_Ipswich,2.0,1.0,1.8,1.7,0.7,2.0,1.2815533980582525,1.3592233009708738,1.4230769230769231,1.3653846153846154,1.2,2.8,0.2,1.0,2.5,0.5,0.9629629629629629,2.111111111111111,1.2307692307692308,2.076923076923077,1.6,0.8
,2025-03-08,Liverpool,Southampton,3,1,H,0,1,28,6,7,4,6,4,2,1,0,0,L Smith,2425,E0_2425.csv,4,2,Home Win,20250308_Liverpool_Southampton,2.0,1.0,2.2,2.1,0.9,2.2,2.1826923076923075,1.0961538461538463,2.411764705882353,0.8627450980392157,0.8,3.0,0.6,0.8,2.9,0.3,0.8461538461538461,2.123076923076923,0.8181818181818182,1.9393939393939394,1.6,1.2
,2025-03-08,Brentford,Aston Villa,0,1,A,0,0,13,12,3,4,6,5,2,2,0,0,J Gillett,2425,E0_2425.csv,1,-1,Away Win,20250308_Brentford_AstonVilla,1.6,0.8,2.0,1.6,1.1,1.5,1.5728155339805825,1.4951456310679612,1.8076923076923077,1.5,1.2,2.0,1.0,1.4,1.6,1.4,1.6057692307692308,1.4615384615384615,1.196078431372549,1.6666666666666667,1.0,0.40000000000000013
,2025-03-09,Manchester United,Arsenal,1,1,D,1,0,10,17,6,6,2,9,0,1,0,0,A Taylor,2425,E0_2425.csv,2,0,Draw,20250309_ManchesterUnited_Arsenal,1.2,1.4,1.4,1.2,1.7,1.1,1.4368932038834952,1.3592233009708738,1.6730769230769231,1.1923076923076923,1.6,0.4,2.0,1.7,0.7,2.1,2.233009708737864,0.9223300970873787,1.9615384615384615,0.8269230769230769,-0.6000000000000001,-0.40000000000000013
,2025-03-09,Chelsea,Leicester City,1,0,H,0,0,20,3,7,3,12,2,1,0,0,0,T Robinson,2425,E0_2425.csv,1,1,Home Win,20250309_Chelsea_LeicesterCity,1.6,1.8,1.2,1.5,1.7,1.1,1.6213592233009708,1.4174757281553398,1.7647058823529411,1.1764705882352942,0.4,2.6,0.6,0.4,2.4,0.3,1.1692307692307693,1.9846153846153847,1.3125,2.34375,0.6,1.2000000000000002
,2025-03-09,Tottenham Hotspur,Bournemouth,2,2,D,0,1,12,17,4,8,3,6,3,3,0,0,J Brooks,2425,E0_2425.csv,4,0,Draw,20250309_TottenhamHotspur_Bournemouth,1.6,0.8,1.8,1.4,1.4,1.0,1.912621359223301,1.5825242718446602,1.9807692307692308,1.4615384615384615,1.8,1.2,1.2,1.8,1.1,1.5,1.3203883495145632,1.6504854368932038,1.3846153846153846,2.0,0.6000000000000001,-0.19999999999999996
,2025-03-10,West Ham United,Newcastle United,0,1,A,0,0,9,9,2,3,3,4,0,1,0,0,M Salisbury,2425,E0_2425.csv,1,-1,Away Win,20250310_WestHamUnited_NewcastleUnited,1.0,0.8,1.4,1.0,1.7,1.3,1.3009708737864079,1.7087378640776698,1.4423076923076923,1.5192307692307692,1.6,2.4,1.2,1.9,1.7,1.8,1.9320388349514563,1.2912621359223302,1.7307692307692308,1.5384615384615385,0.19999999999999996,-0.6000000000000001
,2025-03-15,Everton,West Ham United,1,1,D,0,0,13,10,5,5,6,5,1,2,0,0,D Bond,2425,E0_2425.csv,2,0,Draw,20250315_Everton_WestHamUnited,1.6,1.4,1.4,1.6,1.1,1.6,1.0096153846153846,1.375,1.1153846153846154,1.1923076923076923,0.8,0.8,1.2,0.9,1.8,1.0,1.2884615384615385,1.7019230769230769,1.1568627450980393,1.9019607843137254,0.19999999999999996,0.8
,2025-03-15,Ipswich,Nottingham Forest,2,4,A,0,3,11,11,4,6,6,3,1,1,0,0,M Salisbury,2425,E0_2425.csv,6,-2,Away Win,20250315_Ipswich_NottinghamForest,1.0,2.2,0.2,1.0,2.5,0.5,0.9285714285714286,2.0714285714285716,0.7142857142857143,2.142857142857143,2.4,1.2,1.4,2.1,1.4,1.7,1.2692307692307692,1.6153846153846154,1.0576923076923077,2.0,-1.2,-1.4
,2025-03-15,Manchester City,Brighton,2,2,D,2,1,11,15,3,3,4,5,2,5,0,0,S Hooper,2425,E0_2425.csv,4,0,Draw,20250315_ManchesterCity_Brighton,1.2,1.6,1.2,2.3,1.2,1.9,2.3365384615384617,1.0096153846153846,2.7254901960784315,0.9803921568627451,2.2,1.8,2.4,1.9,1.4,2.0,1.6634615384615385,1.4903846153846154,1.6346153846153846,1.75,-1.2,-1.0000000000000002
,2025-03-15,Southampton,Wolverhampton Wanderers,1,2,A,0,1,10,5,3,3,5,1,0,0,0,0,R Jones,2425,E0_2425.csv,3,-1,Away Win,20250315_Southampton_WolverhamptonWanderers,0.8,3.0,0.6,0.9,3.1,0.3,0.8484848484848485,2.1363636363636362,0.875,2.3125,1.2,1.0,1.4,0.9,1.7,0.8,1.1442307692307692,1.7307692307692308,1.0769230769230769,1.9807692307692308,-0.7999999999999999,-0.3999999999999999
,2025-03-15,Bournemouth,Brentford,1,2,A,1,1,17,10,5,4,4,3,3,0,0,0,C Pawson,2425,E0_2425.csv,3,-1,Away Win,20250315_Bournemouth_Brentford,1.2,1.6,0.8,2.0,1.3,1.5,1.3269230769230769,1.6538461538461537,1.2549019607843137,1.2941176470588236,1.2,0.8,1.4,1.6,1.2,1.4,1.5576923076923077,1.4903846153846154,1.3333333333333333,1.4901960784313726,-0.5999999999999999,0.0
,2025-03-16,Arsenal,Chelsea,1,0,H,1,0,12,8,4,2,5,4,3,3,0,0,C Kavanagh,2425,E0_2425.csv,1,1,Home Win,20250316_Arsenal_Chelsea,1.6,0.6,1.6,1.7,0.8,1.9,2.2211538461538463,0.9230769230769231,2.5098039215686274,1.0196078431372548,1.6,1.2,1.8,1.5,1.5,1.4,1.6153846153846154,1.4038461538461537,1.4807692307692308,1.6538461538461537,-0.19999999999999996,0.0
,2025-03-16,Fulham,Tottenham Hotspur,2,0,H,0,0,13,12,4,4,6,5,0,0,0,0,A Madley,2425,E0_2425.csv,2,2,Home Win,20250316_Fulham_TottenhamHotspur,1.4,1.4,1.8,1.5,1.5,1.4,1.4519230769230769,1.4615384615384615,1.5769230769230769,1.4230769230769231,1.8,0.8,2.0,1.6,1.5,1.1,1.9134615384615385,1.5865384615384615,1.8431372549019607,1.7058823529411764,-0.19999999999999996,-0.40000000000000013
,2025-03-16,Leicester City,Manchester United,0,3,A,0,1,11,18,3,5,6,4,2,0,0,0,T Bramall,2425,E0_2425.csv,3,-3,Away Win,20250316_LeicesterCity_ManchesterUnited,0.0,2.6,0.0,0.3,2.2,0.3,1.1515151515151516,1.9696969696969697,1.0303030303030303,1.6363636363636365,1.2,1.6,1.0,1.3,1.6,1.2,1.4326923076923077,1.3557692307692308,1.196078431372549,1.5294117647058822,-1.0,-1.2
,2025-04-01,Nottingham Forest,Manchester United,1,0,H,1,0,8,23,2,6,3,10,1,3,0,0,J Gillett,2425,E0_2425.csv,1,1,Home Win,20250401_NottinghamForest_ManchesterUnited,1.8,1.6,1.4,2.3,1.6,1.7,1.2952380952380953,1.619047619047619,1.4807692307692308,1.2307692307692308,1.8,1.2,1.6,1.6,1.4,1.5,1.4476190476190476,1.3428571428571427,1.2307692307692308,1.5,-0.20000000000000018,0.0
,2025-04-01,Arsenal,Fulham,2,1,H,1,0,17,9,4,3,5,4,1,2,0,0,J Brooks,2425,E0_2425.csv,3,1,Home Win,20250401_Arsenal_Fulham,0.8,0.4,1.6,1.5,0.7,1.9,2.2095238095238097,0.9142857142857143,2.480769230769231,1.0,1.4,1.2,1.8,1.5,1.3,1.6,1.457142857142857,1.4476190476190476,1.3269230769230769,1.5,-0.19999999999999996,-0.5999999999999999
,2025-04-01,Wolverhampton Wanderers,West Ham United,1,0,H,1,0,9,10,2,1,1,2,4,2,0,0,T Harrington,2425,E0_2425.csv,1,1,Home Win,20250401_WolverhamptonWanderers_WestHamUnited,1.2,1.2,1.4,0.9,1.6,1.0,1.1523809523809523,1.723809523809524,1.2115384615384615,1.4807692307692308,0.8,0.6,1.4,1.0,1.4,1.1,1.2857142857142858,1.6952380952380952,1.1538461538461537,1.8846153846153846,0.0,0.3999999999999999
,2025-04-02,Bournemouth,Ipswich,1,2,A,0,1,24,10,7,2,8,3,1,2,0,0,R Jones,2425,E0_2425.csv,3,-1,Away Win,20250402_Bournemouth_Ipswich,1.4,1.6,0.8,1.9,1.3,1.4,1.3238095238095238,1.6571428571428573,1.25,1.3076923076923077,1.2,2.6,0.2,1.0,2.9,0.2,0.9655172413793104,2.1379310344827585,1.1428571428571428,2.0,0.6000000000000001,0.19999999999999996
,2025-04-02,Brighton,Aston Villa,0,3,A,0,0,11,8,4,5,4,0,1,3,0,0,S Attwell,2425,E0_2425.csv,3,-3,Away Win,20250402_Brighton_AstonVilla,2.6,0.8,2.6,1.9,1.4,2.0,1.6666666666666667,1.4952380952380953,1.6923076923076923,1.2307692307692308,1.4,1.6,1.6,1.3,1.4,1.6,1.6,1.4476190476190476,1.1923076923076923,1.6346153846153846,1.0,1.2000000000000002
,2025-04-02,Manchester City,Leicester City,2,0,H,2,0,18,2,5,0,5,0,1,4,0,0,D England,2425,E0_2425.csv,2,2,Home Win,20250402_ManchesterCity_LeicesterCity,1.4,1.0,1.4,2.3,1.4,1.7,2.3333333333333335,1.019047619047619,2.7115384615384617,1.0,0.0,2.4,0.0,0.3,2.3,0.3,1.1343283582089552,1.9850746268656716,1.2727272727272727,2.303030303030303,1.4,1.4
,2025-04-02,Newcastle United,Brentford,2,1,H,1,0,21,12,4,3,4,5,1,1,0,0,P Bankes,2425,E0_2425.csv,3,1,Home Win,20250402_NewcastleUnited_Brentford,1.2,2.2,1.2,1.7,1.7,1.8,1.9230769230769231,1.2788461538461537,2.1372549019607843,1.0392156862745099,1.6,0.6,2.0,1.7,1.0,1.7,1.561904761904762,1.4857142857142858,1.3461538461538463,1.4807692307692308,-0.8,-0.40000000000000013
,2025-04-02,Southampton,Crystal Palace,1,1,D,1,0,8,9,2,3,2,2,2,1,0,0,A Madley,2425,E0_2425.csv,2,0,Draw,20250402_Southampton_CrystalPalace,0.6,3.2,0.0,0.9,3.1,0.3,0.8507462686567164,2.1343283582089554,0.8787878787878788,2.303030303030303,2.0,0.6,2.4,1.8,0.7,2.2,1.2788461538461537,1.3461538461538463,1.1372549019607843,1.3529411764705883,-2.4,-1.4
,2025-04-02,Liverpool,Everton,1,0,H,0,0,17,5,3,0,11,5,2,2,0,0,S Barrott,2425,E0_2425.csv,1,1,Home Win,20250402_Liverpool_Everton,2.2,0.8,2.6,2.2,0.8,2.4,2.1904761904761907,1.0952380952380953,2.423076923076923,0.8653846153846154,1.4,1.2,1.4,1.7,1.1,1.7,1.0095238095238095,1.3714285714285714,0.9038461538461539,1.5576923076923077,1.2000000000000002,0.8000000000000003
,2025-04-03,Chelsea,Tottenham Hotspur,1,0,H,0,0,11,8,5,2,4,6,5,5,0,0,C Pawson,2425,E0_2425.csv,1,1,Home Win,20250403_Chelsea_TottenhamHotspur,1.2,1.2,1.2,1.5,1.4,1.4,1.6,1.4,1.75,1.1538461538461537,1.4,1.2,1.4,1.4,1.5,1.0,1.8952380952380952,1.5904761904761904,1.8076923076923077,1.7115384615384615,-0.19999999999999996,-0.19999999999999996
,2025-04-05,Aston Villa,Nottingham Forest,2,1,H,2,0,17,19,8,3,4,4,2,2,0,0,S Hooper,2425,E0_2425.csv,3,1,Home Win,20250405_AstonVilla_NottinghamForest,1.8,1.4,2.0,1.4,1.3,1.6,1.6132075471698113,1.4339622641509433,2.0,1.2641509433962264,1.8,1.2,2.0,2.1,1.6,1.7,1.2924528301886793,1.6037735849056605,1.1132075471698113,2.0,0.0,0.0
,2025-04-05,Ipswich,Wolverhampton Wanderers,1,2,A,1,0,6,22,2,7,4,8,2,2,0,0,P Bankes,2425,E0_2425.csv,3,-1,Away Win,20250405_Ipswich_WolverhamptonWanderers,1.4,2.6,0.6,1.0,2.8,0.4,1.0,2.1,0.8,2.2666666666666666,1.2,0.8,2.0,1.0,1.3,1.3,1.150943396226415,1.7075471698113207,1.0943396226415094,1.9622641509433962,-1.4,0.19999999999999996
,2025-04-05,West Ham United,Bournemouth,2,2,D,0,1,9,11,3,4,4,7,2,2,0,0,T Robinson,2425,E0_2425.csv,4,0,Draw,20250405_WestHamUnited_Bournemouth,0.8,0.6,1.4,0.9,1.1,1.1,1.2735849056603774,1.6886792452830188,1.4150943396226414,1.509433962264151,1.0,1.8,0.2,1.9,1.5,1.1,1.320754716981132,1.6603773584905661,1.3962264150943395,2.0,1.2,-0.19999999999999996
,2025-04-05,Everton,Arsenal,1,1,D,0,1,5,14,2,5,3,8,3,1,0,0,D England,2425,E0_2425.csv,2,0,Draw,20250405_Everton_Arsenal,1.0,1.2,0.8,1.7,1.1,1.7,1.0,1.3679245283018868,1.1132075471698113,1.1886792452830188,0.8,0.6,1.6,1.6,0.7,2.1,2.207547169811321,0.9150943396226415,1.9433962264150944,0.8301886792452831,-0.8,0.19999999999999996
,2025-04-05,Crystal Palace,Brighton,2,1,H,1,1,8,11,3,5,2,4,0,1,2,1,A Taylor,2425,E0_2425.csv,3,1,Home Win,20250405_CrystalPalace_Brighton,1.8,0.8,2.0,1.7,0.7,2.0,1.276190476190476,1.3428571428571427,1.4150943396226414,1.3396226415094339,2.0,1.4,2.0,1.8,1.6,1.9,1.650943396226415,1.509433962264151,1.6415094339622642,1.7547169811320755,0.0,-0.19999999999999996
,2025-04-06,Brentford,Chelsea,0,0,D,0,0,9,21,2,5,3,6,1,3,0,0,M Oliver,2425,E0_2425.csv,0,0,Draw,20250406_Brentford_Chelsea,1.6,1.0,1.4,1.3,1.2,1.4,1.5566037735849056,1.490566037735849,1.7735849056603774,1.490566037735849,1.4,0.6,1.8,1.5,1.3,1.6,1.5943396226415094,1.3867924528301887,1.4528301886792452,1.6415094339622642,-0.40000000000000013,0.20000000000000018
,2025-04-06,Fulham,Liverpool,3,2,H,3,1,12,14,6,6,4,4,3,0,0,0,C Kavanagh,2425,E0_2425.csv,5,1,Home Win,20250406_Fulham_Liverpool,1.2,1.4,1.2,1.4,1.3,1.5,1.4528301886792452,1.4528301886792452,1.5849056603773586,1.3962264150943395,2.0,0.6,2.6,2.2,0.7,2.6,2.1792452830188678,1.0849056603773586,1.9622641509433962,1.320754716981132,-1.4000000000000001,-0.8
,2025-04-06,Tottenham Hotspur,Southampton,3,1,H,2,0,13,12,8,4,4,1,1,1,0,0,M Salisbury,2425,E0_2425.csv,4,2,Home Win,20250406_TottenhamHotspur_Southampton,1.2,1.4,0.8,1.3,1.4,1.0,1.8773584905660377,1.5849056603773586,1.9811320754716981,1.471698113207547,0.6,2.8,0.2,1.0,2.7,0.4,0.8529411764705882,2.1176470588235294,0.8235294117647058,1.9705882352941178,0.6000000000000001,0.6
,2025-04-06,Manchester United,Manchester City,0,0,D,0,0,13,9,2,5,5,3,3,2,0,0,J Brooks,2425,E0_2425.csv,0,0,Draw,20250406_ManchesterUnited_ManchesterCity,1.8,1.2,1.6,1.4,1.3,1.4,1.4339622641509433,1.3396226415094339,1.6603773584905661,1.1886792452830188,1.0,1.0,1.4,2.1,1.3,1.7,2.330188679245283,1.009433962264151,1.9622641509433962,1.0377358490566038,0.20000000000000018,0.8
,2025-04-07,Leicester City,Newcastle United,0,3,A,0,3,7,16,2,5,12,2,2,0,0,0,R Jones,2425,E0_2425.csv,3,-3,Away Win,20250407_LeicesterCity_NewcastleUnited,0.0,2.4,0.0,0.2,2.3,0.3,1.1176470588235294,1.9852941176470589,1.0,1.6764705882352942,1.4,2.0,1.8,1.7,1.8,1.8,1.9238095238095239,1.276190476190476,1.7169811320754718,1.509433962264151,-1.8,-1.4
,2025-04-12,Nottingham Forest,Everton,0,1,A,0,0,10,13,5,5,1,7,0,3,0,0,C Pawson,2425,E0_2425.csv,1,-1,Away Win,20250412_NottinghamForest_Everton,1.4,0.8,2.0,2.1,1.7,1.6,1.2897196261682242,1.6074766355140186,1.471698113207547,1.2075471698113207,0.8,1.0,0.8,1.5,1.0,1.5,1.0,1.3644859813084111,0.8867924528301887,1.5471698113207548,1.2,0.5999999999999999
,2025-04-12,Manchester City,Crystal Palace,5,2,H,2,2,21,8,9,3,1,4,2,3,0,0,J Gillett,2425,E0_2425.csv,7,3,Home Win,20250412_ManchesterCity_CrystalPalace,1.0,0.6,1.6,1.9,1.1,1.7,2.308411214953271,1.0,2.69811320754717,0.9811320754716981,2.0,0.6,2.6,1.8,0.7,2.2,1.2830188679245282,1.3396226415094339,1.1346153846153846,1.3461538461538463,-1.0,-1.0
,2025-04-12,Brighton,Leicester City,2,2,D,1,1,21,15,7,6,3,6,2,5,0,0,D Bond,2425,E0_2425.csv,4,0,Draw,20250412_Brighton_LeicesterCity,1.4,1.8,1.4,1.7,1.8,1.6,1.644859813084112,1.514018691588785,1.6603773584905661,1.2641509433962264,0.0,2.2,0.0,0.2,2.4,0.3,1.1014492753623188,2.0,1.2352941176470589,2.2941176470588234,1.4,1.4
,2025-04-12,Southampton,Aston Villa,0,3,A,0,0,7,25,2,10,2,14,3,1,0,0,T Bramall,2425,E0_2425.csv,3,-3,Away Win,20250412_Southampton_AstonVilla,0.8,2.6,0.2,1.0,2.7,0.4,0.855072463768116,2.130434782608696,0.8823529411764706,2.264705882352941,1.8,1.2,2.4,1.5,1.4,1.6,1.6168224299065421,1.4299065420560748,1.2264150943396226,1.6037735849056605,-2.1999999999999997,-1.0
,2025-04-12,Arsenal,Brentford,1,1,D,0,0,14,3,3,2,13,5,1,3,0,0,S Hooper,2425,E0_2425.csv,2,0,Draw,20250412_Arsenal_Brentford,1.0,0.6,1.8,1.5,0.7,1.9,2.196261682242991,0.9158878504672897,2.4716981132075473,1.0,0.8,1.0,1.0,1.1,1.0,1.4,1.5420560747663552,1.4766355140186915,1.3396226415094339,1.490566037735849,0.8,0.19999999999999996
,2025-04-13,Newcastle United,Manchester United,4,1,H,1,1,13,9,6,5,7,2,0,2,0,0,C Kavanagh,2425,E0_2425.csv,5,3,Home Win,20250413_NewcastleUnited_ManchesterUnited,2.0,1.2,2.4,1.8,1.7,1.8,1.9339622641509433,1.2641509433962264,2.1346153846153846,1.0384615384615385,1.4,0.8,1.6,1.1,1.2,1.2,1.4205607476635513,1.3271028037383177,1.2075471698113207,1.490566037735849,0.7999999999999998,0.6000000000000001
,2025-04-13,Wolverhampton Wanderers,Tottenham Hotspur,4,2,H,2,0,13,11,5,4,1,4,1,2,0,0,A Taylor,2425,E0_2425.csv,6,2,Home Win,20250413_WolverhamptonWanderers_TottenhamHotspur,1.4,1.0,2.0,1.2,1.1,1.6,1.158878504672897,1.7009345794392523,1.2075471698113207,1.4528301886792452,1.0,1.4,0.8,1.5,1.3,1.3,1.8878504672897196,1.5794392523364487,1.7735849056603774,1.6981132075471699,1.2,0.3999999999999999
,2025-04-13,Chelsea,Ipswich,2,2,D,0,2,34,13,9,4,15,4,2,2,0,0,S Attwell,2425,E0_2425.csv,4,0,Draw,20250413_Chelsea_Ipswich,1.2,0.2,2.0,1.3,1.1,1.6,1.5794392523364487,1.3738317757009346,1.7358490566037736,1.1320754716981132,1.4,2.2,0.6,1.1,2.8,0.4,1.0,2.096774193548387,1.2,1.9333333333333333,1.4,-0.19999999999999996
,2025-04-13,Liverpool,West Ham United,2,1,H,1,0,15,11,6,4,10,3,0,2,0,0,A Madley,2425,E0_2425.csv,3,1,Home Win,20250413_Liverpool_WestHamUnited,2.0,0.8,2.4,2.2,1.0,2.3,2.177570093457944,1.102803738317757,2.3962264150943398,0.8490566037735849,1.0,1.0,1.0,0.8,1.1,0.9,1.280373831775701,1.691588785046729,1.1320754716981132,1.8679245283018868,1.4,1.0
,2025-04-14,Bournemouth,Fulham,1,0,H,1,0,12,12,3,7,6,9,3,2,0,0,O Oliver,2425,E0_2425.csv,1,1,Home Win,20250414_Bournemouth_Fulham,1.4,2.0,0.4,1.9,1.5,1.1,1.3271028037383177,1.6635514018691588,1.2452830188679245,1.320754716981132,1.8,1.4,1.8,1.5,1.2,1.8,1.4672897196261683,1.4579439252336448,1.320754716981132,1.509433962264151,-1.4,-0.40000000000000013
,2025-04-16,Newcastle United,Crystal Palace,5,0,H,4,0,14,11,7,4,5,4,2,3,0,0,D England,2425,E0_2425.csv,5,5,Home Win,20250416_NewcastleUnited_CrystalPalace,2.0,0.8,2.4,1.9,1.8,1.8,1.9532710280373833,1.2616822429906542,2.169811320754717,1.0377358490566038,2.0,1.6,2.0,1.8,1.2,1.9,1.2897196261682242,1.3738317757009346,1.150943396226415,1.4150943396226414,0.3999999999999999,0.0
,2025-04-19,West Ham United,Southampton,1,1,D,0,0,12,15,4,4,2,5,2,1,0,0,A Kitchen,2425,E0_2425.csv,2,0,Draw,20250419_WestHamUnited_Southampton,0.8,1.4,0.4,0.9,1.1,0.9,1.2777777777777777,1.6944444444444444,1.4259259259259258,1.5185185185185186,0.8,2.4,0.2,0.8,2.7,0.4,0.8428571428571429,2.142857142857143,0.8285714285714286,2.0,0.2,0.0
,2025-04-19,Everton,Manchester City,0,2,A,0,0,8,12,3,7,2,5,4,0,0,0,S Hooper,2425,E0_2425.csv,2,-2,Away Win,20250419_Everton_ManchesterCity,0.8,0.8,1.2,1.5,1.0,1.5,1.0,1.3518518518518519,1.1111111111111112,1.1851851851851851,1.8,1.0,1.6,1.8,1.3,1.7,2.3333333333333335,1.0092592592592593,1.9259259259259258,1.0185185185185186,-0.40000000000000013,-1.0
,2025-04-19,Aston Villa,Newcastle United,4,1,H,1,1,23,10,9,3,7,7,1,3,0,0,J Gillett,2425,E0_2425.csv,5,3,Home Win,20250419_AstonVilla_NewcastleUnited,2.0,1.0,2.4,1.6,1.2,1.8,1.6296296296296295,1.4166666666666667,2.0,1.2592592592592593,3.0,0.4,3.0,2.3,1.4,2.1,1.9814814814814814,1.25,1.7407407407407407,1.4814814814814814,-0.6000000000000001,-1.0
,2025-04-19,Brentford,Brighton,4,2,H,1,1,16,12,8,3,4,8,3,3,0,1,T Robinson,2425,E0_2425.csv,6,2,Home Win,20250419_Brentford_Brighton,0.8,1.0,1.0,1.2,0.9,1.5,1.537037037037037,1.4722222222222223,1.7407407407407407,1.462962962962963,1.4,2.0,1.0,1.6,1.9,1.4,1.6481481481481481,1.5185185185185186,1.6296296296296295,1.7592592592592593,0.0,-0.5999999999999999
,2025-04-19,Crystal Palace,Bournemouth,0,0,D,0,0,5,15,0,4,5,4,3,4,1,0,S Barrott,2425,E0_2425.csv,0,0,Draw,20250419_CrystalPalace_Bournemouth,1.2,2.4,1.4,1.6,1.7,1.6,1.2777777777777777,1.4074074074074074,1.4259259259259258,1.3333333333333333,1.4,1.6,1.0,1.6,1.4,1.1,1.3240740740740742,1.6481481481481481,1.4074074074074074,2.0,0.3999999999999999,-0.19999999999999996
,2025-04-20,Leicester City,Liverpool,0,1,A,0,0,5,28,0,10,1,13,1,2,0,0,S Attwell,2425,E0_2425.csv,1,-1,Away Win,20250420_LeicesterCity_Liverpool,0.4,2.2,0.2,0.4,2.4,0.4,1.1142857142857143,2.0,0.9714285714285714,1.7142857142857142,2.0,1.0,2.4,2.0,1.0,2.3,2.175925925925926,1.1018518518518519,1.962962962962963,1.3518518518518519,-2.1999999999999997,-1.6
,2025-04-20,Manchester United,Wolverhampton Wanderers,0,1,A,0,0,12,4,2,2,9,2,2,3,0,0,R Jones,2425,E0_2425.csv,1,-1,Away Win,20250420_ManchesterUnited_WolverhamptonWanderers,1.0,1.2,1.0,1.1,1.3,1.2,1.4166666666666667,1.3518518518518519,1.6296296296296295,1.1666666666666667,2.0,1.0,2.6,1.5,1.0,1.9,1.1851851851851851,1.7037037037037037,1.1111111111111112,1.9444444444444444,-1.6,-1.0
,2025-04-20,Ipswich,Arsenal,0,4,A,0,2,4,24,0,7,0,12,0,0,1,0,C Kavanagh,2425,E0_2425.csv,4,-4,Away Win,20250420_Ipswich_Arsenal,1.4,2.0,0.8,1.3,2.4,0.5,1.03125,2.09375,0.8125,2.25,1.2,0.8,1.8,1.4,0.6,1.9,2.185185185185185,0.9166666666666666,1.9259259259259258,0.8333333333333334,-1.0,0.19999999999999996
,2025-04-20,Fulham,Chelsea,1,2,A,1,0,6,13,1,8,6,4,1,3,0,0,A Taylor,2425,E0_2425.csv,3,-1,Away Win,20250420_Fulham_Chelsea,1.4,1.4,1.2,1.3,1.3,1.5,1.4537037037037037,1.4537037037037037,1.6111111111111112,1.4074074074074074,0.8,0.6,1.6,1.2,1.2,1.4,1.5833333333333333,1.3796296296296295,1.4259259259259258,1.6111111111111112,-0.40000000000000013,0.5999999999999999
,2025-04-21,Tottenham Hotspur,Nottingham Forest,1,2,A,0,2,22,4,6,3,7,1,1,4,0,0,P Bankes,2425,E0_2425.csv,3,-1,Away Win,20250421_TottenhamHotspur_NottinghamForest,1.4,2.0,0.8,1.5,1.4,1.3,1.8888888888888888,1.6018518518518519,2.0,1.462962962962963,1.4,1.0,1.8,1.8,1.6,1.3,1.2777777777777777,1.6018518518518519,1.1111111111111112,2.0,-1.0,0.0
,2025-04-22,Manchester City,Aston Villa,2,1,H,1,1,14,7,6,3,10,2,3,3,0,0,C Pawson,2425,E0_2425.csv,3,1,Home Win,20250422_ManchesterCity_AstonVilla,2.2,0.8,2.2,1.7,1.2,1.7,2.330275229357798,1.0,2.740740740740741,1.0,2.6,0.4,3.0,1.9,1.2,2.0,1.651376146788991,1.4128440366972477,1.2592592592592593,1.5740740740740742,-0.7999999999999998,-0.3999999999999999
,2025-04-23,Arsenal,Crystal Palace,2,2,D,2,1,12,15,6,4,3,6,1,1,0,0,M Salisbury,2425,E0_2425.csv,4,0,Draw,20250423_Arsenal_CrystalPalace,1.8,0.6,2.2,1.7,0.6,1.9,2.2018348623853212,0.908256880733945,2.4444444444444446,1.0,1.0,2.4,1.0,1.5,1.5,1.7,1.2660550458715596,1.3944954128440368,1.1296296296296295,1.4814814814814814,1.2000000000000002,0.8
,2025-04-26,Wolverhampton Wanderers,Leicester City,3,0,H,1,0,20,8,6,2,4,2,1,4,0,0,S Barrott,2425,E0_2425.csv,3,3,Home Win,20250426_WolverhamptonWanderers_LeicesterCity,2.0,0.8,3.0,1.6,0.9,2.2,1.18348623853211,1.688073394495413,1.2592592592592593,1.462962962962963,0.4,2.2,0.2,0.2,2.4,0.1,1.0985915492957747,1.9859154929577465,1.2571428571428571,2.2857142857142856,2.8,1.6
,2025-04-26,Chelsea,Everton,1,0,H,1,0,10,6,7,3,10,2,0,0,0,0,C Kavanagh,2425,E0_2425.csv,1,1,Home Win,20250426_Chelsea_Everton,1.0,0.8,1.6,1.3,1.0,1.7,1.5871559633027523,1.3761467889908257,1.7407407407407407,1.1481481481481481,0.6,1.0,1.0,1.1,1.2,1.2,0.9908256880733946,1.3577981651376148,0.8888888888888888,1.5185185185185186,0.6000000000000001,0.4
,2025-04-26,Brighton,West Ham United,3,2,H,1,0,16,12,9,4,8,1,1,1,0,0,D England,2425,E0_2425.csv,5,1,Home Win,20250426_Brighton_WestHamUnited,1.4,2.6,0.4,1.8,2.2,1.4,1.651376146788991,1.5412844036697249,1.6666666666666667,1.2777777777777777,1.0,1.4,0.6,0.9,1.1,0.9,1.275229357798165,1.688073394495413,1.1296296296296295,1.8703703703703705,-0.19999999999999996,0.3999999999999999
,2025-04-26,Newcastle United,Ipswich,3,0,H,1,0,25,4,5,0,11,2,1,2,0,1,M Salisbury,2425,E0_2425.csv,3,3,Home Win,20250426_NewcastleUnited_Ipswich,3.0,1.2,2.4,2.1,1.7,1.8,1.9724770642201834,1.275229357798165,2.2222222222222223,1.0185185185185186,1.4,2.6,0.8,1.2,2.4,0.5,1.0,2.1515151515151514,1.25,1.9375,1.5999999999999999,1.6
,2025-04-26,Southampton,Fulham,1,2,A,1,0,7,26,3,5,0,13,1,1,0,0,T Harrington,2425,E0_2425.csv,3,-1,Away Win,20250426_Southampton_Fulham,0.8,2.0,0.4,0.8,2.5,0.5,0.8450704225352113,2.1267605633802815,0.8571428571428571,2.2857142857142856,1.4,1.4,1.2,1.4,1.4,1.5,1.4495412844036697,1.4587155963302751,1.2962962962962963,1.5,-0.7999999999999999,-0.5999999999999999
,2025-04-27,Liverpool,Tottenham Hotspur,5,1,H,3,1,25,8,8,3,8,2,2,1,0,0,T Bramall,2425,E0_2425.csv,6,4,Home Win,20250427_Liverpool_TottenhamHotspur,1.8,1.0,2.4,1.9,1.0,2.3,2.165137614678899,1.091743119266055,2.388888888888889,0.8518518518518519,1.2,2.0,0.6,1.5,1.4,1.3,1.8807339449541285,1.6055045871559632,1.7777777777777777,1.7407407407407407,1.7999999999999998,0.6000000000000001
,2025-04-27,Bournemouth,Manchester United,1,1,D,1,0,8,25,1,6,5,10,4,2,1,0,P Bankes,2425,E0_2425.csv,2,0,Draw,20250427_Bournemouth_ManchesterUnited,1.0,1.2,1.0,1.1,1.4,0.9,1.311926605504587,1.6330275229357798,1.2407407407407407,1.2962962962962963,0.8,1.2,0.8,1.0,1.4,0.9,1.4036697247706422,1.348623853211009,1.2037037037037037,1.537037037037037,0.19999999999999996,0.19999999999999996
,2025-05-01,Nottingham Forest,Brentford,0,2,A,0,1,14,11,5,3,4,5,3,5,0,0,D England,2425,E0_2425.csv,2,-2,Away Win,20250501_NottinghamForest_Brentford,1.6,1.2,1.8,2.0,1.2,1.6,1.2844036697247707,1.5963302752293578,1.4444444444444444,1.2037037037037037,1.6,1.2,1.6,1.4,1.0,1.5,1.5596330275229358,1.4770642201834863,1.3333333333333333,1.4814814814814814,0.19999999999999996,0.0
,2025-05-02,Manchester City,Wolverhampton Wanderers,1,0,H,1,0,9,6,2,1,4,5,0,0,0,0,P Bankes,2425,E0_2425.csv,1,1,Home Win,20250502_ManchesterCity_WolverhamptonWanderers,2.2,0.6,2.6,1.8,0.8,2.0,2.327272727272727,1.0,2.727272727272727,1.0,2.2,0.6,3.0,1.7,0.9,2.2,1.2,1.6727272727272726,1.1090909090909091,1.9090909090909092,-0.3999999999999999,0.0
,2025-05-03,Arsenal,Bournemouth,1,2,A,1,0,13,9,4,2,2,3,0,2,0,0,J Gillett,2425,E0_2425.csv,3,-1,Away Win,20250503_Arsenal_Bournemouth,2.0,1.0,1.8,1.4,0.7,1.7,2.2,0.9181818181818182,2.4363636363636365,1.018181818181818,1.0,1.0,1.2,1.2,1.3,1.0,1.309090909090909,1.6272727272727272,1.3818181818181818,1.9636363636363636,0.6000000000000001,1.0
,2025-05-03,Aston Villa,Fulham,1,0,H,1,0,10,11,3,3,5,3,0,5,0,0,R Jones,2425,E0_2425.csv,1,1,Home Win,20250503_AstonVilla_Fulham,2.6,0.8,2.4,2.0,1.2,2.0,1.6454545454545455,1.4181818181818182,2.036363636363636,1.2545454545454546,1.4,1.6,1.2,1.4,1.4,1.5,1.4545454545454546,1.4545454545454546,1.309090909090909,1.490909090909091,1.2,1.2000000000000002
,2025-05-03,Everton,Ipswich,2,2,D,2,1,8,12,3,5,3,3,4,4,0,0,L Smith,2425,E0_2425.csv,4,0,Draw,20250503_Everton_Ipswich,0.4,1.0,0.8,0.9,1.1,1.1,0.9818181818181818,1.3545454545454545,1.0909090909090908,1.2,1.0,2.4,0.8,1.1,2.5,0.5,0.9705882352941176,2.176470588235294,1.1764705882352942,2.0,0.0,-0.6
,2025-05-03,Leicester City,Southampton,2,0,H,2,0,14,8,4,2,7,7,1,3,0,0,D Webb,2425,E0_2425.csv,2,2,Home Win,20250503_LeicesterCity_Southampton,0.4,2.2,0.2,0.2,2.3,0.1,1.0833333333333333,2.0,0.9444444444444444,1.6944444444444444,0.8,2.0,0.4,0.7,2.6,0.2,0.8472222222222222,2.125,0.8333333333333334,1.9722222222222223,-0.2,-0.4
,2025-05-04,Brighton,Newcastle United,1,1,D,1,0,5,13,2,5,1,4,2,1,0,0,C Pawson,2425,E0_2425.csv,2,0,Draw,20250504_Brighton_NewcastleUnited,1.6,2.6,0.8,2.1,1.7,1.7,1.6636363636363636,1.5454545454545454,1.690909090909091,1.290909090909091,3.2,1.0,2.4,2.3,1.5,2.1,1.981818181818182,1.2636363636363637,1.7272727272727273,1.5272727272727273,-1.5999999999999999,-1.6
,2025-05-04,West Ham United,Tottenham Hotspur,1,1,D,1,1,11,7,2,2,1,3,2,2,0,0,M Oliver,2425,E0_2425.csv,2,0,Draw,20250504_WestHamUnited_TottenhamHotspur,1.2,1.8,0.4,1.0,1.2,0.9,1.2818181818181817,1.7,1.4181818181818182,1.509090909090909,1.4,2.6,0.6,1.4,1.9,1.0,1.8727272727272728,1.6363636363636365,1.7636363636363637,1.8,-0.19999999999999996,-0.19999999999999996
,2025-05-04,Brentford,Manchester United,4,3,H,2,1,12,14,6,5,7,4,0,2,0,0,A Taylor,2425,E0_2425.csv,7,1,Home Win,20250504_Brentford_ManchesterUnited,1.6,1.0,1.6,1.6,0.8,1.8,1.5636363636363637,1.4636363636363636,1.7818181818181817,1.4727272727272727,0.4,1.4,0.4,1.1,1.3,1.0,1.4,1.3454545454545455,1.2,1.5272727272727273,1.2000000000000002,1.2000000000000002
,2025-05-04,Chelsea,Liverpool,3,1,H,1,0,17,11,7,2,3,6,2,2,0,0,S Hooper,2425,E0_2425.csv,4,2,Home Win,20250504_Chelsea_Liverpool,1.2,0.6,2.2,1.2,0.9,1.7,1.5818181818181818,1.3636363636363635,1.7272727272727273,1.1272727272727272,2.2,1.0,2.4,2.2,0.9,2.5,2.190909090909091,1.0909090909090908,1.9454545454545455,1.3272727272727274,-0.19999999999999973,-1.0000000000000002
,2025-05-05,Crystal Palace,Nottingham Forest,1,1,D,0,0,20,12,3,4,7,4,3,8,0,0,A Madley,2425,E0_2425.csv,2,0,Draw,20250505_CrystalPalace_NottinghamForest,1.2,2.6,1.0,1.5,1.7,1.5,1.2727272727272727,1.4,1.4,1.309090909090909,0.8,1.2,1.2,1.3,1.4,1.3,1.2727272727272727,1.6,1.1272727272727272,1.981818181818182,-0.19999999999999996,0.3999999999999999
,2025-05-10,Fulham,Everton,1,3,A,1,1,18,11,6,7,5,5,1,0,0,0,M Salisbury,2425,E0_2425.csv,4,-2,Away Win,20250510_Fulham_Everton,1.2,1.4,1.2,1.2,1.4,1.2,1.4414414414414414,1.4504504504504505,1.6,1.4181818181818182,0.8,1.2,1.0,0.9,1.2,0.9,0.990990990990991,1.3603603603603605,0.8727272727272727,1.509090909090909,0.19999999999999996,0.3999999999999999
,2025-05-10,Ipswich,Brentford,0,1,A,0,1,11,15,4,5,5,6,2,4,0,0,S Barrott,2425,E0_2425.csv,1,-1,Away Win,20250510_Ipswich_Brentford,1.0,2.6,0.4,1.2,2.6,0.5,1.0,2.1714285714285713,0.7647058823529411,2.3529411764705883,2.2,1.2,2.2,1.9,1.1,1.8,1.5855855855855856,1.4774774774774775,1.3454545454545455,1.4545454545454546,-1.8000000000000003,-1.2000000000000002
,2025-05-10,Southampton,Manchester City,0,0,D,0,0,2,26,0,5,1,15,2,0,0,0,T Robinson,2425,E0_2425.csv,0,0,Draw,20250510_Southampton_ManchesterCity,0.6,2.2,0.2,0.6,2.5,0.2,0.8356164383561644,2.1232876712328768,0.8611111111111112,2.2777777777777777,2.0,0.6,2.6,1.5,0.8,2.0,2.315315315315315,0.990990990990991,1.9272727272727272,1.0,-2.4,-1.4
,2025-05-10,Wolverhampton Wanderers,Brighton,0,2,A,0,1,10,7,3,2,7,4,1,1,0,0,M Oliver,2425,E0_2425.csv,2,-2,Away Win,20250510_WolverhamptonWanderers_Brighton,2.0,0.8,2.4,1.6,0.8,2.2,1.1891891891891893,1.6666666666666667,1.290909090909091,1.4363636363636363,1.8,2.2,1.0,1.9,1.8,1.5,1.6576576576576576,1.5405405405405406,1.6363636363636365,1.8,1.4,0.19999999999999996
,2025-05-10,Bournemouth,Aston Villa,0,1,A,0,1,10,6,4,3,10,0,4,3,0,1,S Attwell,2425,E0_2425.csv,1,-1,Away Win,20250510_Bournemouth_AstonVilla,1.2,0.8,1.8,1.1,1.3,1.0,1.3153153153153154,1.6216216216216217,1.2363636363636363,1.290909090909091,2.2,0.8,2.4,2.0,1.1,2.2,1.6396396396396395,1.4054054054054055,1.2545454545454546,1.5818181818181818,-0.5999999999999999,-1.0000000000000002
,2025-05-11,Liverpool,Arsenal,2,2,D,2,0,14,15,5,7,3,1,1,1,0,1,A Taylor,2425,E0_2425.csv,4,0,Draw,20250511_Liverpool_Arsenal,2.2,1.6,1.8,2.1,1.1,2.2,2.18018018018018,1.1081081081081081,2.4363636363636365,0.8545454545454545,1.8,1.2,1.2,1.3,0.9,1.4,2.189189189189189,0.9279279279279279,1.9636363636363636,0.8181818181818182,0.6000000000000001,0.40000000000000013
,2025-05-11,Nottingham Forest,Leicester City,2,2,D,1,1,15,10,4,6,4,4,3,3,0,0,T Harrington,2425,E0_2425.csv,4,0,Draw,20250511_NottinghamForest_LeicesterCity,0.8,1.4,0.8,1.3,1.3,1.4,1.2702702702702702,1.5945945945945945,1.4181818181818182,1.2181818181818183,0.8,1.8,0.8,0.4,2.1,0.4,1.095890410958904,1.9726027397260273,1.2222222222222223,2.3055555555555554,0.0,0.0
,2025-05-11,Tottenham Hotspur,Crystal Palace,0,2,A,0,1,8,23,1,10,4,8,1,1,0,0,C Kavanagh,2425,E0_2425.csv,2,-2,Away Win,20250511_TottenhamHotspur_CrystalPalace,1.6,2.6,0.8,1.4,2.0,0.8,1.864864864864865,1.6306306306306306,1.981818181818182,1.4727272727272727,1.0,2.6,0.6,1.5,1.6,1.6,1.2702702702702702,1.3963963963963963,1.1454545454545455,1.490909090909091,0.20000000000000007,0.6000000000000001
,2025-05-11,Newcastle United,Chelsea,2,0,H,1,0,15,10,6,3,2,8,4,2,0,1,J Brooks,2425,E0_2425.csv,2,2,Home Win,20250511_NewcastleUnited_Chelsea,2.8,1.2,2.0,2.4,1.2,2.2,1.972972972972973,1.2612612612612613,2.2363636363636363,1.0,1.6,0.8,2.2,1.5,0.7,2.0,1.5945945945945945,1.3603603603603605,1.4363636363636363,1.6,-0.20000000000000018,1.1999999999999997
,2025-05-11,Manchester United,West Ham United,0,2,A,0,1,20,9,5,4,8,5,0,1,0,0,J Gillett,2425,E0_2425.csv,2,-2,Away Win,20250511_ManchesterUnited_WestHamUnited,1.0,2.0,0.4,1.4,1.6,1.0,1.4144144144144144,1.3693693693693694,1.6,1.1636363636363636,1.4,1.8,0.6,1.1,1.2,1.0,1.2792792792792793,1.6936936936936937,1.1454545454545455,1.8909090909090909,-0.19999999999999996,-0.3999999999999999
,2025-05-16,Aston Villa,Tottenham Hotspur,2,0,H,0,0,18,3,7,1,9,1,1,2,0,0,P Bankes,2425,E0_2425.csv,2,2,Home Win,20250516_AstonVilla_TottenhamHotspur,2.0,0.6,2.4,1.9,0.9,2.4,1.6339285714285714,1.3928571428571428,2.017857142857143,1.2321428571428572,1.0,2.8,0.2,1.0,2.1,0.5,1.8482142857142858,1.6339285714285714,1.75,1.7857142857142858,2.1999999999999997,1.0
,2025-05-16,Chelsea,Manchester United,1,0,H,0,0,11,4,3,1,7,2,1,6,0,0,C Kavanagh,2425,E0_2425.csv,1,1,Home Win,20250516_Chelsea_ManchesterUnited,1.6,1.2,2.0,1.4,0.7,2.0,1.5803571428571428,1.3660714285714286,1.75,1.125,1.0,2.4,0.2,1.2,1.6,0.9,1.4017857142857142,1.375,1.2321428571428572,1.5714285714285714,1.8,0.6000000000000001
,2025-05-18,Arsenal,Newcastle United,1,0,H,0,0,12,14,4,5,10,7,3,3,0,0,S Hooper,2425,E0_2425.csv,1,1,Home Win,20250518_Arsenal_NewcastleUnited,2.0,1.4,1.2,1.5,1.0,1.5,2.1875,0.9375,2.4107142857142856,1.0357142857142858,2.4,1.0,2.0,2.2,0.9,2.2,1.9732142857142858,1.25,1.7142857142857142,1.5178571428571428,-0.8,-0.3999999999999999
,2025-05-18,Everton,Southampton,2,0,H,2,0,13,6,5,2,4,5,1,1,0,0,M Oliver,2425,E0_2425.csv,2,2,Home Win,20250518_Everton_Southampton,1.2,1.2,1.4,1.0,1.1,1.1,1.0089285714285714,1.3571428571428572,1.1071428571428572,1.2142857142857142,0.4,1.6,0.4,0.6,2.1,0.3,0.8243243243243243,2.0945945945945947,0.8108108108108109,1.972972972972973,0.9999999999999999,0.7999999999999999
,2025-05-18,West Ham United,Nottingham Forest,1,2,A,0,1,16,10,5,5,8,7,6,3,0,0,S Barrott,2425,E0_2425.csv,3,-1,Away Win,20250518_WestHamUnited_NottinghamForest,1.4,1.4,1.0,1.2,1.2,1.0,1.2857142857142858,1.6785714285714286,1.4107142857142858,1.5,1.0,1.4,1.0,1.2,1.1,1.5,1.2767857142857142,1.5982142857142858,1.125,1.9642857142857142,0.0,0.3999999999999999
,2025-05-18,Brentford,Fulham,2,3,A,2,1,11,16,6,7,5,3,4,4,0,0,J Gillett,2425,E0_2425.csv,5,-1,Away Win,20250518_Brentford_Fulham,2.4,1.2,2.6,1.6,1.1,1.8,1.5803571428571428,1.4642857142857142,1.8214285714285714,1.5,0.8,1.6,0.6,1.3,1.5,1.2,1.4375,1.4642857142857142,1.2857142857142858,1.4821428571428572,2.0,1.5999999999999999
,2025-05-18,Leicester City,Ipswich,2,0,H,1,0,9,20,3,2,2,2,1,0,0,0,A Kitchen,2425,E0_2425.csv,2,2,Home Win,20250518_LeicesterCity_Ipswich,1.2,1.6,1.0,0.6,1.9,0.5,1.1081081081081081,1.972972972972973,0.972972972972973,1.6486486486486487,0.8,2.4,0.4,1.1,2.3,0.5,0.9722222222222222,2.138888888888889,1.2222222222222223,2.0,0.6,0.3999999999999999
,2025-05-19,Brighton,Liverpool,3,2,H,1,2,25,18,12,5,3,3,1,0,0,0,J Brooks,2425,E0_2425.csv,5,1,Home Win,20250519_Brighton_Liverpool,2.0,1.8,1.6,1.7,1.8,1.5,1.6607142857142858,1.5267857142857142,1.6785714285714286,1.2857142857142858,2.2,1.4,2.0,2.1,1.1,2.2,2.1785714285714284,1.1160714285714286,1.9285714285714286,1.3571428571428572,-0.3999999999999999,-0.20000000000000018
,2025-05-20,Manchester City,Bournemouth,3,1,H,2,0,12,8,5,2,3,1,1,3,1,1,T Bramall,2425,E0_2425.csv,4,2,Home Win,20250520_ManchesterCity_Bournemouth,2.0,0.6,2.6,1.5,0.6,2.1,2.294642857142857,0.9821428571428571,2.6964285714285716,0.9821428571428571,0.8,0.6,1.6,1.1,1.3,1.0,1.3035714285714286,1.6160714285714286,1.3928571428571428,1.9464285714285714,1.0,1.2
,2025-05-20,Crystal Palace,Wolverhampton Wanderers,4,2,H,2,1,14,12,10,3,0,10,1,2,0,0,D Webb,2425,E0_2425.csv,6,2,Home Win,20250520_CrystalPalace_WolverhamptonWanderers,1.0,1.6,1.2,1.5,1.6,1.6,1.2767857142857142,1.3839285714285714,1.3928571428571428,1.3035714285714286,1.6,1.0,1.8,1.5,1.0,1.9,1.1785714285714286,1.6696428571428572,1.0892857142857142,1.8928571428571428,-0.6000000000000001,-0.6000000000000001
,2025-05-25,Wolverhampton Wanderers,Brentford,1,1,D,0,1,18,13,6,7,8,3,2,1,0,0,C Pawson,2425,E0_2425.csv,2,0,Draw,20250525_WolverhamptonWanderers_Brentford,1.2,1.4,1.2,1.6,1.2,1.9,1.1858407079646018,1.6902654867256637,1.2678571428571428,1.4464285714285714,2.6,1.6,2.4,1.7,1.3,1.7,1.584070796460177,1.4778761061946903,1.3392857142857142,1.4285714285714286,-1.2,-1.4000000000000001
,2025-05-25,Nottingham Forest,Chelsea,0,1,A,0,0,10,6,2,2,7,4,2,2,0,0,A Taylor,2425,E0_2425.csv,1,-1,Away Win,20250525_NottinghamForest_Chelsea,1.4,1.4,1.6,1.4,1.2,1.7,1.2831858407079646,1.592920353982301,1.4285714285714286,1.2321428571428572,1.4,0.8,2.4,1.1,0.7,2.0,1.575221238938053,1.3539823008849559,1.4107142857142858,1.6071428571428572,-0.7999999999999998,0.0
,2025-05-25,Tottenham Hotspur,Brighton,1,4,A,1,0,4,23,2,8,2,11,3,1,0,0,R Jones,2425,E0_2425.csv,5,-3,Away Win,20250525_TottenhamHotspur_Brighton,0.6,2.4,0.2,1.0,2.2,0.5,1.831858407079646,1.6371681415929205,1.9464285714285714,1.4821428571428572,2.2,1.8,2.0,1.8,1.9,1.5,1.6725663716814159,1.5309734513274336,1.6428571428571428,1.7678571428571428,-1.8,-1.6
,2025-05-25,Newcastle United,Everton,0,1,A,0,0,17,14,6,6,12,3,1,4,0,0,T Harrington,2425,E0_2425.csv,1,-1,Away Win,20250525_NewcastleUnited_Everton,1.4,1.2,1.4,2.2,0.8,2.2,1.9557522123893805,1.247787610619469,2.232142857142857,0.9821428571428571,1.4,1.2,1.4,1.1,1.0,1.3,1.0176991150442478,1.345132743362832,0.9107142857142857,1.5,0.0,0.0
,2025-05-25,Southampton,Arsenal,1,2,A,0,1,7,23,2,8,5,8,0,0,0,0,D Bond,2425,E0_2425.csv,3,-1,Away Win,20250525_Southampton_Arsenal,0.4,1.4,0.4,0.6,1.9,0.3,0.8133333333333334,2.0933333333333333,0.8378378378378378,2.2162162162162162,2.0,1.2,1.6,1.6,1.0,1.7,2.1769911504424777,0.9292035398230089,1.9642857142857142,0.8392857142857143,-1.2000000000000002,-1.6
,2025-05-25,Liverpool,Crystal Palace,1,1,D,0,1,14,8,3,5,11,0,1,0,1,0,D England,2425,E0_2425.csv,2,0,Draw,20250525_Liverpool_CrystalPalace,2.2,1.8,1.4,2.1,1.4,1.9,2.1769911504424777,1.1327433628318584,2.4285714285714284,0.875,1.8,1.0,1.8,1.5,1.7,1.6,1.3008849557522124,1.3893805309734513,1.1607142857142858,1.4642857142857142,-0.40000000000000013,0.40000000000000013
,2025-05-25,Bournemouth,Leicester City,2,0,H,0,0,20,3,7,0,6,1,0,2,0,0,L Smith,2425,E0_2425.csv,2,2,Home Win,20250525_Bournemouth_LeicesterCity,0.8,1.2,1.0,1.1,1.4,1.0,1.3008849557522124,1.6283185840707965,1.2142857142857142,1.2857142857142858,1.2,1.2,1.4,0.8,1.7,0.8,1.12,1.9466666666666668,1.2432432432432432,2.2972972972972974,-0.3999999999999999,-0.3999999999999999
,2025-05-25,Manchester United,Aston Villa,2,0,H,0,0,25,6,10,1,4,3,2,2,0,1,T Bramall,2425,E0_2425.csv,2,2,Home Win,20250525_ManchesterUnited_AstonVilla,0.8,1.8,0.2,0.9,1.5,0.6,1.3893805309734513,1.3716814159292035,1.5714285714285714,1.1785714285714286,1.8,0.6,2.4,1.9,0.8,2.4,1.6371681415929205,1.3805309734513274,1.25,1.5535714285714286,-2.1999999999999997,-1.0
,2025-05-25,Ipswich,West Ham United,1,3,A,0,1,14,10,4,6,4,0,1,1,0,0,T Robinson,2425,E0_2425.csv,4,-2,Away Win,20250525_Ipswich_WestHamUnited,0.4,2.4,0.2,0.9,2.2,0.5,0.9459459459459459,2.135135135135135,0.7222222222222222,2.2777777777777777,1.4,1.4,1.0,1.1,1.4,0.7,1.2831858407079646,1.6814159292035398,1.1607142857142858,1.8571428571428572,-0.8,-0.9999999999999999
,2025-05-25,Fulham,Manchester City,0,2,A,0,1,13,20,3,5,1,6,0,0,0,0,A Madley,2425,E0_2425.csv,2,-2,Away Win,20250525_Fulham_ManchesterCity,1.4,1.8,1.2,1.4,1.6,1.2,1.4513274336283186,1.4690265486725664,1.5892857142857142,1.4464285714285714,1.6,0.4,2.6,1.7,0.7,2.1,2.3008849557522124,0.9823008849557522,1.8928571428571428,0.9821428571428571,-1.4000000000000001,-0.20000000000000018
,2025-08-15,Liverpool,Bournemouth,4,2,H,1,0,19,10,10,3,6,7,1,2,0,0,A Taylor,2526,E0_2526.csv,6,2,Home Win,20250815_Liverpool_Bournemouth,2.2,2.0,1.0,2.0,1.5,1.7,2.1666666666666665,1.131578947368421,2.4035087719298245,0.8771929824561403,1.2,1.2,1.4,1.1,1.2,1.2,1.3070175438596492,1.6140350877192982,1.3859649122807018,1.9649122807017543,-0.3999999999999999,1.0000000000000002
,2025-08-16,Aston Villa,Newcastle United,0,0,D,0,0,3,16,3,3,3,6,1,1,1,0,C Pawson,2526,E0_2526.csv,0,0,Draw,20250816_AstonVilla_NewcastleUnited,1.0,0.8,1.8,1.8,0.6,2.4,1.6228070175438596,1.3859649122807018,2.017543859649123,1.2105263157894737,1.2,0.6,1.4,2.1,0.9,1.9,1.9385964912280702,1.2456140350877194,1.6842105263157894,1.5087719298245614,0.40000000000000013,-0.19999999999999996
,2025-08-16,Brighton,Fulham,1,1,D,0,0,10,7,4,2,4,3,3,3,0,0,S Barrott,2526,E0_2526.csv,2,0,Draw,20250816_Brighton_Fulham,2.6,1.2,2.6,2.0,1.9,1.5,1.6929824561403508,1.5263157894736843,1.7017543859649122,1.2982456140350878,1.2,1.8,1.2,1.3,1.6,1.2,1.4385964912280702,1.4736842105263157,1.3157894736842106,1.4912280701754386,1.4000000000000001,1.4000000000000001
,2025-08-16,Sunderland,West Ham United,3,0,H,0,0,10,12,5,4,5,7,0,1,0,0,R Jones,2526,E0_2526.csv,3,3,Home Win,20250816_Sunderland_WestHamUnited,,,,,,,,,,,1.8,1.4,1.4,1.4,1.4,1.0,1.2982456140350878,1.6754385964912282,1.1929824561403508,1.8421052631578947,,
,2025-08-16,Tottenham Hotspur,Burnley,3,0,H,1,0,16,14,6,4,6,5,0,0,0,0,M Oliver,2526,E0_2526.csv,3,3,Home Win,20250816_TottenhamHotspur_Burnley,0.6,2.8,0.2,0.9,2.4,0.4,1.8245614035087718,1.6578947368421053,1.9298245614035088,1.5263157894736843,1.6,2.0,0.8,1.4,1.6,1.0,1.0789473684210527,2.0526315789473686,1.1578947368421053,1.8421052631578947,-0.6000000000000001,-1.0
,2025-08-16,Wolverhampton Wanderers,Manchester City,0,4,A,0,2,9,15,3,4,4,6,1,2,0,0,J Gillett,2526,E0_2526.csv,4,-4,Away Win,20250816_WolverhamptonWanderers_ManchesterCity,1.2,1.6,0.8,1.6,1.2,1.9,1.1842105263157894,1.6842105263157894,1.263157894736842,1.4385964912280702,1.6,0.4,2.6,1.9,0.6,2.4,2.2982456140350878,0.9736842105263158,1.894736842105263,0.9649122807017544,-1.8,-0.40000000000000013
,2025-08-17,Chelsea,Crystal Palace,0,0,D,0,0,19,12,3,4,11,2,2,3,0,0,D England,2526,E0_2526.csv,0,0,Draw,20250817_Chelsea_CrystalPalace,1.2,0.6,2.4,1.1,0.7,2.0,1.5701754385964912,1.3421052631578947,1.736842105263158,1.105263157894737,2.0,1.2,1.8,1.5,1.8,1.4,1.2982456140350878,1.3859649122807018,1.1578947368421053,1.456140350877193,0.5999999999999999,-0.8
,2025-08-17,Nottingham Forest,Brentford,3,1,H,3,0,11,10,5,3,5,5,1,2,0,0,P Bankes,2526,E0_2526.csv,4,2,Home Win,20250817_NottinghamForest_Brentford,1.0,1.4,1.0,1.3,1.3,1.4,1.2719298245614035,1.587719298245614,1.4035087719298245,1.2280701754385965,2.0,1.4,2.0,1.8,1.3,1.8,1.5789473684210527,1.4736842105263157,1.3333333333333333,1.4210526315789473,-1.0,-1.0
,2025-08-17,Manchester United,Arsenal,0,1,A,0,1,22,9,7,3,3,4,1,4,0,0,S Hooper,2526,E0_2526.csv,1,-1,Away Win,20250817_ManchesterUnited_Arsenal,1.2,1.6,0.8,1.0,1.4,0.8,1.394736842105263,1.3596491228070176,1.5789473684210527,1.1578947368421053,1.6,1.4,1.6,1.7,1.0,1.9,2.175438596491228,0.9298245614035088,1.9649122807017543,0.8421052631578947,-0.8,-0.40000000000000013
,2025-08-18,Leeds,Everton,1,0,H,0,0,21,7,3,1,7,2,0,2,0,0,C Kavanagh,2526,E0_2526.csv,1,1,Home Win,20250818_Leeds_Everton,1.2,3.0,0.2,1.2,3.0,0.5,1.263157894736842,2.0526315789473686,1.368421052631579,1.9473684210526316,1.6,0.8,2.0,1.1,0.9,1.5,1.0175438596491229,1.3333333333333333,0.9122807017543859,1.4736842105263157,-1.8,-0.40000000000000013
,2025-08-22,West Ham United,Chelsea,1,5,A,1,3,12,12,4,7,7,5,0,1,0,0,M Oliver,2526,E0_2526.csv,6,-4,Away Win,20250822_WestHamUnited_Chelsea,1.4,1.4,1.4,1.3,1.6,0.9,1.2869565217391303,1.6869565217391305,1.4035087719298245,1.5087719298245614,1.0,0.6,2.0,1.1,0.6,2.1,1.5565217391304347,1.3304347826086957,1.4035087719298245,1.5789473684210527,-0.6000000000000001,0.3999999999999999
,2025-08-23,Arsenal,Leeds,5,0,H,2,0,18,3,5,1,2,2,0,2,0,0,J Gillett,2526,E0_2526.csv,5,5,Home Win,20250823_Arsenal_Leeds,1.4,1.0,2.0,1.7,1.0,1.9,2.1652173913043478,0.9217391304347826,2.3859649122807016,1.0175438596491229,1.2,2.2,0.8,1.1,2.9,0.5,1.2564102564102564,2.0,1.1578947368421053,2.1578947368421053,1.2,0.19999999999999996
,2025-08-23,Burnley,Sunderland,2,0,H,0,0,7,9,2,1,4,3,0,1,0,0,M Salisbury,2526,E0_2526.csv,2,2,Home Win,20250823_Burnley_Sunderland,0.8,2.4,0.2,1.2,1.8,0.7,1.0512820512820513,2.076923076923077,1.0,2.263157894736842,,,,,,,,,,,,
,2025-08-23,Manchester City,Tottenham Hotspur,0,2,A,0,2,10,12,4,5,7,2,1,4,0,0,P Bankes,2526,E0_2526.csv,2,-2,Away Win,20250823_ManchesterCity_TottenhamHotspur,2.0,0.2,2.6,2.1,0.4,2.6,2.3130434782608695,0.9652173913043478,2.7017543859649122,0.9824561403508771,1.0,1.8,0.8,1.2,2.2,0.7,1.8347826086956522,1.6434782608695653,1.719298245614035,1.7894736842105263,1.8,1.0
,2025-08-23,Bournemouth,Wolverhampton Wanderers,1,0,H,1,0,14,6,4,1,8,3,2,4,0,1,T Bramall,2526,E0_2526.csv,1,1,Home Win,20250823_Bournemouth_WolverhamptonWanderers,1.4,1.8,1.2,1.2,1.4,1.2,1.3130434782608695,1.6347826086956523,1.2280701754385965,1.263157894736842,0.6,2.4,0.2,1.4,1.5,1.6,1.173913043478261,1.7043478260869565,1.105263157894737,1.9298245614035088,1.0,0.7999999999999999
,2025-08-23,Brentford,Aston Villa,1,0,H,1,0,9,17,2,2,2,9,1,2,0,0,T Harrington,2526,E0_2526.csv,1,1,Home Win,20250823_Brentford_AstonVilla,1.8,2.0,1.4,1.7,1.5,1.5,1.5739130434782609,1.4869565217391305,1.8245614035087718,1.5263157894736843,0.8,0.4,2.0,1.7,0.6,2.2,1.608695652173913,1.373913043478261,1.2280701754385965,1.5614035087719298,-0.6000000000000001,1.0
,2025-08-24,Crystal Palace,Nottingham Forest,1,1,D,1,0,8,9,4,1,1,3,3,3,0,0,A Taylor,2526,E0_2526.csv,2,0,Draw,20250824_CrystalPalace_NottinghamForest,1.6,0.8,1.8,1.4,1.7,1.4,1.2869565217391303,1.373913043478261,1.4385964912280702,1.3157894736842106,1.6,1.2,1.6,1.2,1.2,1.4,1.2869565217391303,1.5826086956521739,1.1403508771929824,1.9473684210526316,0.19999999999999996,0.0
,2025-08-24,Everton,Brighton,2,0,H,1,0,11,13,3,4,2,2,4,3,0,0,S Attwell,2526,E0_2526.csv,2,2,Home Win,20250824_Everton_Brighton,1.6,0.8,2.0,1.0,0.9,1.4,1.008695652173913,1.3304347826086957,1.1228070175438596,1.1929824561403508,2.2,1.0,2.2,1.9,1.8,1.5,1.6869565217391305,1.5217391304347827,1.6842105263157894,1.7543859649122806,-0.20000000000000018,-0.6000000000000001
,2025-08-24,Fulham,Manchester United,1,1,D,0,0,13,10,4,3,9,6,1,1,0,0,C Kavanagh,2526,E0_2526.csv,2,0,Draw,20250824_Fulham_ManchesterUnited,1.0,1.8,0.8,1.2,1.7,1.0,1.434782608695652,1.4695652173913043,1.5614035087719298,1.456140350877193,1.0,1.6,0.6,0.7,1.5,0.5,1.382608695652174,1.3565217391304347,1.2105263157894737,1.5614035087719298,0.20000000000000007,0.0
,2025-08-25,Newcastle United,Liverpool,2,3,A,0,1,10,5,3,4,7,1,2,3,1,0,S Hooper,2526,E0_2526.csv,5,-1,Away Win,20250825_NewcastleUnited_Liverpool,0.6,0.6,1.0,1.9,0.8,1.7,1.9217391304347826,1.2347826086956522,2.192982456140351,0.9824561403508771,2.0,2.2,1.0,2.1,1.6,1.7,2.1826086956521737,1.1391304347826088,1.9298245614035088,1.3859649122807018,0.0,-1.4
,2025-08-30,Wolverhampton Wanderers,Everton,2,3,A,1,2,12,10,4,4,2,2,0,1,0,0,M Oliver,2526,E0_2526.csv,5,-1,Away Win,20250830_WolverhamptonWanderers_Everton,0.6,2.4,0.2,1.3,1.6,1.3,1.1637931034482758,1.6982758620689655,1.2413793103448276,1.4827586206896552,1.6,0.4,2.4,1.2,0.8,1.7,1.0172413793103448,1.3189655172413792,0.896551724137931,1.4655172413793103,-2.1999999999999997,-1.0
,2025-08-30,Leeds,Newcastle United,0,0,D,0,0,10,8,1,2,5,5,1,1,0,0,P Bankes,2526,E0_2526.csv,0,0,Draw,20250830_Leeds_NewcastleUnited,1.0,2.8,0.8,1.0,2.9,0.5,1.225,2.075,1.35,1.85,0.8,1.0,0.8,1.8,1.1,1.4,1.9224137931034482,1.25,1.6551724137931034,1.4827586206896552,0.0,0.19999999999999996
,2025-08-30,Tottenham Hotspur,Bournemouth,0,1,A,0,1,5,20,1,6,0,8,2,4,0,0,S Hooper,2526,E0_2526.csv,1,-1,Away Win,20250830_TottenhamHotspur_Bournemouth,1.2,1.6,1.2,1.4,2.1,1.0,1.8362068965517242,1.6293103448275863,1.9482758620689655,1.5,1.2,1.6,1.2,1.2,1.2,1.5,1.3103448275862069,1.6206896551724137,1.396551724137931,2.0,0.0,0.0
,2025-08-30,Chelsea,Fulham,2,0,H,1,0,13,11,6,3,6,4,2,2,0,0,R Jones,2526,E0_2526.csv,2,2,Home Win,20250830_Chelsea_Fulham,1.4,0.6,2.0,1.5,0.7,2.1,1.5862068965517242,1.3275862068965518,1.706896551724138,1.0862068965517242,1.2,1.8,1.0,1.2,1.6,1.1,1.4310344827586208,1.4655172413793103,1.3103448275862069,1.4827586206896552,1.0,0.19999999999999996
,2025-08-30,Manchester United,Burnley,3,2,H,1,0,26,6,6,3,7,1,1,5,0,0,S Barrott,2526,E0_2526.csv,5,1,Home Win,20250830_ManchesterUnited_Burnley,0.6,1.0,0.8,0.8,1.5,0.6,1.3793103448275863,1.353448275862069,1.5517241379310345,1.1551724137931034,1.0,2.2,0.6,1.2,1.6,0.9,1.075,2.025,1.1,1.9,0.20000000000000007,-0.4
,2025-08-30,Sunderland,Brentford,2,1,H,0,0,12,7,3,4,3,4,3,2,0,0,A Taylor,2526,E0_2526.csv,3,1,Home Win,20250830_Sunderland_Brentford,,,,,,,,,,,1.2,1.4,1.4,1.7,1.3,1.8,1.5689655172413792,1.4741379310344827,1.3275862068965518,1.4482758620689655,,
,2025-08-31,Brighton,Manchester City,2,1,H,0,1,12,12,7,3,3,2,2,2,0,0,D England,2526,E0_2526.csv,3,1,Home Win,20250831_Brighton_ManchesterCity,2.0,1.2,2.0,1.9,1.7,1.5,1.6724137931034482,1.5258620689655173,1.6896551724137931,1.293103448275862,1.8,0.6,2.0,1.9,0.6,2.3,2.293103448275862,0.9741379310344828,1.9310344827586208,0.9482758620689655,0.0,0.19999999999999996
,2025-08-31,Nottingham Forest,West Ham United,0,3,A,0,0,11,12,3,8,9,7,0,0,0,0,C Pawson,2526,E0_2526.csv,3,-3,Away Win,20250831_NottinghamForest_WestHamUnited,1.6,1.2,1.6,1.2,1.3,1.2,1.2844827586206897,1.5775862068965518,1.4310344827586208,1.2241379310344827,1.4,2.2,1.2,1.4,2.0,0.9,1.2844827586206897,1.7155172413793103,1.1724137931034482,1.8620689655172413,0.40000000000000013,0.20000000000000018
,2025-08-31,Liverpool,Arsenal,1,0,H,0,0,9,11,3,1,3,8,2,2,0,0,C Kavanagh,2526,E0_2526.csv,1,1,Home Win,20250831_Liverpool_Arsenal,2.4,2.0,1.6,2.3,1.8,1.7,2.189655172413793,1.146551724137931,2.4310344827586206,0.896551724137931,2.2,0.6,2.6,2.0,0.9,1.9,2.189655172413793,0.9137931034482759,1.9482758620689655,0.8275862068965517,-1.0,0.19999999999999973
,2025-08-31,Aston Villa,Crystal Palace,0,3,A,0,1,13,6,4,4,10,1,2,3,0,0,S Attwell,2526,E0_2526.csv,3,-3,Away Win,20250831_AstonVilla_CrystalPalace,0.6,0.6,1.4,1.4,0.7,1.9,1.5948275862068966,1.3706896551724137,1.9827586206896552,1.1896551724137931,1.6,0.8,1.8,1.3,1.7,1.2,1.2844827586206897,1.3706896551724137,1.1379310344827587,1.4310344827586208,-0.40000000000000013,-1.0
,2025-09-13,Brentford,Chelsea,2,2,D,1,0,7,16,4,6,5,6,3,2,0,0,S Attwell,2526,E0_2526.csv,4,0,Draw,20250913_Brentford_Chelsea,1.2,1.8,0.8,1.8,1.5,1.7,1.564102564102564,1.4786324786324787,1.8103448275862069,1.5,1.8,0.2,2.6,1.7,0.7,2.3,1.5897435897435896,1.3162393162393162,1.4655172413793103,1.5689655172413792,-1.8,-0.6000000000000001
,2025-09-13,West Ham United,Tottenham Hotspur,0,3,A,0,0,7,14,4,5,2,13,0,1,1,0,J Gillett,2526,E0_2526.csv,3,-3,Away Win,20250913_WestHamUnited_TottenhamHotspur,1.6,2.2,1.2,1.5,1.8,1.1,1.2991452991452992,1.7008547008547008,1.396551724137931,1.5689655172413792,1.2,1.4,1.2,1.1,2.1,0.7,1.8205128205128205,1.623931623931624,1.7241379310344827,1.7586206896551724,0.0,0.40000000000000013
,2025-09-13,Newcastle United,Wolverhampton Wanderers,1,0,H,1,0,16,8,4,3,10,4,1,4,0,0,C Kavanagh,2526,E0_2526.csv,1,1,Home Win,20250913_NewcastleUnited_WolverhamptonWanderers,0.4,1.0,0.4,1.4,1.0,1.2,1.9059829059829059,1.2393162393162394,2.189655172413793,1.0172413793103448,1.0,2.6,0.2,1.3,1.8,1.0,1.170940170940171,1.7094017094017093,1.0862068965517242,1.9137931034482758,0.2,-0.6
,2025-09-13,Fulham,Leeds,1,0,H,0,0,5,10,3,3,3,3,1,2,0,0,C Pawson,2526,E0_2526.csv,1,1,Home Win,20250913_Fulham_Leeds,1.0,1.6,1.0,0.9,1.6,0.8,1.4188034188034189,1.4700854700854702,1.5517241379310345,1.4482758620689655,0.6,2.4,0.8,0.9,2.3,0.6,1.1951219512195121,2.024390243902439,1.1,2.3,0.19999999999999996,0.4
,2025-09-13,Crystal Palace,Sunderland,0,0,D,0,0,14,6,6,0,5,3,1,1,0,0,T Bramall,2526,E0_2526.csv,0,0,Draw,20250913_CrystalPalace_Sunderland,1.8,0.8,1.8,1.4,1.2,1.5,1.2991452991452992,1.358974358974359,1.4310344827586208,1.3103448275862069,1.6666666666666667,1.0,2.0,1.6666666666666667,1.0,2.0,1.6666666666666667,1.0,,,-0.19999999999999996,0.1333333333333333
,2025-09-13,Bournemouth,Brighton,2,1,H,1,0,13,6,5,2,4,4,4,4,0,0,P Bankes,2526,E0_2526.csv,3,1,Home Win,20250913_Bournemouth_Brighton,1.4,1.4,1.8,1.1,1.0,1.7,1.3076923076923077,1.606837606837607,1.2241379310344827,1.2413793103448276,2.0,1.4,2.0,2.0,1.6,1.8,1.6752136752136753,1.5213675213675213,1.6551724137931034,1.7586206896551724,-0.19999999999999996,-0.6000000000000001
,2025-09-13,Arsenal,Nottingham Forest,3,0,H,1,0,16,5,5,1,8,4,1,1,0,0,D England,2526,E0_2526.csv,3,3,Home Win,20250913_Arsenal_NottinghamForest,1.8,0.4,2.4,1.9,0.9,1.8,2.1709401709401708,0.9145299145299145,2.4310344827586206,1.0,1.2,1.4,1.4,1.1,1.4,1.2,1.2735042735042734,1.5897435897435896,1.1379310344827587,1.9310344827586208,1.0,0.6000000000000001
,2025-09-13,Everton,Aston Villa,0,0,D,0,0,20,7,2,1,10,3,3,3,0,0,S Hooper,2526,E0_2526.csv,0,0,Draw,20250913_Everton_AstonVilla,1.6,0.6,2.4,1.4,0.9,1.9,1.0341880341880343,1.3247863247863247,1.1379310344827587,1.1724137931034482,0.4,1.2,0.8,1.2,0.9,1.6,1.5811965811965811,1.3846153846153846,1.206896551724138,1.5517241379310345,1.5999999999999999,1.2000000000000002
,2025-09-14,Burnley,Liverpool,0,1,A,0,0,3,27,0,4,1,13,0,2,0,0,M Oliver,2526,E0_2526.csv,1,-1,Away Win,20250914_Burnley_Liverpool,1.2,2.0,0.6,1.3,1.8,0.8,1.0975609756097562,2.048780487804878,1.05,2.15,2.2,1.6,2.0,2.2,1.5,2.0,2.1794871794871793,1.1367521367521367,1.9482758620689655,1.396551724137931,-1.4,-1.0000000000000002
,2025-09-14,Manchester City,Manchester United,3,0,H,1,0,13,12,6,2,2,4,0,0,0,0,A Taylor,2526,E0_2526.csv,3,3,Home Win,20250914_ManchesterCity_ManchesterUnited,2.0,1.0,1.8,2.0,0.8,2.2,2.282051282051282,0.9829059829059829,2.6551724137931036,1.0,1.2,1.0,1.4,1.1,1.7,0.8,1.393162393162393,1.358974358974359,1.206896551724138,1.5517241379310345,0.40000000000000013,0.8
,2025-09-20,Wolverhampton Wanderers,Leeds,1,3,A,1,3,16,6,6,4,4,0,1,1,0,0,A Taylor,2526,E0_2526.csv,4,-2,Away Win,20250920_WolverhamptonWanderers_Leeds,0.6,2.0,0.2,0.9,1.7,0.7,1.1610169491525424,1.7033898305084745,1.2542372881355932,1.5084745762711864,0.4,2.0,0.8,0.8,2.2,0.6,1.1666666666666667,2.0,1.0476190476190477,2.238095238095238,-0.6000000000000001,0.19999999999999996
,2025-09-20,West Ham United,Crystal Palace,1,2,A,0,1,8,18,3,3,8,8,3,3,0,0,T Harrington,2526,E0_2526.csv,3,-1,Away Win,20250920_WestHamUnited_CrystalPalace,1.4,2.4,1.2,1.4,1.9,1.1,1.2881355932203389,1.7118644067796611,1.3728813559322033,1.5932203389830508,1.0,0.4,1.4,1.4,0.7,1.6,1.2881355932203389,1.347457627118644,1.1694915254237288,1.4067796610169492,-0.19999999999999996,0.3999999999999999
,2025-09-20,Fulham,Brentford,3,1,H,2,1,14,8,3,3,2,10,4,1,0,0,M Oliver,2526,E0_2526.csv,4,2,Home Win,20250920_Fulham_Brentford,0.6,1.2,1.0,1.0,1.5,1.1,1.4152542372881356,1.4576271186440677,1.5423728813559323,1.423728813559322,1.2,1.6,1.0,1.9,1.6,1.7,1.5677966101694916,1.4830508474576272,1.3220338983050848,1.4576271186440677,0.0,-0.6
,2025-09-20,Brighton,Tottenham Hotspur,2,2,D,2,1,12,11,4,3,2,10,1,2,0,0,C Kavanagh,2526,E0_2526.csv,4,0,Draw,20250920_Brighton_TottenhamHotspur,1.6,1.4,1.4,1.9,1.6,1.7,1.6694915254237288,1.5254237288135593,1.694915254237288,1.2881355932203389,1.8,1.0,1.8,1.2,1.7,1.0,1.8305084745762712,1.6101694915254237,1.7457627118644068,1.728813559322034,-0.40000000000000013,-0.19999999999999996
,2025-09-20,Burnley,Nottingham Forest,1,1,D,1,1,12,17,5,8,4,5,1,1,0,0,T Bramall,2526,E0_2526.csv,2,0,Draw,20250920_Burnley_NottinghamForest,1.0,1.8,0.6,1.3,1.8,0.8,1.0714285714285714,2.0238095238095237,1.0,2.0952380952380953,0.8,1.8,0.8,1.1,1.6,1.2,1.2627118644067796,1.6016949152542372,1.11864406779661,1.9491525423728813,-0.20000000000000007,0.19999999999999996
,2025-09-20,Manchester United,Chelsea,2,1,H,2,0,11,5,4,1,5,5,0,5,1,1,P Bankes,2526,E0_2526.csv,3,1,Home Win,20250920_ManchesterUnited_Chelsea,1.2,1.4,1.4,1.0,1.6,0.8,1.38135593220339,1.3728813559322033,1.576271186440678,1.1694915254237288,2.0,0.6,2.2,1.7,0.7,2.3,1.5932203389830508,1.3220338983050848,1.4745762711864407,1.576271186440678,-0.8000000000000003,-0.8
,2025-09-20,Liverpool,Everton,2,1,H,2,0,11,9,3,2,5,4,2,3,0,0,D England,2526,E0_2526.csv,3,1,Home Win,20250920_Liverpool_Everton,2.0,1.0,2.6,2.1,1.4,2.0,2.169491525423729,1.1271186440677967,2.406779661016949,0.8813559322033898,1.2,0.6,2.0,1.3,0.9,1.7,1.0254237288135593,1.3135593220338984,0.9322033898305084,1.4745762711864407,0.6000000000000001,0.8
,2025-09-21,Bournemouth,Newcastle United,0,0,D,0,0,11,4,2,1,5,2,2,1,0,0,R Jones,2526,E0_2526.csv,0,0,Draw,20250921_Bournemouth_NewcastleUnited,1.6,1.0,2.4,1.2,1.1,1.7,1.3135593220338984,1.6016949152542372,1.2372881355932204,1.2372881355932204,0.6,0.8,1.0,1.0,1.0,1.2,1.8983050847457628,1.228813559322034,1.6271186440677967,1.4576271186440677,1.4,1.0
,2025-09-21,Sunderland,Aston Villa,1,1,D,0,0,14,12,4,2,6,5,2,1,1,0,S Barrott,2526,E0_2526.csv,2,0,Draw,20250921_Sunderland_AstonVilla,1.25,0.75,1.75,1.25,0.75,1.75,1.25,0.75,,,0.0,1.2,0.4,0.9,0.9,1.4,1.5677966101694916,1.3728813559322033,1.1864406779661016,1.5254237288135593,1.35,1.25
,2025-09-21,Arsenal,Manchester City,1,1,D,0,1,12,5,3,3,11,2,1,2,0,0,S Attwell,2526,E0_2526.csv,2,0,Draw,20250921_Arsenal_ManchesterCity,2.2,0.4,2.4,2.1,0.8,2.0,2.1779661016949152,0.9067796610169492,2.440677966101695,0.9830508474576272,2.0,0.8,1.8,1.8,0.6,2.2,2.288135593220339,0.9745762711864406,1.9152542372881356,0.9661016949152542,0.5999999999999999,0.20000000000000018
,2025-09-27,Nottingham Forest,Sunderland,0,1,A,0,1,22,11,6,3,7,4,4,2,0,0,T Harrington,2526,E0_2526.csv,1,-1,Away Win,20250927_NottinghamForest_Sunderland,1.0,1.8,1.0,1.0,1.6,1.0,1.2605042016806722,1.596638655462185,1.4067796610169492,1.2542372881355932,1.2,0.8,1.6,1.2,0.8,1.6,1.2,0.8,,,-0.6000000000000001,-0.19999999999999996
,2025-09-27,Manchester City,Burnley,5,1,H,1,1,21,9,8,2,10,2,1,3,0,0,R Jones,2526,E0_2526.csv,6,4,Home Win,20250927_ManchesterCity_Burnley,1.8,1.0,1.4,1.7,0.7,2.0,2.277310924369748,0.9747899159663865,2.6610169491525424,0.9830508474576272,1.0,1.6,0.8,1.3,1.8,0.8,1.069767441860465,2.0,1.1428571428571428,1.9523809523809523,0.5999999999999999,0.8
,2025-09-27,Leeds,Bournemouth,2,2,D,1,1,19,12,8,5,7,4,2,2,0,0,M Oliver,2526,E0_2526.csv,4,0,Draw,20250927_Leeds_Bournemouth,0.8,1.4,1.4,1.0,2.2,0.8,1.2093023255813953,1.9767441860465116,1.2857142857142858,1.7619047619047619,1.2,1.0,2.0,1.2,1.1,1.7,1.3025210084033614,1.588235294117647,1.3898305084745763,1.9661016949152543,-0.6000000000000001,-0.3999999999999999
,2025-09-27,Tottenham Hotspur,Wolverhampton Wanderers,1,1,D,0,0,10,9,3,3,10,9,3,2,0,0,M Salisbury,2526,E0_2526.csv,2,0,Draw,20250927_TottenhamHotspur_WolverhamptonWanderers,2.0,0.6,2.0,1.3,1.7,1.1,1.8319327731092436,1.6134453781512605,1.9152542372881356,1.4915254237288136,0.6,2.4,0.0,0.9,2.0,0.4,1.1596638655462186,1.7142857142857142,1.0677966101694916,1.8983050847457628,2.0,1.4
,2025-09-27,Chelsea,Brighton,1,3,A,1,0,13,12,3,3,5,7,3,5,1,0,S Hooper,2526,E0_2526.csv,4,-2,Away Win,20250927_Chelsea_Brighton,2.0,1.0,1.6,1.6,0.8,2.0,1.588235294117647,1.3277310924369747,1.7118644067796611,1.0677966101694916,1.2,1.6,1.0,1.9,1.4,1.8,1.6722689075630253,1.5294117647058822,1.6440677966101696,1.7627118644067796,0.6000000000000001,0.8
,2025-09-27,Brentford,Manchester United,3,1,H,2,1,10,14,8,6,4,2,2,2,0,0,C Pawson,2526,E0_2526.csv,4,2,Home Win,20250927_Brentford_ManchesterUnited,1.2,2.0,0.8,1.6,1.7,1.4,1.5630252100840336,1.495798319327731,1.8135593220338984,1.5084745762711864,1.2,1.6,1.4,1.2,1.6,1.1,1.3865546218487395,1.3697478991596639,1.1864406779661016,1.576271186440678,-0.5999999999999999,0.0
,2025-09-27,Crystal Palace,Liverpool,2,1,H,1,0,16,20,7,4,2,6,1,3,0,0,C Kavanagh,2526,E0_2526.csv,3,1,Home Win,20250927_CrystalPalace_Liverpool,1.2,0.4,1.8,1.6,0.8,1.8,1.2941176470588236,1.3445378151260505,1.4067796610169492,1.2881355932203389,2.2,1.0,3.0,2.2,1.5,2.0,2.168067226890756,1.1260504201680672,1.9322033898305084,1.3728813559322033,-1.2,-1.0000000000000002
,2025-09-28,Aston Villa,Fulham,3,1,H,1,1,9,11,4,4,2,8,1,4,0,0,A Madley,2526,E0_2526.csv,4,2,Home Win,20250928_AstonVilla_Fulham,0.2,1.0,0.6,0.6,0.9,1.2,1.5630252100840336,1.3697478991596639,1.9491525423728813,1.2203389830508475,1.2,1.0,1.6,1.2,1.4,1.4,1.4285714285714286,1.453781512605042,1.2881355932203389,1.4915254237288136,-1.0,-1.0
,2025-09-28,Newcastle United,Arsenal,1,2,A,1,0,8,20,3,7,7,12,2,1,0,0,J Gillett,2526,E0_2526.csv,3,-1,Away Win,20250928_NewcastleUnited_Arsenal,0.6,0.6,1.2,0.9,0.6,1.3,1.8823529411764706,1.218487394957983,2.169491525423729,1.0,2.0,0.4,2.0,1.8,0.9,1.8,2.168067226890756,0.907563025210084,1.9152542372881356,0.8305084745762712,-0.8,-1.4
,2025-09-29,Everton,West Ham United,1,1,D,1,0,12,14,6,3,3,5,3,4,0,0,S Barrott,2526,E0_2526.csv,2,0,Draw,20250929_Everton_WestHamUnited,1.2,1.0,1.4,1.4,0.9,1.7,1.0252100840336134,1.319327731092437,1.11864406779661,1.152542372881356,1.0,2.6,0.6,1.4,2.0,1.0,1.2857142857142858,1.7142857142857142,1.2033898305084745,1.8305084745762712,0.7999999999999999,0.19999999999999996
,2025-10-03,Bournemouth,Fulham,3,1,H,0,0,11,12,6,4,4,3,0,1,0,0,S Hooper,2526,E0_2526.csv,4,2,Home Win,20251003_Bournemouth_Fulham,1.2,0.6,2.2,1.3,1.2,1.7,1.3083333333333333,1.5916666666666666,1.2166666666666666,1.2166666666666666,1.2,1.4,1.4,1.1,1.6,1.1,1.425,1.4666666666666666,1.2833333333333334,1.5166666666666666,0.8000000000000003,0.0
,2025-10-04,Leeds,Tottenham Hotspur,1,2,A,1,1,16,9,4,3,4,1,2,3,0,0,T Bramall,2526,E0_2526.csv,3,-1,Away Win,20251004_Leeds_TottenhamHotspur,1.0,1.8,1.0,1.1,2.0,0.9,1.2272727272727273,1.9772727272727273,1.3181818181818181,1.7727272727272727,1.6,0.8,1.6,1.3,1.3,1.2,1.825,1.6083333333333334,1.75,1.7333333333333334,-0.6000000000000001,-0.6000000000000001
,2025-10-04,Arsenal,West Ham United,2,0,H,1,0,21,4,5,0,8,3,0,2,0,0,J Brooks,2526,E0_2526.csv,2,2,Home Win,20251004_Arsenal_WestHamUnited,2.2,0.6,2.0,1.8,0.8,2.0,2.1666666666666665,0.9083333333333333,2.4166666666666665,0.9833333333333333,1.2,2.2,0.8,1.3,1.8,1.1,1.2833333333333334,1.7083333333333333,1.2,1.8166666666666667,1.2,1.0000000000000002
,2025-10-04,Manchester United,Sunderland,2,0,H,2,0,15,8,6,3,2,3,1,4,0,0,S Attwell,2526,E0_2526.csv,2,2,Home Win,20251004_ManchesterUnited_Sunderland,1.4,2.0,1.4,1.2,1.8,1.0,1.3833333333333333,1.3833333333333333,1.5833333333333333,1.1666666666666667,0.8,0.8,1.6,1.1666666666666667,0.6666666666666666,1.8333333333333333,1.1666666666666667,0.6666666666666666,0.3333333333333333,0.6666666666666666,-0.20000000000000018,0.5999999999999999
,2025-10-04,Chelsea,Liverpool,2,1,H,1,0,12,12,6,2,7,2,0,2,0,0,A Taylor,2526,E0_2526.csv,3,1,Home Win,20251004_Chelsea_Liverpool,2.2,1.6,1.4,1.6,1.1,1.7,1.5833333333333333,1.3416666666666666,1.7,1.1,1.6,1.0,2.4,1.8,1.6,1.7,2.158333333333333,1.1333333333333333,1.9166666666666667,1.3833333333333333,-1.0,0.6000000000000001
,2025-10-05,Wolverhampton Wanderers,Brighton,1,1,D,1,0,6,17,3,6,2,8,2,4,0,0,J Gillett,2526,E0_2526.csv,2,0,Draw,20251005_WolverhamptonWanderers_Brighton,0.8,1.8,0.2,0.7,2.1,0.2,1.1583333333333334,1.7083333333333333,1.25,1.5333333333333334,1.6,1.6,1.4,1.9,1.3,1.8,1.6833333333333333,1.525,1.6666666666666667,1.75,-1.2,-0.8
,2025-10-05,Brentford,Manchester City,0,1,A,0,1,6,10,1,4,3,2,3,2,0,0,D England,2526,E0_2526.csv,1,-1,Away Win,20251005_Brentford_ManchesterCity,1.6,1.6,1.4,1.7,1.8,1.4,1.575,1.4916666666666667,1.8333333333333333,1.5,2.0,1.2,1.4,2.0,0.7,2.0,2.3,0.975,1.9,0.9666666666666667,0.0,-0.3999999999999999
,2025-10-05,Newcastle United,Nottingham Forest,2,0,H,0,0,18,5,9,4,8,1,0,4,0,0,P Bankes,2526,E0_2526.csv,2,2,Home Win,20251005_NewcastleUnited_NottinghamForest,0.8,1.0,1.0,0.7,0.8,1.0,1.875,1.225,2.15,1.0166666666666666,0.4,1.8,0.4,1.0,1.5,1.0,1.25,1.5916666666666666,1.1166666666666667,1.9333333333333333,0.6,0.4
,2025-10-05,Aston Villa,Burnley,2,1,H,1,0,15,5,7,2,6,4,3,1,0,0,A Kitchen,2526,E0_2526.csv,3,1,Home Win,20251005_AstonVilla_Burnley,0.8,1.2,1.0,0.8,0.8,1.5,1.575,1.3666666666666667,1.9666666666666666,1.2166666666666666,1.2,2.0,0.8,1.0,2.2,0.5,1.0681818181818181,2.0681818181818183,1.1363636363636365,2.090909090909091,0.19999999999999996,-0.3999999999999999
,2025-10-05,Everton,Crystal Palace,2,1,H,0,1,14,15,7,8,2,4,2,3,0,0,M Salisbury,2526,E0_2526.csv,3,1,Home Win,20251005_Everton_CrystalPalace,1.4,1.0,1.6,1.5,0.9,1.8,1.025,1.3166666666666667,1.1166666666666667,1.15,1.6,0.6,2.2,1.6,0.7,2.0,1.3,1.3416666666666666,1.1833333333333333,1.4,-0.6000000000000001,-0.20000000000000018
,2025-10-18,Nottingham Forest,Chelsea,0,3,A,0,0,12,17,2,6,5,2,2,2,0,1,C Kavanagh,2526,E0_2526.csv,3,-3,Away Win,20251018_NottinghamForest_Chelsea,0.2,2.0,0.2,0.9,1.6,0.9,1.2396694214876034,1.5950413223140496,1.3833333333333333,1.25,1.6,1.6,1.4,1.5,1.1,1.7,1.5867768595041323,1.3388429752066116,1.4666666666666666,1.5833333333333333,-1.2,-1.4000000000000001
,2025-10-18,Brighton,Newcastle United,2,1,H,1,0,13,16,5,3,8,4,0,1,0,0,C Pawson,2526,E0_2526.csv,3,1,Home Win,20251018_Brighton_NewcastleUnited,1.8,1.4,1.6,1.9,1.3,1.8,1.677685950413223,1.5206611570247934,1.7,1.3,0.8,0.4,1.6,0.8,0.7,1.2,1.8760330578512396,1.2148760330578512,1.6,1.4333333333333333,0.0,1.0
,2025-10-18,Burnley,Leeds,2,0,H,1,0,4,19,3,4,1,5,2,1,0,0,T Robinson,2526,E0_2526.csv,2,2,Home Win,20251018_Burnley_Leeds,1.0,2.4,0.2,1.0,2.3,0.4,1.0666666666666667,2.066666666666667,1.0,2.0454545454545454,1.2,1.2,1.0,1.1,2.0,0.9,1.2222222222222223,1.9777777777777779,1.1363636363636365,2.1818181818181817,-0.8,-0.19999999999999996
,2025-10-18,Crystal Palace,Bournemouth,3,3,D,0,2,20,8,7,5,6,5,1,4,0,0,J Gillett,2526,E0_2526.csv,6,0,Draw,20251018_CrystalPalace_Bournemouth,1.6,0.8,2.0,1.6,0.8,1.9,1.2975206611570247,1.3471074380165289,1.4166666666666667,1.2833333333333334,1.6,0.8,2.2,1.4,1.2,1.7,1.322314049586777,1.5867768595041323,1.4,1.9666666666666666,-0.20000000000000018,0.0
,2025-10-18,Manchester City,Everton,2,0,H,0,0,19,5,7,1,11,3,0,2,0,0,T Harrington,2526,E0_2526.csv,2,2,Home Win,20251018_ManchesterCity_Everton,2.2,0.8,2.0,2.0,0.7,2.0,2.2892561983471076,0.9669421487603306,2.7,0.9833333333333333,1.4,1.2,1.6,1.5,0.8,2.0,1.0330578512396693,1.3140495867768596,0.9333333333333333,1.4833333333333334,0.3999999999999999,0.8000000000000003
,2025-10-18,Sunderland,Wolverhampton Wanderers,2,0,H,1,0,8,16,2,3,3,2,0,0,0,0,R Jones,2526,E0_2526.csv,2,2,Home Win,20251018_Sunderland_WolverhamptonWanderers,0.8,0.8,1.6,1.0,0.8571428571428571,1.5714285714285714,1.0,0.8571428571428571,2.0,0.6666666666666666,1.0,1.8,0.4,0.8,2.1,0.3,1.1570247933884297,1.7024793388429753,1.0666666666666667,1.8833333333333333,1.2000000000000002,-0.19999999999999996
,2025-10-18,Fulham,Arsenal,0,1,A,0,0,9,16,0,5,6,10,0,0,0,0,A Taylor,2526,E0_2526.csv,1,-1,Away Win,20251018_Fulham_Arsenal,1.2,1.8,1.2,1.2,1.8,1.1,1.421487603305785,1.4793388429752066,1.5666666666666667,1.4166666666666667,1.6,0.6,2.0,1.9,0.6,2.3,2.165289256198347,0.9008264462809917,1.9166666666666667,0.8333333333333334,-0.8,-0.40000000000000013
,2025-10-19,Tottenham Hotspur,Aston Villa,1,2,A,1,1,9,8,3,2,6,6,2,0,0,0,S Hooper,2526,E0_2526.csv,3,-1,Away Win,20251019_TottenhamHotspur_AstonVilla,1.6,1.0,1.6,1.4,1.3,1.4,1.8264462809917354,1.603305785123967,1.9,1.4833333333333334,1.2,1.2,1.6,0.9,0.9,1.5,1.578512396694215,1.3636363636363635,1.1833333333333333,1.5166666666666666,0.0,0.40000000000000013
,2025-10-19,Liverpool,Manchester United,1,2,A,0,1,19,12,6,4,9,4,0,2,0,0,M Oliver,2526,E0_2526.csv,3,-1,Away Win,20251019_Liverpool_ManchesterUnited,1.2,1.0,1.8,1.8,1.5,1.7,2.1487603305785123,1.140495867768595,2.4,0.8833333333333333,1.6,1.8,1.8,1.1,1.4,1.3,1.3884297520661157,1.371900826446281,1.1833333333333333,1.6,0.0,-0.40000000000000013
,2025-10-20,West Ham United,Brentford,0,2,A,0,1,7,22,1,7,6,10,1,1,0,0,A Madley,2526,E0_2526.csv,2,-2,Away Win,20251020_WestHamUnited_Brentford,1.0,1.6,0.8,1.2,1.9,1.0,1.2727272727272727,1.7107438016528926,1.3666666666666667,1.6,1.4,1.8,0.8,1.3,1.6,1.1,1.56198347107438,1.487603305785124,1.3166666666666667,1.4833333333333334,0.0,-0.3999999999999999
,2025-10-24,Leeds,West Ham United,2,1,H,2,0,13,9,5,3,3,4,3,3,0,0,S Attwell,2526,E0_2526.csv,3,1,Home Win,20251024_Leeds_WestHamUnited,1.2,1.6,0.8,0.9,2.0,0.8,1.1956521739130435,1.9782608695652173,1.3043478260869565,1.7826086956521738,0.4,2.0,0.2,1.0,2.1,0.7,1.2622950819672132,1.7131147540983607,1.180327868852459,1.819672131147541,0.6000000000000001,0.7999999999999999
,2025-10-25,Chelsea,Sunderland,1,2,A,1,1,16,10,7,4,9,1,1,1,0,0,A Madley,2526,E0_2526.csv,3,-1,Away Win,20251025_Chelsea_Sunderland,1.8,1.6,1.4,1.8,0.9,2.0,1.598360655737705,1.3278688524590163,1.7049180327868851,1.098360655737705,0.8,0.6,1.6,1.125,0.75,1.75,1.125,0.75,0.25,1.0,-0.20000000000000018,1.0
,2025-10-25,Newcastle United,Fulham,2,1,H,1,0,18,12,7,5,4,3,0,2,0,0,P Bankes,2526,E0_2526.csv,3,1,Home Win,20251025_NewcastleUnited_Fulham,1.0,0.8,1.4,0.7,0.9,0.9,1.8688524590163935,1.221311475409836,2.1475409836065573,1.0,1.2,1.6,1.2,1.1,1.6,1.1,1.4098360655737705,1.4754098360655739,1.278688524590164,1.540983606557377,0.19999999999999996,-0.19999999999999996
,2025-10-25,Manchester United,Brighton,4,2,H,2,0,13,17,9,5,1,6,2,2,0,0,A Taylor,2526,E0_2526.csv,6,2,Home Win,20251025_ManchesterUnited_Brighton,1.4,1.6,1.8,1.3,1.3,1.6,1.3934426229508197,1.3688524590163935,1.5901639344262295,1.1475409836065573,1.8,1.4,1.6,1.9,1.4,1.8,1.680327868852459,1.5163934426229508,1.6557377049180328,1.7377049180327868,0.19999999999999996,-0.40000000000000013
,2025-10-25,Brentford,Liverpool,3,2,H,2,1,17,18,8,5,5,4,3,2,0,0,S Hooper,2526,E0_2526.csv,5,1,Home Win,20251025_Brentford_Liverpool,1.6,1.4,1.4,1.4,1.6,1.1,1.5655737704918034,1.4754098360655739,1.8032786885245902,1.4918032786885247,1.2,1.4,1.2,1.7,1.5,1.6,2.139344262295082,1.1475409836065573,1.901639344262295,1.3934426229508197,0.19999999999999996,0.40000000000000013
,2025-10-26,Arsenal,Crystal Palace,1,0,H,1,0,10,7,3,1,4,3,0,0,0,0,T Bramall,2526,E0_2526.csv,1,1,Home Win,20251026_Arsenal_CrystalPalace,1.8,0.4,2.6,1.8,0.4,2.5,2.1557377049180326,0.8934426229508197,2.4098360655737703,0.9672131147540983,1.6,1.4,1.6,1.7,1.1,1.7,1.3114754098360655,1.360655737704918,1.180327868852459,1.4098360655737705,1.0,0.19999999999999996
,2025-10-26,Aston Villa,Manchester City,1,0,H,1,0,9,18,3,4,5,6,1,4,0,0,M Oliver,2526,E0_2526.csv,1,1,Home Win,20251026_AstonVilla_ManchesterCity,1.6,0.8,2.2,1.0,1.0,1.5,1.5819672131147542,1.360655737704918,1.9672131147540983,1.2131147540983607,2.4,0.4,2.6,2.2,0.7,2.2,2.2868852459016393,0.9590163934426229,1.8852459016393444,0.9508196721311475,-0.3999999999999999,-0.7999999999999998
,2025-10-26,Bournemouth,Nottingham Forest,2,0,H,2,0,13,8,5,4,6,4,3,1,0,0,S Barrott,2526,E0_2526.csv,2,2,Home Win,20251026_Bournemouth_NottinghamForest,2.0,1.4,1.8,1.7,1.4,1.8,1.3360655737704918,1.598360655737705,1.2459016393442623,1.2131147540983607,0.2,2.0,0.2,0.7,1.7,0.8,1.2295081967213115,1.6065573770491803,1.098360655737705,1.9344262295081966,1.6,1.8
,2025-10-26,Wolverhampton Wanderers,Burnley,2,3,A,2,2,15,11,7,7,5,3,1,0,0,0,T Harrington,2526,E0_2526.csv,5,-1,Away Win,20251026_WolverhamptonWanderers_Burnley,0.6,1.6,0.4,0.8,2.1,0.3,1.1475409836065573,1.7049180327868851,1.2459016393442623,1.5245901639344261,1.0,1.8,0.8,1.1,1.9,0.7,1.0869565217391304,2.0217391304347827,1.1304347826086956,2.0869565217391304,-0.4,-0.4
,2025-10-26,Everton,Tottenham Hotspur,0,3,A,0,2,12,7,2,4,9,8,2,0,0,0,C Pawson,2526,E0_2526.csv,3,-3,Away Win,20251026_Everton_TottenhamHotspur,0.8,1.2,1.0,1.2,0.9,1.7,1.0245901639344261,1.319672131147541,1.1311475409836065,1.1475409836065573,1.8,1.2,1.6,1.5,1.3,1.4,1.819672131147541,1.6065573770491803,1.7540983606557377,1.721311475409836,-0.6000000000000001,-1.0
,2025-11-01,Tottenham Hotspur,Chelsea,0,1,A,0,1,3,15,1,9,6,5,4,2,0,0,J Gillett,2526,E0_2526.csv,1,-1,Away Win,20251101_TottenhamHotspur_Chelsea,1.8,1.2,1.6,1.8,1.1,1.7,1.829268292682927,1.5934959349593496,1.8852459016393444,1.4918032786885247,1.6,1.6,1.2,1.8,1.1,1.7,1.5934959349593496,1.3333333333333333,1.4918032786885247,1.5573770491803278,0.40000000000000013,0.19999999999999996
,2025-11-01,Nottingham Forest,Manchester United,2,2,D,0,1,17,18,3,7,8,5,1,1,0,0,D England,2526,E0_2526.csv,4,0,Draw,20251101_NottinghamForest_ManchesterUnited,0.2,1.8,0.2,0.5,1.8,0.5,1.2195121951219512,1.6097560975609757,1.360655737704918,1.278688524590164,2.2,1.4,2.4,1.7,1.4,1.9,1.4146341463414633,1.3739837398373984,1.1967213114754098,1.5901639344262295,-2.1999999999999997,-2.0
,2025-11-01,Liverpool,Aston Villa,2,0,H,1,0,16,10,4,3,1,4,2,3,0,0,S Attwell,2526,E0_2526.csv,2,2,Home Win,20251101_Liverpool_AstonVilla,1.4,2.0,0.6,1.7,1.5,1.6,2.138211382113821,1.1626016260162602,2.377049180327869,0.9016393442622951,1.8,0.8,2.6,0.9,1.0,1.5,1.5772357723577235,1.3495934959349594,1.1967213114754098,1.5081967213114753,-2.0,-0.40000000000000013
,2025-11-01,Crystal Palace,Brentford,2,0,H,1,0,9,6,2,2,6,5,0,3,0,0,P Bankes,2526,E0_2526.csv,2,2,Home Win,20251101_CrystalPalace_Brentford,1.6,1.6,1.4,1.3,1.0,1.4,1.3008130081300813,1.3577235772357723,1.4426229508196722,1.3114754098360655,1.8,1.4,1.8,1.5,1.5,1.4,1.5772357723577235,1.4796747967479675,1.3278688524590163,1.459016393442623,-0.40000000000000013,-0.19999999999999996
,2025-11-01,Burnley,Arsenal,0,2,A,0,2,3,12,0,8,1,6,2,1,0,0,C Kavanagh,2526,E0_2526.csv,2,-2,Away Win,20251101_Burnley_Arsenal,1.6,2.0,1.4,1.3,1.9,1.0,1.127659574468085,2.021276595744681,1.0434782608695652,1.9565217391304348,1.4,0.4,2.6,1.8,0.4,2.5,2.1463414634146343,0.8861788617886179,1.901639344262295,0.819672131147541,-1.2000000000000002,0.20000000000000018
,2025-11-01,Brighton,Leeds,3,0,H,1,0,14,5,7,2,4,7,0,1,0,0,M Oliver,2526,E0_2526.csv,3,3,Home Win,20251101_Brighton_Leeds,2.0,1.8,1.6,1.8,1.6,1.5,1.6829268292682926,1.5365853658536586,1.7049180327868851,1.2950819672131149,1.6,1.6,1.4,1.0,1.8,1.1,1.2127659574468086,1.9574468085106382,1.0869565217391304,2.1739130434782608,0.20000000000000018,0.3999999999999999
,2025-11-01,Fulham,Wolverhampton Wanderers,3,0,H,1,0,19,5,6,2,10,1,1,3,0,1,J Brooks,2526,E0_2526.csv,3,3,Home Win,20251101_Fulham_WolverhamptonWanderers,1.2,2.0,0.6,0.9,1.6,0.8,1.4065040650406504,1.4796747967479675,1.540983606557377,1.4098360655737705,1.0,2.0,0.4,0.8,2.0,0.3,1.1544715447154472,1.7154471544715446,1.0491803278688525,1.8852459016393444,0.19999999999999996,0.19999999999999996
,2025-11-02,West Ham United,Newcastle United,3,1,H,2,1,15,12,9,4,7,6,1,2,0,0,R Jones,2526,E0_2526.csv,4,2,Home Win,20251102_WestHamUnited_NewcastleUnited,0.6,1.8,0.2,1.0,2.1,0.7,1.2601626016260163,1.7154471544715446,1.3442622950819672,1.6065573770491803,1.2,1.0,1.4,0.9,0.9,1.2,1.8699186991869918,1.2195121951219512,1.5901639344262295,1.4426229508196722,-1.2,-0.6
,2025-11-02,Manchester City,Bournemouth,3,1,H,2,1,15,8,8,5,10,4,2,2,0,0,A Taylor,2526,E0_2526.csv,4,2,Home Win,20251102_ManchesterCity_Bournemouth,1.8,0.6,2.0,1.9,0.7,1.9,2.268292682926829,0.959349593495935,2.6885245901639343,0.9672131147540983,2.0,1.2,1.8,1.8,1.1,2.1,1.3414634146341464,1.5853658536585367,1.4262295081967213,1.9836065573770492,0.19999999999999996,-0.19999999999999996
,2025-11-03,Sunderland,Everton,1,1,D,0,1,17,8,3,2,4,1,3,2,0,0,T Bramall,2526,E0_2526.csv,2,0,Draw,20251103_Sunderland_Everton,1.2,0.8,2.0,1.2222222222222223,0.7777777777777778,1.8888888888888888,1.2222222222222223,0.7777777777777778,2.0,0.5,0.8,1.8,0.8,1.0,1.2,1.4,1.016260162601626,1.3333333333333333,0.9180327868852459,1.4918032786885247,1.2,0.3999999999999999
,2025-11-08,Tottenham Hotspur,Manchester United,2,2,D,0,1,10,5,4,2,5,3,5,1,0,0,S Barrott,2526,E0_2526.csv,4,0,Draw,20251108_TottenhamHotspur_ManchesterUnited,1.4,1.0,1.4,1.7,0.8,1.7,1.814516129032258,1.5887096774193548,1.8548387096774193,1.4838709677419355,2.2,1.6,2.0,1.7,1.6,1.7,1.4193548387096775,1.3790322580645162,1.2096774193548387,1.596774193548387,-0.6000000000000001,-0.8000000000000003
,2025-11-08,Everton,Fulham,2,0,H,1,0,14,8,5,4,7,5,2,2,0,0,A Madley,2526,E0_2526.csv,2,2,Home Win,20251108_Everton_Fulham,0.8,1.6,1.0,1.0,1.3,1.2,1.0161290322580645,1.3306451612903225,1.1129032258064515,1.1774193548387097,1.2,1.8,0.6,1.2,1.4,1.1,1.4193548387096775,1.467741935483871,1.2741935483870968,1.5483870967741935,0.4,-0.3999999999999999
,2025-11-08,West Ham United,Burnley,3,2,H,1,1,15,16,6,7,7,4,2,2,0,0,M Salisbury,2526,E0_2526.csv,5,1,Home Win,20251108_WestHamUnited_Burnley,1.0,1.6,0.8,1.0,2.1,0.7,1.2741935483870968,1.7096774193548387,1.3709677419354838,1.596774193548387,1.4,2.2,1.2,1.2,1.9,1.0,1.1041666666666667,2.0208333333333335,1.2083333333333333,2.0833333333333335,-0.3999999999999999,-0.3999999999999999
,2025-11-08,Sunderland,Arsenal,2,2,D,1,0,6,17,2,7,2,2,2,1,0,0,C Pawson,2526,E0_2526.csv,4,0,Draw,20251108_Sunderland_Arsenal,1.2,0.8,2.0,1.2,0.8,1.8,1.2,0.8,1.8,0.6,1.6,0.2,3.0,1.8,0.3,2.5,2.1451612903225805,0.8790322580645161,1.903225806451613,0.8064516129032258,-1.0,-0.40000000000000013
,2025-11-08,Chelsea,Wolverhampton Wanderers,3,0,H,0,0,20,3,8,0,10,1,1,2,0,0,A Kitchen,2526,E0_2526.csv,3,3,Home Win,20251108_Chelsea_WolverhamptonWanderers,1.6,1.2,1.8,1.8,1.1,1.7,1.5887096774193548,1.3225806451612903,1.6935483870967742,1.1129032258064515,0.8,2.0,0.4,0.7,2.2,0.2,1.1451612903225807,1.7258064516129032,1.032258064516129,1.903225806451613,1.4,0.8
,2025-11-09,Manchester City,Liverpool,3,0,H,2,0,14,7,6,1,7,7,2,4,0,0,C Kavanagh,2526,E0_2526.csv,3,3,Home Win,20251109_ManchesterCity_Liverpool,2.2,0.6,2.4,2.0,0.8,1.9,2.274193548387097,0.9596774193548387,2.693548387096774,0.967741935483871,1.4,1.8,0.6,1.8,1.4,1.8,2.1370967741935485,1.153225806451613,1.903225806451613,1.4193548387096775,1.7999999999999998,0.8000000000000003
,2025-11-09,Nottingham Forest,Leeds,3,1,H,1,1,14,10,6,3,6,4,2,1,0,0,J Gillett,2526,E0_2526.csv,4,2,Home Win,20251109_NottinghamForest_Leeds,0.4,2.0,0.2,0.7,1.9,0.6,1.2258064516129032,1.6129032258064515,1.3709677419354838,1.2903225806451613,1.0,2.0,0.8,0.9,1.7,1.1,1.1875,1.9791666666666667,1.0416666666666667,2.2083333333333335,-0.6000000000000001,-0.6
,2025-11-09,Aston Villa,Bournemouth,4,0,H,2,0,16,13,8,4,6,9,2,2,0,0,J Brooks,2526,E0_2526.csv,4,4,Home Win,20251109_AstonVilla_Bournemouth,1.6,1.0,2.4,0.9,1.0,1.5,1.564516129032258,1.3548387096774193,1.9516129032258065,1.1935483870967742,2.2,1.8,1.6,1.7,1.4,1.8,1.3387096774193548,1.596774193548387,1.4193548387096775,2.0,0.7999999999999998,-0.6000000000000001
,2025-11-09,Brentford,Newcastle United,3,1,H,0,1,15,5,7,1,6,2,2,1,0,0,S Attwell,2526,E0_2526.csv,4,2,Home Win,20251109_Brentford_NewcastleUnited,1.6,1.2,1.8,1.4,1.6,1.3,1.564516129032258,1.4838709677419355,1.8225806451612903,1.5,1.4,1.6,1.2,1.0,1.1,1.2,1.8629032258064515,1.2338709677419355,1.5806451612903225,1.467741935483871,0.6000000000000001,0.20000000000000018
,2025-11-09,Crystal Palace,Brighton,0,0,D,0,0,10,7,2,3,4,8,1,4,0,0,T Robinson,2526,E0_2526.csv,0,0,Draw,20251109_CrystalPalace_Brighton,1.6,1.4,1.4,1.4,0.9,1.6,1.3064516129032258,1.346774193548387,1.4516129032258065,1.2903225806451613,2.2,1.4,2.0,1.7,1.5,1.5,1.6935483870967742,1.5241935483870968,1.6612903225806452,1.7741935483870968,-0.6000000000000001,-0.6000000000000001
,2025-11-22,Wolverhampton Wanderers,Crystal Palace,0,2,A,0,0,8,10,1,4,1,4,2,3,0,0,A Taylor,2526,E0_2526.csv,2,-2,Away Win,20251122_WolverhamptonWanderers_CrystalPalace,0.6,2.4,0.2,0.7,2.1,0.2,1.136,1.736,1.2580645161290323,1.5483870967741935,1.2,1.2,1.0,1.4,0.9,1.6,1.296,1.336,1.1612903225806452,1.403225806451613,-0.8,-0.6
,2025-11-22,Burnley,Chelsea,0,2,A,0,1,8,15,2,5,1,9,2,3,0,0,P Bankes,2526,E0_2526.csv,2,-2,Away Win,20251122_Burnley_Chelsea,1.6,1.8,1.2,1.4,1.9,1.0,1.1224489795918366,2.0408163265306123,1.0,1.9583333333333333,2.0,0.6,2.4,2.1,1.1,1.9,1.6,1.312,1.4838709677419355,1.532258064516129,-1.2,-0.3999999999999999
,2025-11-22,Bournemouth,West Ham United,2,2,D,0,2,28,5,10,2,9,2,3,2,0,0,T Bramall,2526,E0_2526.csv,4,0,Draw,20251122_Bournemouth_WestHamUnited,1.8,2.2,1.4,1.5,1.4,1.8,1.328,1.616,1.2580645161290323,1.1935483870967742,1.4,1.8,1.2,1.3,2.0,1.0,1.288,1.712,1.1774193548387097,1.8225806451612903,0.19999999999999996,0.40000000000000013
,2025-11-22,Brighton,Brentford,2,1,H,0,1,14,10,5,4,7,4,4,2,0,0,C Kavanagh,2526,E0_2526.csv,3,1,Home Win,20251122_Brighton_Brentford,1.6,1.2,1.6,1.6,1.4,1.5,1.68,1.512,1.7258064516129032,1.2741935483870968,1.6,1.2,1.8,1.6,1.4,1.6,1.576,1.48,1.3064516129032258,1.467741935483871,-0.19999999999999996,0.0
,2025-11-22,Fulham,Sunderland,1,0,H,0,0,24,4,6,2,7,4,3,3,0,0,D England,2526,E0_2526.csv,1,1,Home Win,20251122_Fulham_Sunderland,1.0,1.6,0.6,1.1,1.5,1.0,1.408,1.472,1.564516129032258,1.3870967741935485,1.4,1.2,1.6,1.1,1.0,1.6,1.2727272727272727,0.9090909090909091,0.6,1.0,-1.0,-0.3999999999999999
,2025-11-22,Liverpool,Nottingham Forest,0,3,A,0,1,21,15,4,7,8,6,2,0,0,0,A Madley,2526,E0_2526.csv,3,-3,Away Win,20251122_Liverpool_NottinghamForest,1.2,2.0,0.6,1.4,1.5,1.5,2.12,1.168,2.370967741935484,0.8870967741935484,1.0,2.0,0.8,0.7,1.9,0.6,1.24,1.608,1.0806451612903225,1.935483870967742,-0.20000000000000007,0.19999999999999996
,2025-11-22,Newcastle United,Manchester City,2,1,H,0,0,9,17,5,4,5,9,1,3,0,0,S Barrott,2526,E0_2526.csv,3,1,Home Win,20251122_NewcastleUnited_ManchesterCity,1.4,1.8,1.2,1.1,1.4,1.1,1.856,1.248,2.1451612903225805,1.0,1.8,0.4,2.4,1.9,0.8,1.9,2.28,0.952,1.8548387096774193,0.9516129032258065,-1.2,-0.40000000000000013
,2025-11-23,Arsenal,Tottenham Hotspur,4,1,H,2,0,17,3,8,2,4,1,1,3,0,0,M Oliver,2526,E0_2526.csv,5,3,Home Win,20251123_Arsenal_TottenhamHotspur,1.6,0.4,2.6,1.9,0.5,2.3,2.144,0.888,2.3870967741935485,0.9516129032258065,1.6,1.2,1.4,1.6,1.0,1.5,1.816,1.592,1.7741935483870968,1.6935483870967742,1.2000000000000002,0.0
,2025-11-23,Leeds,Aston Villa,1,2,A,1,0,14,14,5,3,3,3,5,1,0,0,R Jones,2526,E0_2526.csv,3,-1,Away Win,20251123_Leeds_AstonVilla,0.8,2.2,0.6,0.9,2.0,0.8,1.183673469387755,2.0,1.3333333333333333,1.75,1.8,0.8,2.4,1.3,1.0,1.7,1.584,1.344,1.1774193548387097,1.5161290322580645,-1.7999999999999998,-1.0
,2025-11-24,Manchester United,Everton,0,1,A,0,1,25,3,6,1,9,1,2,0,0,1,T Harrington,2526,E0_2526.csv,1,-1,Away Win,20251124_ManchesterUnited_Everton,2.4,1.4,2.2,1.9,1.7,1.8,1.424,1.384,1.6290322580645162,1.1612903225806452,1.0,1.4,1.4,1.2,1.2,1.5,1.024,1.32,0.9193548387096774,1.4838709677419355,0.8000000000000003,1.4
,2025-11-29,Brentford,Burnley,3,1,H,0,0,14,6,4,2,5,6,0,2,0,0,S Barrott,2526,E0_2526.csv,4,2,Home Win,20251129_Brentford_Burnley,1.8,1.4,1.8,1.6,1.6,1.3,1.5714285714285714,1.4841269841269842,1.8412698412698412,1.492063492063492,1.4,1.8,1.2,1.2,2.1,0.7,1.1,2.04,1.24,2.12,0.6000000000000001,0.40000000000000013
,2025-11-29,Manchester City,Leeds,3,2,H,2,0,18,9,9,4,8,1,4,1,0,0,P Bankes,2526,E0_2526.csv,5,1,Home Win,20251129_ManchesterCity_Leeds,1.8,0.8,1.8,2.0,0.8,1.9,2.2698412698412698,0.9603174603174603,2.6984126984126986,0.9523809523809523,0.8,2.2,0.6,1.0,1.7,0.8,1.18,2.0,1.04,2.24,1.2000000000000002,1.0
,2025-11-29,Sunderland,Bournemouth,3,2,H,1,2,12,18,6,6,6,3,5,5,0,1,T Robinson,2526,E0_2526.csv,5,1,Home Win,20251129_Sunderland_Bournemouth,1.4,1.0,1.6,1.1,0.9,1.6,1.1666666666666667,0.9166666666666666,1.8333333333333333,0.8333333333333334,1.6,2.4,1.0,1.6,1.6,1.6,1.3333333333333333,1.619047619047619,1.3968253968253967,2.0317460317460316,0.6000000000000001,-0.20000000000000018
,2025-11-29,Everton,Newcastle United,1,4,A,0,3,10,13,2,8,8,7,0,0,0,0,C Pawson,2526,E0_2526.csv,5,-3,Away Win,20251129_Everton_NewcastleUnited,0.8,1.2,1.4,1.1,1.2,1.5,1.0238095238095237,1.3095238095238095,1.126984126984127,1.1587301587301588,1.4,2.0,1.2,1.1,1.2,1.4,1.8571428571428572,1.246031746031746,1.5714285714285714,1.492063492063492,0.19999999999999996,-0.5999999999999999
,2025-11-29,Tottenham Hotspur,Fulham,1,2,A,0,2,14,7,2,3,8,2,3,2,0,0,S Attwell,2526,E0_2526.csv,3,-1,Away Win,20251129_TottenhamHotspur_Fulham,1.4,1.8,0.8,1.5,1.4,1.2,1.8095238095238095,1.6111111111111112,1.8571428571428572,1.492063492063492,1.0,1.0,1.2,1.1,1.4,1.2,1.4047619047619047,1.4603174603174602,1.253968253968254,1.5555555555555556,-0.3999999999999999,0.3999999999999999
,2025-11-30,West Ham United,Liverpool,0,2,A,0,0,7,9,0,5,7,2,1,0,1,0,D England,2526,E0_2526.csv,2,-2,Away Win,20251130_WestHamUnited_Liverpool,1.8,1.8,1.4,1.4,1.7,1.1,1.2936507936507937,1.7142857142857142,1.3968253968253967,1.6031746031746033,1.0,2.2,0.6,1.1,1.6,1.2,2.1031746031746033,1.1825396825396826,1.873015873015873,1.4444444444444444,0.7999999999999999,0.8
,2025-11-30,Crystal Palace,Manchester United,1,2,A,1,0,14,14,3,6,4,4,3,2,0,0,R Jones,2526,E0_2526.csv,3,-1,Away Win,20251130_CrystalPalace_ManchesterUnited,1.4,0.8,1.6,1.5,0.8,1.8,1.3015873015873016,1.3253968253968254,1.4285714285714286,1.2698412698412698,2.0,1.6,1.6,1.8,1.7,1.7,1.4126984126984128,1.380952380952381,1.2222222222222223,1.6031746031746033,0.0,-0.6000000000000001
,2025-11-30,Aston Villa,Wolverhampton Wanderers,1,0,H,0,0,16,9,6,4,7,3,0,4,0,0,C Kavanagh,2526,E0_2526.csv,1,1,Home Win,20251130_AstonVilla_WolverhamptonWanderers,1.8,0.8,2.4,1.5,1.0,2.0,1.5873015873015872,1.3412698412698412,1.9841269841269842,1.1746031746031746,0.4,2.6,0.0,0.7,2.2,0.2,1.126984126984127,1.7380952380952381,1.0158730158730158,1.9206349206349207,2.4,1.4
,2025-11-30,Nottingham Forest,Brighton,0,2,A,0,1,19,17,3,6,9,2,0,1,0,0,M Oliver,2526,E0_2526.csv,2,-2,Away Win,20251130_NottinghamForest_Brighton,1.6,1.6,1.4,0.9,1.8,0.8,1.253968253968254,1.5952380952380953,1.3968253968253967,1.2857142857142858,1.8,1.2,2.0,1.8,1.3,1.8,1.6825396825396826,1.507936507936508,1.6349206349206349,1.746031746031746,-0.6000000000000001,-0.19999999999999996
,2025-11-30,Chelsea,Arsenal,1,1,D,0,0,11,8,4,4,3,3,1,6,1,0,A Taylor,2526,E0_2526.csv,2,0,Draw,20251130_Chelsea_Arsenal,2.0,0.4,2.4,1.8,1.0,1.9,1.6031746031746033,1.3015873015873016,1.7142857142857142,1.0952380952380953,2.0,0.6,2.6,1.8,0.6,2.3,2.1587301587301586,0.8888888888888888,1.9047619047619047,0.8253968253968254,-0.20000000000000018,0.0
,2025-12-02,Newcastle United,Tottenham Hotspur,2,2,D,0,0,19,8,7,2,11,8,0,3,0,0,T Bramall,2526,E0_2526.csv,4,0,Draw,20251202_NewcastleUnited_TottenhamHotspur,2.0,1.8,1.8,1.5,1.3,1.6,1.874015748031496,1.2440944881889764,2.142857142857143,1.0,1.4,1.8,0.8,1.6,1.5,1.2,1.8031496062992125,1.6141732283464567,1.7619047619047619,1.7301587301587302,1.0,0.6000000000000001
,2025-12-02,Bournemouth,Everton,0,1,A,0,0,5,13,2,3,1,6,3,3,0,0,M Salisbury,2526,E0_2526.csv,1,-1,Away Win,20251202_Bournemouth_Everton,1.4,2.4,0.8,1.7,1.9,1.3,1.3385826771653544,1.6299212598425197,1.2698412698412698,1.2063492063492063,1.0,1.6,1.4,0.9,1.4,1.2,1.0236220472440944,1.330708661417323,0.9206349206349206,1.4603174603174602,-0.5999999999999999,0.3999999999999999
,2025-12-02,Fulham,Manchester City,4,5,A,1,3,12,11,6,4,7,2,0,1,0,0,C Pawson,2526,E0_2526.csv,9,-1,Away Win,20251202_Fulham_ManchesterCity,1.4,1.0,1.8,1.3,1.3,1.5,1.4094488188976377,1.4566929133858268,1.5555555555555556,1.3650793650793651,2.0,1.2,1.8,2.2,0.8,2.2,2.2755905511811023,0.968503937007874,1.8412698412698412,0.9682539682539683,0.0,-0.6000000000000001
,2025-12-03,Liverpool,Sunderland,1,1,D,0,0,23,9,4,6,7,3,1,1,0,0,S Attwell,2526,E0_2526.csv,2,0,Draw,20251203_Liverpool_Sunderland,1.2,1.8,1.2,1.2,1.6,1.2,2.1023622047244093,1.1732283464566928,2.3333333333333335,0.9206349206349206,1.6,1.4,1.6,1.2,1.0,1.6,1.3076923076923077,1.0,0.5,1.0,-0.40000000000000013,-0.40000000000000013
,2025-12-03,Arsenal,Brentford,2,0,H,1,0,15,6,7,1,4,8,0,1,0,0,T Harrington,2526,E0_2526.csv,2,2,Home Win,20251203_Arsenal_Brentford,2.0,0.8,2.2,1.9,0.6,2.4,2.1496062992125986,0.889763779527559,2.4126984126984126,0.9523809523809523,2.0,1.6,1.8,1.8,1.5,1.6,1.5826771653543308,1.4803149606299213,1.3015873015873016,1.4761904761904763,0.40000000000000013,0.0
,2025-12-03,Brighton,Aston Villa,3,4,A,2,2,16,14,7,10,5,6,2,2,0,0,A Madley,2526,E0_2526.csv,7,-1,Away Win,20251203_Brighton_AstonVilla,1.8,1.0,2.0,1.8,1.2,1.8,1.68503937007874,1.4960629921259843,1.7301587301587302,1.2698412698412698,1.6,0.6,2.4,1.6,0.7,2.3,1.5826771653543308,1.330708661417323,1.1904761904761905,1.507936507936508,-0.3999999999999999,0.19999999999999996
,2025-12-03,Burnley,Crystal Palace,0,1,A,0,1,11,3,4,3,3,4,0,0,0,0,T Kirk,2526,E0_2526.csv,1,-1,Away Win,20251203_Burnley_CrystalPalace,1.2,2.4,0.6,1.1,2.1,0.7,1.0980392156862746,2.0588235294117645,0.96,1.96,1.0,0.6,1.4,1.3,1.0,1.5,1.2992125984251968,1.330708661417323,1.1746031746031746,1.380952380952381,-0.7999999999999999,0.19999999999999996
,2025-12-03,Wolverhampton Wanderers,Nottingham Forest,0,1,A,0,0,5,10,1,3,3,9,2,2,0,0,T Robinson,2526,E0_2526.csv,1,-1,Away Win,20251203_WolverhamptonWanderers_NottinghamForest,0.4,2.4,0.0,0.5,2.0,0.2,1.1181102362204725,1.7322834645669292,1.2380952380952381,1.5555555555555556,1.6,1.4,1.4,0.9,1.7,0.8,1.2440944881889764,1.5984251968503937,1.1111111111111112,1.9047619047619047,-1.4,-1.2000000000000002
,2025-12-03,Leeds,Chelsea,3,1,H,2,0,17,14,5,2,4,2,1,1,0,0,D England,2526,E0_2526.csv,4,2,Home Win,20251203_Leeds_Chelsea,1.2,2.4,0.6,1.2,2.0,0.7,1.196078431372549,2.019607843137255,1.32,1.76,1.6,0.6,2.0,1.7,1.1,1.7,1.5984251968503937,1.2992125984251968,1.492063492063492,1.507936507936508,-1.4,-0.40000000000000013
,2025-12-04,Manchester United,West Ham United,1,1,D,0,0,17,11,4,3,6,6,2,2,0,0,A Kitchen,2526,E0_2526.csv,2,0,Draw,20251204_ManchesterUnited_WestHamUnited,2.0,1.6,1.6,1.7,1.6,1.7,1.4173228346456692,1.3779527559055118,1.6031746031746033,1.1587301587301588,1.8,1.8,1.4,1.1,1.9,0.8,1.2834645669291338,1.7165354330708662,1.1904761904761905,1.8253968253968254,0.20000000000000018,0.19999999999999996
,2025-12-06,Tottenham Hotspur,Brentford,2,0,H,2,0,15,4,7,1,7,6,3,4,0,0,R Jones,2526,E0_2526.csv,2,2,Home Win,20251206_TottenhamHotspur_Brentford,1.2,2.2,0.4,1.5,1.7,1.0,1.8046875,1.6171875,1.84375,1.5,1.4,1.6,1.2,1.6,1.5,1.5,1.5703125,1.484375,1.28125,1.484375,-0.7999999999999999,-0.19999999999999996
,2025-12-06,Leeds,Liverpool,3,3,D,0,0,12,16,5,7,5,4,3,3,0,0,A Taylor,2526,E0_2526.csv,6,0,Draw,20251206_Leeds_Liverpool,1.4,2.4,0.6,1.5,2.0,1.0,1.2307692307692308,2.0,1.3846153846153846,1.7307692307692308,1.0,1.4,1.4,1.2,1.7,1.0,2.09375,1.171875,1.875,1.421875,-0.7999999999999999,0.3999999999999999
,2025-12-06,Newcastle United,Burnley,2,1,H,2,0,17,9,7,3,9,9,2,2,0,1,S Attwell,2526,E0_2526.csv,3,1,Home Win,20251206_NewcastleUnited_Burnley,2.0,2.0,1.4,1.6,1.5,1.4,1.875,1.25,2.140625,1.015625,0.6,2.2,0.0,1.1,2.1,0.7,1.0769230769230769,2.0384615384615383,1.2307692307692308,2.1538461538461537,1.4,1.4
,2025-12-06,Aston Villa,Arsenal,2,1,H,1,0,15,15,6,9,3,3,0,2,0,0,P Bankes,2526,E0_2526.csv,3,1,Home Win,20251206_AstonVilla_Arsenal,2.2,1.2,2.4,2.0,1.0,2.5,1.6015625,1.34375,1.96875,1.15625,2.2,0.8,2.2,1.8,0.6,2.4,2.1484375,0.8828125,1.890625,0.828125,0.19999999999999973,0.0
,2025-12-06,Everton,Nottingham Forest,3,0,H,2,0,11,7,5,3,6,3,4,3,0,0,C Kavanagh,2526,E0_2526.csv,3,3,Home Win,20251206_Everton_NottinghamForest,1.2,1.0,2.0,1.0,1.4,1.4,1.0234375,1.3203125,1.125,1.203125,1.8,1.0,2.0,1.0,1.4,1.1,1.2421875,1.5859375,1.109375,1.875,0.0,-0.6000000000000001
,2025-12-06,Bournemouth,Chelsea,0,0,D,0,0,13,11,5,4,5,0,0,2,0,0,M Oliver,2526,E0_2526.csv,0,0,Draw,20251206_Bournemouth_Chelsea,1.0,2.6,0.2,1.5,1.9,1.0,1.328125,1.625,1.25,1.203125,1.6,0.8,2.0,1.6,1.2,1.6,1.59375,1.3125,1.484375,1.53125,-1.8,-0.6000000000000001
,2025-12-06,Manchester City,Sunderland,3,0,H,2,0,18,8,6,1,6,5,1,0,0,1,A Madley,2526,E0_2526.csv,3,3,Home Win,20251206_ManchesterCity_Sunderland,3.0,1.8,2.4,2.4,1.2,2.2,2.296875,0.9921875,2.703125,0.96875,1.4,1.4,1.2,1.3,1.1,1.6,1.2857142857142858,1.0,0.5714285714285714,1.0,1.2,1.6
,2025-12-07,Brighton,West Ham United,1,1,D,0,0,22,14,4,5,10,6,2,2,0,0,S Hooper,2526,E0_2526.csv,2,0,Draw,20251207_Brighton_WestHamUnited,2.0,1.0,2.0,2.0,1.4,1.8,1.6953125,1.515625,1.75,1.3125,1.8,1.6,1.6,1.2,1.7,0.9,1.28125,1.7109375,1.1875,1.8125,0.3999999999999999,0.19999999999999996
,2025-12-07,Fulham,Crystal Palace,1,2,A,1,1,12,11,4,5,6,4,0,0,0,0,S Barrott,2526,E0_2526.csv,3,-1,Away Win,20251207_Fulham_CrystalPalace,2.0,1.6,1.8,1.6,1.8,1.2,1.4296875,1.484375,1.59375,1.421875,1.2,0.4,2.0,1.4,1.0,1.7,1.296875,1.3203125,1.171875,1.359375,-0.19999999999999996,0.8
,2025-12-08,Wolverhampton Wanderers,Manchester United,1,4,A,1,1,8,27,2,10,1,9,3,2,0,0,M Salisbury,2526,E0_2526.csv,5,-3,Away Win,20251208_WolverhamptonWanderers_ManchesterUnited,0.0,2.0,0.0,0.5,2.0,0.2,1.109375,1.7265625,1.21875,1.546875,1.4,1.4,1.2,1.8,1.4,1.8,1.4140625,1.375,1.234375,1.59375,-1.2,-1.4
,2025-12-13,Burnley,Fulham,2,3,A,1,2,16,6,8,4,10,4,1,2,0,0,M Oliver,2526,E0_2526.csv,5,-1,Away Win,20251213_Burnley_Fulham,0.8,2.2,0.0,1.1,2.2,0.6,1.0754716981132075,2.0377358490566038,0.9230769230769231,1.9230769230769231,1.6,2.0,1.2,1.4,1.9,0.9,1.426356589147287,1.4883720930232558,1.265625,1.546875,-1.2,-0.8
,2025-12-13,Arsenal,Wolverhampton Wanderers,2,1,H,0,0,16,3,2,2,8,0,0,4,0,0,R Jones,2526,E0_2526.csv,3,1,Home Win,20251213_Arsenal_WolverhamptonWanderers,2.0,1.2,1.6,1.8,0.7,2.3,2.13953488372093,0.8914728682170543,2.40625,0.9375,0.2,2.2,0.0,0.5,2.1,0.2,1.1085271317829457,1.744186046511628,1.0,1.90625,1.6,1.8
,2025-12-13,Chelsea,Everton,2,0,H,2,0,17,11,5,2,4,7,1,0,0,0,T Bramall,2526,E0_2526.csv,2,2,Home Win,20251213_Chelsea_Everton,1.4,0.8,1.6,1.5,1.0,1.7,1.5813953488372092,1.302325581395349,1.703125,1.09375,1.6,0.8,2.4,1.2,1.2,1.7,1.0387596899224807,1.310077519379845,0.921875,1.4375,-0.7999999999999998,-0.20000000000000018
,2025-12-13,Liverpool,Brighton,2,0,H,1,0,18,14,4,1,2,2,1,2,0,0,C Pawson,2526,E0_2526.csv,2,2,Home Win,20251213_Liverpool_Brighton,1.2,2.0,1.0,1.3,1.9,0.8,2.10077519379845,1.186046511627907,2.3125,0.921875,1.6,1.2,1.6,1.9,1.3,1.8,1.689922480620155,1.5116279069767442,1.640625,1.71875,-0.6000000000000001,-0.40000000000000013
,2025-12-14,Crystal Palace,Manchester City,0,3,A,0,1,16,7,4,6,2,2,2,0,0,0,D England,2526,E0_2526.csv,3,-3,Away Win,20251214_CrystalPalace_ManchesterCity,1.2,0.6,2.0,1.4,1.0,1.7,1.302325581395349,1.317829457364341,1.421875,1.28125,3.0,1.6,2.4,2.6,1.1,2.4,2.302325581395349,0.9844961240310077,1.890625,1.015625,-0.3999999999999999,-1.8
,2025-12-14,Nottingham Forest,Tottenham Hotspur,3,0,H,1,0,15,6,6,1,3,3,1,3,0,0,S Barrott,2526,E0_2526.csv,3,3,Home Win,20251214_NottinghamForest_TottenhamHotspur,1.4,1.2,1.8,0.9,1.6,1.0,1.2325581395348837,1.5968992248062015,1.375,1.296875,1.6,2.0,1.0,1.5,1.5,1.2,1.806201550387597,1.6046511627906976,1.765625,1.734375,0.8,-0.20000000000000018
,2025-12-14,Sunderland,Newcastle United,1,0,H,0,0,5,6,1,2,3,6,5,4,0,0,P Bankes,2526,E0_2526.csv,1,1,Home Win,20251214_Sunderland_NewcastleUnited,1.2,1.8,1.0,1.2,1.3,1.5,1.2,1.1333333333333333,2.0,1.0,2.2,1.6,2.0,1.8,1.6,1.6,1.875968992248062,1.248062015503876,1.609375,1.484375,-1.0,-1.0000000000000002
,2025-12-14,West Ham United,Aston Villa,2,3,A,2,1,10,7,3,4,5,3,1,2,0,0,A Taylor,2526,E0_2526.csv,5,-1,Away Win,20251214_WestHamUnited_AstonVilla,1.4,1.6,1.2,1.2,1.6,1.0,1.2790697674418605,1.7054263565891472,1.375,1.609375,2.6,1.0,3.0,2.1,1.0,2.7,1.6046511627906976,1.3410852713178294,1.234375,1.53125,-1.8,-1.2000000000000002
,2025-12-14,Brentford,Leeds,1,1,D,0,0,7,18,2,4,0,3,0,0,0,0,J Brooks,2526,E0_2526.csv,2,0,Draw,20251214_Brentford_Leeds,1.4,1.6,1.2,1.5,1.4,1.5,1.558139534883721,1.4883720930232558,1.859375,1.484375,2.0,2.4,0.8,1.5,2.2,0.8,1.2641509433962264,2.018867924528302,1.0769230769230769,2.269230769230769,0.3999999999999999,-0.6000000000000001
,2025-12-15,Manchester United,Bournemouth,4,4,D,2,1,25,14,9,9,5,4,2,3,0,0,S Hooper,2526,E0_2526.csv,8,0,Draw,20251215_ManchesterUnited_Bournemouth,1.8,1.2,1.6,2.0,1.4,1.8,1.434108527131783,1.372093023255814,1.59375,1.15625,0.8,2.0,0.4,1.5,1.9,1.0,1.317829457364341,1.6124031007751938,1.40625,2.046875,1.2000000000000002,1.0
,2025-12-20,Leeds,Crystal Palace,4,1,H,2,0,20,9,8,3,9,5,1,3,0,0,T Bramall,2526,E0_2526.csv,5,3,Home Win,20251220_Leeds_CrystalPalace,2.0,2.0,1.0,1.4,2.1,0.8,1.2592592592592593,2.0,1.4444444444444444,1.7777777777777777,1.2,1.2,1.8,1.2,1.2,1.4,1.2923076923076924,1.3307692307692307,1.1846153846153846,1.353846153846154,-0.8,0.8
,2025-12-20,Everton,Arsenal,0,1,A,0,1,5,13,1,2,2,3,2,2,0,0,S Barrott,2526,E0_2526.csv,1,-1,Away Win,20251220_Everton_Arsenal,1.2,1.2,1.8,1.1,1.3,1.6,1.0307692307692307,1.3153846153846154,1.1538461538461537,1.1846153846153846,2.0,1.0,2.0,1.8,0.7,2.3,2.1384615384615384,0.8923076923076924,1.876923076923077,0.8461538461538461,-0.19999999999999996,-0.8
,2025-12-20,Wolverhampton Wanderers,Brentford,0,2,A,0,0,9,7,2,6,3,4,2,4,0,0,M Donohue,2526,E0_2526.csv,2,-2,Away Win,20251220_WolverhamptonWanderers_Brentford,0.4,2.0,0.0,0.5,2.2,0.1,1.1076923076923078,1.7461538461538462,1.2153846153846153,1.5846153846153845,1.0,1.6,0.8,1.3,1.4,1.3,1.5538461538461539,1.4846153846153847,1.2615384615384615,1.4923076923076923,-0.8,-0.6
,2025-12-20,Tottenham Hotspur,Liverpool,1,2,A,0,0,15,8,4,4,2,6,3,3,2,0,J Brooks,2526,E0_2526.csv,3,-1,Away Win,20251220_TottenhamHotspur_Liverpool,1.2,2.2,0.8,1.4,1.7,1.1,1.7923076923076924,1.6153846153846154,1.8461538461538463,1.476923076923077,1.6,1.4,1.6,1.4,1.7,1.1,2.1,1.176923076923077,1.8923076923076922,1.4461538461538461,-0.8,-0.40000000000000013
,2025-12-20,Brighton,Sunderland,0,0,D,0,0,16,14,4,6,3,4,2,2,0,0,D England,2526,E0_2526.csv,0,0,Draw,20251220_Brighton_Sunderland,1.6,1.6,1.4,1.6,1.4,1.5,1.676923076923077,1.5153846153846153,1.7384615384615385,1.3076923076923077,1.0,1.4,1.4,1.2,1.3,1.5,1.1875,1.0625,0.5,1.25,0.0,0.6000000000000001
,2025-12-20,Bournemouth,Burnley,1,1,D,0,0,16,4,1,1,5,3,1,1,0,0,C Kavanagh,2526,E0_2526.csv,2,0,Draw,20251220_Bournemouth_Burnley,1.6,2.0,0.6,1.7,2.1,1.0,1.3384615384615384,1.6307692307692307,1.2307692307692308,1.1846153846153846,0.8,2.2,0.0,1.2,2.0,0.6,1.0925925925925926,2.0555555555555554,1.2222222222222223,2.1481481481481484,0.6,0.8
,2025-12-20,Newcastle United,Chelsea,2,2,D,2,0,11,13,5,4,6,4,3,6,0,0,A Madley,2526,E0_2526.csv,4,0,Draw,20251220_NewcastleUnited_Chelsea,2.0,1.2,2.0,1.7,1.5,1.6,1.8615384615384616,1.2461538461538462,2.1384615384615384,1.0153846153846153,1.2,0.8,1.6,1.6,0.7,2.0,1.5846153846153845,1.2923076923076924,1.4615384615384615,1.5076923076923077,0.3999999999999999,0.8
,2025-12-20,Manchester City,West Ham United,3,0,H,2,0,17,7,8,3,6,0,1,1,0,0,P Tierney,2526,E0_2526.csv,3,3,Home Win,20251220_ManchesterCity_WestHamUnited,3.0,1.6,2.4,2.4,1.0,2.4,2.3076923076923075,0.9769230769230769,2.707692307692308,0.9538461538461539,1.2,1.8,0.6,1.3,1.8,0.9,1.2846153846153847,1.7153846153846153,1.1846153846153846,1.8,1.7999999999999998,1.8
,2025-12-21,Aston Villa,Manchester United,2,1,H,1,1,12,15,4,6,5,5,1,2,0,0,M Oliver,2526,E0_2526.csv,3,1,Home Win,20251221_AstonVilla_ManchesterUnited,2.4,1.4,3.0,2.1,1.1,2.7,1.6153846153846154,1.3461538461538463,1.9692307692307693,1.1538461538461537,2.2,1.6,1.6,2.3,1.5,1.9,1.4538461538461538,1.3923076923076922,1.2769230769230768,1.5846153846153845,1.4,0.19999999999999973
,2025-12-22,Fulham,Nottingham Forest,1,0,H,1,0,11,12,1,2,1,5,5,4,0,0,A Taylor,2526,E0_2526.csv,1,1,Home Win,20251222_Fulham_NottinghamForest,2.2,2.0,1.8,1.6,1.8,1.2,1.4384615384615385,1.4923076923076923,1.5846153846153845,1.4307692307692308,1.4,1.0,1.8,1.2,1.5,1.3,1.2461538461538462,1.5846153846153845,1.0923076923076922,1.8923076923076922,0.0,0.8000000000000003
,2025-12-26,Manchester United,Newcastle United,1,0,H,1,0,10,16,4,3,2,11,2,1,0,0,A Taylor,2526,E0_2526.csv,1,1,Home Win,20251226_ManchesterUnited_NewcastleUnited,2.4,1.8,1.6,2.2,1.7,1.6,1.450381679389313,1.3969465648854962,1.6307692307692307,1.2,2.0,1.4,1.6,1.7,1.7,1.4,1.8625954198473282,1.251908396946565,1.5846153846153845,1.476923076923077,0.0,0.3999999999999999
,2025-12-27,Chelsea,Aston Villa,1,2,A,1,0,14,11,3,8,6,7,5,3,0,0,S Attwell,2526,E0_2526.csv,3,-1,Away Win,20251227_Chelsea_AstonVilla,1.2,1.2,1.2,1.6,0.8,1.8,1.5877862595419847,1.297709923664122,1.7076923076923076,1.0769230769230769,2.4,1.4,3.0,2.1,1.1,2.7,1.618320610687023,1.3435114503816794,1.2615384615384615,1.5384615384615385,-1.8,-1.2
,2025-12-27,West Ham United,Fulham,0,1,A,0,0,11,15,2,4,5,4,1,3,0,0,C Kavanagh,2526,E0_2526.csv,1,-1,Away Win,20251227_WestHamUnited_Fulham,0.8,2.0,0.4,1.3,1.9,0.9,1.2748091603053435,1.7251908396946565,1.3846153846153846,1.6307692307692307,2.2,2.0,1.8,1.6,1.5,1.5,1.4351145038167938,1.4809160305343512,1.2923076923076924,1.5538461538461539,-1.4,-1.4000000000000001
,2025-12-27,Burnley,Everton,0,0,D,0,0,16,15,0,6,6,5,0,2,0,0,C Pawson,2526,E0_2526.csv,0,0,Draw,20251227_Burnley_Everton,1.0,2.0,0.2,1.2,1.9,0.7,1.0909090909090908,2.036363636363636,0.9629629629629629,1.962962962962963,1.0,1.4,1.2,0.9,1.3,1.3,1.0229007633587786,1.3129770992366412,0.9076923076923077,1.4461538461538461,-1.0,0.0
,2025-12-27,Liverpool,Wolverhampton Wanderers,2,1,H,2,0,14,9,4,4,6,4,0,1,0,0,S Hooper,2526,E0_2526.csv,3,1,Home Win,20251227_Liverpool_WolverhamptonWanderers,2.0,1.0,2.2,1.5,1.6,1.4,2.099236641221374,1.1755725190839694,2.3076923076923075,0.9076923076923077,0.4,2.0,0.0,0.4,2.3,0.0,1.099236641221374,1.748091603053435,1.0,1.9076923076923078,2.2,1.6
,2025-12-27,Arsenal,Brighton,2,1,H,1,0,24,8,6,3,7,2,2,3,0,0,J Brooks,2526,E0_2526.csv,3,1,Home Win,20251227_Arsenal_Brighton,1.4,0.8,2.0,1.7,0.7,2.3,2.1297709923664123,0.8854961832061069,2.4,0.9384615384615385,1.2,1.4,1.0,1.5,1.3,1.5,1.6641221374045803,1.5038167938931297,1.6153846153846154,1.7230769230769232,1.0,0.19999999999999996
,2025-12-27,Nottingham Forest,Manchester City,1,2,A,0,0,7,16,2,5,5,5,1,2,0,0,R Jones,2526,E0_2526.csv,3,-1,Away Win,20251227_NottinghamForest_ManchesterCity,0.8,1.2,1.2,1.2,1.4,1.3,1.2366412213740459,1.5801526717557253,1.4,1.2769230769230768,3.4,1.2,3.0,2.6,1.0,2.4,2.312977099236641,0.9694656488549618,1.9076923076923078,1.0,-1.8,-2.5999999999999996
,2025-12-27,Brentford,Bournemouth,4,1,H,2,0,15,20,7,10,2,15,2,2,0,0,P Bankes,2526,E0_2526.csv,5,3,Home Win,20251227_Brentford_Bournemouth,1.2,1.2,1.4,1.5,1.3,1.6,1.5572519083969465,1.4732824427480915,1.8461538461538463,1.476923076923077,1.4,1.8,0.6,1.5,2.1,0.8,1.3358778625954197,1.6259541984732824,1.4461538461538461,2.076923076923077,0.7999999999999999,-0.19999999999999996
,2025-12-28,Sunderland,Leeds,1,1,D,1,0,8,17,3,6,3,9,1,0,0,0,T Harrington,2526,E0_2526.csv,2,0,Draw,20251228_Sunderland_Leeds,1.0,1.2,1.6,1.2,1.1,1.6,1.1176470588235294,1.0,1.875,0.875,2.6,1.8,1.6,1.7,2.0,1.1,1.309090909090909,1.981818181818182,1.0740740740740742,2.2222222222222223,0.0,-1.6
,2025-12-28,Crystal Palace,Tottenham Hotspur,0,1,A,0,1,15,8,2,4,3,2,3,2,0,0,J Gillett,2526,E0_2526.csv,1,-1,Away Win,20251228_CrystalPalace_TottenhamHotspur,1.0,2.0,1.2,1.2,1.4,1.4,1.2900763358778626,1.3511450381679388,1.4,1.3076923076923077,1.2,1.8,0.8,1.3,1.8,0.8,1.786259541984733,1.618320610687023,1.7384615384615385,1.7538461538461538,0.3999999999999999,-0.19999999999999996
,2025-12-30,Burnley,Newcastle United,1,3,A,1,2,15,20,4,9,3,4,2,1,0,0,R Jones,2526,E0_2526.csv,4,-2,Away Win,20251230_Burnley_NewcastleUnited,0.8,1.4,0.4,1.0,1.9,0.5,1.0714285714285714,2.0,0.9285714285714286,1.8928571428571428,1.2,1.4,1.0,1.6,1.6,1.4,1.8484848484848484,1.25,1.5606060606060606,1.4696969696969697,-0.6,-0.3999999999999999
,2025-12-30,Chelsea,Bournemouth,2,2,D,2,2,17,17,3,6,12,3,1,1,0,0,S Barrott,2526,E0_2526.csv,4,0,Draw,20251230_Chelsea_Bournemouth,1.2,1.4,1.0,1.4,1.0,1.5,1.5833333333333333,1.303030303030303,1.696969696969697,1.0909090909090908,1.2,2.0,0.6,1.3,2.2,0.7,1.3333333333333333,1.643939393939394,1.4393939393939394,2.106060606060606,0.4,0.0
,2025-12-30,Nottingham Forest,Everton,0,2,A,0,1,21,11,6,3,9,2,1,0,0,0,M Oliver,2526,E0_2526.csv,2,-2,Away Win,20251230_NottinghamForest_Everton,1.0,1.2,1.2,1.3,1.3,1.3,1.2348484848484849,1.5833333333333333,1.393939393939394,1.2878787878787878,0.8,0.6,1.4,0.9,1.1,1.4,1.0151515151515151,1.303030303030303,0.8939393939393939,1.4242424242424243,-0.19999999999999996,0.19999999999999996
,2025-12-30,West Ham United,Brighton,2,2,D,2,1,10,16,4,6,5,5,3,5,0,0,M Salisbury,2526,E0_2526.csv,4,0,Draw,20251230_WestHamUnited_Brighton,0.8,1.8,0.4,1.3,1.8,0.9,1.2651515151515151,1.7196969696969697,1.3636363636363635,1.621212121212121,1.0,1.8,0.4,1.4,1.4,1.2,1.6590909090909092,1.5075757575757576,1.606060606060606,1.7272727272727273,0.0,-0.19999999999999996
,2025-12-30,Arsenal,Aston Villa,4,1,H,0,0,22,11,7,3,3,3,2,3,0,0,D England,2526,E0_2526.csv,5,3,Home Win,20251230_Arsenal_AstonVilla,1.6,0.8,2.4,1.8,0.8,2.3,2.128787878787879,0.8863636363636364,2.393939393939394,0.9393939393939394,2.6,1.6,3.0,2.1,1.1,2.7,1.621212121212121,1.3409090909090908,1.2727272727272727,1.5303030303030303,-0.6000000000000001,-1.0
,2025-12-30,Manchester United,Wolverhampton Wanderers,1,1,D,1,1,15,11,6,4,8,4,0,2,0,0,T Bramall,2526,E0_2526.csv,2,0,Draw,20251230_ManchesterUnited_WolverhamptonWanderers,2.2,1.6,1.6,2.1,1.6,1.6,1.446969696969697,1.3863636363636365,1.621212121212121,1.1818181818181819,0.6,2.2,0.0,0.5,2.3,0.0,1.0984848484848484,1.75,1.0,1.9090909090909092,1.6,1.6
,2026-01-01,Sunderland,Manchester City,0,0,D,0,0,10,14,4,4,3,5,1,1,0,0,J Gillett,2526,E0_2526.csv,0,0,Draw,20260101_Sunderland_ManchesterCity,0.6,1.0,1.2,1.1,1.2,1.4,1.1111111111111112,1.0,1.7777777777777777,0.8888888888888888,3.2,1.0,3.0,2.6,1.1,2.4,2.3106060606060606,0.9696969696969697,1.9090909090909092,1.0,-1.8,-2.6
,2026-01-01,Brentford,Tottenham Hotspur,0,0,D,0,0,7,9,2,3,3,1,1,2,0,0,A Madley,2526,E0_2526.csv,0,0,Draw,20260101_Brentford_TottenhamHotspur,1.4,1.2,1.4,1.7,1.4,1.6,1.5757575757575757,1.4696969696969697,1.878787878787879,1.4696969696969697,1.2,1.4,1.4,1.3,1.6,1.1,1.7803030303030303,1.606060606060606,1.7272727272727273,1.7272727272727273,0.0,0.19999999999999996
,2026-01-01,Liverpool,Leeds,0,0,D,0,0,19,4,4,2,8,3,0,2,0,0,C Kavanagh,2526,E0_2526.csv,0,0,Draw,20260101_Liverpool_Leeds,2.0,1.2,2.2,1.6,1.5,1.7,2.0984848484848486,1.1742424242424243,2.303030303030303,0.9090909090909091,2.4,1.4,1.8,1.8,1.9,1.2,1.3035714285714286,1.9642857142857142,1.0714285714285714,2.1785714285714284,0.40000000000000013,-0.3999999999999999
,2026-01-01,Crystal Palace,Fulham,1,1,D,1,0,11,17,2,5,6,3,0,5,0,0,T Harrington,2526,E0_2526.csv,2,0,Draw,20260101_CrystalPalace_Fulham,0.8,1.8,1.2,0.9,1.2,1.3,1.2803030303030303,1.3484848484848484,1.378787878787879,1.303030303030303,2.0,1.8,1.8,1.7,1.4,1.8,1.4318181818181819,1.4696969696969697,1.2878787878787878,1.5303030303030303,-0.6000000000000001,-1.2
,2026-01-03,Aston Villa,Nottingham Forest,3,1,H,1,0,11,10,4,5,4,4,1,2,0,0,S Hooper,2526,E0_2526.csv,4,2,Home Win,20260103_AstonVilla_NottinghamForest,2.0,1.8,2.4,2.1,1.5,2.4,1.6165413533834587,1.3609022556390977,1.9696969696969697,1.1515151515151516,0.8,1.6,0.6,1.3,1.3,1.3,1.2255639097744362,1.586466165413534,1.0757575757575757,1.878787878787879,1.7999999999999998,1.2
,2026-01-03,Brighton,Burnley,2,0,H,1,0,15,5,4,3,4,4,0,4,0,0,T Robinson,2526,E0_2526.csv,2,2,Home Win,20260103_Brighton_Burnley,0.8,1.4,0.6,1.4,1.2,1.3,1.6616541353383458,1.5112781954887218,1.7121212121212122,1.2878787878787878,1.0,1.8,0.4,0.8,2.0,0.2,1.0701754385964912,2.017543859649123,1.2142857142857142,2.107142857142857,0.19999999999999996,-0.19999999999999996
,2026-01-03,Wolverhampton Wanderers,West Ham United,3,0,H,3,0,11,6,8,0,6,7,1,0,0,0,P Bankes,2526,E0_2526.csv,3,3,Home Win,20260103_WolverhamptonWanderers_WestHamUnited,0.8,2.2,0.2,0.4,2.1,0.1,1.0977443609022557,1.744360902255639,1.196969696969697,1.5909090909090908,1.0,2.0,0.4,1.4,1.8,1.0,1.2706766917293233,1.7218045112781954,1.1666666666666667,1.8181818181818181,-0.2,-0.19999999999999996
,2026-01-03,Bournemouth,Arsenal,2,3,A,1,1,15,12,3,5,7,5,3,1,0,0,C Kavanagh,2526,E0_2526.csv,5,-1,Away Win,20260103_Bournemouth_Arsenal,1.6,2.2,0.8,1.3,2.4,0.5,1.3383458646616542,1.6466165413533835,1.2272727272727273,1.1818181818181819,2.0,1.0,2.4,2.1,0.9,2.3,2.142857142857143,0.8872180451127819,1.8636363636363635,0.8333333333333334,-1.5999999999999999,-0.3999999999999999
,2026-01-04,Manchester City,Chelsea,1,1,D,1,0,14,8,3,3,8,2,3,3,0,0,M Oliver,2526,E0_2526.csv,2,0,Draw,20260104_ManchesterCity_Chelsea,2.2,0.2,2.6,2.6,1.0,2.5,2.293233082706767,0.9624060150375939,2.712121212121212,0.9393939393939394,1.4,1.2,1.2,1.5,1.0,1.6,1.586466165413534,1.3082706766917294,1.4696969696969697,1.5151515151515151,1.4000000000000001,0.8000000000000003
,2026-01-04,Leeds,Manchester United,1,1,D,0,0,11,15,3,2,6,4,0,1,0,0,J Gillett,2526,E0_2526.csv,2,0,Draw,20260104_Leeds_ManchesterUnited,1.8,1.2,1.4,1.6,1.8,1.0,1.280701754385965,1.9298245614035088,1.5357142857142858,1.75,2.2,1.6,1.6,1.8,1.5,1.4,1.443609022556391,1.3834586466165413,1.2727272727272727,1.5909090909090908,-0.20000000000000018,-0.40000000000000013
,2026-01-04,Everton,Brentford,2,4,A,0,1,14,11,6,7,4,5,0,2,0,0,A Taylor,2526,E0_2526.csv,6,-2,Away Win,20260104_Everton_Brentford,1.0,0.6,1.4,1.1,0.8,1.7,1.0225563909774436,1.2932330827067668,1.1363636363636365,1.1818181818181819,1.4,0.8,1.6,1.4,1.2,1.4,1.5639097744360901,1.4586466165413534,1.2727272727272727,1.4696969696969697,-0.20000000000000018,-0.3999999999999999
,2026-01-04,Newcastle United,Crystal Palace,2,0,H,0,0,12,11,7,1,8,6,1,3,0,0,J Brooks,2526,E0_2526.csv,2,2,Home Win,20260104_NewcastleUnited_CrystalPalace,1.4,1.2,1.4,1.7,1.6,1.4,1.8571428571428572,1.2481203007518797,2.1363636363636362,1.0303030303030303,0.8,2.0,0.8,1.0,1.2,1.4,1.2781954887218046,1.3458646616541354,1.1818181818181819,1.393939393939394,0.5999999999999999,0.5999999999999999
,2026-01-04,Tottenham Hotspur,Sunderland,1,1,D,1,0,13,10,5,3,3,5,2,3,0,0,S Attwell,2526,E0_2526.csv,2,0,Draw,20260104_TottenhamHotspur_Sunderland,0.8,1.0,1.4,1.0,1.6,0.9,1.7669172932330828,1.593984962406015,1.8333333333333333,1.4848484848484849,0.4,0.8,1.2,0.9,1.1,1.2,1.0526315789473684,0.9473684210526315,0.4444444444444444,1.1111111111111112,0.19999999999999996,0.4
,2026-01-04,Fulham,Liverpool,2,2,D,1,0,8,10,2,2,3,8,1,1,0,0,C Pawson,2526,E0_2526.csv,4,0,Draw,20260104_Fulham_Liverpool,1.4,1.0,2.0,1.7,1.3,1.9,1.4285714285714286,1.4661654135338347,1.5757575757575757,1.4090909090909092,1.8,1.0,2.2,1.4,1.2,1.8,2.082706766917293,1.1654135338345866,1.893939393939394,1.4393939393939394,-0.20000000000000018,-0.40000000000000013
,2026-01-06,West Ham United,Nottingham Forest,1,2,A,1,0,14,13,3,5,6,5,3,0,0,0,T Harrington,2526,E0_2526.csv,3,-1,Away Win,20260106_WestHamUnited_NottinghamForest,0.8,2.4,0.2,1.1,2.0,0.7,1.2611940298507462,1.7313432835820894,1.373134328358209,1.626865671641791,1.0,1.6,0.6,1.2,1.4,1.2,1.2238805970149254,1.5970149253731343,1.0746268656716418,1.8955223880597014,-0.39999999999999997,-0.19999999999999996
,2026-01-07,Newcastle United,Leeds,4,3,H,1,2,18,14,8,6,8,4,3,2,0,0,M Salisbury,2526,E0_2526.csv,7,1,Home Win,20260107_NewcastleUnited_Leeds,1.4,1.0,1.4,1.8,1.3,1.7,1.8582089552238805,1.2388059701492538,2.1343283582089554,1.0149253731343284,1.4,0.8,1.4,1.7,1.6,1.1,1.2758620689655173,1.9137931034482758,1.0344827586206897,2.103448275862069,0.0,0.0
,2026-01-07,Burnley,Manchester United,2,2,D,1,0,7,30,1,10,2,6,2,0,0,0,S Attwell,2526,E0_2526.csv,4,0,Draw,20260107_Burnley_ManchesterUnited,0.8,1.8,0.4,0.8,2.0,0.2,1.0517241379310345,2.0172413793103448,0.9310344827586207,1.9310344827586208,1.6,1.6,1.2,1.7,1.4,1.4,1.4402985074626866,1.3805970149253732,1.2686567164179106,1.5820895522388059,-0.7999999999999999,-0.8
,2026-01-07,Manchester City,Brighton,1,1,D,1,0,22,6,6,3,6,2,1,6,0,0,T Bramall,2526,E0_2526.csv,2,0,Draw,20260107_ManchesterCity_Brighton,1.8,0.4,2.2,2.4,1.0,2.3,2.283582089552239,0.9626865671641791,2.6865671641791047,0.9402985074626866,1.0,1.2,1.0,1.3,1.2,1.3,1.664179104477612,1.5,1.6119402985074627,1.7313432835820894,1.2000000000000002,0.8
,2026-01-07,Fulham,Chelsea,2,1,H,0,0,16,14,5,6,2,11,3,3,0,1,P Bankes,2526,E0_2526.csv,3,1,Home Win,20260107_Fulham_Chelsea,1.6,1.0,2.2,1.6,1.5,1.7,1.4328358208955223,1.4701492537313432,1.5820895522388059,1.4179104477611941,1.6,1.4,1.2,1.5,1.1,1.4,1.5820895522388059,1.3059701492537314,1.462686567164179,1.507462686567164,1.0000000000000002,0.0
,2026-01-07,Bournemouth,Tottenham Hotspur,3,2,H,2,1,11,16,3,4,3,7,3,3,0,0,D England,2526,E0_2526.csv,5,1,Home Win,20260107_Bournemouth_TottenhamHotspur,2.0,2.8,0.6,1.4,2.4,0.5,1.3432835820895523,1.6567164179104477,1.2388059701492538,1.208955223880597,0.6,1.2,1.0,1.1,1.6,1.0,1.7611940298507462,1.5895522388059702,1.7014925373134329,1.7014925373134329,-0.4,1.4
,2026-01-07,Crystal Palace,Aston Villa,0,0,D,0,0,11,15,5,3,3,5,2,0,0,0,A Madley,2526,E0_2526.csv,0,0,Draw,20260107_CrystalPalace_AstonVilla,0.4,2.2,0.2,0.8,1.4,1.1,1.2686567164179106,1.3507462686567164,1.373134328358209,1.2985074626865671,2.2,1.8,2.4,2.4,1.4,2.7,1.626865671641791,1.3582089552238805,1.2686567164179106,1.5671641791044777,-2.1999999999999997,-1.8000000000000003
,2026-01-07,Brentford,Sunderland,3,0,H,1,0,18,11,6,3,7,4,2,1,0,0,M Donohue,2526,E0_2526.csv,3,3,Home Win,20260107_Brentford_Sunderland,2.2,0.8,2.2,1.8,1.2,1.7,1.5820895522388059,1.462686567164179,1.8507462686567164,1.4477611940298507,0.6,0.4,1.4,0.9,1.1,1.2,1.05,0.95,0.5,1.1,0.8000000000000003,1.6
,2026-01-07,Everton,Wolverhampton Wanderers,1,1,D,1,0,13,13,2,4,2,7,1,3,2,0,T Kirk,2526,E0_2526.csv,2,0,Draw,20260107_Everton_WolverhamptonWanderers,0.8,1.4,0.8,1.2,1.1,1.6,1.0298507462686568,1.3134328358208955,1.1492537313432836,1.2238805970149254,1.2,1.4,0.8,0.7,1.8,0.4,1.1119402985074627,1.7313432835820894,1.0,1.8955223880597014,0.0,-0.3999999999999999
,2026-01-08,Arsenal,Liverpool,0,0,D,0,0,9,8,4,0,3,0,2,2,0,0,A Taylor,2526,E0_2526.csv,0,0,Draw,20260108_Arsenal_Liverpool,2.4,1.0,3.0,2.2,1.1,2.3,2.1492537313432836,0.8955223880597015,2.417910447761194,0.9402985074626866,1.6,0.8,2.2,1.4,1.4,1.6,2.082089552238806,1.171641791044776,1.8955223880597014,1.4477611940298507,0.7999999999999998,0.7999999999999998
,2026-01-17,Tottenham Hotspur,West Ham United,1,2,A,0,1,21,17,6,4,11,5,5,3,0,0,J Gillett,2526,E0_2526.csv,3,-1,Away Win,20260117_TottenhamHotspur_WestHamUnited,1.0,1.2,1.0,1.1,1.7,0.9,1.762962962962963,1.6,1.8208955223880596,1.4776119402985075,0.6,2.2,0.2,0.9,2.0,0.4,1.2592592592592593,1.7333333333333334,1.1492537313432836,1.835820895522388,0.8,0.4
,2026-01-17,Leeds,Fulham,1,0,H,0,0,14,8,5,1,7,3,1,5,0,0,C Kavanagh,2526,E0_2526.csv,1,1,Home Win,20260117_Leeds_Fulham,1.8,1.4,1.2,1.9,1.7,1.1,1.305084745762712,1.9491525423728813,1.5172413793103448,1.7241379310344827,1.4,0.8,2.2,1.8,1.4,2.0,1.4370370370370371,1.4666666666666666,1.2835820895522387,1.5223880597014925,-1.0000000000000002,0.40000000000000013
,2026-01-17,Nottingham Forest,Arsenal,0,0,D,0,0,6,15,0,3,4,9,1,1,0,0,M Oliver,2526,E0_2526.csv,0,0,Draw,20260117_NottinghamForest_Arsenal,0.8,1.8,0.6,1.1,1.4,1.2,1.2296296296296296,1.5925925925925926,1.373134328358209,1.2985074626865671,2.0,0.8,2.6,2.0,0.9,2.3,2.1333333333333333,0.8888888888888888,1.8805970149253732,0.8507462686567164,-2.0,-1.2
,2026-01-17,Sunderland,Crystal Palace,2,1,H,1,1,13,6,7,2,3,4,3,3,0,0,R Jones,2526,E0_2526.csv,3,1,Home Win,20260117_Sunderland_CrystalPalace,0.4,1.0,0.8,0.7,1.2,1.1,1.0,1.0476190476190477,1.6,0.8,0.4,1.6,0.4,0.8,1.4,1.1,1.2592592592592593,1.3407407407407408,1.164179104477612,1.4029850746268657,0.4,0.0
,2026-01-17,Manchester United,Manchester City,2,0,H,0,0,11,7,7,1,1,6,2,3,0,0,A Taylor,2526,E0_2526.csv,2,2,Home Win,20260117_ManchesterUnited_ManchesterCity,1.2,1.2,1.2,1.7,1.4,1.4,1.4444444444444444,1.385185185185185,1.6119402985074627,1.1791044776119404,1.4,0.6,1.8,2.2,1.1,2.1,2.274074074074074,0.9629629629629629,1.8805970149253732,0.9850746268656716,-0.6000000000000001,-0.19999999999999996
,2026-01-17,Chelsea,Brentford,2,0,H,1,0,6,15,2,5,3,9,3,2,0,0,J Brooks,2526,E0_2526.csv,2,2,Home Win,20260117_Chelsea_Brentford,1.4,1.8,0.6,1.3,1.3,1.1,1.5777777777777777,1.3111111111111111,1.7014925373134329,1.1044776119402986,2.6,0.6,2.6,1.8,1.1,1.7,1.5925925925925926,1.451851851851852,1.3134328358208955,1.4776119402985075,-2.0,-1.2000000000000002
,2026-01-17,Liverpool,Burnley,1,1,D,1,0,32,7,11,1,9,1,1,2,0,0,A Madley,2526,E0_2526.csv,2,0,Draw,20260117_Liverpool_Burnley,1.2,0.8,1.8,1.4,1.1,1.7,2.066666666666667,1.162962962962963,2.2686567164179103,0.8955223880597015,0.8,1.6,0.6,0.8,1.9,0.3,1.0677966101694916,2.016949152542373,1.1724137931034482,2.103448275862069,1.2000000000000002,0.3999999999999999
,2026-01-18,Wolverhampton Wanderers,Newcastle United,0,0,D,0,0,6,12,2,2,4,7,2,2,0,0,S Barrott,2526,E0_2526.csv,0,0,Draw,20260118_WolverhamptonWanderers_NewcastleUnited,1.2,1.2,1.0,0.8,1.6,0.5,1.1111111111111112,1.7259259259259259,1.2238805970149254,1.5671641791044777,2.2,1.4,2.0,2.1,1.3,2.0,1.874074074074074,1.2518518518518518,1.5820895522388059,1.462686567164179,-1.0,-1.0000000000000002
,2026-01-18,Aston Villa,Everton,0,1,A,0,0,18,9,5,3,6,4,1,2,0,0,T Harrington,2526,E0_2526.csv,1,-1,Away Win,20260118_AstonVilla_Everton,1.6,1.4,2.0,2.0,1.4,2.5,1.614814814814815,1.348148148148148,1.9850746268656716,1.1492537313432836,1.0,1.2,1.0,1.1,1.2,1.4,1.0296296296296297,1.3111111111111111,0.9104477611940298,1.4029850746268657,1.0,0.6000000000000001
,2026-01-19,Brighton,Bournemouth,1,1,D,0,1,17,11,5,2,11,6,2,3,0,0,P Tierney,2526,E0_2526.csv,2,0,Draw,20260119_Brighton_Bournemouth,1.2,1.0,1.2,1.4,1.3,1.3,1.6592592592592592,1.4962962962962962,1.7164179104477613,1.2686567164179106,1.8,2.4,1.0,1.7,2.2,0.8,1.3555555555555556,1.6592592592592592,1.4477611940298507,2.1044776119402986,0.19999999999999996,-0.6000000000000001
,2026-01-24,Bournemouth,Liverpool,3,2,H,2,1,12,14,5,4,3,11,1,1,0,0,M Salisbury,2526,E0_2526.csv,5,1,Home Win,20260124_Bournemouth_Liverpool,1.8,2.4,1.0,1.6,2.1,0.8,1.3529411764705883,1.6544117647058822,1.2647058823529411,1.2205882352941178,1.0,0.8,1.4,1.5,0.9,1.8,2.0588235294117645,1.161764705882353,1.8676470588235294,1.4264705882352942,-0.3999999999999999,0.8
,2026-01-24,Fulham,Brighton,2,1,H,0,1,12,13,4,5,6,6,1,1,0,0,M Oliver,2526,E0_2526.csv,3,1,Home Win,20260124_Fulham_Brighton,1.2,1.0,1.6,1.7,1.5,1.7,1.4264705882352942,1.463235294117647,1.588235294117647,1.411764705882353,1.4,1.2,1.2,1.3,1.3,1.1,1.6544117647058822,1.4926470588235294,1.6029411764705883,1.7205882352941178,0.40000000000000013,-0.19999999999999996
,2026-01-24,Manchester City,Wolverhampton Wanderers,2,0,H,2,0,11,11,4,1,4,6,1,3,0,0,F Hallam,2526,E0_2526.csv,2,2,Home Win,20260124_ManchesterCity_WolverhamptonWanderers,0.8,1.0,1.2,2.1,1.1,2.1,2.2573529411764706,0.9705882352941176,2.661764705882353,0.9411764705882353,1.2,0.8,1.2,0.8,1.4,0.6,1.1029411764705883,1.713235294117647,1.0,1.8823529411764706,0.0,-0.3999999999999999
,2026-01-24,West Ham United,Sunderland,3,1,H,3,0,13,7,5,2,3,3,2,4,0,0,T Bramall,2526,E0_2526.csv,4,2,Home Win,20260124_WestHamUnited_Sunderland,1.0,1.8,0.8,0.9,1.9,0.6,1.2647058823529411,1.7279411764705883,1.3676470588235294,1.6323529411764706,0.8,1.2,1.2,0.9,1.2,1.4,1.0454545454545454,1.0454545454545454,0.45454545454545453,1.2727272727272727,-0.3999999999999999,0.19999999999999996
,2026-01-24,Burnley,Tottenham Hotspur,2,2,D,1,1,9,18,4,11,1,3,1,0,0,0,P Bankes,2526,E0_2526.csv,4,0,Draw,20260124_Burnley_TottenhamHotspur,0.8,1.6,0.6,0.9,1.8,0.4,1.0666666666666667,2.0,0.9666666666666667,1.9333333333333333,1.0,1.2,1.0,1.1,1.5,0.9,1.7573529411764706,1.6029411764705883,1.7058823529411764,1.7205882352941178,-0.4,-0.19999999999999996
,2026-01-25,Brentford,Nottingham Forest,0,2,A,0,1,10,7,1,2,6,5,1,0,0,0,S Barrott,2526,E0_2526.csv,2,-2,Away Win,20260125_Brentford_NottinghamForest,2.2,1.0,2.0,1.7,1.1,1.7,1.5808823529411764,1.4558823529411764,1.8676470588235294,1.4264705882352942,0.8,1.6,0.8,0.8,1.4,1.0,1.2205882352941178,1.5808823529411764,1.088235294117647,1.8823529411764706,1.2,1.4000000000000001
,2026-01-25,Crystal Palace,Chelsea,1,3,A,0,1,13,10,7,6,4,5,2,2,1,0,D England,2526,E0_2526.csv,4,-2,Away Win,20260125_CrystalPalace_Chelsea,0.4,1.2,0.4,0.7,1.6,0.8,1.2573529411764706,1.3455882352941178,1.3529411764705883,1.2794117647058822,1.4,1.4,1.0,1.3,1.3,1.1,1.5808823529411764,1.3014705882352942,1.4558823529411764,1.5147058823529411,-0.6,-0.9999999999999999
,2026-01-25,Newcastle United,Aston Villa,0,2,A,0,1,15,14,4,8,6,5,1,2,0,0,J Gillett,2526,E0_2526.csv,2,-2,Away Win,20260125_NewcastleUnited_AstonVilla,1.8,1.0,2.0,1.9,1.2,1.8,1.8602941176470589,1.2426470588235294,2.161764705882353,1.0441176470588236,1.2,1.4,1.4,1.8,1.4,2.2,1.6029411764705883,1.3455882352941178,1.25,1.5441176470588236,0.6000000000000001,0.6000000000000001
,2026-01-25,Arsenal,Manchester United,2,3,A,1,1,15,10,4,3,9,2,2,0,0,0,C Pawson,2526,E0_2526.csv,5,-1,Away Win,20260125_Arsenal_ManchesterUnited,1.8,0.8,2.2,1.6,0.8,2.1,2.1176470588235294,0.8823529411764706,2.3823529411764706,0.9264705882352942,1.4,0.8,1.8,1.9,1.3,1.7,1.4485294117647058,1.375,1.2794117647058822,1.588235294117647,0.40000000000000013,0.40000000000000013
,2026-01-26,Everton,Leeds,1,1,D,0,1,10,14,3,4,4,4,0,3,0,0,S Hooper,2526,E0_2526.csv,2,0,Draw,20260126_Everton_Leeds,1.2,1.0,1.6,1.1,1.2,1.4,1.0294117647058822,1.3014705882352942,1.1470588235294117,1.2205882352941178,1.2,1.2,1.2,1.9,1.5,1.4,1.3,1.9166666666666667,1.1,2.1666666666666665,0.40000000000000013,0.0
,2026-01-31,Chelsea,West Ham United,3,2,H,0,2,14,11,6,6,9,3,3,2,0,1,A Taylor,2526,E0_2526.csv,5,1,Home Win,20260131_Chelsea_WestHamUnited,1.8,1.2,1.6,1.5,1.3,1.3,1.5912408759124088,1.2992700729927007,1.7058823529411764,1.088235294117647,1.6,1.8,1.4,1.2,1.8,0.9,1.2773722627737227,1.7226277372262773,1.161764705882353,1.8235294117647058,0.20000000000000018,0.19999999999999996
,2026-01-31,Wolverhampton Wanderers,Bournemouth,0,2,A,0,1,17,9,7,4,5,6,3,3,0,0,M Oliver,2526,E0_2526.csv,2,-2,Away Win,20260131_WolverhamptonWanderers_Bournemouth,1.0,0.8,1.2,0.8,1.5,0.6,1.094890510948905,1.7153284671532847,1.2058823529411764,1.5441176470588236,2.2,2.0,1.6,1.7,2.0,1.1,1.364963503649635,1.6569343065693432,1.4411764705882353,2.088235294117647,-0.40000000000000013,-1.2000000000000002
,2026-01-31,Liverpool,Newcastle United,4,1,H,2,1,17,8,7,2,7,11,1,3,0,0,S Hooper,2526,E0_2526.csv,5,3,Home Win,20260131_Liverpool_NewcastleUnited,1.0,1.2,0.8,1.5,1.2,1.5,2.0583941605839415,1.1751824817518248,2.25,0.8970588235294118,1.8,1.2,2.0,1.5,1.3,1.5,1.8467153284671534,1.2481751824817517,1.5588235294117647,1.4411764705882353,-1.2,-0.8
,2026-01-31,Brighton,Everton,1,1,D,0,0,11,7,2,4,5,2,1,2,0,0,C Kavanagh,2526,E0_2526.csv,2,0,Draw,20260131_Brighton_Everton,1.4,1.2,1.2,1.2,1.5,0.8,1.6496350364963503,1.4963503649635037,1.7058823529411764,1.2647058823529411,1.4,1.2,1.6,1.1,0.9,1.5,1.0291970802919708,1.2992700729927007,0.9117647058823529,1.3823529411764706,-0.40000000000000013,0.0
,2026-01-31,Leeds,Arsenal,0,4,A,0,2,3,14,1,8,4,12,1,1,0,0,S Attwell,2526,E0_2526.csv,4,-4,Away Win,20260131_Leeds_Arsenal,1.2,1.2,1.2,1.8,1.3,1.5,1.2950819672131149,1.901639344262295,1.5,1.6666666666666667,1.8,1.2,1.6,1.7,1.0,2.0,2.116788321167883,0.8978102189781022,1.8529411764705883,0.8382352941176471,-0.40000000000000013,-0.6000000000000001
,2026-02-01,Tottenham Hotspur,Manchester City,2,2,D,0,2,12,15,6,3,3,4,3,3,0,0,R Jones,2526,E0_2526.csv,4,0,Draw,20260201_TottenhamHotspur_ManchesterCity,1.2,1.6,0.6,1.2,1.5,1.0,1.7591240875912408,1.6058394160583942,1.8088235294117647,1.4852941176470589,0.8,0.8,1.2,2.0,0.9,2.1,2.2554744525547443,0.9635036496350365,1.8529411764705883,1.0,-0.6,0.3999999999999999
,2026-02-01,Nottingham Forest,Crystal Palace,1,1,D,1,1,9,14,1,3,5,7,1,3,0,0,M Salisbury,2526,E0_2526.csv,2,0,Draw,20260201_NottinghamForest_CrystalPalace,1.0,1.2,1.4,1.0,1.2,1.3,1.2262773722627738,1.5693430656934306,1.3529411764705883,1.2794117647058822,0.6,1.6,0.4,0.7,1.7,0.8,1.2554744525547445,1.3576642335766422,1.161764705882353,1.411764705882353,0.9999999999999999,0.4
,2026-02-01,Aston Villa,Brentford,0,1,A,0,1,27,6,5,2,12,1,0,3,0,0,T Robinson,2526,E0_2526.csv,1,-1,Away Win,20260201_AstonVilla_Brentford,1.2,1.2,1.4,1.9,1.4,2.2,1.6058394160583942,1.3357664233576643,1.9558823529411764,1.1470588235294117,1.4,1.2,1.4,1.4,1.2,1.4,1.5693430656934306,1.4598540145985401,1.2941176470588236,1.4852941176470589,0.0,-0.19999999999999996
,2026-02-01,Manchester United,Fulham,3,2,H,1,0,13,14,6,6,3,7,2,1,0,0,J Brooks,2526,E0_2526.csv,5,1,Home Win,20260201_ManchesterUnited_Fulham,1.8,1.2,1.8,2.0,1.4,1.7,1.4598540145985401,1.3795620437956204,1.6176470588235294,1.161764705882353,1.4,1.2,1.6,1.7,1.5,1.7,1.4306569343065694,1.4598540145985401,1.2647058823529411,1.5147058823529411,0.19999999999999996,0.40000000000000013
,2026-02-02,Sunderland,Burnley,3,0,H,2,0,14,5,5,0,1,2,1,4,0,0,P Tierney,2526,E0_2526.csv,3,3,Home Win,20260202_Sunderland_Burnley,0.8,1.6,1.0,0.7,1.3,1.1,1.0434782608695652,1.1304347826086956,1.6363636363636365,0.8181818181818182,1.2,2.0,0.6,1.0,1.7,0.5,1.0819672131147542,2.0,1.1666666666666667,2.066666666666667,0.4,-0.3999999999999999
,2026-02-06,Leeds,Nottingham Forest,3,1,H,2,0,14,16,5,6,5,10,1,1,0,0,P Bankes,2526,E0_2526.csv,4,2,Home Win,20260206_Leeds_NottinghamForest,1.2,2.0,1.0,1.5,1.6,1.2,1.2741935483870968,1.935483870967742,1.4516129032258065,1.7419354838709677,1.2,1.0,1.6,1.0,1.3,1.1,1.2246376811594204,1.565217391304348,1.1014492753623188,1.855072463768116,-0.6000000000000001,0.0
,2026-02-07,Wolverhampton Wanderers,Chelsea,1,3,A,0,3,11,15,3,6,3,4,1,1,0,0,J Gillett,2526,E0_2526.csv,4,-2,Away Win,20260207_WolverhamptonWanderers_Chelsea,0.8,1.0,1.0,0.8,1.6,0.6,1.0869565217391304,1.7173913043478262,1.1884057971014492,1.5507246376811594,2.0,1.2,2.0,1.7,1.2,1.6,1.6014492753623188,1.3043478260869565,1.4782608695652173,1.5072463768115942,-1.0,-1.2
,2026-02-07,Manchester United,Tottenham Hotspur,2,0,H,1,0,23,7,10,1,7,0,1,2,0,1,M Oliver,2526,E0_2526.csv,2,2,Home Win,20260207_ManchesterUnited_TottenhamHotspur,2.2,1.4,2.2,2.2,1.5,1.9,1.4710144927536233,1.3840579710144927,1.6376811594202898,1.173913043478261,1.6,2.0,0.6,1.2,1.5,1.0,1.7608695652173914,1.608695652173913,1.710144927536232,1.7246376811594204,1.6,0.6000000000000001
,2026-02-07,Arsenal,Sunderland,3,0,H,1,0,16,5,5,3,5,2,1,2,0,0,S Barrott,2526,E0_2526.csv,3,3,Home Win,20260207_Arsenal_Sunderland,1.8,1.0,1.6,1.9,1.0,2.0,2.130434782608696,0.8913043478260869,2.3768115942028984,0.9565217391304348,1.4,1.6,1.4,0.9,1.2,1.3,1.125,1.0833333333333333,0.5,1.4166666666666667,0.20000000000000018,0.40000000000000013
,2026-02-07,Bournemouth,Aston Villa,1,1,D,0,1,20,7,9,4,11,4,1,1,0,0,A Taylor,2526,E0_2526.csv,2,0,Draw,20260207_Bournemouth_AstonVilla,2.2,1.6,2.0,1.9,1.9,1.4,1.3695652173913044,1.644927536231884,1.289855072463768,1.2318840579710144,1.0,0.6,1.4,1.5,1.2,1.9,1.5942028985507246,1.3333333333333333,1.2608695652173914,1.5217391304347827,0.6000000000000001,1.2000000000000002
,2026-02-07,Burnley,West Ham United,0,2,A,0,2,18,6,5,4,5,2,3,1,0,0,D England,2526,E0_2526.csv,2,-2,Away Win,20260207_Burnley_WestHamUnited,1.0,2.0,0.6,1.0,1.9,0.5,1.064516129032258,2.0161290322580645,1.0,1.935483870967742,1.6,2.0,1.2,1.3,2.0,0.8,1.2826086956521738,1.7318840579710144,1.173913043478261,1.8405797101449275,-0.6,-0.6000000000000001
,2026-02-07,Fulham,Everton,1,2,A,1,0,13,16,3,3,6,6,1,5,0,0,S Attwell,2526,E0_2526.csv,3,-1,Away Win,20260207_Fulham_Everton,1.6,1.6,1.4,1.5,1.3,1.7,1.434782608695652,1.4710144927536233,1.5942028985507246,1.4057971014492754,1.2,1.4,1.2,1.1,1.0,1.3,1.0289855072463767,1.2971014492753623,0.9130434782608695,1.3768115942028984,0.19999999999999996,0.40000000000000013
,2026-02-07,Newcastle United,Brentford,2,3,A,1,2,16,11,4,5,9,3,2,2,0,0,A Madley,2526,E0_2526.csv,5,-1,Away Win,20260207_NewcastleUnited_Brentford,1.4,1.8,1.4,1.4,1.5,1.4,1.8405797101449275,1.2681159420289856,2.130434782608696,1.0579710144927537,1.6,1.2,1.8,1.5,1.0,1.7,1.565217391304348,1.4492753623188406,1.289855072463768,1.463768115942029,-0.40000000000000013,-0.20000000000000018
,2026-02-08,Liverpool,Manchester City,1,2,A,0,0,15,17,4,7,5,4,2,4,1,0,C Pawson,2526,E0_2526.csv,3,-1,Away Win,20260208_Liverpool_ManchesterCity,1.8,1.4,1.2,1.8,1.2,1.7,2.072463768115942,1.173913043478261,2.2753623188405796,0.8985507246376812,1.2,1.2,1.2,1.7,0.7,1.9,2.253623188405797,0.9710144927536232,1.855072463768116,1.0144927536231885,0.0,0.6000000000000001
,2026-02-08,Brighton,Crystal Palace,0,1,A,0,0,7,7,2,4,3,4,1,3,0,0,T Bramall,2526,E0_2526.csv,1,-1,Away Win,20260208_Brighton_CrystalPalace,1.2,1.0,1.2,1.0,1.2,0.9,1.644927536231884,1.4927536231884058,1.6956521739130435,1.2608695652173914,0.6,1.6,0.4,0.7,1.8,0.6,1.2536231884057971,1.355072463768116,1.1594202898550725,1.4057971014492754,0.7999999999999999,0.6
,2026-02-10,Chelsea,Leeds,2,2,D,1,0,19,4,4,2,4,1,4,4,0,0,R Jones,2526,E0_2526.csv,4,0,Draw,20260210_Chelsea_Leeds,2.4,1.2,2.4,2.0,1.3,1.8,1.6115107913669064,1.3021582733812949,1.7246376811594204,1.1014492753623188,1.6,2.0,1.4,1.5,1.4,1.4,1.3015873015873016,1.9206349206349207,1.096774193548387,2.129032258064516,1.0,0.7999999999999998
,2026-02-10,Everton,Bournemouth,1,2,A,1,0,16,11,6,4,7,2,1,3,1,0,A Madley,2526,E0_2526.csv,3,-1,Away Win,20260210_Everton_Bournemouth,1.2,0.8,1.8,1.0,1.1,1.3,1.0359712230215827,1.2949640287769784,1.144927536231884,1.2173913043478262,2.0,1.2,2.2,2.0,2.0,1.4,1.3669064748201438,1.6402877697841727,1.4492753623188406,2.0579710144927534,-0.40000000000000013,-0.8
,2026-02-10,Tottenham Hotspur,Newcastle United,1,2,A,0,1,16,21,2,5,2,12,3,2,0,0,A Taylor,2526,E0_2526.csv,3,-1,Away Win,20260210_TottenhamHotspur_NewcastleUnited,1.4,2.2,0.4,1.0,1.7,0.7,1.7482014388489209,1.6115107913669064,1.8115942028985508,1.4927536231884058,1.4,2.4,0.8,1.4,1.7,1.1,1.841726618705036,1.2805755395683454,1.5507246376811594,1.4782608695652173,-0.4,0.0
,2026-02-10,West Ham United,Manchester United,1,1,D,0,0,7,9,3,3,5,3,1,1,0,0,S Hooper,2526,E0_2526.csv,2,0,Draw,20260210_WestHamUnited_ManchesterUnited,2.0,1.4,1.8,1.4,1.9,1.0,1.2877697841726619,1.7194244604316546,1.391304347826087,1.6231884057971016,2.4,1.2,2.6,2.0,1.4,1.9,1.474820143884892,1.3741007194244603,1.3043478260869565,1.5942028985507246,-0.8,-0.3999999999999999
,2026-02-11,Manchester City,Fulham,3,0,H,3,0,13,14,5,3,4,4,3,1,0,0,P Tierney,2526,E0_2526.csv,3,3,Home Win,20260211_ManchesterCity_Fulham,1.4,1.2,1.6,1.6,0.8,1.9,2.2517985611510793,0.9712230215827338,2.652173913043478,0.927536231884058,1.4,1.6,1.2,1.5,1.3,1.7,1.4316546762589928,1.474820143884892,1.2753623188405796,1.536231884057971,0.40000000000000013,0.0
,2026-02-11,Nottingham Forest,Wolverhampton Wanderers,0,0,D,0,0,35,7,10,3,8,2,0,2,0,0,T Robinson,2526,E0_2526.csv,0,0,Draw,20260211_NottinghamForest_WolverhamptonWanderers,1.2,1.0,1.6,1.1,1.3,1.1,1.223021582733813,1.5755395683453237,1.3478260869565217,1.2753623188405796,0.4,1.6,0.4,0.8,1.5,0.6,1.0863309352517985,1.7266187050359711,0.9855072463768116,1.8840579710144927,1.2000000000000002,0.7999999999999999
,2026-02-11,Aston Villa,Brighton,1,0,H,0,0,15,9,1,3,7,5,2,3,0,0,P Bankes,2526,E0_2526.csv,1,1,Home Win,20260211_AstonVilla_Brighton,0.6,0.6,1.0,1.4,1.2,1.7,1.589928057553957,1.330935251798561,1.9275362318840579,1.144927536231884,0.8,1.2,0.6,0.9,1.2,0.8,1.6330935251798562,1.4892086330935252,1.5942028985507246,1.7246376811594204,0.4,-0.20000000000000007
,2026-02-11,Crystal Palace,Burnley,2,3,A,2,3,21,8,3,3,8,2,2,1,0,0,F Hallam,2526,E0_2526.csv,5,-1,Away Win,20260211_CrystalPalace_Burnley,0.8,1.2,1.0,0.6,1.7,0.6,1.2517985611510791,1.3453237410071943,1.3478260869565217,1.3043478260869565,1.0,2.0,0.6,0.9,1.9,0.5,1.0476190476190477,2.015873015873016,1.1290322580645162,2.096774193548387,0.4,-0.19999999999999996
,2026-02-11,Sunderland,Liverpool,0,1,A,0,0,11,23,2,3,3,11,1,0,0,0,C Kavanagh,2526,E0_2526.csv,1,-1,Away Win,20260211_Sunderland_Liverpool,1.2,2.0,1.2,0.9,1.2,1.3,1.08,1.16,1.75,0.75,1.6,1.4,1.0,1.6,1.1,1.6,2.064748201438849,1.1798561151079137,1.8695652173913044,1.4492753623188406,0.19999999999999996,-0.40000000000000013
,2026-02-12,Brentford,Arsenal,1,1,D,0,0,12,7,3,2,6,4,3,2,0,0,J Brooks,2526,E0_2526.csv,2,0,Draw,20260212_Brentford_Arsenal,1.4,1.2,1.8,1.8,1.0,2.0,1.5755395683453237,1.4532374100719425,1.8405797101449275,1.434782608695652,1.8,0.6,1.6,2.1,0.8,2.3,2.1366906474820144,0.8848920863309353,1.8840579710144927,0.8260869565217391,0.19999999999999996,-0.40000000000000013
,2026-02-18,Wolverhampton Wanderers,Arsenal,2,2,D,0,1,5,10,2,4,1,3,2,1,0,0,P Tierney,2526,E0_2526.csv,4,0,Draw,20260218_WolverhamptonWanderers_Arsenal,0.2,1.4,0.4,0.7,1.3,0.7,1.0785714285714285,1.7142857142857142,1.1857142857142857,1.5714285714285714,2.0,0.8,1.6,2.0,0.8,2.1,2.1285714285714286,0.8857142857142857,1.8714285714285714,0.8285714285714286,-1.2000000000000002,-1.8
,2026-02-21,Aston Villa,Leeds,1,1,D,0,1,16,14,4,4,7,2,1,4,0,0,M Oliver,2526,E0_2526.csv,2,0,Draw,20260221_AstonVilla_Leeds,0.8,0.6,1.4,1.2,1.0,1.7,1.5857142857142856,1.3214285714285714,1.9142857142857144,1.1285714285714286,1.4,1.6,1.6,1.6,1.5,1.4,1.3125,1.921875,1.125,2.125,-0.20000000000000018,-0.5999999999999999
,2026-02-21,Brentford,Brighton,0,2,A,0,2,13,11,3,7,6,4,1,2,0,0,J Gillett,2526,E0_2526.csv,2,-2,Away Win,20260221_Brentford_Brighton,1.0,1.4,1.4,1.8,1.0,2.0,1.5714285714285714,1.45,1.8285714285714285,1.4285714285714286,0.6,1.2,0.4,0.9,1.1,0.8,1.6214285714285714,1.4857142857142858,1.5714285714285714,1.7142857142857142,0.9999999999999999,0.4
,2026-02-21,Chelsea,Burnley,1,1,D,1,0,12,12,2,4,9,5,2,2,1,0,L Smith,2526,E0_2526.csv,2,0,Draw,20260221_Chelsea_Burnley,2.6,1.2,2.6,2.0,1.5,1.6,1.6142857142857143,1.3071428571428572,1.7285714285714286,1.1142857142857143,1.2,2.0,1.0,1.0,1.8,0.8,1.078125,2.015625,1.1875,2.09375,1.6,1.4000000000000001
,2026-02-21,West Ham United,Bournemouth,0,0,D,0,0,20,10,3,5,9,5,1,1,0,0,S Barrott,2526,E0_2526.csv,0,0,Draw,20260221_WestHamUnited_Bournemouth,2.0,1.2,2.0,1.3,1.7,1.1,1.2857142857142858,1.7142857142857142,1.3857142857142857,1.6142857142857143,1.8,1.0,2.2,1.8,1.7,1.6,1.3714285714285714,1.6357142857142857,1.457142857142857,2.0428571428571427,-0.20000000000000018,0.19999999999999996
,2026-02-21,Manchester City,Newcastle United,2,1,H,2,1,15,13,7,7,5,5,2,5,0,0,T Bramall,2526,E0_2526.csv,3,1,Home Win,20260221_ManchesterCity_NewcastleUnited,1.8,1.0,2.0,1.6,0.8,1.9,2.257142857142857,0.9642857142857143,2.657142857142857,0.9142857142857143,1.0,2.0,0.8,1.6,1.7,1.4,1.8428571428571427,1.2785714285714285,1.5571428571428572,1.4714285714285715,1.2,0.8
,2026-02-22,Tottenham Hotspur,Arsenal,1,4,A,1,1,6,20,5,7,2,5,2,1,0,0,P Bankes,2526,E0_2526.csv,5,-3,Away Win,20260222_TottenhamHotspur_Arsenal,1.2,2.0,0.4,1.1,1.6,0.7,1.7428571428571429,1.6142857142857143,1.8,1.5,2.4,1.2,1.6,2.1,1.0,1.9,2.127659574468085,0.8936170212765957,1.8732394366197183,0.8450704225352113,-1.2000000000000002,-1.2
,2026-02-22,Sunderland,Fulham,1,3,A,0,0,12,12,2,4,6,4,1,1,0,0,C Pawson,2526,E0_2526.csv,4,-2,Away Win,20260222_Sunderland_Fulham,1.2,1.6,1.2,0.8,1.3,1.0,1.0384615384615385,1.1538461538461537,1.6153846153846154,0.7692307692307693,1.0,2.0,0.6,1.2,1.4,1.4,1.4214285714285715,1.4857142857142858,1.2571428571428571,1.5571428571428572,0.6,0.19999999999999996
,2026-02-22,Crystal Palace,Wolverhampton Wanderers,1,0,H,0,0,14,12,3,7,7,3,5,1,0,1,T Kirk,2526,E0_2526.csv,1,1,Home Win,20260222_CrystalPalace_WolverhamptonWanderers,1.2,1.8,0.8,0.8,1.7,0.6,1.2571428571428571,1.3571428571428572,1.3571428571428572,1.3285714285714285,0.6,1.8,0.4,0.9,1.3,0.8,1.0851063829787233,1.7163120567375887,0.9714285714285714,1.8571428571428572,0.4,0.6
,2026-02-22,Nottingham Forest,Liverpool,0,1,A,0,0,18,10,2,4,7,2,2,0,0,0,A Taylor,2526,E0_2526.csv,1,-1,Away Win,20260222_NottinghamForest_Liverpool,0.8,0.8,1.2,0.8,1.3,0.9,1.2142857142857142,1.5642857142857143,1.3285714285714285,1.2571428571428571,1.8,1.4,1.4,1.5,1.1,1.6,2.057142857142857,1.1714285714285715,1.8571428571428572,1.4285714285714286,-0.19999999999999996,-1.0
,2026-02-23,Everton,Manchester United,0,1,A,0,0,12,11,4,3,10,1,2,3,0,0,D England,2526,E0_2526.csv,1,-1,Away Win,20260223_Everton_ManchesterUnited,1.2,1.0,1.6,1.1,1.1,1.3,1.0357142857142858,1.3,1.1428571428571428,1.2285714285714286,2.2,1.0,2.6,1.7,1.1,1.9,1.4714285714285715,1.3714285714285714,1.3,1.5857142857142856,-1.0,-1.0000000000000002
,2026-02-27,Wolverhampton Wanderers,Aston Villa,2,0,H,0,0,9,14,2,5,0,5,3,3,0,0,C Pawson,2526,E0_2526.csv,2,2,Home Win,20260227_WolverhamptonWanderers_AstonVilla,0.6,1.6,0.4,0.8,1.2,0.8,1.0774647887323943,1.7112676056338028,1.1971830985915493,1.5774647887323943,1.0,0.6,1.6,1.1,1.0,1.5,1.5815602836879432,1.3191489361702127,1.2571428571428571,1.5142857142857142,-1.2000000000000002,-0.4
,2026-02-28,Leeds,Manchester City,0,1,A,0,1,14,14,2,5,5,3,0,3,0,0,P Bankes,2526,E0_2526.csv,1,-1,Away Win,20260228_Leeds_ManchesterCity,1.4,1.8,1.2,1.3,1.5,1.2,1.3076923076923077,1.9076923076923078,1.5,1.71875,2.2,0.8,2.6,1.5,0.9,1.9,2.25531914893617,0.9645390070921985,1.8571428571428572,1.0142857142857142,-1.4000000000000001,-0.8000000000000003
,2026-02-28,Bournemouth,Sunderland,1,1,D,0,1,21,8,5,4,7,3,4,2,0,0,J Gillett,2526,E0_2526.csv,2,0,Draw,20260228_Bournemouth_Sunderland,1.6,0.8,2.2,1.7,1.6,1.6,1.3617021276595744,1.624113475177305,1.2857142857142858,1.2285714285714286,1.0,2.0,0.6,0.9,1.6,0.9,1.037037037037037,1.2222222222222223,0.46153846153846156,1.5384615384615385,1.6,0.6000000000000001
,2026-02-28,Burnley,Brentford,3,4,A,1,3,12,16,3,7,4,8,2,2,0,0,S Barrott,2526,E0_2526.csv,7,-1,Away Win,20260228_Burnley_Brentford,1.2,2.0,1.0,1.0,1.8,0.8,1.0769230769230769,2.0,0.96875,1.9375,1.0,1.4,1.4,1.6,1.2,1.7,1.5602836879432624,1.4539007092198581,1.3142857142857143,1.4714285714285715,-0.3999999999999999,0.19999999999999996
,2026-02-28,Liverpool,West Ham United,5,2,H,3,0,18,11,7,4,10,5,2,2,0,0,T Robinson,2526,E0_2526.csv,7,3,Home Win,20260228_Liverpool_WestHamUnited,1.8,1.2,1.8,1.4,1.0,1.6,2.049645390070922,1.1631205673758864,2.257142857142857,0.9142857142857143,1.6,1.0,1.6,1.3,1.4,1.2,1.2765957446808511,1.702127659574468,1.1857142857142857,1.8142857142857143,0.19999999999999996,0.19999999999999996
,2026-02-28,Newcastle United,Everton,2,3,A,1,2,17,9,7,5,7,2,2,3,0,0,S Attwell,2526,E0_2526.csv,5,-1,Away Win,20260228_NewcastleUnited_Everton,1.2,2.4,0.6,1.5,1.7,1.3,1.8368794326241136,1.2836879432624113,2.1285714285714286,1.0857142857142856,1.0,1.2,1.0,1.1,1.1,1.3,1.0283687943262412,1.297872340425532,0.9285714285714286,1.3714285714285714,-0.4,0.19999999999999996
,2026-03-01,Fulham,Tottenham Hotspur,2,1,H,2,0,18,13,4,1,5,8,3,3,0,0,T Bramall,2526,E0_2526.csv,3,1,Home Win,20260301_Fulham_TottenhamHotspur,1.6,2.0,1.2,1.4,1.5,1.4,1.4326241134751774,1.4822695035460993,1.5857142857142856,1.4142857142857144,1.2,2.4,0.4,1.1,1.8,0.7,1.7375886524822695,1.6312056737588652,1.6857142857142857,1.7285714285714286,0.7999999999999999,0.40000000000000013
,2026-03-01,Manchester United,Crystal Palace,2,1,H,0,1,20,8,11,3,7,1,2,2,0,1,C Kavanagh,2526,E0_2526.csv,3,1,Home Win,20260301_ManchesterUnited_CrystalPalace,2.0,1.0,2.6,1.7,0.9,2.2,1.4680851063829787,1.3617021276595744,1.6428571428571428,1.1571428571428573,1.2,1.4,1.4,0.8,1.3,0.9,1.2553191489361701,1.3475177304964538,1.1571428571428573,1.3857142857142857,1.2000000000000002,0.8
,2026-03-01,Brighton,Nottingham Forest,2,1,H,2,1,14,13,7,4,4,4,3,1,0,0,A Madley,2526,E0_2526.csv,3,1,Home Win,20260301_Brighton_NottinghamForest,0.8,1.0,0.8,1.1,1.1,1.0,1.624113475177305,1.475177304964539,1.6714285714285715,1.2571428571428571,0.8,1.0,1.0,0.8,1.3,0.9,1.2056737588652482,1.5602836879432624,1.1,1.8714285714285714,-0.19999999999999996,0.0
,2026-03-01,Arsenal,Chelsea,2,1,H,1,1,12,9,5,3,5,10,1,3,0,1,D England,2526,E0_2526.csv,3,1,Home Win,20260301_Arsenal_Chelsea,2.8,0.8,2.2,2.3,1.0,1.9,2.140845070422535,0.8943661971830986,2.3857142857142857,0.9428571428571428,2.4,1.4,2.2,1.9,1.4,1.6,1.6099290780141844,1.3049645390070923,1.5,1.5,0.0,0.3999999999999999
,2026-03-03,Wolverhampton Wanderers,Liverpool,2,1,H,0,0,4,19,3,7,2,11,2,1,0,0,T Bramall,2526,E0_2526.csv,3,1,Home Win,20260303_WolverhamptonWanderers_Liverpool,1.0,1.2,1.0,0.9,1.1,1.0,1.083916083916084,1.6993006993006994,1.2083333333333333,1.5555555555555556,2.4,1.0,2.4,1.7,1.1,1.6,2.0704225352112675,1.1690140845070423,1.8450704225352113,1.408450704225352,-1.4,-1.4
,2026-03-03,Leeds,Sunderland,0,1,A,0,0,18,3,4,1,9,2,1,3,0,0,S Attwell,2526,E0_2526.csv,1,-1,Away Win,20260303_Leeds_Sunderland,1.2,1.8,1.0,1.2,1.5,1.1,1.2878787878787878,1.893939393939394,1.4545454545454546,1.696969696969697,1.0,1.6,0.8,0.9,1.6,0.9,1.0357142857142858,1.2142857142857142,0.5,1.5,0.19999999999999996,0.19999999999999996
,2026-03-03,Bournemouth,Brentford,0,0,D,0,0,13,5,2,2,4,3,2,1,0,0,C Pawson,2526,E0_2526.csv,0,0,Draw,20260303_Bournemouth_Brentford,1.2,0.6,1.8,1.7,1.3,1.7,1.3591549295774648,1.619718309859155,1.2816901408450705,1.2253521126760563,1.8,1.6,2.0,1.6,1.4,1.7,1.5774647887323943,1.4647887323943662,1.352112676056338,1.4929577464788732,-0.19999999999999996,-0.6000000000000001
,2026-03-03,Everton,Burnley,2,0,H,1,0,14,5,5,2,6,3,0,1,0,0,T Robinson,2526,E0_2526.csv,2,2,Home Win,20260303_Everton_Burnley,1.4,1.4,1.4,1.4,1.3,1.5,1.0422535211267605,1.3028169014084507,1.1267605633802817,1.2253521126760563,1.4,2.4,0.8,1.3,2.2,0.7,1.106060606060606,2.0303030303030303,1.1818181818181819,2.0606060606060606,0.5999999999999999,0.0
,2026-03-04,Aston Villa,Chelsea,1,4,A,1,2,9,15,4,8,3,8,3,2,0,0,J Gillett,2526,E0_2526.csv,5,-3,Away Win,20260304_AstonVilla_Chelsea,0.6,1.0,1.0,0.9,1.1,1.2,1.5704225352112675,1.323943661971831,1.9014084507042253,1.1267605633802817,2.0,1.6,1.6,1.9,1.4,1.6,1.6056338028169015,1.3098591549295775,1.4929577464788732,1.5070422535211268,-0.6000000000000001,-1.4
,2026-03-04,Brighton,Arsenal,0,1,A,0,1,11,7,3,2,4,3,4,1,0,0,C Kavanagh,2526,E0_2526.csv,1,-1,Away Win,20260304_Brighton_Arsenal,1.0,0.8,1.4,1.2,1.0,1.3,1.6267605633802817,1.471830985915493,1.676056338028169,1.2535211267605635,2.4,1.0,2.2,2.1,1.0,1.9,2.13986013986014,0.8951048951048951,1.9027777777777777,0.8472222222222222,-0.8000000000000003,-1.4
,2026-03-04,Fulham,West Ham United,0,1,A,0,0,13,9,5,3,7,5,2,4,0,0,M Donohue,2526,E0_2526.csv,1,-1,Away Win,20260304_Fulham_WestHamUnited,1.6,2.0,1.2,1.5,1.6,1.4,1.4366197183098592,1.4788732394366197,1.591549295774648,1.408450704225352,1.4,1.8,1.0,1.5,1.8,1.2,1.2816901408450705,1.7253521126760563,1.1971830985915493,1.8591549295774648,0.19999999999999996,0.20000000000000018
,2026-03-04,Manchester City,Nottingham Forest,2,2,D,1,0,21,9,7,4,6,1,0,4,0,0,D England,2526,E0_2526.csv,4,0,Draw,20260304_ManchesterCity_NottinghamForest,2.0,0.8,2.6,1.4,0.8,1.9,2.2464788732394365,0.9577464788732394,2.647887323943662,0.9154929577464789,0.6,1.4,0.4,0.8,1.3,0.9,1.204225352112676,1.5633802816901408,1.0985915492957747,1.8732394366197183,2.2,1.4
,2026-03-04,Newcastle United,Manchester United,2,1,H,1,1,12,14,5,5,2,4,2,3,1,0,P Bankes,2526,E0_2526.csv,3,1,Home Win,20260304_NewcastleUnited_ManchesterUnited,1.6,2.6,0.6,1.7,1.9,1.3,1.8380281690140845,1.295774647887324,2.1267605633802815,1.1126760563380282,1.8,0.8,2.6,1.8,1.0,2.2,1.471830985915493,1.3591549295774648,1.295774647887324,1.5633802816901408,-2.0,-0.19999999999999996
,2026-03-05,Tottenham Hotspur,Crystal Palace,1,3,A,1,3,12,9,4,4,6,3,3,2,0,0,A Madley,2526,E0_2526.csv,4,-2,Away Win,20260305_TottenhamHotspur_CrystalPalace,1.0,2.4,0.2,1.1,2.0,0.4,1.732394366197183,1.6338028169014085,1.7887323943661972,1.5352112676056338,1.2,1.2,1.4,0.9,1.4,0.9,1.2535211267605635,1.352112676056338,1.1549295774647887,1.3943661971830985,-1.2,-0.19999999999999996
,2026-03-14,West Ham United,Manchester City,1,1,D,1,1,1,24,1,6,1,15,2,2,0,0,M Oliver,2526,E0_2526.csv,2,0,Draw,20260314_WestHamUnited_ManchesterCity,1.2,1.2,1.6,1.4,1.6,1.4,1.2797202797202798,1.7132867132867133,1.3661971830985915,1.591549295774648,2.0,0.8,2.6,1.6,1.0,1.9,2.2447552447552446,0.965034965034965,1.8450704225352113,1.0,-1.0,-0.8
,2026-03-14,Chelsea,Newcastle United,0,1,A,0,1,22,7,3,5,8,1,2,2,0,0,P Tierney,2526,E0_2526.csv,1,-1,Away Win,20260314_Chelsea_NewcastleUnited,2.2,1.4,1.6,2.1,1.3,1.8,1.6223776223776223,1.3076923076923077,1.7183098591549295,1.1126760563380282,1.8,2.0,1.2,1.6,1.9,1.3,1.8391608391608392,1.2937062937062938,1.5492957746478873,1.4788732394366197,0.40000000000000013,0.40000000000000013
,2026-03-14,Arsenal,Everton,2,0,H,0,0,25,9,7,3,8,3,0,0,0,0,A Madley,2526,E0_2526.csv,2,2,Home Win,20260314_Arsenal_Everton,2.0,1.0,2.2,1.9,0.8,1.9,2.1319444444444446,0.8888888888888888,2.380281690140845,0.9436619718309859,1.6,1.2,1.8,1.4,1.3,1.5,1.048951048951049,1.2937062937062938,0.9577464788732394,1.380281690140845,0.40000000000000013,0.3999999999999999
,2026-03-14,Sunderland,Brighton,0,1,A,0,0,14,12,4,4,7,3,1,2,0,0,T Kirk,2526,E0_2526.csv,1,-1,Away Win,20260314_Sunderland_Brighton,0.6,1.6,0.8,1.0,1.6,1.1,1.0344827586206897,1.1724137931034482,1.5714285714285714,0.9285714285714286,0.8,0.8,1.2,1.0,0.9,1.2,1.6153846153846154,1.4685314685314685,1.5774647887323943,1.6901408450704225,-0.3999999999999999,-0.20000000000000007
,2026-03-14,Burnley,Bournemouth,0,0,D,0,0,15,22,2,3,5,8,1,0,0,0,P Bankes,2526,E0_2526.csv,0,0,Draw,20260314_Burnley_Bournemouth,1.4,2.2,0.8,1.2,2.1,0.7,1.0895522388059702,2.029850746268657,1.0303030303030303,2.0,0.8,0.6,1.4,1.5,1.1,1.7,1.3496503496503496,1.6083916083916083,1.4366197183098592,2.0140845070422535,-0.5999999999999999,0.5999999999999999
,2026-03-15,Crystal Palace,Leeds,0,0,D,0,0,12,10,0,3,8,3,2,1,0,1,T Bramall,2526,E0_2526.csv,0,0,Draw,20260315_CrystalPalace_Leeds,1.6,1.2,1.8,1.1,1.4,1.1,1.2657342657342658,1.3496503496503496,1.352112676056338,1.3098591549295775,1.2,1.2,1.0,1.2,1.6,1.0,1.2686567164179106,1.8805970149253732,1.121212121212121,2.090909090909091,0.8,0.40000000000000013
,2026-03-15,Manchester United,Aston Villa,3,1,H,0,0,16,9,6,2,6,6,3,2,0,0,A Taylor,2526,E0_2526.csv,4,2,Home Win,20260315_ManchesterUnited_AstonVilla,1.4,0.8,2.0,1.8,1.1,2.1,1.4685314685314685,1.3636363636363635,1.647887323943662,1.1549295774647887,0.8,1.6,1.0,0.9,1.1,1.2,1.5664335664335665,1.3426573426573427,1.2394366197183098,1.5211267605633803,1.0,0.5999999999999999
,2026-03-15,Nottingham Forest,Fulham,0,0,D,0,0,11,5,2,0,5,4,2,3,0,0,S Barrott,2526,E0_2526.csv,0,0,Draw,20260315_NottinghamForest_Fulham,0.8,1.6,0.4,1.0,1.3,1.0,1.2097902097902098,1.5664335664335665,1.3098591549295775,1.2535211267605635,1.2,1.6,1.2,1.4,1.6,1.3,1.4265734265734267,1.4755244755244756,1.2816901408450705,1.5492957746478873,-0.7999999999999999,-0.3999999999999999
,2026-03-15,Liverpool,Tottenham Hotspur,1,1,D,1,0,17,13,4,7,3,4,0,0,0,0,C Kavanagh,2526,E0_2526.csv,2,0,Draw,20260315_Liverpool_TottenhamHotspur,1.8,1.2,1.8,1.8,1.3,1.5,2.062937062937063,1.1748251748251748,2.295774647887324,0.9295774647887324,0.8,2.6,0.0,1.2,2.3,0.3,1.7272727272727273,1.6433566433566433,1.676056338028169,1.732394366197183,1.8,1.0
,2026-03-16,Brentford,Wolverhampton Wanderers,2,2,D,2,1,10,13,3,4,1,5,2,4,0,0,S Attwell,2526,E0_2526.csv,4,0,Draw,20260316_Brentford_WolverhamptonWanderers,1.6,1.6,1.6,1.6,1.4,1.7,1.5664335664335665,1.4545454545454546,1.8028169014084507,1.4366197183098592,1.2,0.8,1.6,0.8,1.2,1.0,1.0902777777777777,1.6944444444444444,0.9577464788732394,1.8450704225352113,0.0,0.40000000000000013
,2026-03-20,Bournemouth,Manchester United,2,2,D,0,0,16,14,5,5,6,8,2,2,0,1,S Attwell,2526,E0_2526.csv,4,0,Draw,20260320_Bournemouth_ManchesterUnited,0.6,0.4,1.4,1.3,0.8,1.8,1.3402777777777777,1.5972222222222223,1.2638888888888888,1.2083333333333333,1.6,1.0,2.0,2.0,1.1,2.3,1.4791666666666667,1.3611111111111112,1.2916666666666667,1.5694444444444444,-0.6000000000000001,-1.0
,2026-03-21,Everton,Chelsea,3,0,H,1,0,10,12,9,4,3,9,0,2,0,0,S Barrott,2526,E0_2526.csv,3,3,Home Win,20260321_Everton_Chelsea,1.2,1.4,1.2,1.2,1.1,1.5,1.0416666666666667,1.2986111111111112,1.1388888888888888,1.2083333333333333,1.6,1.4,1.0,2.0,1.3,1.7,1.6111111111111112,1.3055555555555556,1.5277777777777777,1.5,0.19999999999999996,-0.40000000000000013
,2026-03-21,Leeds,Brentford,0,0,D,0,0,14,6,4,2,6,2,2,0,0,0,J Gillett,2526,E0_2526.csv,0,0,Draw,20260321_Leeds_Brentford,0.6,1.0,0.6,1.1,1.5,1.0,1.25,1.8529411764705883,1.411764705882353,1.6764705882352942,1.4,1.6,1.2,1.4,1.4,1.5,1.5694444444444444,1.4583333333333333,1.3333333333333333,1.4722222222222223,-0.6,-0.7999999999999999
,2026-03-21,Brighton,Liverpool,2,1,H,1,1,16,12,7,5,4,8,5,5,0,0,D England,2526,E0_2526.csv,3,1,Home Win,20260321_Brighton_Liverpool,1.0,0.6,1.8,0.9,0.9,1.2,1.6111111111111112,1.4583333333333333,1.6527777777777777,1.25,1.8,1.0,2.0,1.7,1.2,1.5,2.0555555555555554,1.1736111111111112,1.8333333333333333,1.4166666666666667,-0.19999999999999996,-0.8
,2026-03-21,Fulham,Burnley,3,1,H,0,0,22,9,6,5,6,6,2,2,0,1,C Kavanagh,2526,E0_2526.csv,4,2,Home Win,20260321_Fulham_Burnley,1.0,1.2,1.4,1.2,1.4,1.3,1.4166666666666667,1.4652777777777777,1.5694444444444444,1.4027777777777777,1.4,1.8,1.0,1.2,1.9,0.8,1.0735294117647058,2.0,1.1470588235294117,2.0588235294117645,0.3999999999999999,-0.3999999999999999
,2026-03-22,Newcastle United,Sunderland,1,2,A,1,0,16,17,4,7,9,5,1,6,0,0,A Taylor,2526,E0_2526.csv,3,-1,Away Win,20260322_NewcastleUnited_Sunderland,1.6,1.4,1.8,1.5,1.9,1.3,1.8333333333333333,1.2847222222222223,2.125,1.1111111111111112,0.6,1.2,0.8,0.9,1.6,1.0,1.0,1.1666666666666667,0.5333333333333333,1.4,1.0,1.0
,2026-03-22,Aston Villa,West Ham United,2,0,H,1,0,23,9,7,1,6,6,0,1,0,0,P Tierney,2526,E0_2526.csv,2,2,Home Win,20260322_AstonVilla_WestHamUnited,0.8,2.0,0.8,0.7,1.3,0.9,1.5625,1.3541666666666667,1.8888888888888888,1.1666666666666667,1.0,1.4,1.2,1.5,1.4,1.5,1.2777777777777777,1.7083333333333333,1.1944444444444444,1.8333333333333333,-0.3999999999999999,-0.19999999999999996
,2026-03-22,Tottenham Hotspur,Nottingham Forest,0,3,A,0,1,14,8,3,7,13,3,1,2,0,0,M Oliver,2526,E0_2526.csv,3,-3,Away Win,20260322_TottenhamHotspur_NottinghamForest,1.0,2.4,0.2,1.2,2.3,0.3,1.7222222222222223,1.6388888888888888,1.7777777777777777,1.5555555555555556,0.6,1.0,0.6,0.9,1.0,1.1,1.2013888888888888,1.5555555555555556,1.1111111111111112,1.875,-0.39999999999999997,0.4
,2026-04-10,West Ham United,Wolverhampton Wanderers,4,0,H,1,0,18,14,7,3,5,2,2,2,0,0,J Gillett,2526,E0_2526.csv,4,4,Home Win,20260410_WestHamUnited_WolverhamptonWanderers,0.8,1.6,1.0,1.4,1.4,1.5,1.2689655172413794,1.710344827586207,1.3611111111111112,1.5833333333333333,1.6,1.2,1.6,0.9,1.3,1.0,1.096551724137931,1.696551724137931,0.9722222222222222,1.8472222222222223,-0.6000000000000001,-0.8
,2026-04-11,Arsenal,Bournemouth,1,2,A,1,1,15,8,3,3,10,1,1,3,0,0,M Oliver,2526,E0_2526.csv,3,-1,Away Win,20260411_Arsenal_Bournemouth,2.2,0.8,2.6,2.1,0.8,2.1,2.1310344827586207,0.8827586206896552,2.375,0.9305555555555556,0.6,0.6,1.0,1.2,0.8,1.6,1.3448275862068966,1.6,1.4166666666666667,1.9861111111111112,1.6,1.6
,2026-04-11,Brentford,Everton,2,2,D,1,1,17,14,4,7,2,3,0,2,0,0,F Hallam,2526,E0_2526.csv,4,0,Draw,20260411_Brentford_Everton,1.2,1.4,1.2,1.1,1.4,1.3,1.5586206896551724,1.4482758620689655,1.8055555555555556,1.4444444444444444,1.6,1.0,1.8,1.4,1.0,1.7,1.0551724137931036,1.289655172413793,0.9444444444444444,1.3888888888888888,-0.6000000000000001,-0.40000000000000013
,2026-04-11,Burnley,Brighton,0,2,A,0,1,10,13,5,6,8,2,2,1,0,0,T Bramall,2526,E0_2526.csv,2,-2,Away Win,20260411_Burnley_Brighton,1.0,2.0,0.4,1.1,2.0,0.7,1.0724637681159421,2.0144927536231885,1.0,1.9411764705882353,1.4,0.6,2.4,1.0,0.9,1.4,1.6137931034482758,1.4551724137931035,1.5694444444444444,1.6666666666666667,-2.0,-0.3999999999999999
,2026-04-11,Liverpool,Fulham,2,0,H,2,0,18,19,5,4,6,9,0,0,0,0,A Taylor,2526,E0_2526.csv,2,2,Home Win,20260411_Liverpool_Fulham,1.8,1.4,1.4,1.8,1.4,1.4,2.0482758620689654,1.1793103448275861,2.2777777777777777,0.9305555555555556,1.6,0.8,2.0,1.3,1.4,1.3,1.4275862068965517,1.4620689655172414,1.2638888888888888,1.5277777777777777,-0.6000000000000001,0.19999999999999996
,2026-04-12,Chelsea,Manchester City,0,3,A,0,0,12,18,3,8,4,12,3,1,0,0,C Kavanagh,2526,E0_2526.csv,3,-3,Away Win,20260412_Chelsea_ManchesterCity,1.2,1.6,0.8,1.9,1.4,1.7,1.6,1.3172413793103448,1.6944444444444444,1.1111111111111112,1.8,0.8,2.2,1.6,1.0,1.9,2.236111111111111,0.9652777777777778,1.8333333333333333,1.0,-1.4000000000000001,-0.6000000000000001
,2026-04-12,Sunderland,Tottenham Hotspur,1,0,H,0,0,13,11,2,7,2,6,3,3,0,0,R Jones,2526,E0_2526.csv,1,1,Home Win,20260412_Sunderland_TottenhamHotspur,1.0,1.2,1.4,1.1,1.4,1.3,1.032258064516129,1.1612903225806452,1.4666666666666666,0.9333333333333333,0.8,2.6,0.2,1.0,2.3,0.3,1.710344827586207,1.6482758620689655,1.6666666666666667,1.7222222222222223,1.2,0.19999999999999996
,2026-04-12,Nottingham Forest,Aston Villa,1,1,D,1,1,15,12,4,5,7,3,2,2,0,0,M Salisbury,2526,E0_2526.csv,2,0,Draw,20260412_NottinghamForest_AstonVilla,1.2,1.0,1.0,1.0,0.9,1.1,1.2137931034482758,1.5448275862068965,1.2916666666666667,1.2361111111111112,1.0,2.0,0.8,0.9,1.3,1.1,1.5655172413793104,1.3448275862068966,1.2361111111111112,1.5416666666666667,0.19999999999999996,0.19999999999999996
,2026-04-12,Crystal Palace,Newcastle United,2,1,H,0,1,11,7,5,3,2,4,0,3,0,0,A Madley,2526,E0_2526.csv,3,1,Home Win,20260412_CrystalPalace_NewcastleUnited,1.4,1.2,1.4,1.1,1.2,1.2,1.2569444444444444,1.3402777777777777,1.3333333333333333,1.2916666666666667,1.4,1.6,1.2,1.2,1.8,1.0,1.8275862068965518,1.289655172413793,1.5416666666666667,1.4583333333333333,0.19999999999999996,0.0
,2026-04-13,Manchester United,Leeds,1,2,A,0,2,20,15,9,6,11,4,3,2,1,0,P Tierney,2526,E0_2526.csv,3,-1,Away Win,20260413_ManchesterUnited_Leeds,1.8,1.2,2.0,2.0,1.1,2.3,1.4827586206896552,1.3655172413793104,1.6666666666666667,1.1527777777777777,0.2,0.6,0.6,0.8,1.1,1.1,1.2318840579710144,1.826086956521739,1.088235294117647,2.0294117647058822,1.4,1.6
,2026-04-18,Brentford,Fulham,0,0,D,0,0,13,11,4,0,9,3,0,1,0,0,P Tierney,2526,E0_2526.csv,0,0,Draw,20260418_Brentford_Fulham,1.6,1.4,1.4,1.3,1.4,1.4,1.5616438356164384,1.452054794520548,1.8082191780821917,1.452054794520548,1.0,1.0,1.4,1.3,1.5,1.3,1.417808219178082,1.4657534246575343,1.2465753424657535,1.5342465753424657,0.0,0.6000000000000001
,2026-04-18,Leeds,Wolverhampton Wanderers,3,0,H,2,0,17,7,6,2,5,6,2,1,0,0,F Hallam,2526,E0_2526.csv,3,3,Home Win,20260418_Leeds_WolverhamptonWanderers,0.4,0.6,1.0,0.9,1.2,1.1,1.2428571428571429,1.8142857142857143,1.3714285714285714,1.6285714285714286,1.2,1.6,1.4,0.9,1.7,0.9,1.0890410958904109,1.7123287671232876,0.958904109589041,1.8767123287671232,-0.3999999999999999,-0.7999999999999999
,2026-04-18,Newcastle United,Bournemouth,1,2,A,0,1,12,12,3,3,2,3,2,4,0,0,T Bramall,2526,E0_2526.csv,3,-1,Away Win,20260418_NewcastleUnited_Bournemouth,1.4,1.6,1.2,1.3,2.0,0.9,1.821917808219178,1.2945205479452055,2.1095890410958904,1.1232876712328768,1.0,0.8,1.4,1.3,0.8,1.8,1.3493150684931507,1.595890410958904,1.4246575342465753,1.9726027397260273,-0.19999999999999996,0.3999999999999999
,2026-04-18,Tottenham Hotspur,Brighton,2,2,D,1,1,13,10,6,3,7,5,3,1,0,0,S Attwell,2526,E0_2526.csv,4,0,Draw,20260418_TottenhamHotspur_Brighton,0.6,2.0,0.2,0.9,2.2,0.3,1.6986301369863013,1.643835616438356,1.7534246575342465,1.5753424657534247,1.4,0.6,2.4,1.1,0.8,1.6,1.6164383561643836,1.4452054794520548,1.5753424657534247,1.643835616438356,-2.1999999999999997,-0.7999999999999999
,2026-04-18,Chelsea,Manchester United,0,1,A,0,1,21,4,3,1,7,1,1,3,0,0,M Oliver,2526,E0_2526.csv,1,-1,Away Win,20260418_Chelsea_ManchesterUnited,1.0,2.0,0.6,1.7,1.7,1.4,1.5890410958904109,1.3287671232876712,1.6712328767123288,1.1369863013698631,1.8,1.6,1.4,1.9,1.3,2.0,1.4794520547945205,1.36986301369863,1.3013698630136987,1.5753424657534247,-0.7999999999999999,-0.8
,2026-04-19,Nottingham Forest,Burnley,4,1,H,0,1,10,4,4,3,4,4,0,2,0,0,T Kirk,2526,E0_2526.csv,5,3,Home Win,20260419_NottinghamForest_Burnley,1.4,1.0,1.2,1.1,1.0,1.1,1.2123287671232876,1.5410958904109588,1.2876712328767124,1.2328767123287672,0.8,2.2,0.2,1.0,2.1,0.6,1.0571428571428572,2.0142857142857142,1.1428571428571428,2.085714285714286,1.0,0.5999999999999999
,2026-04-19,Aston Villa,Sunderland,4,3,H,2,1,15,10,7,7,4,5,1,3,0,0,S Barrott,2526,E0_2526.csv,7,1,Home Win,20260419_AstonVilla_Sunderland,1.0,2.0,0.8,1.0,1.3,1.2,1.5616438356164384,1.3424657534246576,1.8904109589041096,1.1506849315068493,1.0,0.6,2.0,1.0,1.3,1.3,1.03125,1.125,0.625,1.375,-1.2,0.0
,2026-04-19,Everton,Liverpool,1,2,A,0,1,10,14,4,6,1,6,2,0,0,0,C Kavanagh,2526,E0_2526.csv,3,-1,Away Win,20260419_Everton_Liverpool,2.0,1.2,2.0,1.5,1.2,1.5,1.0616438356164384,1.2945205479452055,1.1643835616438356,1.1917808219178083,2.0,1.4,1.4,1.9,1.3,1.6,2.047945205479452,1.1712328767123288,1.821917808219178,1.4246575342465753,0.6000000000000001,0.0
,2026-04-19,Manchester City,Arsenal,2,1,H,1,1,15,9,5,3,8,5,2,2,0,0,A Taylor,2526,E0_2526.csv,3,1,Home Win,20260419_ManchesterCity_Arsenal,1.8,0.8,2.2,1.8,0.9,2.1,2.2413793103448274,0.9586206896551724,2.638888888888889,0.9305555555555556,2.0,0.8,2.4,2.2,1.0,2.0,2.1232876712328768,0.8904109589041096,1.8904109589041096,0.8356164383561644,-0.19999999999999973,-0.19999999999999996
,2026-04-20,Crystal Palace,West Ham United,0,0,D,0,0,9,9,1,4,4,6,2,1,0,0,D England,2526,E0_2526.csv,0,0,Draw,20260420_CrystalPalace_WestHamUnited,1.4,0.8,2.0,1.3,1.3,1.4,1.2620689655172415,1.3379310344827586,1.3424657534246576,1.2876712328767124,1.6,1.6,1.4,1.6,1.3,1.5,1.2876712328767124,1.6986301369863013,1.178082191780822,1.8356164383561644,0.6000000000000001,-0.20000000000000018
,2026-04-21,Brighton,Chelsea,3,0,H,1,0,15,6,9,0,6,5,1,1,0,0,C Pawson,2526,E0_2526.csv,3,3,Home Win,20260421_Brighton_Chelsea,1.4,0.8,2.0,1.2,0.8,1.7,1.619047619047619,1.4489795918367347,1.6575342465753424,1.2465753424657535,0.8,1.8,0.6,1.4,1.7,1.1,1.5782312925170068,1.3265306122448979,1.5068493150684932,1.5205479452054795,1.4,0.5999999999999999
,2026-04-22,Bournemouth,Leeds,2,2,D,0,0,17,10,7,3,12,1,3,0,0,0,M Salisbury,2526,E0_2526.csv,4,0,Draw,20260422_Bournemouth_Leeds,1.2,0.8,1.8,1.2,0.7,1.8,1.3537414965986394,1.5918367346938775,1.273972602739726,1.2191780821917808,1.0,0.4,1.6,1.1,1.1,1.3,1.267605633802817,1.7887323943661972,1.1142857142857143,2.0,0.19999999999999996,0.19999999999999996
,2026-04-22,Burnley,Manchester City,0,1,A,0,1,9,28,1,9,3,11,0,0,0,0,A Madley,2526,E0_2526.csv,1,-1,Away Win,20260422_Burnley_ManchesterCity,0.4,2.2,0.2,0.9,2.3,0.5,1.056338028169014,2.0422535211267605,0.9714285714285714,1.9428571428571428,1.8,0.8,2.2,2.0,0.8,2.4,2.23972602739726,0.958904109589041,1.8493150684931507,0.9863013698630136,-2.0,-1.4
,2026-04-24,Sunderland,Nottingham Forest,0,5,A,0,4,14,10,4,6,3,6,2,5,0,0,D England,2526,E0_2526.csv,5,-5,Away Win,20260424_Sunderland_NottinghamForest,1.4,1.2,1.8,1.2,1.4,1.3,1.0909090909090908,1.2121212121212122,1.4375,0.875,2.0,0.8,1.8,1.3,1.1,1.1,1.2312925170068028,1.5374149659863945,1.1369863013698631,1.8493150684931507,0.0,-0.6000000000000001
,2026-04-25,Fulham,Aston Villa,1,0,H,1,0,13,10,6,1,2,5,2,2,0,0,M Oliver,2526,E0_2526.csv,1,1,Home Win,20260425_Fulham_AstonVilla,0.6,0.8,1.0,1.1,1.4,1.1,1.4081632653061225,1.4557823129251701,1.5890410958904109,1.3972602739726028,1.8,2.2,1.4,1.2,1.6,1.2,1.5782312925170068,1.3537414965986394,1.2328767123287672,1.5342465753424657,-0.3999999999999999,-1.2000000000000002
,2026-04-25,Liverpool,Crystal Palace,3,1,H,2,0,9,14,3,7,5,8,1,3,0,0,A Madley,2526,E0_2526.csv,4,2,Home Win,20260425_Liverpool_CrystalPalace,1.4,1.2,1.4,1.9,1.1,1.9,2.0476190476190474,1.1700680272108843,2.2739726027397262,0.9178082191780822,1.2,0.8,1.6,1.2,1.1,1.5,1.2534246575342465,1.3287671232876712,1.1805555555555556,1.3888888888888888,-0.20000000000000018,0.19999999999999996
,2026-04-25,West Ham United,Everton,2,1,H,0,0,10,11,3,3,3,4,3,4,0,0,S Attwell,2526,E0_2526.csv,3,1,Home Win,20260425_WestHamUnited_Everton,1.2,0.6,1.6,1.3,1.2,1.3,1.2789115646258504,1.6870748299319729,1.3972602739726028,1.5616438356164384,1.6,1.2,1.4,1.5,1.3,1.4,1.0612244897959184,1.2993197278911566,0.958904109589041,1.3972602739726028,0.20000000000000018,-0.40000000000000013
,2026-04-25,Wolverhampton Wanderers,Tottenham Hotspur,0,1,A,0,0,11,11,2,2,5,5,3,4,0,0,A Taylor,2526,E0_2526.csv,1,-1,Away Win,20260425_WolverhamptonWanderers_TottenhamHotspur,1.2,2.0,1.4,0.9,1.8,0.9,1.0816326530612246,1.7210884353741496,1.2191780821917808,1.547945205479452,0.8,2.0,0.4,0.9,2.2,0.3,1.7006802721088434,1.6462585034013606,1.643835616438356,1.7123287671232876,0.9999999999999999,0.3999999999999999
,2026-04-25,Arsenal,Newcastle United,1,0,H,1,0,11,13,4,3,7,2,2,2,0,0,S Barrott,2526,E0_2526.csv,1,1,Home Win,20260425_Arsenal_NewcastleUnited,1.4,1.0,1.8,2.1,0.9,2.0,2.1156462585034013,0.8979591836734694,2.356164383561644,0.9452054794520548,1.2,1.4,1.2,1.4,2.0,0.9,1.816326530612245,1.2993197278911566,1.5342465753424657,1.4657534246575343,0.6000000000000001,0.19999999999999996
,2026-04-27,Manchester United,Brentford,2,1,H,2,0,11,12,6,4,7,8,2,4,0,0,C Kavanagh,2526,E0_2526.csv,3,1,Home Win,20260427_ManchesterUnited_Brentford,1.6,1.4,1.4,1.7,1.1,2.0,1.4761904761904763,1.3605442176870748,1.6575342465753424,1.1643835616438356,0.8,0.8,1.0,1.3,1.2,1.5,1.5510204081632653,1.4421768707482994,1.3150684931506849,1.452054794520548,0.3999999999999999,0.8
,2026-05-01,Leeds,Burnley,3,1,H,1,0,18,9,8,3,5,0,4,3,0,0,T Bramall,2526,E0_2526.csv,4,2,Home Win,20260501_Leeds_Burnley,1.4,0.6,1.8,1.3,0.9,1.4,1.2777777777777777,1.7916666666666667,1.4166666666666667,1.5833333333333333,0.4,2.0,0.2,0.9,2.1,0.5,1.0416666666666667,2.0277777777777777,1.1388888888888888,2.138888888888889,1.6,0.9999999999999999
,2026-05-02,Brentford,West Ham United,3,0,H,1,0,14,13,6,4,2,6,1,3,0,0,C Pawson,2526,E0_2526.csv,3,3,Home Win,20260502_Brentford_WestHamUnited,1.0,1.2,0.8,1.3,1.4,1.2,1.5472972972972974,1.445945945945946,1.7837837837837838,1.4324324324324325,1.4,0.8,1.6,1.3,1.0,1.6,1.2837837837837838,1.6824324324324325,1.162162162162162,1.8108108108108107,-0.8,-0.3999999999999999
,2026-05-02,Newcastle United,Brighton,3,1,H,2,0,13,13,6,4,2,10,3,3,0,0,C Kavanagh,2526,E0_2526.csv,4,2,Home Win,20260502_NewcastleUnited_Brighton,0.8,1.4,0.6,1.3,1.7,0.9,1.804054054054054,1.2972972972972974,2.0945945945945947,1.135135135135135,2.0,0.6,2.6,1.4,0.7,1.9,1.6283783783783783,1.4391891891891893,1.5810810810810811,1.6486486486486487,-2.0,-1.2
,2026-05-02,Wolverhampton Wanderers,Sunderland,1,1,D,0,1,20,10,7,2,6,3,0,4,0,1,P Tierney,2526,E0_2526.csv,2,0,Draw,20260502_WolverhamptonWanderers_Sunderland,0.8,2.2,0.8,0.9,1.7,0.9,1.0743243243243243,1.7162162162162162,1.2027027027027026,1.5405405405405406,1.2,2.2,1.2,0.9,1.9,1.0,1.0588235294117647,1.3235294117647058,0.7647058823529411,1.5294117647058822,-0.3999999999999999,-0.3999999999999999
,2026-05-02,Arsenal,Fulham,3,0,H,3,0,18,10,9,1,3,4,0,1,0,0,J Gillett,2526,E0_2526.csv,3,3,Home Win,20260502_Arsenal_Fulham,1.2,0.8,1.8,1.8,0.9,2.0,2.108108108108108,0.8918918918918919,2.3378378378378377,0.9324324324324325,0.8,0.6,1.6,1.0,1.1,1.4,1.4054054054054055,1.445945945945946,1.2297297297297298,1.5135135135135136,0.19999999999999996,0.3999999999999999
,2026-05-03,Bournemouth,Crystal Palace,3,0,H,2,0,16,7,5,1,7,1,0,2,0,0,R Jones,2526,E0_2526.csv,3,3,Home Win,20260503_Bournemouth_CrystalPalace,1.6,1.2,1.8,1.2,0.9,1.6,1.3581081081081081,1.5945945945945945,1.2837837837837838,1.2297297297297298,1.2,1.0,1.6,1.2,1.1,1.5,1.251700680272109,1.3401360544217686,1.178082191780822,1.4109589041095891,0.19999999999999996,0.40000000000000013
,2026-05-03,Manchester United,Liverpool,3,2,H,2,0,18,13,6,5,3,2,2,2,0,0,D England,2526,E0_2526.csv,5,1,Home Win,20260503_ManchesterUnited_Liverpool,1.8,1.2,2.0,1.6,1.0,2.0,1.4797297297297298,1.3581081081081081,1.662162162162162,1.162162162162162,1.8,1.0,2.0,1.8,1.1,1.9,2.054054054054054,1.1689189189189189,1.8243243243243243,1.4189189189189189,0.0,0.0
,2026-05-03,Aston Villa,Tottenham Hotspur,1,2,A,0,2,5,10,1,5,5,5,2,5,0,0,S Barrott,2526,E0_2526.csv,3,-1,Away Win,20260503_AstonVilla_TottenhamHotspur,1.6,1.6,1.4,1.2,1.6,1.2,1.5675675675675675,1.3513513513513513,1.9189189189189189,1.1756756756756757,0.8,1.4,1.0,0.8,2.0,0.5,1.695945945945946,1.635135135135135,1.635135135135135,1.6891891891891893,0.3999999999999999,0.8
,2026-05-04,Chelsea,Nottingham Forest,1,3,A,0,2,21,6,5,4,10,1,3,1,0,0,A Taylor,2526,E0_2526.csv,4,-2,Away Win,20260504_Chelsea_NottinghamForest,0.0,2.2,0.0,1.1,1.8,0.8,1.5675675675675675,1.337837837837838,1.6486486486486487,1.135135135135135,2.6,0.4,2.2,1.7,1.0,1.3,1.2567567567567568,1.527027027027027,1.1891891891891893,1.8243243243243243,-2.2,-2.6
,2026-05-04,Everton,Manchester City,3,3,D,0,1,14,21,6,4,5,9,4,1,0,0,M Oliver,2526,E0_2526.csv,6,0,Draw,20260504_Everton_ManchesterCity,1.4,1.6,0.8,1.5,1.4,1.3,1.0608108108108107,1.304054054054054,1.162162162162162,1.2027027027027026,1.8,0.8,2.2,1.9,0.8,2.4,2.2312925170068025,0.9523809523809523,1.837837837837838,0.972972972972973,-1.4000000000000001,-0.40000000000000013
,2026-05-09,Manchester City,Brentford,3,0,H,0,0,25,4,10,2,10,2,4,2,0,0,M Salisbury,2526,E0_2526.csv,3,3,Home Win,20260509_ManchesterCity_Brentford,2.0,1.0,2.2,2.0,0.9,2.4,2.2364864864864864,0.9662162162162162,2.6301369863013697,0.9315068493150684,1.2,0.8,1.2,1.3,1.2,1.2,1.5570469798657718,1.436241610738255,1.3108108108108107,1.4594594594594594,1.0000000000000002,0.8
,2026-05-09,Sunderland,Manchester United,0,0,D,0,0,15,11,4,1,7,8,0,3,0,0,S Attwell,2526,E0_2526.csv,0,0,Draw,20260509_Sunderland_ManchesterUnited,1.4,2.2,1.4,1.0,1.7,1.1,1.0571428571428572,1.3142857142857143,1.3529411764705883,1.1176470588235294,1.8,1.4,2.0,1.7,1.2,2.0,1.4899328859060403,1.3624161073825503,1.2972972972972974,1.554054054054054,-0.6000000000000001,-0.40000000000000013
,2026-05-09,Liverpool,Chelsea,1,1,D,1,1,8,6,3,3,5,2,2,4,0,0,C Pawson,2526,E0_2526.csv,2,0,Draw,20260509_Liverpool_Chelsea,2.0,1.4,1.8,1.9,1.2,1.9,2.053691275167785,1.1812080536912752,2.2837837837837838,0.918918918918919,0.2,2.6,0.0,0.9,2.0,0.5,1.563758389261745,1.348993288590604,1.4864864864864864,1.5405405405405406,1.8,1.8
,2026-05-09,Brighton,Wolverhampton Wanderers,3,0,H,2,0,14,5,6,1,7,1,1,2,0,0,J Brooks,2526,E0_2526.csv,3,3,Home Win,20260509_Brighton_WolverhamptonWanderers,2.0,1.2,2.0,1.5,0.9,1.9,1.6241610738255035,1.4496644295302012,1.6756756756756757,1.2297297297297298,0.6,2.2,0.4,0.9,1.5,1.0,1.0738255033557047,1.7114093959731544,0.9459459459459459,1.8918918918918919,1.6,1.4
,2026-05-09,Fulham,Bournemouth,0,1,A,0,0,14,10,2,5,11,2,4,2,1,1,A Madley,2526,E0_2526.csv,1,-1,Away Win,20260509_Fulham_Bournemouth,0.8,1.2,1.4,0.9,1.2,1.4,1.395973154362416,1.4563758389261745,1.5810810810810811,1.3783783783783783,2.2,1.2,2.2,1.4,0.8,1.8,1.3691275167785235,1.5838926174496644,1.4324324324324325,1.9594594594594594,-0.8000000000000003,-1.4000000000000001
,2026-05-10,Burnley,Aston Villa,2,2,D,1,1,15,18,6,7,2,8,1,1,0,0,A Taylor,2526,E0_2526.csv,4,0,Draw,20260510_Burnley_AstonVilla,0.6,2.6,0.0,1.0,2.2,0.5,1.0410958904109588,2.041095890410959,0.9444444444444444,1.9166666666666667,1.6,1.4,1.4,1.2,1.7,1.1,1.563758389261745,1.3557046979865772,1.2162162162162162,1.527027027027027,-1.4,-1.0
,2026-05-10,Crystal Palace,Everton,2,2,D,1,1,21,13,8,6,5,10,0,2,0,0,T Bramall,2526,E0_2526.csv,4,0,Draw,20260510_CrystalPalace_Everton,0.6,1.4,1.0,1.1,1.3,1.4,1.2432432432432432,1.3513513513513513,1.3243243243243243,1.2702702702702702,2.0,1.8,1.0,1.6,1.6,1.1,1.0738255033557047,1.3154362416107384,0.9594594594594594,1.4054054054054055,0.0,-1.4
,2026-05-10,Nottingham Forest,Newcastle United,1,1,D,0,0,17,16,6,6,2,1,2,0,0,0,P Tierney,2526,E0_2526.csv,2,0,Draw,20260510_NottinghamForest_NewcastleUnited,3.2,0.6,2.6,1.9,0.8,1.6,1.2684563758389262,1.523489932885906,1.3243243243243243,1.2297297297297298,1.2,1.6,0.6,1.4,1.5,1.2,1.8120805369127517,1.2953020134228188,1.5135135135135136,1.4594594594594594,2.0,2.0
,2026-05-10,West Ham United,Arsenal,0,1,A,0,0,9,15,3,4,4,3,3,4,0,0,C Kavanagh,2526,E0_2526.csv,1,-1,Away Win,20260510_WestHamUnited_Arsenal,1.2,1.2,1.4,1.1,1.3,1.3,1.2751677852348993,1.691275167785235,1.4054054054054055,1.554054054054054,1.6,0.8,1.8,1.8,0.9,2.0,2.1140939597315436,0.8859060402684564,1.8783783783783783,0.8513513513513513,-0.40000000000000013,-0.40000000000000013
,2026-05-11,Tottenham Hotspur,Leeds,1,1,D,0,0,16,11,3,4,14,2,3,1,0,0,J Gillett,2526,E0_2526.csv,2,0,Draw,20260511_TottenhamHotspur_Leeds,1.0,1.4,1.4,1.0,1.9,0.8,1.6979865771812082,1.6308724832214765,1.7567567567567568,1.5810810810810811,2.0,0.8,2.2,1.3,0.9,1.4,1.3013698630136987,1.7808219178082192,1.1388888888888888,2.0,-0.8000000000000003,-1.0
,2026-05-13,Manchester City,Crystal Palace,3,0,H,2,0,15,6,4,2,9,4,0,2,0,0,S Attwell,2526,E0_2526.csv,3,3,Home Win,20260513_ManchesterCity_CrystalPalace,2.4,0.8,2.6,2.1,0.8,2.4,2.2416107382550337,0.959731543624161,2.635135135135135,0.918918918918919,1.0,1.8,1.0,1.2,1.5,1.2,1.2483221476510067,1.3557046979865772,1.162162162162162,1.4324324324324325,1.6,1.4
,2026-05-15,Aston Villa,Liverpool,4,2,H,1,0,14,16,9,5,4,9,3,1,0,0,C Kavanagh,2526,E0_2526.csv,6,2,Home Win,20260515_AstonVilla_Liverpool,1.6,1.8,1.0,1.3,1.9,0.9,1.5666666666666667,1.36,1.9066666666666667,1.1866666666666668,2.0,1.2,2.0,1.9,1.3,1.7,2.046666666666667,1.18,1.8266666666666667,1.44,-1.0,-0.3999999999999999
,2026-05-17,Newcastle United,West Ham United,3,1,H,2,0,15,15,7,8,9,1,1,3,0,0,J Gillett,2526,E0_2526.csv,4,2,Home Win,20260517_NewcastleUnited_WestHamUnited,1.2,1.4,0.8,1.3,1.5,1.0,1.8066666666666666,1.2933333333333332,2.1066666666666665,1.1333333333333333,1.2,1.0,1.4,1.0,1.3,1.2,1.2666666666666666,1.6866666666666668,1.1466666666666667,1.8266666666666667,-0.5999999999999999,0.0
,2026-05-17,Wolverhampton Wanderers,Fulham,1,1,D,1,1,11,13,3,5,3,6,1,0,0,0,T Kirk,2526,E0_2526.csv,2,0,Draw,20260517_WolverhamptonWanderers_Fulham,0.2,2.4,0.2,0.9,1.8,0.9,1.0666666666666667,1.72,1.2,1.5333333333333334,0.2,1.2,0.8,0.9,1.0,1.4,1.3866666666666667,1.4533333333333334,1.2133333333333334,1.5333333333333334,-0.6000000000000001,0.0
,2026-05-17,Leeds,Brighton,1,0,H,0,0,7,19,1,8,7,8,1,0,0,0,M Oliver,2526,E0_2526.csv,1,1,Home Win,20260517_Leeds_Brighton,2.2,1.0,2.2,1.2,0.8,1.4,1.2972972972972974,1.7702702702702702,1.4594594594594594,1.5675675675675675,2.2,1.0,2.0,1.8,0.8,2.2,1.6333333333333333,1.44,1.5733333333333333,1.6666666666666667,0.20000000000000018,0.0
,2026-05-17,Manchester United,Nottingham Forest,3,2,H,1,0,29,11,8,4,7,6,2,1,0,0,M Salisbury,2526,E0_2526.csv,5,1,Home Win,20260517_ManchesterUnited_NottinghamForest,1.4,1.0,2.0,1.6,1.1,2.0,1.48,1.3533333333333333,1.68,1.1733333333333333,2.8,0.8,2.2,2.0,0.9,1.6,1.2666666666666666,1.52,1.2133333333333334,1.8133333333333332,-0.20000000000000018,-1.4
,2026-05-17,Brentford,Crystal Palace,2,2,D,1,1,14,16,3,5,9,4,1,3,0,0,S Barrott,2526,E0_2526.csv,4,0,Draw,20260517_Brentford_CrystalPalace,1.2,1.4,1.0,1.2,1.4,1.1,1.5466666666666666,1.4466666666666668,1.8,1.4133333333333333,0.6,2.2,0.4,1.0,1.5,1.2,1.24,1.3666666666666667,1.1466666666666667,1.4533333333333334,0.6,0.6
,2026-05-17,Everton,Sunderland,1,3,A,1,0,10,7,4,3,3,2,3,0,0,0,J Brooks,2526,E0_2526.csv,4,-2,Away Win,20260517_Everton_Sunderland,1.8,2.2,0.6,1.7,1.6,1.2,1.08,1.32,1.1866666666666668,1.2266666666666666,1.0,2.0,1.0,1.0,1.6,1.2,1.0277777777777777,1.2777777777777777,0.7777777777777778,1.5,-0.4,0.8
,2026-05-18,Arsenal,Burnley,1,0,H,1,0,13,5,3,0,3,3,1,3,0,0,P Tierney,2526,E0_2526.csv,1,1,Home Win,20260518_Arsenal_Burnley,1.4,0.8,1.8,1.8,0.8,2.2,2.1066666666666665,0.88,2.3466666666666667,0.92,0.8,2.4,0.2,0.9,2.2,0.3,1.054054054054054,2.0405405405405403,1.135135135135135,2.1621621621621623,1.6,0.5999999999999999
,2026-05-19,Chelsea,Tottenham Hotspur,2,1,H,1,0,9,9,4,3,3,4,4,3,0,0,S Attwell,2526,E0_2526.csv,3,1,Home Win,20260519_Chelsea_TottenhamHotspur,0.4,2.2,0.2,0.8,1.9,0.5,1.56,1.3466666666666667,1.64,1.16,1.2,1.0,1.6,1.0,1.8,0.9,1.6933333333333334,1.6266666666666667,1.64,1.68,-1.4000000000000001,-0.7999999999999999
,2026-05-19,Bournemouth,Manchester City,1,1,D,1,0,10,14,2,5,7,6,4,2,0,0,A Taylor,2526,E0_2526.csv,2,0,Draw,20260519_Bournemouth_ManchesterCity,2.0,0.8,2.6,1.3,0.7,1.8,1.3666666666666667,1.5733333333333333,1.3066666666666666,1.2133333333333334,2.4,0.8,2.6,2.1,0.8,2.4,2.2466666666666666,0.9533333333333334,1.8533333333333333,1.0,0.0,-0.3999999999999999
,2026-05-24,Nottingham Forest,Bournemouth,1,1,D,1,0,15,17,5,4,6,3,1,1,0,0,C Pawson,2526,E0_2526.csv,2,0,Draw,20260524_NottinghamForest_Bournemouth,3.0,1.2,2.0,2.2,1.1,1.6,1.271523178807947,1.5298013245033113,1.32,1.2266666666666666,1.8,0.8,2.2,1.4,0.8,1.8,1.3642384105960266,1.5695364238410596,1.4266666666666667,1.9333333333333333,-0.20000000000000018,1.2
,2026-05-24,Manchester City,Aston Villa,1,2,A,1,0,16,12,3,5,9,4,1,0,0,0,A Madley,2526,E0_2526.csv,3,-1,Away Win,20260524_ManchesterCity_AstonVilla,2.2,0.8,2.2,2.0,0.8,2.2,2.23841059602649,0.9536423841059603,2.64,0.9066666666666666,2.2,2.0,1.4,1.6,2.0,1.1,1.5827814569536425,1.3642384105960266,1.2266666666666666,1.5333333333333334,0.8000000000000003,0.0
,2026-05-24,Sunderland,Chelsea,2,1,H,1,0,20,10,2,1,7,7,3,2,0,0,C Kavanagh,2526,E0_2526.csv,3,1,Home Win,20260524_Sunderland_Chelsea,1.4,2.2,1.0,1.2,1.4,1.5,1.0810810810810811,1.2702702702702702,1.2777777777777777,1.0555555555555556,0.8,1.8,0.8,0.9,1.9,0.7,1.5629139072847682,1.3443708609271523,1.48,1.5333333333333334,0.19999999999999996,0.5999999999999999
,2026-05-24,Liverpool,Brentford,1,1,D,0,0,24,11,8,2,14,2,2,3,0,0,D England,2526,E0_2526.csv,2,0,Draw,20260524_Liverpool_Brentford,2.0,2.0,1.4,2.0,1.7,1.4,2.0463576158940397,1.1986754966887416,2.2666666666666666,0.92,1.2,1.4,1.0,1.4,1.4,1.2,1.5496688741721854,1.4503311258278146,1.2933333333333332,1.48,0.3999999999999999,0.8
,2026-05-24,Tottenham Hotspur,Everton,1,0,H,1,0,21,8,6,3,6,2,5,3,0,1,M Oliver,2526,E0_2526.csv,1,1,Home Win,20260524_TottenhamHotspur_Everton,1.4,1.2,1.6,1.0,1.6,0.9,1.6887417218543046,1.6291390728476822,1.7466666666666666,1.5733333333333333,1.6,2.4,0.4,1.8,1.8,1.2,1.0794701986754967,1.3311258278145695,0.9733333333333334,1.4133333333333333,1.2000000000000002,-0.20000000000000018
,2026-05-24,Crystal Palace,Arsenal,1,2,A,0,1,8,17,3,7,3,4,0,1,0,0,F Hallam,2526,E0_2526.csv,3,-1,Away Win,20260524_CrystalPalace_Arsenal,1.0,2.6,0.4,1.1,1.7,1.0,1.2450331125827814,1.3708609271523178,1.3333333333333333,1.28,1.4,0.4,2.4,1.7,0.6,2.4,2.0993377483443707,0.8741721854304636,1.8666666666666667,0.84,-2.0,-0.3999999999999999
,2026-05-24,Burnley,Wolverhampton Wanderers,1,1,D,0,1,16,16,8,4,7,7,2,2,0,0,A Kitchen,2526,E0_2526.csv,2,0,Draw,20260524_Burnley_WolverhamptonWanderers,0.8,2.2,0.2,0.8,2.2,0.2,1.04,2.026666666666667,0.972972972972973,1.9189189189189189,0.4,1.8,0.4,0.8,1.7,0.9,1.0662251655629138,1.7152317880794703,0.9333333333333333,1.9066666666666667,-0.2,0.4
,2026-05-24,Brighton,Manchester United,0,3,A,0,2,13,11,2,7,0,3,0,1,0,0,S Barrott,2526,E0_2526.csv,3,-3,Away Win,20260524_Brighton_ManchesterUnited,1.8,1.2,1.4,1.6,0.9,1.9,1.6225165562913908,1.4370860927152318,1.6933333333333334,1.2133333333333334,1.8,1.0,2.6,1.8,1.3,2.0,1.490066225165563,1.3576158940397351,1.28,1.5333333333333334,-1.2000000000000002,0.0
,2026-05-24,Fulham,Newcastle United,2,0,H,1,0,21,7,6,2,6,6,2,2,0,0,R Jones,2526,E0_2526.csv,2,2,Home Win,20260524_Fulham_NewcastleUnited,0.4,1.0,1.0,0.7,1.0,1.2,1.3841059602649006,1.4503311258278146,1.56,1.3733333333333333,1.6,1.2,1.4,1.5,1.4,1.3,1.814569536423841,1.2913907284768211,1.5066666666666666,1.4533333333333334,-0.3999999999999999,-1.2000000000000002
,2026-05-24,West Ham United,Leeds,3,0,H,0,0,16,13,9,3,6,4,0,3,0,0,A Taylor,2526,E0_2526.csv,3,3,Home Win,20260524_WestHamUnited_Leeds,0.6,1.6,0.8,1.1,1.6,1.1,1.2649006622516556,1.695364238410596,1.3866666666666667,1.5466666666666666,2.0,0.8,2.2,1.2,0.7,1.6,1.2933333333333332,1.7466666666666666,1.135135135135135,1.972972972972973,-1.4000000000000001,-1.4
