"match_id","home_team","away_team","expected_home_goals","expected_away_goals","predicted_score","home_win_prob","draw_prob","away_win_prob","actual_home_goals","actual_away_goals","actual_result"
"20220805_CrystalPalace_Arsenal","Crystal Palace","Arsenal",0.82,1.72,"0-1",0.1769,0.2362,0.5869,0,2,"A"
"20220806_Fulham_Liverpool","Fulham","Liverpool",1.26,1.78,"1-1",0.2707,0.2325,0.4967,2,2,"D"
"20220806_Bournemouth_AstonVilla","Bournemouth","Aston Villa",1.39,1.51,"1-1",0.3489,0.2473,0.4038,2,0,"H"
"20220806_Leeds_WolverhamptonWanderers","Leeds","Wolverhampton Wanderers",1.65,1.15,"1-1",0.4903,0.244,0.2657,2,1,"H"
"20220806_NewcastleUnited_NottinghamForest","Newcastle United","Nottingham Forest",2.02,1.02,"2-1",0.6043,0.2106,0.1851,2,0,"H"
"20220806_TottenhamHotspur_Southampton","Tottenham Hotspur","Southampton",2.59,0.83,"2-0",0.7509,0.1514,0.0976,4,1,"H"
"20220806_Everton_Chelsea","Everton","Chelsea",1.07,1.25,"1-1",0.3164,0.2809,0.4027,0,1,"A"
"20220807_LeicesterCity_Brentford","Leicester City","Brentford",1.21,1.83,"1-1",0.2518,0.2288,0.5194,2,2,"D"
"20220807_ManchesterUnited_Brighton","Manchester United","Brighton",1.61,1.33,"1-1",0.4407,0.2428,0.3165,1,2,"A"
"20220807_WestHamUnited_ManchesterCity","West Ham United","Manchester City",0.94,2.25,"0-2",0.1441,0.1868,0.669,0,2,"A"
"20220813_Brentford_ManchesterUnited","Brentford","Manchester United",1.55,1.33,"1-1",0.4257,0.2471,0.3271,4,0,"H"
"20220813_WolverhamptonWanderers_Fulham","Wolverhampton Wanderers","Fulham",1.15,1.43,"1-1",0.3018,0.2618,0.4364,0,0,"D"
"20220813_Southampton_Leeds","Southampton","Leeds",1.08,1.66,"1-1",0.2471,0.2437,0.5092,2,2,"D"
"20220813_Arsenal_LeicesterCity","Arsenal","Leicester City",2.96,0.62,"2-0",0.842,0.1078,0.05,4,2,"H"
"20220813_Brighton_NewcastleUnited","Brighton","Newcastle United",1.57,1.6,"1-1",0.3759,0.2356,0.3885,0,0,"D"
"20220813_AstonVilla_Everton","Aston Villa","Everton",1.54,0.89,"1-0",0.5239,0.2571,0.2189,2,1,"H"
"20220813_ManchesterCity_Bournemouth","Manchester City","Bournemouth",2.54,0.83,"2-0",0.7451,0.155,0.0999,4,0,"H"
"20220814_NottinghamForest_WestHamUnited","Nottingham Forest","West Ham United",1.58,1.19,"1-1",0.4631,0.2487,0.2882,1,0,"H"
"20220814_Chelsea_TottenhamHotspur","Chelsea","Tottenham Hotspur",1.88,1.4,"1-1",0.4878,0.2242,0.288,2,2,"D"
"20220815_Liverpool_CrystalPalace","Liverpool","Crystal Palace",2.05,0.93,"2-0",0.6331,0.2049,0.162,1,1,"D"
"20220820_LeicesterCity_Southampton","Leicester City","Southampton",1.72,0.99,"1-0",0.545,0.2385,0.2165,1,2,"A"
"20220820_Bournemouth_Arsenal","Bournemouth","Arsenal",0.91,1.97,"0-1",0.1668,0.2122,0.6211,0,3,"A"
"20220820_Fulham_Brentford","Fulham","Brentford",1.5,1.36,"1-1",0.4055,0.2493,0.3452,3,2,"H"
"20220820_Everton_NottinghamForest","Everton","Nottingham Forest",1.2,1.02,"1-1",0.4008,0.288,0.3111,1,1,"D"
"20220820_CrystalPalace_AstonVilla","Crystal Palace","Aston Villa",1.26,1.32,"1-1",0.3528,0.265,0.3822,3,1,"H"
"20220820_TottenhamHotspur_WolverhamptonWanderers","Tottenham Hotspur","Wolverhampton Wanderers",2.12,1.07,"2-1",0.6137,0.2028,0.1835,1,0,"H"
"20220821_Leeds_Chelsea","Leeds","Chelsea",1.32,1.66,"1-1",0.3057,0.2399,0.4544,3,0,"H"
"20220821_WestHamUnited_Brighton","West Ham United","Brighton",1.39,1.65,"1-1",0.3232,0.2389,0.4379,0,2,"A"
"20220821_NewcastleUnited_ManchesterCity","Newcastle United","Manchester City",1.31,1.76,"1-1",0.2864,0.2332,0.4804,3,3,"D"
"20220822_ManchesterUnited_Liverpool","Manchester United","Liverpool",1.36,1.67,"1-1",0.3115,0.2384,0.4501,2,1,"H"
"20220827_Arsenal_Fulham","Arsenal","Fulham",2.19,0.76,"2-0",0.702,0.1827,0.1153,2,1,"H"
"20220827_ManchesterCity_CrystalPalace","Manchester City","Crystal Palace",2.22,0.75,"2-0",0.7094,0.1794,0.1112,4,2,"H"
"20220827_Chelsea_LeicesterCity","Chelsea","Leicester City",2.23,0.93,"2-0",0.6682,0.1879,0.1438,2,1,"H"
"20220827_Liverpool_Bournemouth","Liverpool","Bournemouth",2.34,1.02,"2-1",0.6678,0.1823,0.1499,9,0,"H"
"20220827_Brentford_Everton","Brentford","Everton",1.5,0.95,"1-0",0.5015,0.2603,0.2383,1,1,"D"
"20220827_Southampton_ManchesterUnited","Southampton","Manchester United",0.84,1.88,"0-1",0.1606,0.2183,0.6211,0,1,"A"
"20220827_Brighton_Leeds","Brighton","Leeds",2.09,1.17,"2-1",0.5839,0.208,0.2081,1,0,"H"
"20220828_AstonVilla_WestHamUnited","Aston Villa","West Ham United",1.96,1.08,"1-1",0.5796,0.2167,0.2037,0,1,"A"
"20220828_WolverhamptonWanderers_NewcastleUnited","Wolverhampton Wanderers","Newcastle United",1.05,1.85,"1-1",0.2113,0.2261,0.5626,1,1,"D"
"20220828_NottinghamForest_TottenhamHotspur","Nottingham Forest","Tottenham Hotspur",1.54,1.57,"1-1",0.3741,0.2378,0.3881,0,2,"A"
"20220830_CrystalPalace_Brentford","Crystal Palace","Brentford",1.34,1.29,"1-1",0.3791,0.2622,0.3587,1,1,"D"
"20220830_Fulham_Brighton","Fulham","Brighton",1.5,1.42,"1-1",0.3944,0.2467,0.3589,2,1,"H"
"20220830_Southampton_Chelsea","Southampton","Chelsea",0.84,1.96,"0-1",0.1528,0.2105,0.6367,2,1,"H"
"20220830_Leeds_Everton","Leeds","Everton",1.28,1.14,"1-1",0.3967,0.2742,0.329,1,1,"D"
"20220831_Liverpool_NewcastleUnited","Liverpool","Newcastle United",1.97,1.34,"1-1",0.5207,0.2187,0.2607,2,1,"H"
"20220831_WestHamUnited_TottenhamHotspur","West Ham United","Tottenham Hotspur",1.56,1.74,"1-1",0.3475,0.2295,0.423,1,1,"D"
"20220831_ManchesterCity_NottinghamForest","Manchester City","Nottingham Forest",2.47,0.77,"2-0",0.7464,0.1575,0.096,6,0,"H"
"20220831_Bournemouth_WolverhamptonWanderers","Bournemouth","Wolverhampton Wanderers",1.71,1.03,"1-1",0.5342,0.2391,0.2266,0,0,"D"
"20220831_Arsenal_AstonVilla","Arsenal","Aston Villa",2.09,0.87,"2-0",0.6563,0.1985,0.1452,2,1,"H"
"20220901_LeicesterCity_ManchesterUnited","Leicester City","Manchester United",1.13,1.77,"1-1",0.2414,0.2338,0.5248,0,1,"A"
"20220903_Everton_Liverpool","Everton","Liverpool",0.97,1.62,"0-1",0.225,0.2478,0.5273,0,0,"D"
"20220903_Brentford_Leeds","Brentford","Leeds",2,1.17,"2-1",0.5665,0.2149,0.2187,5,2,"H"
"20220903_Chelsea_WestHamUnited","Chelsea","West Ham United",1.93,1.07,"1-1",0.5749,0.2195,0.2056,2,1,"H"
"20220903_NewcastleUnited_CrystalPalace","Newcastle United","Crystal Palace",1.82,1,"1-0",0.5662,0.229,0.2048,0,0,"D"
"20220903_NottinghamForest_Bournemouth","Nottingham Forest","Bournemouth",1.47,1.27,"1-1",0.4196,0.2543,0.3261,2,3,"A"
"20220903_TottenhamHotspur_Fulham","Tottenham Hotspur","Fulham",1.81,1.39,"1-1",0.4748,0.2292,0.296,2,1,"H"
"20220903_WolverhamptonWanderers_Southampton","Wolverhampton Wanderers","Southampton",1.64,0.86,"1-0",0.5584,0.2455,0.1962,1,0,"H"
"20220903_AstonVilla_ManchesterCity","Aston Villa","Manchester City",1.16,1.84,"1-1",0.2387,0.2283,0.5329,1,1,"D"
"20220904_ManchesterUnited_Arsenal","Manchester United","Arsenal",0.99,1.7,"0-1",0.2196,0.24,0.5404,3,1,"H"
"20220904_Brighton_LeicesterCity","Brighton","Leicester City",2.32,1,"2-1",0.6676,0.1836,0.1487,5,2,"H"
"20220916_AstonVilla_Southampton","Aston Villa","Southampton",2.42,0.7,"2-0",0.7538,0.1576,0.0885,1,0,"H"
"20220916_NottinghamForest_Fulham","Nottingham Forest","Fulham",1.36,1.29,"1-1",0.3855,0.2611,0.3534,2,3,"A"
"20220917_WolverhamptonWanderers_ManchesterCity","Wolverhampton Wanderers","Manchester City",0.79,2.27,"0-2",0.1142,0.1772,0.7086,0,3,"A"
"20220917_NewcastleUnited_Bournemouth","Newcastle United","Bournemouth",2.08,1.1,"2-1",0.5989,0.2073,0.1938,1,1,"D"
"20220917_TottenhamHotspur_LeicesterCity","Tottenham Hotspur","Leicester City",2.44,1.12,"2-1",0.6621,0.179,0.1589,6,2,"H"
"20220918_Brentford_Arsenal","Brentford","Arsenal",1.03,1.83,"1-1",0.2099,0.2281,0.5621,0,3,"A"
"20220918_Everton_WestHamUnited","Everton","West Ham United",1.33,1.03,"1-1",0.4334,0.2757,0.2908,1,0,"H"
"20221001_WestHamUnited_WolverhamptonWanderers","West Ham United","Wolverhampton Wanderers",1.61,1.1,"1-1",0.4919,0.2479,0.2602,2,0,"H"
"20221001_Southampton_Everton","Southampton","Everton",0.81,1.35,"0-1",0.2257,0.281,0.4934,1,2,"A"
"20221001_Liverpool_Brighton","Liverpool","Brighton",2.18,1.21,"2-1",0.5962,0.2011,0.2027,3,3,"D"
"20221001_Fulham_NewcastleUnited","Fulham","Newcastle United",1.35,1.58,"1-1",0.3271,0.2446,0.4283,1,4,"A"
"20221001_CrystalPalace_Chelsea","Crystal Palace","Chelsea",1.24,1.3,"1-1",0.3538,0.2672,0.379,1,2,"A"
"20221001_Bournemouth_Brentford","Bournemouth","Brentford",1.47,1.48,"1-1",0.3763,0.2453,0.3784,0,0,"D"
"20221001_Arsenal_TottenhamHotspur","Arsenal","Tottenham Hotspur",2.49,0.93,"2-0",0.7149,0.1651,0.12,3,1,"H"
"20221002_ManchesterCity_ManchesterUnited","Manchester City","Manchester United",2.2,0.9,"2-0",0.6687,0.1897,0.1417,6,3,"H"
"20221002_Leeds_AstonVilla","Leeds","Aston Villa",1.34,1.69,"1-1",0.3041,0.2377,0.4582,0,0,"D"
"20221003_LeicesterCity_NottinghamForest","Leicester City","Nottingham Forest",1.27,1.51,"1-1",0.3186,0.252,0.4294,4,0,"H"
"20221008_Bournemouth_LeicesterCity","Bournemouth","Leicester City",1.96,1.07,"1-1",0.5804,0.2166,0.203,2,1,"H"
"20221008_Chelsea_WolverhamptonWanderers","Chelsea","Wolverhampton Wanderers",1.95,0.89,"1-0",0.6206,0.2137,0.1656,3,0,"H"
"20221008_ManchesterCity_Southampton","Manchester City","Southampton",3.35,0.5,"3-0",0.8963,0.0751,0.0279,4,0,"H"
"20221008_NewcastleUnited_Brentford","Newcastle United","Brentford",1.93,1.24,"1-1",0.5349,0.2211,0.244,5,1,"H"
"20221008_Brighton_TottenhamHotspur","Brighton","Tottenham Hotspur",1.95,1.51,"1-1",0.481,0.2188,0.3001,0,1,"A"
"20221009_Everton_ManchesterUnited","Everton","Manchester United",1.07,1.2,"1-1",0.3251,0.2852,0.3898,1,2,"A"
"20221009_Arsenal_Liverpool","Arsenal","Liverpool",1.87,1.11,"1-1",0.5509,0.2256,0.2234,3,2,"H"
"20221009_CrystalPalace_Leeds","Crystal Palace","Leeds",1.61,1.1,"1-1",0.491,0.2483,0.2606,2,1,"H"
"20221009_WestHamUnited_Fulham","West Ham United","Fulham",1.37,1.42,"1-1",0.3621,0.253,0.3849,3,1,"H"
"20221010_NottinghamForest_AstonVilla","Nottingham Forest","Aston Villa",1.29,1.47,"1-1",0.333,0.2538,0.4132,1,1,"D"
"20221014_Brentford_Brighton","Brentford","Brighton",1.67,1.43,"1-1",0.4328,0.2366,0.3306,2,0,"H"
"20221015_LeicesterCity_CrystalPalace","Leicester City","Crystal Palace",1.14,1.47,"1-1",0.2933,0.2592,0.4476,0,0,"D"
"20221015_Fulham_Bournemouth","Fulham","Bournemouth",1.61,1.2,"1-1",0.4676,0.2465,0.2859,2,2,"D"
"20221015_WolverhamptonWanderers_NottinghamForest","Wolverhampton Wanderers","Nottingham Forest",1.21,1.32,"1-1",0.3409,0.268,0.3911,1,0,"H"
"20221015_TottenhamHotspur_Everton","Tottenham Hotspur","Everton",1.65,1.07,"1-1",0.5095,0.2449,0.2456,2,0,"H"
"20221016_Liverpool_ManchesterCity","Liverpool","Manchester City",1.48,1.64,"1-1",0.3469,0.2367,0.4164,1,0,"H"
"20221016_Southampton_WestHamUnited","Southampton","West Ham United",1.04,1.62,"1-1",0.242,0.2476,0.5103,1,1,"D"
"20221016_AstonVilla_Chelsea","Aston Villa","Chelsea",1.59,1.3,"1-1",0.441,0.2455,0.3135,0,2,"A"
"20221016_Leeds_Arsenal","Leeds","Arsenal",0.87,2.2,"0-2",0.136,0.1881,0.6758,0,1,"A"
"20221016_ManchesterUnited_NewcastleUnited","Manchester United","Newcastle United",1.46,1.48,"1-1",0.3708,0.2459,0.3834,0,0,"D"
"20221018_Brighton_NottinghamForest","Brighton","Nottingham Forest",1.81,1.13,"1-1",0.5328,0.2303,0.2369,0,0,"D"
"20221018_CrystalPalace_WolverhamptonWanderers","Crystal Palace","Wolverhampton Wanderers",1.55,0.9,"1-0",0.5266,0.2555,0.2179,2,1,"H"
"20221019_Bournemouth_Southampton","Bournemouth","Southampton",2.09,0.8,"2-0",0.673,0.1953,0.1317,0,1,"A"
"20221019_Brentford_Chelsea","Brentford","Chelsea",1.55,1.38,"1-1",0.4154,0.2451,0.3395,0,0,"D"
"20221019_Liverpool_WestHamUnited","Liverpool","West Ham United",2.51,0.96,"2-0",0.7107,0.1653,0.124,1,0,"H"
"20221019_NewcastleUnited_Everton","Newcastle United","Everton",1.74,0.86,"1-0",0.584,0.234,0.1819,1,0,"H"
"20221019_ManchesterUnited_TottenhamHotspur","Manchester United","Tottenham Hotspur",1.81,1.4,"1-1",0.4722,0.2288,0.299,2,0,"H"
"20221020_Fulham_AstonVilla","Fulham","Aston Villa",1.41,1.39,"1-1",0.3775,0.2528,0.3697,3,0,"H"
"20221020_LeicesterCity_Leeds","Leicester City","Leeds",1.46,1.56,"1-1",0.3561,0.2418,0.4021,2,0,"H"
"20221022_Chelsea_ManchesterUnited","Chelsea","Manchester United",1.56,1.24,"1-1",0.4473,0.2494,0.3033,1,1,"D"
"20221022_ManchesterCity_Brighton","Manchester City","Brighton",2.37,0.97,"2-0",0.6837,0.1778,0.1385,3,1,"H"
"20221022_NottinghamForest_Liverpool","Nottingham Forest","Liverpool",1.15,1.88,"1-1",0.2322,0.2249,0.5429,1,0,"H"
"20221022_Everton_CrystalPalace","Everton","Crystal Palace",1.08,1,"1-0",0.3714,0.3013,0.3273,3,0,"H"
"20221023_AstonVilla_Brentford","Aston Villa","Brentford",1.7,1.3,"1-1",0.4704,0.2376,0.292,4,0,"H"
"20221023_Leeds_Fulham","Leeds","Fulham",1.41,1.48,"1-1",0.3583,0.2481,0.3936,2,3,"A"
"20221023_Southampton_Arsenal","Southampton","Arsenal",0.55,2.59,"0-2",0.0577,0.1306,0.8116,1,1,"D"
"20221023_WolverhamptonWanderers_LeicesterCity","Wolverhampton Wanderers","Leicester City",1.54,1.16,"1-1",0.4613,0.2524,0.2863,0,4,"A"
"20221023_TottenhamHotspur_NewcastleUnited","Tottenham Hotspur","Newcastle United",1.65,1.79,"1-1",0.3584,0.2243,0.4173,1,2,"A"
"20221024_WestHamUnited_Bournemouth","West Ham United","Bournemouth",1.49,1.4,"1-1",0.3959,0.2479,0.3563,2,0,"H"
"20221029_NewcastleUnited_AstonVilla","Newcastle United","Aston Villa",1.82,1.27,"1-1",0.5034,0.2295,0.2671,4,0,"H"
"20221029_Liverpool_Leeds","Liverpool","Leeds",2.62,0.99,"2-0",0.7233,0.1578,0.1188,1,2,"A"
"20221029_Fulham_Everton","Fulham","Everton",1.35,0.94,"1-0",0.4624,0.2768,0.2608,0,0,"D"
"20221029_CrystalPalace_Southampton","Crystal Palace","Southampton",1.89,0.7,"1-0",0.6586,0.2117,0.1297,1,0,"H"
"20221029_Brentford_WolverhamptonWanderers","Brentford","Wolverhampton Wanderers",1.94,0.96,"1-0",0.6027,0.2166,0.1807,1,1,"D"
"20221029_Bournemouth_TottenhamHotspur","Bournemouth","Tottenham Hotspur",1.66,1.62,"1-1",0.392,0.2311,0.3769,2,3,"A"
"20221029_Brighton_Chelsea","Brighton","Chelsea",1.62,1.38,"1-1",0.4309,0.241,0.3281,4,1,"H"
"20221029_LeicesterCity_ManchesterCity","Leicester City","Manchester City",0.82,2.6,"0-2",0.0953,0.1498,0.7548,0,1,"A"
"20221030_Arsenal_NottinghamForest","Arsenal","Nottingham Forest",2.32,0.7,"2-0",0.738,0.1669,0.0951,5,0,"H"
"20221030_ManchesterUnited_WestHamUnited","Manchester United","West Ham United",1.86,1.06,"1-1",0.5591,0.226,0.2149,1,0,"H"
"20221105_WolverhamptonWanderers_Brighton","Wolverhampton Wanderers","Brighton",1.16,1.67,"1-1",0.2659,0.2425,0.4916,2,3,"A"
"20221105_NottinghamForest_Brentford","Nottingham Forest","Brentford",1.37,1.44,"1-1",0.3593,0.2523,0.3884,2,2,"D"
"20221105_Everton_LeicesterCity","Everton","Leicester City",1.53,0.9,"1-0",0.5205,0.2576,0.2218,0,2,"A"
"20221105_Leeds_Bournemouth","Leeds","Bournemouth",1.53,1.46,"1-1",0.3923,0.2434,0.3643,4,3,"H"
"20221105_ManchesterCity_Fulham","Manchester City","Fulham",2.34,0.84,"2-0",0.7094,0.1733,0.1173,2,1,"H"
"20221106_Chelsea_Arsenal","Chelsea","Arsenal",1.03,1.71,"1-1",0.2285,0.2398,0.5318,0,1,"A"
"20221106_AstonVilla_ManchesterUnited","Aston Villa","Manchester United",1.58,1.25,"1-1",0.4511,0.2471,0.3019,3,1,"H"
"20221106_Southampton_NewcastleUnited","Southampton","Newcastle United",0.81,2.26,"0-2",0.1191,0.1791,0.7017,1,4,"A"
"20221106_WestHamUnited_CrystalPalace","West Ham United","Crystal Palace",1.3,1.27,"1-1",0.3748,0.2655,0.3598,1,2,"A"
"20221106_TottenhamHotspur_Liverpool","Tottenham Hotspur","Liverpool",1.54,2.02,"1-2",0.2948,0.2146,0.4905,1,2,"A"
"20221112_TottenhamHotspur_Leeds","Tottenham Hotspur","Leeds",2.2,1.32,"2-1",0.5742,0.2024,0.2234,4,3,"H"
"20221112_NewcastleUnited_Chelsea","Newcastle United","Chelsea",1.8,1.25,"1-1",0.5038,0.231,0.2651,1,0,"H"
"20221112_WestHamUnited_LeicesterCity","West Ham United","Leicester City",1.85,1.15,"1-1",0.5364,0.2274,0.2361,0,2,"A"
"20221112_WolverhamptonWanderers_Arsenal","Wolverhampton Wanderers","Arsenal",0.71,2.13,"0-2",0.1124,0.1869,0.7007,0,2,"A"
"20221112_NottinghamForest_CrystalPalace","Nottingham Forest","Crystal Palace",1.29,1.15,"1-1",0.3965,0.2731,0.3303,1,0,"H"
"20221112_Bournemouth_Everton","Bournemouth","Everton",1.33,1.02,"1-1",0.4376,0.2758,0.2865,3,0,"H"
"20221112_ManchesterCity_Brentford","Manchester City","Brentford",2.36,0.93,"2-0",0.6917,0.1763,0.132,1,2,"A"
"20221112_Liverpool_Southampton","Liverpool","Southampton",3.09,0.62,"3-0",0.8543,0.0995,0.0458,3,1,"H"
"20221113_Brighton_AstonVilla","Brighton","Aston Villa",1.64,1.41,"1-1",0.43,0.2393,0.3308,1,2,"A"
"20221113_Fulham_ManchesterUnited","Fulham","Manchester United",1.39,1.32,"1-1",0.3885,0.2576,0.3539,1,2,"A"
"20221226_Arsenal_WestHamUnited","Arsenal","West Ham United",2.56,0.7,"2-0",0.7738,0.1455,0.0806,3,1,"H"
"20221226_AstonVilla_Liverpool","Aston Villa","Liverpool",1.43,1.69,"1-1",0.3262,0.2352,0.4386,1,3,"A"
"20221226_LeicesterCity_NewcastleUnited","Leicester City","Newcastle United",1.09,2.13,"1-2",0.1871,0.2031,0.6098,0,3,"A"
"20221226_Southampton_Brighton","Southampton","Brighton",0.9,2.03,"0-2",0.1581,0.2055,0.6364,1,3,"A"
"20221226_CrystalPalace_Fulham","Crystal Palace","Fulham",1.32,1.16,"1-1",0.4038,0.2701,0.3261,0,3,"A"
"20221226_Brentford_TottenhamHotspur","Brentford","Tottenham Hotspur",1.87,1.51,"1-1",0.4641,0.2234,0.3125,2,2,"D"
"20221226_Everton_WolverhamptonWanderers","Everton","Wolverhampton Wanderers",1.34,0.86,"1-0",0.4776,0.2807,0.2417,1,2,"A"
"20221227_Chelsea_Bournemouth","Chelsea","Bournemouth",1.8,1.13,"1-1",0.5298,0.2315,0.2387,2,0,"H"
"20221227_ManchesterUnited_NottinghamForest","Manchester United","Nottingham Forest",1.68,1.05,"1-1",0.5209,0.2419,0.2371,3,0,"H"
"20221228_Leeds_ManchesterCity","Leeds","Manchester City",0.96,2.35,"0-2",0.139,0.1793,0.6817,1,3,"A"
"20221230_WestHamUnited_Brentford","West Ham United","Brentford",1.39,1.59,"1-1",0.3347,0.243,0.4223,0,2,"A"
"20221230_Liverpool_LeicesterCity","Liverpool","Leicester City",2.91,0.84,"2-0",0.7932,0.1276,0.0789,2,1,"H"
"20221231_Brighton_Arsenal","Brighton","Arsenal",1.07,1.83,"1-1",0.2193,0.2281,0.5526,2,4,"A"
"20221231_ManchesterCity_Everton","Manchester City","Everton",2.13,0.64,"2-0",0.719,0.1819,0.0991,1,1,"D"
"20221231_NewcastleUnited_Leeds","Newcastle United","Leeds",2.32,1.06,"2-1",0.6565,0.1852,0.1582,0,0,"D"
"20221231_Bournemouth_CrystalPalace","Bournemouth","Crystal Palace",1.38,1.18,"1-1",0.4148,0.2642,0.321,0,2,"A"
"20221231_WolverhamptonWanderers_ManchesterUnited","Wolverhampton Wanderers","Manchester United",1.08,1.54,"1-1",0.2648,0.2542,0.481,0,1,"A"
"20221231_Fulham_Southampton","Fulham","Southampton",2.12,0.73,"2-0",0.6944,0.1888,0.1168,2,1,"H"
"20230101_TottenhamHotspur_AstonVilla","Tottenham Hotspur","Aston Villa",1.72,1.58,"1-1",0.4148,0.2296,0.3556,0,2,"A"
"20230101_NottinghamForest_Chelsea","Nottingham Forest","Chelsea",1.28,1.44,"1-1",0.3342,0.256,0.4098,1,1,"D"
"20230102_Brentford_Liverpool","Brentford","Liverpool",1.4,1.8,"1-1",0.301,0.2295,0.4695,3,1,"H"
"20230103_Arsenal_NewcastleUnited","Arsenal","Newcastle United",2,0.98,"2-0",0.6106,0.2109,0.1784,0,0,"D"
"20230103_Everton_Brighton","Everton","Brighton",1.15,1.29,"1-1",0.3297,0.2727,0.3977,1,4,"A"
"20230103_LeicesterCity_Fulham","Leicester City","Fulham",1.2,1.64,"1-1",0.2786,0.2436,0.4778,0,1,"A"
"20230103_ManchesterUnited_Bournemouth","Manchester United","Bournemouth",1.73,1.13,"1-1",0.5143,0.2373,0.2484,3,0,"H"
"20230104_CrystalPalace_TottenhamHotspur","Crystal Palace","Tottenham Hotspur",1.5,1.42,"1-1",0.3956,0.2466,0.3577,0,4,"A"
"20230104_AstonVilla_WolverhamptonWanderers","Aston Villa","Wolverhampton Wanderers",1.98,0.9,"1-0",0.6255,0.2106,0.1639,1,1,"D"
"20230104_Leeds_WestHamUnited","Leeds","West Ham United",1.64,1.38,"1-1",0.437,0.2402,0.3228,2,2,"D"
"20230104_Southampton_NottinghamForest","Southampton","Nottingham Forest",0.94,1.6,"0-1",0.2204,0.2498,0.5298,0,1,"A"
"20230105_Chelsea_ManchesterCity","Chelsea","Manchester City",1.14,1.82,"1-1",0.237,0.2299,0.5331,0,1,"A"
"20230112_Fulham_Chelsea","Fulham","Chelsea",1.39,1.37,"1-1",0.3785,0.2548,0.3667,2,1,"H"
"20230113_AstonVilla_Leeds","Aston Villa","Leeds",2.05,1.1,"2-1",0.5916,0.2099,0.1984,2,1,"H"
"20230114_Brentford_Bournemouth","Brentford","Bournemouth",1.79,1.22,"1-1",0.5087,0.232,0.2592,2,0,"H"
"20230114_ManchesterUnited_ManchesterCity","Manchester United","Manchester City",1.09,1.81,"1-1",0.2276,0.2301,0.5423,2,1,"H"
"20230114_Brighton_Liverpool","Brighton","Liverpool",1.46,1.8,"1-1",0.314,0.2282,0.4578,3,0,"H"
"20230114_Everton_Southampton","Everton","Southampton",1.63,0.67,"1-0",0.6059,0.2435,0.1506,1,2,"A"
"20230114_NottinghamForest_LeicesterCity","Nottingham Forest","Leicester City",1.83,1.04,"1-1",0.5574,0.2284,0.2142,2,0,"H"
"20230114_WolverhamptonWanderers_WestHamUnited","Wolverhampton Wanderers","West Ham United",1.34,1.33,"1-1",0.3713,0.2601,0.3686,1,0,"H"
"20230115_NewcastleUnited_Fulham","Newcastle United","Fulham",1.91,1.11,"1-1",0.5598,0.2217,0.2185,1,0,"H"
"20230115_TottenhamHotspur_Arsenal","Tottenham Hotspur","Arsenal",1.12,2.06,"1-2",0.2019,0.2097,0.5884,0,2,"A"
"20230115_Chelsea_CrystalPalace","Chelsea","Crystal Palace",1.57,1.03,"1-1",0.5001,0.2523,0.2476,1,0,"H"
"20230118_CrystalPalace_ManchesterUnited","Crystal Palace","Manchester United",1.24,1.25,"1-1",0.3631,0.2706,0.3663,1,1,"D"
"20230119_ManchesterCity_TottenhamHotspur","Manchester City","Tottenham Hotspur",2.66,1.02,"2-1",0.7208,0.1571,0.122,4,2,"H"
"20230121_Liverpool_Chelsea","Liverpool","Chelsea",2.03,1.16,"2-1",0.5744,0.2125,0.2132,0,0,"D"
"20230121_Bournemouth_NottinghamForest","Bournemouth","Nottingham Forest",1.54,1.22,"1-1",0.4475,0.2514,0.3011,1,1,"D"
"20230121_LeicesterCity_Brighton","Leicester City","Brighton",1.21,1.91,"1-1",0.2409,0.2226,0.5364,2,2,"D"
"20230121_Southampton_AstonVilla","Southampton","Aston Villa",0.85,1.99,"0-1",0.1511,0.2073,0.6415,0,1,"A"
"20230121_WestHamUnited_Everton","West Ham United","Everton",1.25,1.09,"1-1",0.3989,0.2793,0.3218,2,0,"H"
"20230121_CrystalPalace_NewcastleUnited","Crystal Palace","Newcastle United",1.21,1.5,"1-1",0.3057,0.2547,0.4397,0,0,"D"
"20230122_Leeds_Brentford","Leeds","Brentford",1.42,1.65,"1-1",0.3302,0.238,0.4318,0,0,"D"
"20230122_ManchesterCity_WolverhamptonWanderers","Manchester City","Wolverhampton Wanderers",2.75,0.65,"2-0",0.8112,0.1258,0.0629,3,0,"H"
"20230122_Arsenal_ManchesterUnited","Arsenal","Manchester United",2.06,0.82,"2-0",0.6625,0.199,0.1385,3,2,"H"
"20230123_Fulham_TottenhamHotspur","Fulham","Tottenham Hotspur",1.68,1.49,"1-1",0.4233,0.2343,0.3424,0,1,"A"
"20230203_Chelsea_Fulham","Chelsea","Fulham",1.66,1.15,"1-1",0.492,0.2433,0.2646,0,0,"D"
"20230204_Everton_Arsenal","Everton","Arsenal",0.71,1.65,"0-1",0.1576,0.2417,0.6007,1,0,"H"
"20230204_AstonVilla_LeicesterCity","Aston Villa","Leicester City",2.27,0.94,"2-0",0.6732,0.1849,0.142,2,4,"A"
"20230204_Brentford_Southampton","Brentford","Southampton",2.36,0.74,"2-0",0.7354,0.1654,0.0991,3,0,"H"
"20230204_Brighton_Bournemouth","Brighton","Bournemouth",1.87,1.22,"1-1",0.5256,0.2261,0.2483,1,0,"H"
"20230204_ManchesterUnited_CrystalPalace","Manchester United","Crystal Palace",1.51,1.03,"1-1",0.4854,0.2581,0.2566,2,1,"H"
"20230204_WolverhamptonWanderers_Liverpool","Wolverhampton Wanderers","Liverpool",0.97,2.09,"0-2",0.167,0.2026,0.6305,3,0,"H"
"20230204_NewcastleUnited_WestHamUnited","Newcastle United","West Ham United",2.23,1.03,"2-1",0.6439,0.1924,0.1636,1,1,"D"
"20230205_NottinghamForest_Leeds","Nottingham Forest","Leeds",1.65,1.22,"1-1",0.4734,0.2429,0.2837,1,0,"H"
"20230205_TottenhamHotspur_ManchesterCity","Tottenham Hotspur","Manchester City",1.24,2.19,"1-2",0.2086,0.2013,0.5901,1,0,"H"
"20230208_ManchesterUnited_Leeds","Manchester United","Leeds",1.94,1.09,"1-1",0.571,0.2193,0.2098,2,2,"D"
"20230211_Bournemouth_NewcastleUnited","Bournemouth","Newcastle United",1.33,1.71,"1-1",0.2986,0.2362,0.4652,1,1,"D"
"20230211_Southampton_WolverhamptonWanderers","Southampton","Wolverhampton Wanderers",1.04,1.36,"1-1",0.2886,0.2725,0.4389,1,2,"A"
"20230211_LeicesterCity_TottenhamHotspur","Leicester City","Tottenham Hotspur",1.36,2.01,"1-2",0.2589,0.2159,0.5252,4,1,"H"
"20230211_WestHamUnited_Chelsea","West Ham United","Chelsea",1.29,1.59,"1-1",0.3102,0.2454,0.4444,1,1,"D"
"20230211_CrystalPalace_Brighton","Crystal Palace","Brighton",1.34,1.35,"1-1",0.3686,0.259,0.3724,1,1,"D"
"20230211_Arsenal_Brentford","Arsenal","Brentford",2.22,0.85,"2-0",0.6854,0.1852,0.1294,1,1,"D"
"20230211_Fulham_NottinghamForest","Fulham","Nottingham Forest",1.56,1.12,"1-1",0.4752,0.2519,0.2729,2,0,"H"
"20230212_Leeds_ManchesterUnited","Leeds","Manchester United",1.32,1.6,"1-1",0.3161,0.2442,0.4396,0,2,"A"
"20230212_ManchesterCity_AstonVilla","Manchester City","Aston Villa",2.23,0.95,"2-0",0.6618,0.1894,0.1487,3,1,"H"
"20230213_Liverpool_Everton","Liverpool","Everton",1.97,0.8,"1-0",0.6481,0.208,0.1438,2,0,"H"
"20230215_Arsenal_ManchesterCity","Arsenal","Manchester City",1.51,1.2,"1-1",0.4428,0.2543,0.3029,1,3,"A"
"20230218_NewcastleUnited_Liverpool","Newcastle United","Liverpool",1.63,1.63,"1-1",0.3843,0.2322,0.3836,0,2,"A"
"20230218_WolverhamptonWanderers_Bournemouth","Wolverhampton Wanderers","Bournemouth",1.24,1.41,"1-1",0.3313,0.2595,0.4092,0,1,"A"
"20230218_NottinghamForest_ManchesterCity","Nottingham Forest","Manchester City",0.93,2.04,"0-2",0.164,0.2061,0.6299,1,1,"D"
"20230218_Everton_Leeds","Everton","Leeds",1.38,1.06,"1-1",0.4433,0.2694,0.2873,1,0,"H"
"20230218_Chelsea_Southampton","Chelsea","Southampton",2.37,0.69,"2-0",0.7489,0.1609,0.0901,0,1,"A"
"20230218_Brentford_CrystalPalace","Brentford","Crystal Palace",1.57,1.1,"1-1",0.4804,0.2519,0.2677,1,1,"D"
"20230218_AstonVilla_Arsenal","Aston Villa","Arsenal",1.05,1.72,"1-1",0.2301,0.2381,0.5318,2,4,"A"
"20230218_Brighton_Fulham","Brighton","Fulham",1.72,1.24,"1-1",0.4872,0.2373,0.2754,0,1,"A"
"20230219_ManchesterUnited_LeicesterCity","Manchester United","Leicester City",2.15,0.93,"2-0",0.6524,0.1956,0.152,3,0,"H"
"20230219_TottenhamHotspur_WestHamUnited","Tottenham Hotspur","West Ham United",2.11,1.29,"2-1",0.5623,0.2085,0.2292,2,0,"H"
"20230224_Fulham_WolverhamptonWanderers","Fulham","Wolverhampton Wanderers",1.74,0.95,"1-0",0.5601,0.2361,0.2038,1,1,"D"
"20230225_Bournemouth_ManchesterCity","Bournemouth","Manchester City",1,2.1,"1-2",0.1715,0.2029,0.6256,1,4,"A"
"20230225_CrystalPalace_Liverpool","Crystal Palace","Liverpool",1.12,1.69,"1-1",0.2531,0.2408,0.506,0,0,"D"
"20230225_WestHamUnited_NottinghamForest","West Ham United","Nottingham Forest",1.45,1.3,"1-1",0.4054,0.2546,0.3401,4,0,"H"
"20230225_Everton_AstonVilla","Everton","Aston Villa",1.08,1.27,"1-1",0.3154,0.2784,0.4062,0,2,"A"
"20230225_Leeds_Southampton","Leeds","Southampton",2.01,0.89,"2-0",0.6345,0.2071,0.1584,1,0,"H"
"20230225_LeicesterCity_Arsenal","Leicester City","Arsenal",0.75,2.44,"0-2",0.0944,0.1586,0.7469,0,1,"A"
"20230226_TottenhamHotspur_Chelsea","Tottenham Hotspur","Chelsea",1.7,1.55,"1-1",0.416,0.2313,0.3527,2,0,"H"
"20230301_Arsenal_Everton","Arsenal","Everton",2,0.58,"2-0",0.7094,0.1928,0.0978,4,0,"H"
"20230301_Liverpool_WolverhamptonWanderers","Liverpool","Wolverhampton Wanderers",2.53,0.8,"2-0",0.7486,0.1543,0.0971,2,0,"H"
"20230304_WolverhamptonWanderers_TottenhamHotspur","Wolverhampton Wanderers","Tottenham Hotspur",1.3,1.75,"1-1",0.2856,0.2341,0.4803,1,0,"H"
"20230304_Chelsea_Leeds","Chelsea","Leeds",2.01,1.09,"2-1",0.587,0.2126,0.2004,1,0,"H"
"20230304_Brighton_WestHamUnited","Brighton","West Ham United",2,1.15,"2-1",0.5719,0.2146,0.2135,4,0,"H"
"20230304_Southampton_LeicesterCity","Southampton","Leicester City",1.2,1.42,"1-1",0.3181,0.2612,0.4207,1,0,"H"
"20230304_Arsenal_Bournemouth","Arsenal","Bournemouth",2.38,0.75,"2-0",0.7373,0.1639,0.0988,3,2,"H"
"20230304_ManchesterCity_NewcastleUnited","Manchester City","Newcastle United",2.14,1.08,"2-1",0.6142,0.202,0.1838,2,0,"H"
"20230304_AstonVilla_CrystalPalace","Aston Villa","Crystal Palace",1.6,1.04,"1-1",0.5043,0.2496,0.246,1,0,"H"
"20230305_NottinghamForest_Everton","Nottingham Forest","Everton",1.24,0.99,"1-0",0.4186,0.2862,0.2952,2,2,"D"
"20230305_Liverpool_ManchesterUnited","Liverpool","Manchester United",2.03,1.12,"2-1",0.5837,0.212,0.2043,7,0,"H"
"20230306_Brentford_Fulham","Brentford","Fulham",1.65,1.23,"1-1",0.471,0.2427,0.2863,3,2,"H"
"20230311_Bournemouth_Liverpool","Bournemouth","Liverpool",1.24,1.93,"1-1",0.2434,0.221,0.5356,1,0,"H"
"20230311_Everton_Brentford","Everton","Brentford",1.15,1.24,"1-1",0.3394,0.2769,0.3837,1,0,"H"
"20230311_Leeds_Brighton","Leeds","Brighton",1.42,1.72,"1-1",0.3185,0.2337,0.4478,2,2,"D"
"20230311_LeicesterCity_Chelsea","Leicester City","Chelsea",1.13,1.84,"1-1",0.2317,0.2279,0.5404,1,3,"A"
"20230311_TottenhamHotspur_NottinghamForest","Tottenham Hotspur","Nottingham Forest",1.91,1.27,"1-1",0.5225,0.2231,0.2544,3,1,"H"
"20230311_CrystalPalace_ManchesterCity","Crystal Palace","Manchester City",0.91,1.83,"0-1",0.1825,0.2257,0.5918,0,1,"A"
"20230312_NewcastleUnited_WolverhamptonWanderers","Newcastle United","Wolverhampton Wanderers",2.25,0.86,"2-0",0.6868,0.1833,0.1299,2,1,"H"
"20230312_WestHamUnited_AstonVilla","West Ham United","Aston Villa",1.31,1.62,"1-1",0.3087,0.2431,0.4481,1,1,"D"
"20230312_Fulham_Arsenal","Fulham","Arsenal",0.92,1.81,"0-1",0.1883,0.2282,0.5835,0,3,"A"
"20230312_ManchesterUnited_Southampton","Manchester United","Southampton",2.28,0.69,"2-0",0.7344,0.1695,0.0961,0,0,"D"
"20230315_Brighton_CrystalPalace","Brighton","Crystal Palace",1.63,1.1,"1-1",0.4964,0.246,0.2575,1,0,"H"
"20230315_Southampton_Brentford","Southampton","Brentford",0.9,1.95,"0-1",0.1668,0.2136,0.6195,0,2,"A"
"20230317_NottinghamForest_NewcastleUnited","Nottingham Forest","Newcastle United",1.24,1.67,"1-1",0.2848,0.2414,0.4738,1,2,"A"
"20230318_Chelsea_Everton","Chelsea","Everton",1.51,0.88,"1-0",0.5195,0.2601,0.2204,2,2,"D"
"20230318_AstonVilla_Bournemouth","Aston Villa","Bournemouth",1.83,1.15,"1-1",0.5342,0.2289,0.237,3,0,"H"
"20230318_Brentford_LeicesterCity","Brentford","Leicester City",2.22,1,"2-0",0.6504,0.1917,0.1579,1,1,"D"
"20230318_Southampton_TottenhamHotspur","Southampton","Tottenham Hotspur",1.01,2.14,"1-2",0.1688,0.1996,0.6316,3,3,"D"
"20230318_WolverhamptonWanderers_Leeds","Wolverhampton Wanderers","Leeds",1.39,1.36,"1-1",0.3796,0.2552,0.3652,2,4,"A"
"20230319_Arsenal_CrystalPalace","Arsenal","Crystal Palace",2.08,0.68,"2-0",0.7011,0.1894,0.1094,4,1,"H"
"20230401_ManchesterCity_Liverpool","Manchester City","Liverpool",1.99,1.22,"1-1",0.5519,0.2166,0.2316,4,1,"H"
"20230401_Arsenal_Leeds","Arsenal","Leeds",2.67,0.72,"2-0",0.7858,0.1375,0.0766,4,1,"H"
"20230401_Bournemouth_Fulham","Bournemouth","Fulham",1.46,1.33,"1-1",0.4035,0.253,0.3435,2,1,"H"
"20230401_Brighton_Brentford","Brighton","Brentford",1.74,1.38,"1-1",0.4603,0.2339,0.3058,3,3,"D"
"20230401_CrystalPalace_LeicesterCity","Crystal Palace","Leicester City",1.78,0.94,"1-0",0.5719,0.2316,0.1965,2,1,"H"
"20230401_NottinghamForest_WolverhamptonWanderers","Nottingham Forest","Wolverhampton Wanderers",1.59,1,"1-0",0.5124,0.2506,0.237,1,1,"D"
"20230401_Chelsea_AstonVilla","Chelsea","Aston Villa",1.58,1.31,"1-1",0.4366,0.2459,0.3175,0,2,"A"
"20230402_WestHamUnited_Southampton","West Ham United","Southampton",1.97,0.85,"1-0",0.6337,0.2105,0.1558,1,0,"H"
"20230402_NewcastleUnited_ManchesterUnited","Newcastle United","Manchester United",1.8,1.2,"1-1",0.5137,0.2316,0.2547,2,0,"H"
"20230403_Everton_TottenhamHotspur","Everton","Tottenham Hotspur",1.29,1.36,"1-1",0.3539,0.2606,0.3855,1,1,"D"
"20230404_Bournemouth_Brighton","Bournemouth","Brighton",1.48,1.54,"1-1",0.3649,0.2421,0.393,0,2,"A"
"20230404_Leeds_NottinghamForest","Leeds","Nottingham Forest",1.48,1.36,"1-1",0.4023,0.25,0.3477,2,1,"H"
"20230404_LeicesterCity_AstonVilla","Leicester City","Aston Villa",1.14,1.87,"1-1",0.2299,0.2252,0.5449,1,2,"A"
"20230404_Chelsea_Liverpool","Chelsea","Liverpool",1.41,1.68,"1-1",0.3236,0.2369,0.4395,0,0,"D"
"20230405_ManchesterUnited_Brentford","Manchester United","Brentford",1.61,1.28,"1-1",0.4516,0.2445,0.3039,1,0,"H"
"20230405_WestHamUnited_NewcastleUnited","West Ham United","Newcastle United",1.25,1.84,"1-1",0.2603,0.2282,0.5115,1,5,"A"
"20230408_Southampton_ManchesterCity","Southampton","Manchester City",0.61,2.77,"0-2",0.0572,0.1213,0.8214,1,4,"A"
"20230408_WolverhamptonWanderers_Chelsea","Wolverhampton Wanderers","Chelsea",1.08,1.61,"1-1",0.2555,0.2487,0.4958,1,0,"H"
"20230408_TottenhamHotspur_Brighton","Tottenham Hotspur","Brighton",1.83,1.61,"1-1",0.4335,0.2236,0.3429,2,1,"H"
"20230408_LeicesterCity_Bournemouth","Leicester City","Bournemouth",1.3,1.62,"1-1",0.3078,0.2432,0.449,0,1,"A"
"20230408_Fulham_WestHamUnited","Fulham","West Ham United",1.72,1.13,"1-1",0.5121,0.2379,0.25,0,1,"A"
"20230408_Brentford_NewcastleUnited","Brentford","Newcastle United",1.51,1.59,"1-1",0.3614,0.2383,0.4003,1,2,"A"
"20230408_AstonVilla_NottinghamForest","Aston Villa","Nottingham Forest",1.78,1.07,"1-1",0.5407,0.2331,0.2262,2,0,"H"
"20230408_ManchesterUnited_Everton","Manchester United","Everton",1.45,0.88,"1-0",0.5048,0.2667,0.2285,2,0,"H"
"20230409_Leeds_CrystalPalace","Leeds","Crystal Palace",1.33,1.33,"1-1",0.3717,0.2604,0.3679,1,5,"A"
"20230409_Liverpool_Arsenal","Liverpool","Arsenal",1.34,1.54,"1-1",0.3322,0.2473,0.4205,2,2,"D"
"20230415_WolverhamptonWanderers_Brentford","Wolverhampton Wanderers","Brentford",1.16,1.6,"1-1",0.2763,0.2481,0.4755,2,0,"H"
"20230415_TottenhamHotspur_Bournemouth","Tottenham Hotspur","Bournemouth",1.96,1.37,"1-1",0.5141,0.219,0.2669,2,3,"A"
"20230415_Southampton_CrystalPalace","Southampton","Crystal Palace",0.84,1.56,"0-1",0.2026,0.2544,0.543,0,2,"A"
"20230415_ManchesterCity_LeicesterCity","Manchester City","Leicester City",3.15,0.68,"3-0",0.8507,0.0997,0.0491,3,1,"H"
"20230415_Chelsea_Brighton","Chelsea","Brighton",1.68,1.34,"1-1",0.4555,0.2385,0.306,1,2,"A"
"20230415_AstonVilla_NewcastleUnited","Aston Villa","Newcastle United",1.54,1.5,"1-1",0.3874,0.2411,0.3715,3,0,"H"
"20230415_Everton_Fulham","Everton","Fulham",1.14,1.11,"1-1",0.3624,0.2873,0.3503,1,3,"A"
"20230416_WestHamUnited_Arsenal","West Ham United","Arsenal",0.85,2.11,"0-2",0.1408,0.1959,0.6632,2,2,"D"
"20230416_NottinghamForest_ManchesterUnited","Nottingham Forest","Manchester United",1.28,1.39,"1-1",0.3441,0.2597,0.3962,0,2,"A"
"20230417_Leeds_Liverpool","Leeds","Liverpool",1.19,2.16,"1-2",0.203,0.2025,0.5945,1,6,"A"
"20230421_Arsenal_Southampton","Arsenal","Southampton",3.14,0.46,"3-0",0.8876,0.083,0.029,3,3,"D"
"20230422_Fulham_Leeds","Fulham","Leeds",1.8,1.16,"1-1",0.5233,0.2316,0.2451,2,1,"H"
"20230422_Brentford_AstonVilla","Brentford","Aston Villa",1.57,1.41,"1-1",0.4145,0.2433,0.3422,1,1,"D"
"20230422_CrystalPalace_Everton","Crystal Palace","Everton",1.21,0.89,"1-0",0.4329,0.2948,0.2723,0,0,"D"
"20230422_LeicesterCity_WolverhamptonWanderers","Leicester City","Wolverhampton Wanderers",1.41,1.27,"1-1",0.4016,0.2585,0.3399,2,1,"H"
"20230422_Liverpool_NottinghamForest","Liverpool","Nottingham Forest",2.28,0.95,"2-0",0.6717,0.1849,0.1434,3,2,"H"
"20230423_NewcastleUnited_TottenhamHotspur","Newcastle United","Tottenham Hotspur",2.17,1.36,"2-1",0.5595,0.2047,0.2358,6,1,"H"
"20230423_Bournemouth_WestHamUnited","Bournemouth","West Ham United",1.7,1.23,"1-1",0.4838,0.239,0.2772,0,4,"A"
"20230425_WolverhamptonWanderers_CrystalPalace","Wolverhampton Wanderers","Crystal Palace",1.09,1.28,"1-1",0.3145,0.2771,0.4084,2,0,"H"
"20230425_AstonVilla_Fulham","Aston Villa","Fulham",1.69,1.16,"1-1",0.4962,0.2408,0.263,1,0,"H"
"20230425_Leeds_LeicesterCity","Leeds","Leicester City",1.89,1.2,"1-1",0.535,0.2241,0.241,1,1,"D"
"20230426_NottinghamForest_Brighton","Nottingham Forest","Brighton",1.37,1.5,"1-1",0.3483,0.2486,0.4031,3,1,"H"
"20230426_Chelsea_Brentford","Chelsea","Brentford",1.67,1.28,"1-1",0.4665,0.2399,0.2936,0,2,"A"
"20230426_WestHamUnited_Liverpool","West Ham United","Liverpool",1.17,2.07,"1-2",0.2085,0.2091,0.5824,1,2,"A"
"20230426_ManchesterCity_Arsenal","Manchester City","Arsenal",1.46,1.24,"1-1",0.4207,0.2565,0.3228,4,1,"H"
"20230427_Everton_NewcastleUnited","Everton","Newcastle United",1.04,1.44,"1-1",0.2724,0.2648,0.4629,1,4,"A"
"20230427_Southampton_Bournemouth","Southampton","Bournemouth",0.97,1.72,"0-1",0.2102,0.2377,0.552,0,1,"A"
"20230427_TottenhamHotspur_ManchesterUnited","Tottenham Hotspur","Manchester United",1.7,1.49,"1-1",0.4271,0.2333,0.3396,2,2,"D"
"20230429_Brighton_WolverhamptonWanderers","Brighton","Wolverhampton Wanderers",2.02,0.96,"2-0",0.6197,0.2087,0.1716,6,0,"H"
"20230429_Brentford_NottinghamForest","Brentford","Nottingham Forest",1.74,1.13,"1-1",0.5161,0.2366,0.2473,2,1,"H"
"20230429_CrystalPalace_WestHamUnited","Crystal Palace","West Ham United",1.54,1.07,"1-1",0.4803,0.2547,0.265,4,3,"H"
"20230430_Bournemouth_Leeds","Bournemouth","Leeds",1.77,1.26,"1-1",0.4945,0.2332,0.2723,4,1,"H"
"20230430_Fulham_ManchesterCity","Fulham","Manchester City",1.02,1.93,"1-1",0.1944,0.2185,0.5871,1,2,"A"
"20230430_ManchesterUnited_AstonVilla","Manchester United","Aston Villa",1.52,1.31,"1-1",0.4223,0.25,0.3277,1,0,"H"
"20230430_NewcastleUnited_Southampton","Newcastle United","Southampton",2.74,0.67,"2-0",0.8062,0.1279,0.0658,3,1,"H"
"20230430_Liverpool_TottenhamHotspur","Liverpool","Tottenham Hotspur",2.45,1.27,"2-1",0.6335,0.183,0.1835,4,3,"H"
"20230501_LeicesterCity_Everton","Leicester City","Everton",1.09,1.27,"1-1",0.3191,0.2782,0.4028,2,2,"D"
"20230502_Arsenal_Chelsea","Arsenal","Chelsea",2.07,0.85,"2-0",0.6554,0.2001,0.1445,3,1,"H"
"20230503_Liverpool_Fulham","Liverpool","Fulham",2.16,1.04,"2-1",0.629,0.1987,0.1723,1,0,"H"
"20230503_ManchesterCity_WestHamUnited","Manchester City","West Ham United",2.73,0.78,"2-0",0.7822,0.1368,0.0808,3,0,"H"
"20230504_Brighton_ManchesterUnited","Brighton","Manchester United",1.62,1.33,"1-1",0.4413,0.2428,0.316,1,0,"H"
"20230506_Liverpool_Brentford","Liverpool","Brentford",2.18,1.16,"2-1",0.6062,0.2004,0.1934,1,0,"H"
"20230506_WolverhamptonWanderers_AstonVilla","Wolverhampton Wanderers","Aston Villa",1.09,1.63,"1-1",0.2539,0.246,0.5,1,0,"H"
"20230506_Bournemouth_Chelsea","Bournemouth","Chelsea",1.37,1.49,"1-1",0.3501,0.2494,0.4005,1,3,"A"
"20230506_ManchesterCity_Leeds","Manchester City","Leeds",2.84,0.8,"2-0",0.7941,0.1291,0.0766,2,1,"H"
"20230506_TottenhamHotspur_CrystalPalace","Tottenham Hotspur","Crystal Palace",1.72,1.24,"1-1",0.486,0.2375,0.2765,1,0,"H"
"20230507_NewcastleUnited_Arsenal","Newcastle United","Arsenal",1.19,1.65,"1-1",0.2751,0.2431,0.4818,0,2,"A"
"20230507_WestHamUnited_ManchesterUnited","West Ham United","Manchester United",1.29,1.53,"1-1",0.3204,0.2496,0.43,1,0,"H"
"20230508_Fulham_LeicesterCity","Fulham","Leicester City",1.99,0.99,"1-0",0.6068,0.212,0.1811,5,3,"H"
"20230508_Brighton_Everton","Brighton","Everton",1.57,0.95,"1-0",0.5174,0.2536,0.229,1,5,"A"
"20230508_NottinghamForest_Southampton","Nottingham Forest","Southampton",1.94,0.77,"1-0",0.6494,0.2095,0.1411,4,3,"H"
"20230513_ManchesterUnited_WolverhamptonWanderers","Manchester United","Wolverhampton Wanderers",1.87,0.89,"1-0",0.605,0.2212,0.1738,2,0,"H"
"20230513_Southampton_Fulham","Southampton","Fulham",0.89,1.75,"0-1",0.1888,0.2341,0.5771,0,2,"A"
"20230513_CrystalPalace_Bournemouth","Crystal Palace","Bournemouth",1.44,1.14,"1-1",0.4378,0.2618,0.3004,2,0,"H"
"20230513_AstonVilla_TottenhamHotspur","Aston Villa","Tottenham Hotspur",1.91,1.42,"1-1",0.4919,0.222,0.2862,2,1,"H"
"20230513_Leeds_NewcastleUnited","Leeds","Newcastle United",1.28,1.92,"1-1",0.2551,0.2223,0.5227,2,2,"D"
"20230513_Chelsea_NottinghamForest","Chelsea","Nottingham Forest",1.75,1.05,"1-1",0.5363,0.2358,0.2279,2,2,"D"
"20230514_Brentford_WestHamUnited","Brentford","West Ham United",1.92,1.14,"1-1",0.5547,0.2213,0.224,2,0,"H"
"20230514_Everton_ManchesterCity","Everton","Manchester City",0.78,1.76,"0-1",0.1623,0.2304,0.6073,0,3,"A"
"20230514_Arsenal_Brighton","Arsenal","Brighton",2.22,0.88,"2-0",0.6779,0.1865,0.1356,0,3,"A"
"20230515_LeicesterCity_Liverpool","Leicester City","Liverpool",1.02,2.4,"1-2",0.1439,0.1775,0.6785,0,3,"A"
"20230518_NewcastleUnited_Brighton","Newcastle United","Brighton",1.94,1.3,"1-1",0.5241,0.2209,0.255,4,1,"H"
"20230520_Fulham_CrystalPalace","Fulham","Crystal Palace",1.4,1.09,"1-1",0.4414,0.2662,0.2923,2,2,"D"
"20230520_NottinghamForest_Arsenal","Nottingham Forest","Arsenal",0.84,1.91,"0-1",0.1596,0.2158,0.6246,1,0,"H"
"20230520_WolverhamptonWanderers_Everton","Wolverhampton Wanderers","Everton",1.05,1.1,"1-1",0.3378,0.2953,0.3669,1,1,"D"
"20230520_Bournemouth_ManchesterUnited","Bournemouth","Manchester United",1.37,1.43,"1-1",0.3604,0.2527,0.3869,0,1,"A"
"20230520_TottenhamHotspur_Brentford","Tottenham Hotspur","Brentford",1.83,1.55,"1-1",0.4458,0.2253,0.3289,1,3,"A"
"20230520_Liverpool_AstonVilla","Liverpool","Aston Villa",2.05,1.18,"2-1",0.5744,0.211,0.2146,1,1,"D"
"20230521_WestHamUnited_Leeds","West Ham United","Leeds",1.67,1.35,"1-1",0.4498,0.2389,0.3113,3,1,"H"
"20230521_Brighton_Southampton","Brighton","Southampton",2.46,0.74,"2-0",0.7512,0.1563,0.0924,3,1,"H"
"20230521_ManchesterCity_Chelsea","Manchester City","Chelsea",2.2,0.94,"2-0",0.6612,0.1908,0.148,1,0,"H"
"20230522_NewcastleUnited_LeicesterCity","Newcastle United","Leicester City",2.58,0.9,"2-0",0.7339,0.1567,0.1093,0,0,"D"
"20230524_Brighton_ManchesterCity","Brighton","Manchester City",1.18,1.96,"1-1",0.2272,0.2189,0.554,1,1,"D"
"20230525_ManchesterUnited_Chelsea","Manchester United","Chelsea",1.5,1.29,"1-1",0.4231,0.2518,0.3251,4,1,"H"
"20230528_ManchesterUnited_Fulham","Manchester United","Fulham",1.59,1.15,"1-1",0.4771,0.2486,0.2743,2,1,"H"
"20230528_LeicesterCity_WestHamUnited","Leicester City","West Ham United",1.4,1.53,"1-1",0.3483,0.2461,0.4055,2,1,"H"
"20230528_Southampton_Liverpool","Southampton","Liverpool",0.76,2.55,"0-2",0.0886,0.1496,0.7617,4,4,"D"
"20230528_Everton_Bournemouth","Everton","Bournemouth",1.24,1.1,"1-1",0.3938,0.2804,0.3258,1,0,"H"
"20230528_Leeds_TottenhamHotspur","Leeds","Tottenham Hotspur",1.6,1.81,"1-1",0.3426,0.2248,0.4326,1,4,"A"
"20230528_Chelsea_NewcastleUnited","Chelsea","Newcastle United",1.51,1.49,"1-1",0.3842,0.243,0.3728,1,1,"D"
"20230528_Arsenal_WolverhamptonWanderers","Arsenal","Wolverhampton Wanderers",2.58,0.59,"2-0",0.8018,0.1349,0.0632,5,0,"H"
"20230528_AstonVilla_Brighton","Aston Villa","Brighton",1.71,1.35,"1-1",0.4593,0.2363,0.3044,2,1,"H"
"20230528_CrystalPalace_NottinghamForest","Crystal Palace","Nottingham Forest",1.39,1.06,"1-1",0.4451,0.2681,0.2867,1,1,"D"
"20230528_Brentford_ManchesterCity","Brentford","Manchester City",1.13,1.95,"1-1",0.2172,0.2187,0.5641,1,0,"H"
"20230811_Burnley_ManchesterCity","Burnley","Manchester City",0.78,2.65,"0-2",0.0851,0.1426,0.7722,0,3,"A"
"20230812_Arsenal_NottinghamForest","Arsenal","Nottingham Forest",2.32,0.7,"2-0",0.738,0.1669,0.0951,2,1,"H"
"20230812_Bournemouth_WestHamUnited","Bournemouth","West Ham United",1.7,1.23,"1-1",0.4838,0.239,0.2772,1,1,"D"
"20230812_Brighton_Luton","Brighton","Luton",2.66,1.21,"2-1",0.6817,0.1659,0.1523,4,1,"H"
"20230812_Everton_Fulham","Everton","Fulham",1.14,1.11,"1-1",0.3624,0.2873,0.3503,0,1,"A"
"20230812_SheffieldUnited_CrystalPalace","Sheffield United","Crystal Palace",0.94,2.03,"0-2",0.1666,0.2068,0.6265,0,1,"A"
"20230812_NewcastleUnited_AstonVilla","Newcastle United","Aston Villa",1.82,1.27,"1-1",0.5034,0.2295,0.2671,5,1,"H"
"20230813_Chelsea_Liverpool","Chelsea","Liverpool",1.41,1.68,"1-1",0.3236,0.2369,0.4395,1,1,"D"
"20230813_Brentford_TottenhamHotspur","Brentford","Tottenham Hotspur",1.87,1.51,"1-1",0.4641,0.2234,0.3125,2,2,"D"
"20230814_ManchesterUnited_WolverhamptonWanderers","Manchester United","Wolverhampton Wanderers",1.87,0.89,"1-0",0.605,0.2212,0.1738,1,0,"H"
"20230818_NottinghamForest_SheffieldUnited","Nottingham Forest","Sheffield United",2.53,0.86,"2-0",0.735,0.1583,0.1067,2,1,"H"
"20230819_Fulham_Brentford","Fulham","Brentford",1.5,1.36,"1-1",0.4055,0.2493,0.3452,0,3,"A"
"20230819_Liverpool_Bournemouth","Liverpool","Bournemouth",2.34,1.02,"2-1",0.6678,0.1823,0.1499,3,1,"H"
"20230819_WolverhamptonWanderers_Brighton","Wolverhampton Wanderers","Brighton",1.16,1.67,"1-1",0.2659,0.2425,0.4916,1,4,"A"
"20230819_TottenhamHotspur_ManchesterUnited","Tottenham Hotspur","Manchester United",1.7,1.49,"1-1",0.4271,0.2333,0.3396,2,0,"H"
"20230819_ManchesterCity_NewcastleUnited","Manchester City","Newcastle United",2.14,1.08,"2-1",0.6142,0.202,0.1838,1,0,"H"
"20230820_AstonVilla_Everton","Aston Villa","Everton",1.54,0.89,"1-0",0.5239,0.2571,0.2189,4,0,"H"
"20230820_WestHamUnited_Chelsea","West Ham United","Chelsea",1.29,1.59,"1-1",0.3102,0.2454,0.4444,3,1,"H"
"20230821_CrystalPalace_Arsenal","Crystal Palace","Arsenal",0.82,1.72,"0-1",0.1769,0.2362,0.5869,0,1,"A"
"20230825_Chelsea_Luton","Chelsea","Luton",2.56,1.13,"2-1",0.6835,0.1693,0.1471,3,0,"H"
"20230826_ManchesterUnited_NottinghamForest","Manchester United","Nottingham Forest",1.68,1.05,"1-1",0.5209,0.2419,0.2371,3,2,"H"
"20230826_Brighton_WestHamUnited","Brighton","West Ham United",2,1.15,"2-1",0.5719,0.2146,0.2135,1,3,"A"
"20230826_Everton_WolverhamptonWanderers","Everton","Wolverhampton Wanderers",1.34,0.86,"1-0",0.4776,0.2807,0.2417,0,1,"A"
"20230826_Bournemouth_TottenhamHotspur","Bournemouth","Tottenham Hotspur",1.66,1.62,"1-1",0.392,0.2311,0.3769,0,2,"A"
"20230826_Arsenal_Fulham","Arsenal","Fulham",2.19,0.76,"2-0",0.702,0.1827,0.1153,2,2,"D"
"20230826_Brentford_CrystalPalace","Brentford","Crystal Palace",1.57,1.1,"1-1",0.4804,0.2519,0.2677,1,1,"D"
"20230827_Burnley_AstonVilla","Burnley","Aston Villa",1.08,1.91,"1-1",0.2103,0.2214,0.5683,1,3,"A"
"20230827_SheffieldUnited_ManchesterCity","Sheffield United","Manchester City",0.68,3.6,"0-3",0.0351,0.0752,0.8884,1,2,"A"
"20230827_NewcastleUnited_Liverpool","Newcastle United","Liverpool",1.63,1.63,"1-1",0.3843,0.2322,0.3836,1,2,"A"
"20230901_Luton_WestHamUnited","Luton","West Ham United",1.69,1.75,"1-1",0.3749,0.2248,0.4003,1,2,"A"
"20230902_SheffieldUnited_Everton","Sheffield United","Everton",0.91,1.75,"0-1",0.1924,0.2343,0.5733,2,2,"D"
"20230902_Brentford_Bournemouth","Brentford","Bournemouth",1.79,1.22,"1-1",0.5087,0.232,0.2592,2,2,"D"
"20230902_Burnley_TottenhamHotspur","Burnley","Tottenham Hotspur",1.28,2.05,"1-2",0.2366,0.2127,0.5507,2,5,"A"
"20230902_Chelsea_NottinghamForest","Chelsea","Nottingham Forest",1.75,1.05,"1-1",0.5363,0.2358,0.2279,0,1,"A"
"20230902_ManchesterCity_Fulham","Manchester City","Fulham",2.34,0.84,"2-0",0.7094,0.1733,0.1173,5,1,"H"
"20230902_Brighton_NewcastleUnited","Brighton","Newcastle United",1.57,1.6,"1-1",0.3759,0.2356,0.3885,3,1,"H"
"20230903_Liverpool_AstonVilla","Liverpool","Aston Villa",2.05,1.18,"2-1",0.5744,0.211,0.2146,3,0,"H"
"20230903_CrystalPalace_WolverhamptonWanderers","Crystal Palace","Wolverhampton Wanderers",1.55,0.9,"1-0",0.5266,0.2555,0.2179,3,2,"H"
"20230903_Arsenal_ManchesterUnited","Arsenal","Manchester United",2.06,0.82,"2-0",0.6625,0.199,0.1385,3,1,"H"
"20230916_NewcastleUnited_Brentford","Newcastle United","Brentford",1.93,1.24,"1-1",0.5349,0.2211,0.244,1,0,"H"
"20230916_WestHamUnited_ManchesterCity","West Ham United","Manchester City",0.94,2.25,"0-2",0.1441,0.1868,0.669,1,3,"A"
"20230916_ManchesterUnited_Brighton","Manchester United","Brighton",1.61,1.33,"1-1",0.4407,0.2428,0.3165,1,3,"A"
"20230916_TottenhamHotspur_SheffieldUnited","Tottenham Hotspur","Sheffield United",3.37,0.93,"3-0",0.83,0.1036,0.0656,2,1,"H"
"20230916_AstonVilla_CrystalPalace","Aston Villa","Crystal Palace",1.6,1.04,"1-1",0.5043,0.2496,0.246,3,1,"H"
"20230916_WolverhamptonWanderers_Liverpool","Wolverhampton Wanderers","Liverpool",0.97,2.09,"0-2",0.167,0.2026,0.6305,1,3,"A"
"20230916_Fulham_Luton","Fulham","Luton",2.29,1.2,"2-1",0.6186,0.1929,0.1884,1,0,"H"
"20230917_Bournemouth_Chelsea","Bournemouth","Chelsea",1.37,1.49,"1-1",0.3501,0.2494,0.4005,0,0,"D"
"20230917_Everton_Arsenal","Everton","Arsenal",0.71,1.65,"0-1",0.1576,0.2417,0.6007,0,1,"A"
"20230918_NottinghamForest_Burnley","Nottingham Forest","Burnley",1.86,0.98,"1-0",0.5799,0.2242,0.1959,1,1,"D"
"20230923_Brentford_Everton","Brentford","Everton",1.5,0.95,"1-0",0.5015,0.2603,0.2383,1,3,"A"
"20230923_CrystalPalace_Fulham","Crystal Palace","Fulham",1.32,1.16,"1-1",0.4038,0.2701,0.3261,0,0,"D"
"20230923_Luton_WolverhamptonWanderers","Luton","Wolverhampton Wanderers",1.7,1.46,"1-1",0.4345,0.2339,0.3316,1,1,"D"
"20230923_ManchesterCity_NottinghamForest","Manchester City","Nottingham Forest",2.47,0.77,"2-0",0.7464,0.1575,0.096,2,0,"H"
"20230923_Burnley_ManchesterUnited","Burnley","Manchester United",1.06,1.81,"1-1",0.2214,0.2306,0.5481,0,1,"A"
"20230924_Arsenal_TottenhamHotspur","Arsenal","Tottenham Hotspur",2.49,0.93,"2-0",0.7149,0.1651,0.12,2,2,"D"
"20230924_Brighton_Bournemouth","Brighton","Bournemouth",1.87,1.22,"1-1",0.5256,0.2261,0.2483,3,1,"H"
"20230924_Chelsea_AstonVilla","Chelsea","Aston Villa",1.58,1.31,"1-1",0.4366,0.2459,0.3175,0,1,"A"
"20230924_Liverpool_WestHamUnited","Liverpool","West Ham United",2.51,0.96,"2-0",0.7107,0.1653,0.124,3,1,"H"
"20230924_SheffieldUnited_NewcastleUnited","Sheffield United","Newcastle United",0.91,2.94,"0-2",0.0851,0.1293,0.7853,0,8,"A"
"20230930_WolverhamptonWanderers_ManchesterCity","Wolverhampton Wanderers","Manchester City",0.79,2.27,"0-2",0.1142,0.1772,0.7086,2,1,"H"
"20230930_WestHamUnited_SheffieldUnited","West Ham United","Sheffield United",2.56,0.95,"2-0",0.7198,0.1612,0.1189,2,0,"H"
"20230930_TottenhamHotspur_Liverpool","Tottenham Hotspur","Liverpool",1.54,2.02,"1-2",0.2948,0.2146,0.4905,2,1,"H"
"20230930_NewcastleUnited_Burnley","Newcastle United","Burnley",2.63,0.85,"2-0",0.7527,0.1495,0.0977,2,0,"H"
"20230930_ManchesterUnited_CrystalPalace","Manchester United","Crystal Palace",1.51,1.03,"1-1",0.4854,0.2581,0.2566,0,1,"A"
"20230930_Everton_Luton","Everton","Luton",1.76,1.09,"1-1",0.5302,0.2349,0.2349,1,2,"A"
"20230930_Bournemouth_Arsenal","Bournemouth","Arsenal",0.91,1.97,"0-1",0.1668,0.2122,0.6211,0,4,"A"
"20230930_AstonVilla_Brighton","Aston Villa","Brighton",1.71,1.35,"1-1",0.4593,0.2363,0.3044,6,1,"H"
"20231001_NottinghamForest_Brentford","Nottingham Forest","Brentford",1.37,1.44,"1-1",0.3593,0.2523,0.3884,1,1,"D"
"20231002_Fulham_Chelsea","Fulham","Chelsea",1.39,1.37,"1-1",0.3785,0.2548,0.3667,0,2,"A"
"20231003_Luton_Burnley","Luton","Burnley",1.99,1.44,"1-1",0.504,0.217,0.279,1,2,"A"
"20231007_CrystalPalace_NottinghamForest","Crystal Palace","Nottingham Forest",1.39,1.06,"1-1",0.4451,0.2681,0.2867,0,0,"D"
"20231007_ManchesterUnited_Brentford","Manchester United","Brentford",1.61,1.28,"1-1",0.4516,0.2445,0.3039,2,1,"H"
"20231007_Fulham_SheffieldUnited","Fulham","Sheffield United",2.76,0.82,"2-0",0.7781,0.1371,0.0846,3,1,"H"
"20231007_Burnley_Chelsea","Burnley","Chelsea",1.06,1.88,"1-1",0.2121,0.2241,0.5638,1,4,"A"
"20231007_Luton_TottenhamHotspur","Luton","Tottenham Hotspur",1.65,2.31,"1-2",0.2746,0.1986,0.5268,0,1,"A"
"20231007_Everton_Bournemouth","Everton","Bournemouth",1.24,1.1,"1-1",0.3938,0.2804,0.3258,3,0,"H"
"20231008_Brighton_Liverpool","Brighton","Liverpool",1.46,1.8,"1-1",0.314,0.2282,0.4578,2,2,"D"
"20231008_WestHamUnited_NewcastleUnited","West Ham United","Newcastle United",1.25,1.84,"1-1",0.2603,0.2282,0.5115,2,2,"D"
"20231008_WolverhamptonWanderers_AstonVilla","Wolverhampton Wanderers","Aston Villa",1.09,1.63,"1-1",0.2539,0.246,0.5,1,1,"D"
"20231008_Arsenal_ManchesterCity","Arsenal","Manchester City",1.51,1.2,"1-1",0.4428,0.2543,0.3029,1,0,"H"
"20231021_NottinghamForest_Luton","Nottingham Forest","Luton",2.1,1.26,"2-1",0.566,0.2087,0.2253,2,2,"D"
"20231021_Chelsea_Arsenal","Chelsea","Arsenal",1.03,1.71,"1-1",0.2285,0.2398,0.5318,2,2,"D"
"20231021_NewcastleUnited_CrystalPalace","Newcastle United","Crystal Palace",1.82,1,"1-0",0.5662,0.229,0.2048,4,0,"H"
"20231021_SheffieldUnited_ManchesterUnited","Sheffield United","Manchester United",0.93,2.45,"0-2",0.1241,0.1687,0.7071,1,2,"A"
"20231021_Brentford_Burnley","Brentford","Burnley",2.26,0.94,"2-0",0.6718,0.1855,0.1427,3,0,"H"
"20231021_Bournemouth_WolverhamptonWanderers","Bournemouth","Wolverhampton Wanderers",1.71,1.03,"1-1",0.5342,0.2391,0.2266,1,2,"A"
"20231021_Liverpool_Everton","Liverpool","Everton",1.97,0.8,"1-0",0.6481,0.208,0.1438,2,0,"H"
"20231021_ManchesterCity_Brighton","Manchester City","Brighton",2.37,0.97,"2-0",0.6837,0.1778,0.1385,2,1,"H"
"20231022_AstonVilla_WestHamUnited","Aston Villa","West Ham United",1.96,1.08,"1-1",0.5796,0.2167,0.2037,4,1,"H"
"20231023_TottenhamHotspur_Fulham","Tottenham Hotspur","Fulham",1.81,1.39,"1-1",0.4748,0.2292,0.296,2,0,"H"
"20231027_CrystalPalace_TottenhamHotspur","Crystal Palace","Tottenham Hotspur",1.5,1.42,"1-1",0.3956,0.2466,0.3577,1,2,"A"
"20231028_WolverhamptonWanderers_NewcastleUnited","Wolverhampton Wanderers","Newcastle United",1.05,1.85,"1-1",0.2113,0.2261,0.5626,2,2,"D"
"20231028_Bournemouth_Burnley","Bournemouth","Burnley",2,1.01,"2-1",0.6031,0.2118,0.185,2,1,"H"
"20231028_Chelsea_Brentford","Chelsea","Brentford",1.67,1.28,"1-1",0.4665,0.2399,0.2936,0,2,"A"
"20231028_Arsenal_SheffieldUnited","Arsenal","Sheffield United",4.09,0.51,"4-0",0.9363,0.0448,0.0156,5,0,"H"
"20231029_WestHamUnited_Everton","West Ham United","Everton",1.25,1.09,"1-1",0.3989,0.2793,0.3218,0,1,"A"
"20231029_AstonVilla_Luton","Aston Villa","Luton",2.61,1.14,"2-1",0.6884,0.1665,0.145,3,1,"H"
"20231029_Brighton_Fulham","Brighton","Fulham",1.72,1.24,"1-1",0.4872,0.2373,0.2754,1,1,"D"
"20231029_Liverpool_NottinghamForest","Liverpool","Nottingham Forest",2.28,0.95,"2-0",0.6717,0.1849,0.1434,3,0,"H"
"20231029_ManchesterUnited_ManchesterCity","Manchester United","Manchester City",1.09,1.81,"1-1",0.2276,0.2301,0.5423,0,3,"A"
"20231104_NewcastleUnited_Arsenal","Newcastle United","Arsenal",1.19,1.65,"1-1",0.2751,0.2431,0.4818,1,0,"H"
"20231104_ManchesterCity_Bournemouth","Manchester City","Bournemouth",2.54,0.83,"2-0",0.7451,0.155,0.0999,6,1,"H"
"20231104_Everton_Brighton","Everton","Brighton",1.15,1.29,"1-1",0.3297,0.2727,0.3977,1,1,"D"
"20231104_SheffieldUnited_WolverhamptonWanderers","Sheffield United","Wolverhampton Wanderers",1.17,1.76,"1-1",0.2517,0.2345,0.5138,2,1,"H"
"20231104_Brentford_WestHamUnited","Brentford","West Ham United",1.92,1.14,"1-1",0.5547,0.2213,0.224,3,2,"H"
"20231104_Fulham_ManchesterUnited","Fulham","Manchester United",1.39,1.32,"1-1",0.3885,0.2576,0.3539,0,1,"A"
"20231104_Burnley_CrystalPalace","Burnley","Crystal Palace",1.07,1.5,"1-1",0.2714,0.2585,0.4701,0,2,"A"
"20231105_NottinghamForest_AstonVilla","Nottingham Forest","Aston Villa",1.29,1.47,"1-1",0.333,0.2538,0.4132,2,0,"H"
"20231105_Luton_Liverpool","Luton","Liverpool",1.23,2.75,"1-2",0.1469,0.1602,0.6927,1,1,"D"
"20231106_TottenhamHotspur_Chelsea","Tottenham Hotspur","Chelsea",1.7,1.55,"1-1",0.416,0.2313,0.3527,1,4,"A"
"20231111_WolverhamptonWanderers_TottenhamHotspur","Wolverhampton Wanderers","Tottenham Hotspur",1.3,1.75,"1-1",0.2856,0.2341,0.4803,2,1,"H"
"20231111_Arsenal_Burnley","Arsenal","Burnley",3.01,0.58,"3-0",0.8544,0.1011,0.0442,3,1,"H"
"20231111_CrystalPalace_Everton","Crystal Palace","Everton",1.21,0.89,"1-0",0.4329,0.2948,0.2723,2,3,"A"
"20231111_ManchesterUnited_Luton","Manchester United","Luton",2.47,1.12,"2-1",0.6672,0.1767,0.1561,1,0,"H"
"20231111_Bournemouth_NewcastleUnited","Bournemouth","Newcastle United",1.33,1.71,"1-1",0.2986,0.2362,0.4652,2,0,"H"
"20231112_Chelsea_ManchesterCity","Chelsea","Manchester City",1.14,1.82,"1-1",0.237,0.2299,0.5331,4,4,"D"
"20231112_WestHamUnited_NottinghamForest","West Ham United","Nottingham Forest",1.45,1.3,"1-1",0.4054,0.2546,0.3401,3,2,"H"
"20231112_AstonVilla_Fulham","Aston Villa","Fulham",1.69,1.16,"1-1",0.4962,0.2408,0.263,3,1,"H"
"20231112_Brighton_SheffieldUnited","Brighton","Sheffield United",3.2,0.83,"3-0",0.83,0.107,0.0625,1,1,"D"
"20231112_Liverpool_Brentford","Liverpool","Brentford",2.18,1.16,"2-1",0.6062,0.2004,0.1934,3,0,"H"
"20231125_ManchesterCity_Liverpool","Manchester City","Liverpool",1.99,1.22,"1-1",0.5519,0.2166,0.2316,1,1,"D"
"20231125_Burnley_WestHamUnited","Burnley","West Ham United",1.32,1.55,"1-1",0.3231,0.2472,0.4297,1,2,"A"
"20231125_Luton_CrystalPalace","Luton","Crystal Palace",1.38,1.69,"1-1",0.3142,0.237,0.4488,2,1,"H"
"20231125_NewcastleUnited_Chelsea","Newcastle United","Chelsea",1.8,1.25,"1-1",0.5038,0.231,0.2651,4,1,"H"
"20231125_NottinghamForest_Brighton","Nottingham Forest","Brighton",1.37,1.5,"1-1",0.3483,0.2486,0.4031,2,3,"A"
"20231125_SheffieldUnited_Bournemouth","Sheffield United","Bournemouth",1.08,2.24,"1-2",0.1706,0.1928,0.6366,1,3,"A"
"20231125_Brentford_Arsenal","Brentford","Arsenal",1.03,1.83,"1-1",0.2099,0.2281,0.5621,0,1,"A"
"20231126_Everton_ManchesterUnited","Everton","Manchester United",1.07,1.2,"1-1",0.3251,0.2852,0.3898,0,3,"A"
"20231126_TottenhamHotspur_AstonVilla","Tottenham Hotspur","Aston Villa",1.72,1.58,"1-1",0.4148,0.2296,0.3556,1,2,"A"
"20231127_Fulham_WolverhamptonWanderers","Fulham","Wolverhampton Wanderers",1.74,0.95,"1-0",0.5601,0.2361,0.2038,3,2,"H"
"20231202_Arsenal_WolverhamptonWanderers","Arsenal","Wolverhampton Wanderers",2.58,0.59,"2-0",0.8018,0.1349,0.0632,2,1,"H"
"20231202_Brentford_Luton","Brentford","Luton",2.55,1.21,"2-1",0.6638,0.1737,0.1624,3,1,"H"
"20231202_Burnley_SheffieldUnited","Burnley","Sheffield United",2.11,1.12,"2-1",0.5988,0.2055,0.1957,5,0,"H"
"20231202_NottinghamForest_Everton","Nottingham Forest","Everton",1.24,0.99,"1-0",0.4186,0.2862,0.2952,0,1,"A"
"20231202_NewcastleUnited_ManchesterUnited","Newcastle United","Manchester United",1.8,1.2,"1-1",0.5137,0.2316,0.2547,1,0,"H"
"20231203_ManchesterCity_TottenhamHotspur","Manchester City","Tottenham Hotspur",2.66,1.02,"2-1",0.7208,0.1571,0.122,3,3,"D"
"20231203_WestHamUnited_CrystalPalace","West Ham United","Crystal Palace",1.3,1.27,"1-1",0.3748,0.2655,0.3598,1,1,"D"
"20231203_Chelsea_Brighton","Chelsea","Brighton",1.68,1.34,"1-1",0.4555,0.2385,0.306,3,2,"H"
"20231203_Liverpool_Fulham","Liverpool","Fulham",2.16,1.04,"2-1",0.629,0.1987,0.1723,4,3,"H"
"20231203_Bournemouth_AstonVilla","Bournemouth","Aston Villa",1.39,1.51,"1-1",0.3489,0.2473,0.4038,2,2,"D"
"20231205_WolverhamptonWanderers_Burnley","Wolverhampton Wanderers","Burnley",1.57,1.1,"1-1",0.4843,0.2513,0.2645,1,0,"H"
"20231205_Luton_Arsenal","Luton","Arsenal",0.9,2.8,"0-2",0.0935,0.1393,0.7671,3,4,"A"
"20231206_AstonVilla_ManchesterCity","Aston Villa","Manchester City",1.16,1.84,"1-1",0.2387,0.2283,0.5329,1,0,"H"
"20231206_SheffieldUnited_Liverpool","Sheffield United","Liverpool",0.84,3.32,"0-3",0.059,0.1011,0.8392,0,2,"A"
"20231206_ManchesterUnited_Chelsea","Manchester United","Chelsea",1.5,1.29,"1-1",0.4231,0.2518,0.3251,2,1,"H"
"20231206_CrystalPalace_Bournemouth","Crystal Palace","Bournemouth",1.44,1.14,"1-1",0.4378,0.2618,0.3004,0,2,"A"
"20231206_Brighton_Brentford","Brighton","Brentford",1.74,1.38,"1-1",0.4603,0.2339,0.3058,2,1,"H"
"20231206_Fulham_NottinghamForest","Fulham","Nottingham Forest",1.56,1.12,"1-1",0.4752,0.2519,0.2729,5,0,"H"
"20231207_Everton_NewcastleUnited","Everton","Newcastle United",1.04,1.44,"1-1",0.2724,0.2648,0.4629,3,0,"H"
"20231207_TottenhamHotspur_WestHamUnited","Tottenham Hotspur","West Ham United",2.11,1.29,"2-1",0.5623,0.2085,0.2292,1,2,"A"
"20231209_CrystalPalace_Liverpool","Crystal Palace","Liverpool",1.12,1.69,"1-1",0.2531,0.2408,0.506,1,2,"A"
"20231209_Brighton_Burnley","Brighton","Burnley",2.36,0.94,"2-0",0.6888,0.1771,0.1341,1,1,"D"
"20231209_ManchesterUnited_Bournemouth","Manchester United","Bournemouth",1.73,1.13,"1-1",0.5143,0.2373,0.2484,0,3,"A"
"20231209_SheffieldUnited_Brentford","Sheffield United","Brentford",1,2.54,"1-2",0.1286,0.1655,0.7058,1,0,"H"
"20231209_WolverhamptonWanderers_NottinghamForest","Wolverhampton Wanderers","Nottingham Forest",1.21,1.32,"1-1",0.3409,0.268,0.3911,1,1,"D"
"20231209_AstonVilla_Arsenal","Aston Villa","Arsenal",1.05,1.72,"1-1",0.2301,0.2381,0.5318,1,0,"H"
"20231210_TottenhamHotspur_NewcastleUnited","Tottenham Hotspur","Newcastle United",1.65,1.79,"1-1",0.3584,0.2243,0.4173,4,1,"H"
"20231210_Luton_ManchesterCity","Luton","Manchester City",1,2.99,"0-2",0.0942,0.1318,0.7737,1,2,"A"
"20231210_Fulham_WestHamUnited","Fulham","West Ham United",1.72,1.13,"1-1",0.5121,0.2379,0.25,5,0,"H"
"20231210_Everton_Chelsea","Everton","Chelsea",1.07,1.25,"1-1",0.3164,0.2809,0.4027,2,0,"H"
"20231215_NottinghamForest_TottenhamHotspur","Nottingham Forest","Tottenham Hotspur",1.54,1.57,"1-1",0.3741,0.2378,0.3881,0,2,"A"
"20231216_Chelsea_SheffieldUnited","Chelsea","Sheffield United",3.09,0.77,"3-0",0.8279,0.1104,0.0614,2,0,"H"
"20231216_ManchesterCity_CrystalPalace","Manchester City","Crystal Palace",2.22,0.75,"2-0",0.7094,0.1794,0.1112,2,2,"D"
"20231216_NewcastleUnited_Fulham","Newcastle United","Fulham",1.91,1.11,"1-1",0.5598,0.2217,0.2185,3,0,"H"
"20231216_Burnley_Everton","Burnley","Everton",1.03,1.29,"1-1",0.2969,0.2792,0.4239,0,2,"A"
"20231217_WestHamUnited_WolverhamptonWanderers","West Ham United","Wolverhampton Wanderers",1.61,1.1,"1-1",0.4919,0.2479,0.2602,3,0,"H"
"20231217_Liverpool_ManchesterUnited","Liverpool","Manchester United",2.03,1.12,"2-1",0.5837,0.212,0.2043,0,0,"D"
"20231217_Arsenal_Brighton","Arsenal","Brighton",2.22,0.88,"2-0",0.6779,0.1865,0.1356,2,0,"H"
"20231217_Brentford_AstonVilla","Brentford","Aston Villa",1.57,1.41,"1-1",0.4145,0.2433,0.3422,1,2,"A"
"20231221_CrystalPalace_Brighton","Crystal Palace","Brighton",1.34,1.35,"1-1",0.3686,0.259,0.3724,1,1,"D"
"20231222_AstonVilla_SheffieldUnited","Aston Villa","Sheffield United",3.14,0.78,"3-0",0.8322,0.1075,0.0599,1,1,"D"
"20231223_Liverpool_Arsenal","Liverpool","Arsenal",1.34,1.54,"1-1",0.3322,0.2473,0.4205,1,1,"D"
"20231223_WestHamUnited_ManchesterUnited","West Ham United","Manchester United",1.29,1.53,"1-1",0.3204,0.2496,0.43,2,0,"H"
"20231223_Fulham_Burnley","Fulham","Burnley",2.03,0.93,"2-0",0.6285,0.2066,0.1648,0,2,"A"
"20231223_Luton_NewcastleUnited","Luton","Newcastle United",1.32,2.44,"1-2",0.1947,0.1853,0.62,1,0,"H"
"20231223_NottinghamForest_Bournemouth","Nottingham Forest","Bournemouth",1.47,1.27,"1-1",0.4196,0.2543,0.3261,2,3,"A"
"20231223_TottenhamHotspur_Everton","Tottenham Hotspur","Everton",1.65,1.07,"1-1",0.5095,0.2449,0.2456,2,1,"H"
"20231224_WolverhamptonWanderers_Chelsea","Wolverhampton Wanderers","Chelsea",1.08,1.61,"1-1",0.2555,0.2487,0.4958,2,1,"H"
"20231226_Burnley_Liverpool","Burnley","Liverpool",0.96,2.44,"0-2",0.1295,0.1708,0.6996,0,2,"A"
"20231226_SheffieldUnited_Luton","Sheffield United","Luton",1.53,2.23,"1-2",0.2629,0.2025,0.5346,2,3,"A"
"20231226_ManchesterUnited_AstonVilla","Manchester United","Aston Villa",1.52,1.31,"1-1",0.4223,0.25,0.3277,3,2,"H"
"20231226_NewcastleUnited_NottinghamForest","Newcastle United","Nottingham Forest",2.02,1.02,"2-1",0.6043,0.2106,0.1851,1,3,"A"
"20231226_Bournemouth_Fulham","Bournemouth","Fulham",1.46,1.33,"1-1",0.4035,0.253,0.3435,3,0,"H"
"20231227_Everton_ManchesterCity","Everton","Manchester City",0.78,1.76,"0-1",0.1623,0.2304,0.6073,1,3,"A"
"20231227_Chelsea_CrystalPalace","Chelsea","Crystal Palace",1.57,1.03,"1-1",0.5001,0.2523,0.2476,2,1,"H"
"20231227_Brentford_WolverhamptonWanderers","Brentford","Wolverhampton Wanderers",1.94,0.96,"1-0",0.6027,0.2166,0.1807,1,4,"A"
"20231228_Brighton_TottenhamHotspur","Brighton","Tottenham Hotspur",1.95,1.51,"1-1",0.481,0.2188,0.3001,4,2,"H"
"20231228_Arsenal_WestHamUnited","Arsenal","West Ham United",2.56,0.7,"2-0",0.7738,0.1455,0.0806,0,2,"A"
"20231230_Luton_Chelsea","Luton","Chelsea",1.37,2.11,"1-2",0.2447,0.2087,0.5466,2,3,"A"
"20231230_AstonVilla_Burnley","Aston Villa","Burnley",2.32,0.89,"2-0",0.6936,0.1783,0.1281,3,2,"H"
"20231230_CrystalPalace_Brentford","Crystal Palace","Brentford",1.34,1.29,"1-1",0.3791,0.2622,0.3587,3,1,"H"
"20231230_ManchesterCity_SheffieldUnited","Manchester City","Sheffield United",4.36,0.56,"4-0",0.9406,0.0395,0.0145,2,0,"H"
"20231230_WolverhamptonWanderers_Everton","Wolverhampton Wanderers","Everton",1.05,1.1,"1-1",0.3378,0.2953,0.3669,3,0,"H"
"20231230_NottinghamForest_ManchesterUnited","Nottingham Forest","Manchester United",1.28,1.39,"1-1",0.3441,0.2597,0.3962,2,1,"H"
"20231231_TottenhamHotspur_Bournemouth","Tottenham Hotspur","Bournemouth",1.96,1.37,"1-1",0.5141,0.219,0.2669,3,1,"H"
"20231231_Fulham_Arsenal","Fulham","Arsenal",0.92,1.81,"0-1",0.1883,0.2282,0.5835,2,1,"H"
"20240101_Liverpool_NewcastleUnited","Liverpool","Newcastle United",1.97,1.34,"1-1",0.5207,0.2187,0.2607,4,2,"H"
"20240102_WestHamUnited_Brighton","West Ham United","Brighton",1.39,1.65,"1-1",0.3232,0.2389,0.4379,0,0,"D"
"20240112_Burnley_Luton","Burnley","Luton",1.75,1.64,"1-1",0.4084,0.2265,0.3651,1,1,"D"
"20240113_Chelsea_Fulham","Chelsea","Fulham",1.66,1.15,"1-1",0.492,0.2433,0.2646,1,0,"H"
"20240113_NewcastleUnited_ManchesterCity","Newcastle United","Manchester City",1.31,1.76,"1-1",0.2864,0.2332,0.4804,2,3,"A"
"20240114_Everton_AstonVilla","Everton","Aston Villa",1.08,1.27,"1-1",0.3154,0.2784,0.4062,0,0,"D"
"20240114_ManchesterUnited_TottenhamHotspur","Manchester United","Tottenham Hotspur",1.81,1.4,"1-1",0.4722,0.2288,0.299,2,2,"D"
"20240120_Arsenal_CrystalPalace","Arsenal","Crystal Palace",2.08,0.68,"2-0",0.7011,0.1894,0.1094,5,0,"H"
"20240120_Brentford_NottinghamForest","Brentford","Nottingham Forest",1.74,1.13,"1-1",0.5161,0.2366,0.2473,3,2,"H"
"20240121_SheffieldUnited_WestHamUnited","Sheffield United","West Ham United",1.16,2.11,"1-2",0.2017,0.2059,0.5924,2,2,"D"
"20240121_Bournemouth_Liverpool","Bournemouth","Liverpool",1.24,1.93,"1-1",0.2434,0.221,0.5356,0,4,"A"
"20240122_Brighton_WolverhamptonWanderers","Brighton","Wolverhampton Wanderers",2.02,0.96,"2-0",0.6197,0.2087,0.1716,0,0,"D"
"20240130_NottinghamForest_Arsenal","Nottingham Forest","Arsenal",0.84,1.91,"0-1",0.1596,0.2158,0.6246,1,2,"A"
"20240130_Fulham_Everton","Fulham","Everton",1.35,0.94,"1-0",0.4624,0.2768,0.2608,0,0,"D"
"20240130_Luton_Brighton","Luton","Brighton",1.47,2.19,"1-2",0.2548,0.2043,0.5409,4,0,"H"
"20240130_CrystalPalace_SheffieldUnited","Crystal Palace","Sheffield United",2.46,0.78,"2-0",0.7437,0.1585,0.0977,3,2,"H"
"20240130_AstonVilla_NewcastleUnited","Aston Villa","Newcastle United",1.54,1.5,"1-1",0.3874,0.2411,0.3715,1,3,"A"
"20240131_ManchesterCity_Burnley","Manchester City","Burnley",3.21,0.64,"3-0",0.8632,0.0931,0.0432,3,1,"H"
"20240131_TottenhamHotspur_Brentford","Tottenham Hotspur","Brentford",1.83,1.55,"1-1",0.4458,0.2253,0.3289,3,2,"H"
"20240131_Liverpool_Chelsea","Liverpool","Chelsea",2.03,1.16,"2-1",0.5744,0.2125,0.2132,4,1,"H"
"20240201_WestHamUnited_Bournemouth","West Ham United","Bournemouth",1.49,1.4,"1-1",0.3959,0.2479,0.3563,1,1,"D"
"20240201_WolverhamptonWanderers_ManchesterUnited","Wolverhampton Wanderers","Manchester United",1.08,1.54,"1-1",0.2648,0.2542,0.481,3,4,"A"
"20240203_SheffieldUnited_AstonVilla","Sheffield United","Aston Villa",0.94,2.59,"0-2",0.1146,0.1578,0.7275,0,5,"A"
"20240203_NewcastleUnited_Luton","Newcastle United","Luton",2.96,1.09,"2-1",0.7513,0.1392,0.1092,4,4,"D"
"20240203_Brighton_CrystalPalace","Brighton","Crystal Palace",1.63,1.1,"1-1",0.4964,0.246,0.2575,4,1,"H"
"20240203_Everton_TottenhamHotspur","Everton","Tottenham Hotspur",1.29,1.36,"1-1",0.3539,0.2606,0.3855,2,2,"D"
"20240203_Burnley_Fulham","Burnley","Fulham",1.13,1.68,"1-1",0.2567,0.2419,0.5014,2,2,"D"
"20240204_Bournemouth_NottinghamForest","Bournemouth","Nottingham Forest",1.54,1.22,"1-1",0.4475,0.2514,0.3011,1,1,"D"
"20240204_Chelsea_WolverhamptonWanderers","Chelsea","Wolverhampton Wanderers",1.95,0.89,"1-0",0.6206,0.2137,0.1656,2,4,"A"
"20240204_ManchesterUnited_WestHamUnited","Manchester United","West Ham United",1.86,1.06,"1-1",0.5591,0.226,0.2149,3,0,"H"
"20240204_Arsenal_Liverpool","Arsenal","Liverpool",1.87,1.11,"1-1",0.5509,0.2256,0.2234,3,1,"H"
"20240205_Brentford_ManchesterCity","Brentford","Manchester City",1.13,1.95,"1-1",0.2172,0.2187,0.5641,1,3,"A"
"20240210_WolverhamptonWanderers_Brentford","Wolverhampton Wanderers","Brentford",1.16,1.6,"1-1",0.2763,0.2481,0.4755,0,2,"A"
"20240210_NottinghamForest_NewcastleUnited","Nottingham Forest","Newcastle United",1.24,1.67,"1-1",0.2848,0.2414,0.4738,2,3,"A"
"20240210_Luton_SheffieldUnited","Luton","Sheffield United",2.7,1.27,"2-1",0.6778,0.1651,0.157,1,3,"A"
"20240210_TottenhamHotspur_Brighton","Tottenham Hotspur","Brighton",1.83,1.61,"1-1",0.4335,0.2236,0.3429,2,1,"H"
"20240210_Fulham_Bournemouth","Fulham","Bournemouth",1.61,1.2,"1-1",0.4676,0.2465,0.2859,3,1,"H"
"20240210_ManchesterCity_Everton","Manchester City","Everton",2.13,0.64,"2-0",0.719,0.1819,0.0991,2,0,"H"
"20240210_Liverpool_Burnley","Liverpool","Burnley",2.96,0.79,"2-0",0.8094,0.1204,0.0699,3,1,"H"
"20240211_WestHamUnited_Arsenal","West Ham United","Arsenal",0.85,2.11,"0-2",0.1408,0.1959,0.6632,0,6,"A"
"20240211_AstonVilla_ManchesterUnited","Aston Villa","Manchester United",1.58,1.25,"1-1",0.4511,0.2471,0.3019,1,2,"A"
"20240212_CrystalPalace_Chelsea","Crystal Palace","Chelsea",1.24,1.3,"1-1",0.3538,0.2672,0.379,1,3,"A"
"20240217_NewcastleUnited_Bournemouth","Newcastle United","Bournemouth",2.08,1.1,"2-1",0.5989,0.2073,0.1938,2,2,"D"
"20240217_ManchesterCity_Chelsea","Manchester City","Chelsea",2.2,0.94,"2-0",0.6612,0.1908,0.148,1,1,"D"
"20240217_TottenhamHotspur_WolverhamptonWanderers","Tottenham Hotspur","Wolverhampton Wanderers",2.12,1.07,"2-1",0.6137,0.2028,0.1835,1,2,"A"
"20240217_NottinghamForest_WestHamUnited","Nottingham Forest","West Ham United",1.58,1.19,"1-1",0.4631,0.2487,0.2882,2,0,"H"
"20240217_Fulham_AstonVilla","Fulham","Aston Villa",1.41,1.39,"1-1",0.3775,0.2528,0.3697,1,2,"A"
"20240217_Burnley_Arsenal","Burnley","Arsenal",0.7,2.49,"0-2",0.0847,0.1515,0.7638,0,5,"A"
"20240217_Brentford_Liverpool","Brentford","Liverpool",1.4,1.8,"1-1",0.301,0.2295,0.4695,1,4,"A"
"20240218_SheffieldUnited_Brighton","Sheffield United","Brighton",1,2.64,"1-2",0.12,0.1571,0.7228,0,5,"A"
"20240218_Luton_ManchesterUnited","Luton","Manchester United",1.36,2.03,"1-2",0.2556,0.2142,0.5302,1,2,"A"
"20240219_Everton_CrystalPalace","Everton","Crystal Palace",1.08,1,"1-0",0.3714,0.3013,0.3273,1,1,"D"
"20240220_ManchesterCity_Brentford","Manchester City","Brentford",2.36,0.93,"2-0",0.6917,0.1763,0.132,1,0,"H"
"20240221_Liverpool_Luton","Liverpool","Luton",3.34,1.02,"3-1",0.8117,0.1109,0.0766,4,1,"H"
"20240224_Arsenal_NewcastleUnited","Arsenal","Newcastle United",2,0.98,"2-0",0.6106,0.2109,0.1784,4,1,"H"
"20240224_ManchesterUnited_Fulham","Manchester United","Fulham",1.59,1.15,"1-1",0.4771,0.2486,0.2743,1,2,"A"
"20240224_Bournemouth_ManchesterCity","Bournemouth","Manchester City",1,2.1,"1-2",0.1715,0.2029,0.6256,0,1,"A"
"20240224_Brighton_Everton","Brighton","Everton",1.57,0.95,"1-0",0.5174,0.2536,0.229,1,1,"D"
"20240224_CrystalPalace_Burnley","Crystal Palace","Burnley",1.82,0.89,"1-0",0.5932,0.227,0.1797,3,0,"H"
"20240224_AstonVilla_NottinghamForest","Aston Villa","Nottingham Forest",1.78,1.07,"1-1",0.5407,0.2331,0.2262,4,2,"H"
"20240225_WolverhamptonWanderers_SheffieldUnited","Wolverhampton Wanderers","Sheffield United",2.14,0.96,"2-0",0.6428,0.1979,0.1593,1,0,"H"
"20240226_WestHamUnited_Brentford","West Ham United","Brentford",1.39,1.59,"1-1",0.3347,0.243,0.4223,4,2,"H"
"20240302_TottenhamHotspur_CrystalPalace","Tottenham Hotspur","Crystal Palace",1.72,1.24,"1-1",0.486,0.2375,0.2765,3,1,"H"
"20240302_NottinghamForest_Liverpool","Nottingham Forest","Liverpool",1.15,1.88,"1-1",0.2322,0.2249,0.5429,0,1,"A"
"20240302_NewcastleUnited_WolverhamptonWanderers","Newcastle United","Wolverhampton Wanderers",2.25,0.86,"2-0",0.6868,0.1833,0.1299,3,0,"H"
"20240302_Luton_AstonVilla","Luton","Aston Villa",1.38,2.15,"1-2",0.2426,0.2064,0.551,2,3,"A"
"20240302_Everton_WestHamUnited","Everton","West Ham United",1.33,1.03,"1-1",0.4334,0.2757,0.2908,1,3,"A"
"20240302_Brentford_Chelsea","Brentford","Chelsea",1.55,1.38,"1-1",0.4154,0.2451,0.3395,2,2,"D"
"20240302_Fulham_Brighton","Fulham","Brighton",1.5,1.42,"1-1",0.3944,0.2467,0.3589,3,0,"H"
"20240303_Burnley_Bournemouth","Burnley","Bournemouth",1.23,1.65,"1-1",0.2842,0.2426,0.4732,0,2,"A"
"20240303_ManchesterCity_ManchesterUnited","Manchester City","Manchester United",2.2,0.9,"2-0",0.6687,0.1897,0.1417,3,1,"H"
"20240304_SheffieldUnited_Arsenal","Sheffield United","Arsenal",0.62,3.38,"0-3",0.0362,0.0822,0.8808,0,6,"A"
"20240309_ManchesterUnited_Everton","Manchester United","Everton",1.45,0.88,"1-0",0.5048,0.2667,0.2285,2,0,"H"
"20240309_Bournemouth_SheffieldUnited","Bournemouth","Sheffield United",2.72,0.89,"2-0",0.758,0.1448,0.0971,2,2,"D"
"20240309_CrystalPalace_Luton","Crystal Palace","Luton",2.04,1.14,"2-1",0.5831,0.2109,0.2059,1,1,"D"
"20240309_WolverhamptonWanderers_Fulham","Wolverhampton Wanderers","Fulham",1.15,1.43,"1-1",0.3018,0.2618,0.4364,2,1,"H"
"20240309_Arsenal_Brentford","Arsenal","Brentford",2.22,0.85,"2-0",0.6854,0.1852,0.1294,2,1,"H"
"20240310_WestHamUnited_Burnley","West Ham United","Burnley",1.88,1.09,"1-1",0.56,0.2239,0.2162,2,2,"D"
"20240310_AstonVilla_TottenhamHotspur","Aston Villa","Tottenham Hotspur",1.91,1.42,"1-1",0.4919,0.222,0.2862,0,4,"A"
"20240310_Brighton_NottinghamForest","Brighton","Nottingham Forest",1.81,1.13,"1-1",0.5328,0.2303,0.2369,1,0,"H"
"20240310_Liverpool_ManchesterCity","Liverpool","Manchester City",1.48,1.64,"1-1",0.3469,0.2367,0.4164,1,1,"D"
"20240311_Chelsea_NewcastleUnited","Chelsea","Newcastle United",1.51,1.49,"1-1",0.3842,0.243,0.3728,3,2,"H"
"20240313_Bournemouth_Luton","Bournemouth","Luton",2.25,1.3,"2-1",0.5895,0.1979,0.2126,4,3,"H"
"20240316_Fulham_TottenhamHotspur","Fulham","Tottenham Hotspur",1.68,1.49,"1-1",0.4233,0.2343,0.3424,3,0,"H"
"20240316_Burnley_Brentford","Burnley","Brentford",1.14,1.87,"1-1",0.2308,0.2257,0.5435,2,1,"H"
"20240316_Luton_NottinghamForest","Luton","Nottingham Forest",1.53,1.73,"1-1",0.3421,0.2305,0.4274,1,1,"D"
"20240317_WestHamUnited_AstonVilla","West Ham United","Aston Villa",1.31,1.62,"1-1",0.3087,0.2431,0.4481,1,1,"D"
"20240330_AstonVilla_WolverhamptonWanderers","Aston Villa","Wolverhampton Wanderers",1.98,0.9,"1-0",0.6255,0.2106,0.1639,2,0,"H"
"20240330_TottenhamHotspur_Luton","Tottenham Hotspur","Luton",2.8,1.36,"2-1",0.6741,0.1625,0.1633,2,1,"H"
"20240330_SheffieldUnited_Fulham","Sheffield United","Fulham",0.99,2.28,"0-2",0.1509,0.1867,0.6624,3,3,"D"
"20240330_Brentford_ManchesterUnited","Brentford","Manchester United",1.55,1.33,"1-1",0.4257,0.2471,0.3271,1,1,"D"
"20240330_Chelsea_Burnley","Chelsea","Burnley",2.28,0.88,"2-0",0.6887,0.1814,0.1299,2,2,"D"
"20240330_Bournemouth_Everton","Bournemouth","Everton",1.33,1.02,"1-1",0.4376,0.2758,0.2865,2,1,"H"
"20240330_NewcastleUnited_WestHamUnited","Newcastle United","West Ham United",2.23,1.03,"2-1",0.6439,0.1924,0.1636,4,3,"H"
"20240330_NottinghamForest_CrystalPalace","Nottingham Forest","Crystal Palace",1.29,1.15,"1-1",0.3965,0.2731,0.3303,1,1,"D"
"20240331_Liverpool_Brighton","Liverpool","Brighton",2.18,1.21,"2-1",0.5962,0.2011,0.2027,2,1,"H"
"20240331_ManchesterCity_Arsenal","Manchester City","Arsenal",1.46,1.24,"1-1",0.4207,0.2565,0.3228,0,0,"D"
"20240402_NewcastleUnited_Everton","Newcastle United","Everton",1.74,0.86,"1-0",0.584,0.234,0.1819,1,1,"D"
"20240402_NottinghamForest_Fulham","Nottingham Forest","Fulham",1.36,1.29,"1-1",0.3855,0.2611,0.3534,3,1,"H"
"20240402_Bournemouth_CrystalPalace","Bournemouth","Crystal Palace",1.38,1.18,"1-1",0.4148,0.2642,0.321,1,0,"H"
"20240402_Burnley_WolverhamptonWanderers","Burnley","Wolverhampton Wanderers",1.33,1.3,"1-1",0.3754,0.2624,0.3623,1,1,"D"
"20240402_WestHamUnited_TottenhamHotspur","West Ham United","Tottenham Hotspur",1.56,1.74,"1-1",0.3475,0.2295,0.423,1,1,"D"
"20240403_Brentford_Brighton","Brentford","Brighton",1.67,1.43,"1-1",0.4328,0.2366,0.3306,0,0,"D"
"20240403_Arsenal_Luton","Arsenal","Luton",3.39,0.74,"3-0",0.8625,0.0901,0.0466,2,0,"H"
"20240403_ManchesterCity_AstonVilla","Manchester City","Aston Villa",2.23,0.95,"2-0",0.6618,0.1894,0.1487,4,1,"H"
"20240404_Chelsea_ManchesterUnited","Chelsea","Manchester United",1.56,1.24,"1-1",0.4473,0.2494,0.3033,4,3,"H"
"20240404_Liverpool_SheffieldUnited","Liverpool","Sheffield United",4.02,0.7,"4-0",0.9128,0.058,0.0263,3,1,"H"
"20240406_CrystalPalace_ManchesterCity","Crystal Palace","Manchester City",0.91,1.83,"0-1",0.1825,0.2257,0.5918,2,4,"A"
"20240406_AstonVilla_Brentford","Aston Villa","Brentford",1.7,1.3,"1-1",0.4704,0.2376,0.292,3,3,"D"
"20240406_Everton_Burnley","Everton","Burnley",1.56,0.85,"1-0",0.5413,0.2544,0.2043,1,0,"H"
"20240406_Fulham_NewcastleUnited","Fulham","Newcastle United",1.35,1.58,"1-1",0.3271,0.2446,0.4283,0,1,"A"
"20240406_Luton_Bournemouth","Luton","Bournemouth",1.58,1.86,"1-1",0.3297,0.2229,0.4474,2,1,"H"
"20240406_WolverhamptonWanderers_WestHamUnited","Wolverhampton Wanderers","West Ham United",1.34,1.33,"1-1",0.3713,0.2601,0.3686,1,2,"A"
"20240406_Brighton_Arsenal","Brighton","Arsenal",1.07,1.83,"1-1",0.2193,0.2281,0.5526,0,3,"A"
"20240407_TottenhamHotspur_NottinghamForest","Tottenham Hotspur","Nottingham Forest",1.91,1.27,"1-1",0.5225,0.2231,0.2544,3,1,"H"
"20240407_SheffieldUnited_Chelsea","Sheffield United","Chelsea",0.93,2.55,"0-2",0.1165,0.1608,0.7227,2,2,"D"
"20240407_ManchesterUnited_Liverpool","Manchester United","Liverpool",1.36,1.67,"1-1",0.3115,0.2384,0.4501,2,2,"D"
"20240413_NewcastleUnited_TottenhamHotspur","Newcastle United","Tottenham Hotspur",2.17,1.36,"2-1",0.5595,0.2047,0.2358,4,0,"H"
"20240413_Brentford_SheffieldUnited","Brentford","Sheffield United",3.07,0.83,"3-0",0.816,0.1152,0.0684,2,0,"H"
"20240413_Burnley_Brighton","Burnley","Brighton",1.14,1.95,"1-1",0.2203,0.2191,0.5606,1,1,"D"
"20240413_ManchesterCity_Luton","Manchester City","Luton",3.62,0.82,"3-0",0.8697,0.0833,0.0457,5,1,"H"
"20240413_NottinghamForest_WolverhamptonWanderers","Nottingham Forest","Wolverhampton Wanderers",1.59,1,"1-0",0.5124,0.2506,0.237,2,2,"D"
"20240413_Bournemouth_ManchesterUnited","Bournemouth","Manchester United",1.37,1.43,"1-1",0.3604,0.2527,0.3869,2,2,"D"
"20240414_Liverpool_CrystalPalace","Liverpool","Crystal Palace",2.05,0.93,"2-0",0.6331,0.2049,0.162,0,1,"A"
"20240414_WestHamUnited_Fulham","West Ham United","Fulham",1.37,1.42,"1-1",0.3621,0.253,0.3849,0,2,"A"
"20240414_Arsenal_AstonVilla","Arsenal","Aston Villa",2.09,0.87,"2-0",0.6563,0.1985,0.1452,0,2,"A"
"20240415_Chelsea_Everton","Chelsea","Everton",1.51,0.88,"1-0",0.5195,0.2601,0.2204,6,0,"H"
"20240420_WolverhamptonWanderers_Arsenal","Wolverhampton Wanderers","Arsenal",0.71,2.13,"0-2",0.1124,0.1869,0.7007,0,2,"A"
"20240420_SheffieldUnited_Burnley","Sheffield United","Burnley",1.36,1.74,"1-1",0.302,0.2341,0.4639,1,4,"A"
"20240420_Luton_Brentford","Luton","Brentford",1.47,2.1,"1-2",0.267,0.2099,0.5231,1,5,"A"
"20240421_Everton_NottinghamForest","Everton","Nottingham Forest",1.2,1.02,"1-1",0.4008,0.288,0.3111,2,0,"H"
"20240421_AstonVilla_Bournemouth","Aston Villa","Bournemouth",1.83,1.15,"1-1",0.5342,0.2289,0.237,3,1,"H"
"20240421_CrystalPalace_WestHamUnited","Crystal Palace","West Ham United",1.54,1.07,"1-1",0.4803,0.2547,0.265,5,2,"H"
"20240421_Fulham_Liverpool","Fulham","Liverpool",1.26,1.78,"1-1",0.2707,0.2325,0.4967,1,3,"A"
"20240423_Arsenal_Chelsea","Arsenal","Chelsea",2.07,0.85,"2-0",0.6554,0.2001,0.1445,5,0,"H"
"20240424_WolverhamptonWanderers_Bournemouth","Wolverhampton Wanderers","Bournemouth",1.24,1.41,"1-1",0.3313,0.2595,0.4092,0,1,"A"
"20240424_CrystalPalace_NewcastleUnited","Crystal Palace","Newcastle United",1.21,1.5,"1-1",0.3057,0.2547,0.4397,2,0,"H"
"20240424_Everton_Liverpool","Everton","Liverpool",0.97,1.62,"0-1",0.225,0.2478,0.5273,2,0,"H"
"20240424_ManchesterUnited_SheffieldUnited","Manchester United","Sheffield United",2.97,0.77,"2-0",0.8148,0.1182,0.0667,4,2,"H"
"20240425_Brighton_ManchesterCity","Brighton","Manchester City",1.18,1.96,"1-1",0.2272,0.2189,0.554,0,4,"A"
"20240427_WestHamUnited_Liverpool","West Ham United","Liverpool",1.17,2.07,"1-2",0.2085,0.2091,0.5824,2,2,"D"
"20240427_Fulham_CrystalPalace","Fulham","Crystal Palace",1.4,1.09,"1-1",0.4414,0.2662,0.2923,1,1,"D"
"20240427_ManchesterUnited_Burnley","Manchester United","Burnley",2.19,0.88,"2-0",0.6731,0.1893,0.1376,1,1,"D"
"20240427_NewcastleUnited_SheffieldUnited","Newcastle United","Sheffield United",3.57,0.75,"3-0",0.8763,0.0812,0.0413,5,1,"H"
"20240427_WolverhamptonWanderers_Luton","Wolverhampton Wanderers","Luton",1.77,1.41,"1-1",0.4628,0.2311,0.3061,2,1,"H"
"20240427_Everton_Brentford","Everton","Brentford",1.15,1.24,"1-1",0.3394,0.2769,0.3837,1,0,"H"
"20240427_AstonVilla_Chelsea","Aston Villa","Chelsea",1.59,1.3,"1-1",0.441,0.2455,0.3135,2,2,"D"
"20240428_Bournemouth_Brighton","Bournemouth","Brighton",1.48,1.54,"1-1",0.3649,0.2421,0.393,3,0,"H"
"20240428_TottenhamHotspur_Arsenal","Tottenham Hotspur","Arsenal",1.12,2.06,"1-2",0.2019,0.2097,0.5884,2,3,"A"
"20240428_NottinghamForest_ManchesterCity","Nottingham Forest","Manchester City",0.93,2.04,"0-2",0.164,0.2061,0.6299,0,2,"A"
"20240502_Chelsea_TottenhamHotspur","Chelsea","Tottenham Hotspur",1.88,1.4,"1-1",0.4878,0.2242,0.288,2,0,"H"
"20240503_Luton_Everton","Luton","Everton",1.32,1.45,"1-1",0.3438,0.2535,0.4027,1,1,"D"
"20240504_Arsenal_Bournemouth","Arsenal","Bournemouth",2.38,0.75,"2-0",0.7373,0.1639,0.0988,3,0,"H"
"20240504_Brentford_Fulham","Brentford","Fulham",1.65,1.23,"1-1",0.471,0.2427,0.2863,0,0,"D"
"20240504_Burnley_NewcastleUnited","Burnley","Newcastle United",1.03,2.17,"1-2",0.1698,0.1976,0.6326,1,4,"A"
"20240504_SheffieldUnited_NottinghamForest","Sheffield United","Nottingham Forest",1.05,2.09,"1-2",0.182,0.2051,0.6128,1,3,"A"
"20240504_ManchesterCity_WolverhamptonWanderers","Manchester City","Wolverhampton Wanderers",2.75,0.65,"2-0",0.8112,0.1258,0.0629,5,1,"H"
"20240505_Brighton_AstonVilla","Brighton","Aston Villa",1.64,1.41,"1-1",0.43,0.2393,0.3308,1,0,"H"
"20240505_Chelsea_WestHamUnited","Chelsea","West Ham United",1.93,1.07,"1-1",0.5749,0.2195,0.2056,5,0,"H"
"20240505_Liverpool_TottenhamHotspur","Liverpool","Tottenham Hotspur",2.45,1.27,"2-1",0.6335,0.183,0.1835,4,2,"H"
"20240506_CrystalPalace_ManchesterUnited","Crystal Palace","Manchester United",1.24,1.25,"1-1",0.3631,0.2706,0.3663,4,0,"H"
"20240511_NottinghamForest_Chelsea","Nottingham Forest","Chelsea",1.28,1.44,"1-1",0.3342,0.256,0.4098,2,3,"A"
"20240511_WolverhamptonWanderers_CrystalPalace","Wolverhampton Wanderers","Crystal Palace",1.09,1.28,"1-1",0.3145,0.2771,0.4084,1,3,"A"
"20240511_WestHamUnited_Luton","West Ham United","Luton",2.12,1.39,"2-1",0.542,0.2085,0.2496,3,1,"H"
"20240511_TottenhamHotspur_Burnley","Tottenham Hotspur","Burnley",2.48,1.06,"2-1",0.6845,0.1725,0.143,2,1,"H"
"20240511_Fulham_ManchesterCity","Fulham","Manchester City",1.02,1.93,"1-1",0.1944,0.2185,0.5871,0,4,"A"
"20240511_Everton_SheffieldUnited","Everton","Sheffield United",2.12,0.75,"2-0",0.6914,0.1894,0.1192,1,0,"H"
"20240511_Bournemouth_Brentford","Bournemouth","Brentford",1.47,1.48,"1-1",0.3763,0.2453,0.3784,1,2,"A"
"20240511_NewcastleUnited_Brighton","Newcastle United","Brighton",1.94,1.3,"1-1",0.5241,0.2209,0.255,1,1,"D"
"20240512_ManchesterUnited_Arsenal","Manchester United","Arsenal",0.99,1.7,"0-1",0.2196,0.24,0.5404,0,1,"A"
"20240513_AstonVilla_Liverpool","Aston Villa","Liverpool",1.43,1.69,"1-1",0.3262,0.2352,0.4386,3,3,"D"
"20240514_TottenhamHotspur_ManchesterCity","Tottenham Hotspur","Manchester City",1.24,2.19,"1-2",0.2086,0.2013,0.5901,0,2,"A"
"20240515_ManchesterUnited_NewcastleUnited","Manchester United","Newcastle United",1.46,1.48,"1-1",0.3708,0.2459,0.3834,3,2,"H"
"20240515_Brighton_Chelsea","Brighton","Chelsea",1.62,1.38,"1-1",0.4309,0.241,0.3281,1,2,"A"
"20240519_Luton_Fulham","Luton","Fulham",1.45,1.89,"1-1",0.2972,0.2233,0.4794,2,4,"A"
"20240519_Liverpool_WolverhamptonWanderers","Liverpool","Wolverhampton Wanderers",2.53,0.8,"2-0",0.7486,0.1543,0.0971,2,0,"H"
"20240519_ManchesterCity_WestHamUnited","Manchester City","West Ham United",2.73,0.78,"2-0",0.7822,0.1368,0.0808,3,1,"H"
"20240519_CrystalPalace_AstonVilla","Crystal Palace","Aston Villa",1.26,1.32,"1-1",0.3528,0.265,0.3822,5,0,"H"
"20240519_SheffieldUnited_TottenhamHotspur","Sheffield United","Tottenham Hotspur",1.13,2.78,"1-2",0.1279,0.1534,0.7186,0,3,"A"
"20240519_Burnley_NottinghamForest","Burnley","Nottingham Forest",1.19,1.54,"1-1",0.2951,0.2521,0.4528,1,2,"A"
"20240519_Brighton_ManchesterUnited","Brighton","Manchester United",1.62,1.33,"1-1",0.4413,0.2428,0.316,0,2,"A"
"20240519_Brentford_NewcastleUnited","Brentford","Newcastle United",1.51,1.59,"1-1",0.3614,0.2383,0.4003,2,4,"A"
"20240519_Arsenal_Everton","Arsenal","Everton",2,0.58,"2-0",0.7094,0.1928,0.0978,2,1,"H"
"20240519_Chelsea_Bournemouth","Chelsea","Bournemouth",1.8,1.13,"1-1",0.5298,0.2315,0.2387,2,1,"H"
"20240816_ManchesterUnited_Fulham","Manchester United","Fulham",1.59,1.15,"1-1",0.4771,0.2486,0.2743,1,0,"H"
"20240817_NottinghamForest_Bournemouth","Nottingham Forest","Bournemouth",1.47,1.27,"1-1",0.4196,0.2543,0.3261,1,1,"D"
"20240817_NewcastleUnited_Southampton","Newcastle United","Southampton",2.74,0.67,"2-0",0.8062,0.1279,0.0658,1,0,"H"
"20240817_WestHamUnited_AstonVilla","West Ham United","Aston Villa",1.31,1.62,"1-1",0.3087,0.2431,0.4481,1,2,"A"
"20240817_Arsenal_WolverhamptonWanderers","Arsenal","Wolverhampton Wanderers",2.58,0.59,"2-0",0.8018,0.1349,0.0632,2,0,"H"
"20240817_Ipswich_Liverpool","Ipswich","Liverpool",0.87,2.66,"0-2",0.0989,0.1484,0.7526,0,2,"A"
"20240817_Everton_Brighton","Everton","Brighton",1.15,1.29,"1-1",0.3297,0.2727,0.3977,0,3,"A"
"20240818_Brentford_CrystalPalace","Brentford","Crystal Palace",1.57,1.1,"1-1",0.4804,0.2519,0.2677,2,1,"H"
"20240818_Chelsea_ManchesterCity","Chelsea","Manchester City",1.14,1.82,"1-1",0.237,0.2299,0.5331,0,2,"A"
"20240819_LeicesterCity_TottenhamHotspur","Leicester City","Tottenham Hotspur",1.36,2.01,"1-2",0.2589,0.2159,0.5252,1,1,"D"
"20240824_AstonVilla_Arsenal","Aston Villa","Arsenal",1.05,1.72,"1-1",0.2301,0.2381,0.5318,0,2,"A"
"20240824_Brighton_ManchesterUnited","Brighton","Manchester United",1.62,1.33,"1-1",0.4413,0.2428,0.316,2,1,"H"
"20240824_CrystalPalace_WestHamUnited","Crystal Palace","West Ham United",1.54,1.07,"1-1",0.4803,0.2547,0.265,0,2,"A"
"20240824_Fulham_LeicesterCity","Fulham","Leicester City",1.99,0.99,"1-0",0.6068,0.212,0.1811,2,1,"H"
"20240824_ManchesterCity_Ipswich","Manchester City","Ipswich",3.49,0.58,"3-0",0.895,0.0735,0.0304,4,1,"H"
"20240824_Southampton_NottinghamForest","Southampton","Nottingham Forest",0.94,1.6,"0-1",0.2204,0.2498,0.5298,0,1,"A"
"20240824_TottenhamHotspur_Everton","Tottenham Hotspur","Everton",1.65,1.07,"1-1",0.5095,0.2449,0.2456,4,0,"H"
"20240825_WolverhamptonWanderers_Chelsea","Wolverhampton Wanderers","Chelsea",1.08,1.61,"1-1",0.2555,0.2487,0.4958,2,6,"A"
"20240825_Liverpool_Brentford","Liverpool","Brentford",2.18,1.16,"2-1",0.6062,0.2004,0.1934,2,0,"H"
"20240825_Bournemouth_NewcastleUnited","Bournemouth","Newcastle United",1.33,1.71,"1-1",0.2986,0.2362,0.4652,1,1,"D"
"20240831_Arsenal_Brighton","Arsenal","Brighton",2.22,0.88,"2-0",0.6779,0.1865,0.1356,1,1,"D"
"20240831_Brentford_Southampton","Brentford","Southampton",2.36,0.74,"2-0",0.7354,0.1654,0.0991,3,1,"H"
"20240831_Everton_Bournemouth","Everton","Bournemouth",1.24,1.1,"1-1",0.3938,0.2804,0.3258,2,3,"A"
"20240831_Ipswich_Fulham","Ipswich","Fulham",1.03,1.82,"1-1",0.2112,0.2286,0.5602,1,1,"D"
"20240831_LeicesterCity_AstonVilla","Leicester City","Aston Villa",1.14,1.87,"1-1",0.2299,0.2252,0.5449,1,2,"A"
"20240831_NottinghamForest_WolverhamptonWanderers","Nottingham Forest","Wolverhampton Wanderers",1.59,1,"1-0",0.5124,0.2506,0.237,1,1,"D"
"20240831_WestHamUnited_ManchesterCity","West Ham United","Manchester City",0.94,2.25,"0-2",0.1441,0.1868,0.669,1,3,"A"
"20240901_ManchesterUnited_Liverpool","Manchester United","Liverpool",1.36,1.67,"1-1",0.3115,0.2384,0.4501,0,3,"A"
"20240901_Chelsea_CrystalPalace","Chelsea","Crystal Palace",1.57,1.03,"1-1",0.5001,0.2523,0.2476,1,1,"D"
"20240901_NewcastleUnited_TottenhamHotspur","Newcastle United","Tottenham Hotspur",2.17,1.36,"2-1",0.5595,0.2047,0.2358,2,1,"H"
"20240914_Bournemouth_Chelsea","Bournemouth","Chelsea",1.37,1.49,"1-1",0.3501,0.2494,0.4005,0,1,"A"
"20240914_AstonVilla_Everton","Aston Villa","Everton",1.54,0.89,"1-0",0.5239,0.2571,0.2189,3,2,"H"
"20240914_ManchesterCity_Brentford","Manchester City","Brentford",2.36,0.93,"2-0",0.6917,0.1763,0.132,2,1,"H"
"20240914_Liverpool_NottinghamForest","Liverpool","Nottingham Forest",2.28,0.95,"2-0",0.6717,0.1849,0.1434,0,1,"A"
"20240914_Brighton_Ipswich","Brighton","Ipswich",2.57,0.86,"2-0",0.742,0.1548,0.1031,0,0,"D"
"20240914_CrystalPalace_LeicesterCity","Crystal Palace","Leicester City",1.78,0.94,"1-0",0.5719,0.2316,0.1965,2,2,"D"
"20240914_Southampton_ManchesterUnited","Southampton","Manchester United",0.84,1.88,"0-1",0.1606,0.2183,0.6211,0,3,"A"
"20240914_Fulham_WestHamUnited","Fulham","West Ham United",1.72,1.13,"1-1",0.5121,0.2379,0.25,1,1,"D"
"20240915_WolverhamptonWanderers_NewcastleUnited","Wolverhampton Wanderers","Newcastle United",1.05,1.85,"1-1",0.2113,0.2261,0.5626,1,2,"A"
"20240915_TottenhamHotspur_Arsenal","Tottenham Hotspur","Arsenal",1.12,2.06,"1-2",0.2019,0.2097,0.5884,0,1,"A"
"20240921_TottenhamHotspur_Brentford","Tottenham Hotspur","Brentford",1.83,1.55,"1-1",0.4458,0.2253,0.3289,3,1,"H"
"20240921_Southampton_Ipswich","Southampton","Ipswich",1.33,1.22,"1-1",0.3931,0.2669,0.34,1,1,"D"
"20240921_CrystalPalace_ManchesterUnited","Crystal Palace","Manchester United",1.24,1.25,"1-1",0.3631,0.2706,0.3663,0,0,"D"
"20240921_Liverpool_Bournemouth","Liverpool","Bournemouth",2.34,1.02,"2-1",0.6678,0.1823,0.1499,3,0,"H"
"20240921_AstonVilla_WolverhamptonWanderers","Aston Villa","Wolverhampton Wanderers",1.98,0.9,"1-0",0.6255,0.2106,0.1639,3,1,"H"
"20240921_Fulham_NewcastleUnited","Fulham","Newcastle United",1.35,1.58,"1-1",0.3271,0.2446,0.4283,3,1,"H"
"20240921_LeicesterCity_Everton","Leicester City","Everton",1.09,1.27,"1-1",0.3191,0.2782,0.4028,1,1,"D"
"20240921_WestHamUnited_Chelsea","West Ham United","Chelsea",1.29,1.59,"1-1",0.3102,0.2454,0.4444,0,3,"A"
"20240922_Brighton_NottinghamForest","Brighton","Nottingham Forest",1.81,1.13,"1-1",0.5328,0.2303,0.2369,2,2,"D"
"20240922_ManchesterCity_Arsenal","Manchester City","Arsenal",1.46,1.24,"1-1",0.4207,0.2565,0.3228,2,2,"D"
"20240928_WolverhamptonWanderers_Liverpool","Wolverhampton Wanderers","Liverpool",0.97,2.09,"0-2",0.167,0.2026,0.6305,1,2,"A"
"20240928_NottinghamForest_Fulham","Nottingham Forest","Fulham",1.36,1.29,"1-1",0.3855,0.2611,0.3534,0,1,"A"
"20240928_Everton_CrystalPalace","Everton","Crystal Palace",1.08,1,"1-0",0.3714,0.3013,0.3273,2,1,"H"
"20240928_Chelsea_Brighton","Chelsea","Brighton",1.68,1.34,"1-1",0.4555,0.2385,0.306,4,2,"H"
"20240928_Brentford_WestHamUnited","Brentford","West Ham United",1.92,1.14,"1-1",0.5547,0.2213,0.224,1,1,"D"
"20240928_Arsenal_LeicesterCity","Arsenal","Leicester City",2.96,0.62,"2-0",0.842,0.1078,0.05,4,2,"H"
"20240928_NewcastleUnited_ManchesterCity","Newcastle United","Manchester City",1.31,1.76,"1-1",0.2864,0.2332,0.4804,1,1,"D"
"20240929_Ipswich_AstonVilla","Ipswich","Aston Villa",0.98,2.08,"0-2",0.1691,0.2039,0.627,2,2,"D"
"20240929_ManchesterUnited_TottenhamHotspur","Manchester United","Tottenham Hotspur",1.81,1.4,"1-1",0.4722,0.2288,0.299,0,3,"A"
"20240930_Bournemouth_Southampton","Bournemouth","Southampton",2.09,0.8,"2-0",0.673,0.1953,0.1317,3,1,"H"
"20241005_WestHamUnited_Ipswich","West Ham United","Ipswich",2.05,0.99,"2-0",0.6188,0.2068,0.1744,4,1,"H"
"20241005_ManchesterCity_Fulham","Manchester City","Fulham",2.34,0.84,"2-0",0.7094,0.1733,0.1173,3,2,"H"
"20241005_LeicesterCity_Bournemouth","Leicester City","Bournemouth",1.3,1.62,"1-1",0.3078,0.2432,0.449,1,0,"H"
"20241005_Everton_NewcastleUnited","Everton","Newcastle United",1.04,1.44,"1-1",0.2724,0.2648,0.4629,0,0,"D"
"20241005_Arsenal_Southampton","Arsenal","Southampton",3.14,0.46,"3-0",0.8876,0.083,0.029,3,1,"H"
"20241005_CrystalPalace_Liverpool","Crystal Palace","Liverpool",1.12,1.69,"1-1",0.2531,0.2408,0.506,0,1,"A"
"20241005_Brentford_WolverhamptonWanderers","Brentford","Wolverhampton Wanderers",1.94,0.96,"1-0",0.6027,0.2166,0.1807,5,3,"H"
"20241006_AstonVilla_ManchesterUnited","Aston Villa","Manchester United",1.58,1.25,"1-1",0.4511,0.2471,0.3019,0,0,"D"
"20241006_Chelsea_NottinghamForest","Chelsea","Nottingham Forest",1.75,1.05,"1-1",0.5363,0.2358,0.2279,1,1,"D"
"20241006_Brighton_TottenhamHotspur","Brighton","Tottenham Hotspur",1.95,1.51,"1-1",0.481,0.2188,0.3001,3,2,"H"
"20241019_Bournemouth_Arsenal","Bournemouth","Arsenal",0.91,1.97,"0-1",0.1668,0.2122,0.6211,2,0,"H"
"20241019_NewcastleUnited_Brighton","Newcastle United","Brighton",1.94,1.3,"1-1",0.5241,0.2209,0.255,0,1,"A"
"20241019_ManchesterUnited_Brentford","Manchester United","Brentford",1.61,1.28,"1-1",0.4516,0.2445,0.3039,2,1,"H"
"20241019_Southampton_LeicesterCity","Southampton","Leicester City",1.2,1.42,"1-1",0.3181,0.2612,0.4207,2,3,"A"
"20241019_Fulham_AstonVilla","Fulham","Aston Villa",1.41,1.39,"1-1",0.3775,0.2528,0.3697,1,3,"A"
"20241019_TottenhamHotspur_WestHamUnited","Tottenham Hotspur","West Ham United",2.11,1.29,"2-1",0.5623,0.2085,0.2292,4,1,"H"
"20241019_Ipswich_Everton","Ipswich","Everton",0.94,1.4,"0-1",0.2515,0.2712,0.4773,0,2,"A"
"20241020_WolverhamptonWanderers_ManchesterCity","Wolverhampton Wanderers","Manchester City",0.79,2.27,"0-2",0.1142,0.1772,0.7086,1,2,"A"
"20241020_Liverpool_Chelsea","Liverpool","Chelsea",2.03,1.16,"2-1",0.5744,0.2125,0.2132,2,1,"H"
"20241021_NottinghamForest_CrystalPalace","Nottingham Forest","Crystal Palace",1.29,1.15,"1-1",0.3965,0.2731,0.3303,1,0,"H"
"20241025_LeicesterCity_NottinghamForest","Leicester City","Nottingham Forest",1.27,1.51,"1-1",0.3186,0.252,0.4294,1,3,"A"
"20241026_AstonVilla_Bournemouth","Aston Villa","Bournemouth",1.83,1.15,"1-1",0.5342,0.2289,0.237,1,1,"D"
"20241026_Brentford_Ipswich","Brentford","Ipswich",2.46,0.86,"2-0",0.7257,0.1636,0.1107,4,3,"H"
"20241026_Brighton_WolverhamptonWanderers","Brighton","Wolverhampton Wanderers",2.02,0.96,"2-0",0.6197,0.2087,0.1716,2,2,"D"
"20241026_ManchesterCity_Southampton","Manchester City","Southampton",3.35,0.5,"3-0",0.8963,0.0751,0.0279,1,0,"H"
"20241026_Everton_Fulham","Everton","Fulham",1.14,1.11,"1-1",0.3624,0.2873,0.3503,1,1,"D"
"20241027_Arsenal_Liverpool","Arsenal","Liverpool",1.87,1.11,"1-1",0.5509,0.2256,0.2234,2,2,"D"
"20241027_WestHamUnited_ManchesterUnited","West Ham United","Manchester United",1.29,1.53,"1-1",0.3204,0.2496,0.43,2,1,"H"
"20241027_CrystalPalace_TottenhamHotspur","Crystal Palace","Tottenham Hotspur",1.5,1.42,"1-1",0.3956,0.2466,0.3577,1,0,"H"
"20241027_Chelsea_NewcastleUnited","Chelsea","Newcastle United",1.51,1.49,"1-1",0.3842,0.243,0.3728,2,1,"H"
"20241102_NewcastleUnited_Arsenal","Newcastle United","Arsenal",1.19,1.65,"1-1",0.2751,0.2431,0.4818,1,0,"H"
"20241102_Bournemouth_ManchesterCity","Bournemouth","Manchester City",1,2.1,"1-2",0.1715,0.2029,0.6256,2,1,"H"
"20241102_Ipswich_LeicesterCity","Ipswich","Leicester City",1.38,1.48,"1-1",0.3545,0.2493,0.3962,1,1,"D"
"20241102_Liverpool_Brighton","Liverpool","Brighton",2.18,1.21,"2-1",0.5962,0.2011,0.2027,2,1,"H"
"20241102_NottinghamForest_WestHamUnited","Nottingham Forest","West Ham United",1.58,1.19,"1-1",0.4631,0.2487,0.2882,3,0,"H"
"20241102_Southampton_Everton","Southampton","Everton",0.81,1.35,"0-1",0.2257,0.281,0.4934,1,0,"H"
"20241102_WolverhamptonWanderers_CrystalPalace","Wolverhampton Wanderers","Crystal Palace",1.09,1.28,"1-1",0.3145,0.2771,0.4084,2,2,"D"
"20241103_TottenhamHotspur_AstonVilla","Tottenham Hotspur","Aston Villa",1.72,1.58,"1-1",0.4148,0.2296,0.3556,4,1,"H"
"20241103_ManchesterUnited_Chelsea","Manchester United","Chelsea",1.5,1.29,"1-1",0.4231,0.2518,0.3251,1,1,"D"
"20241104_Fulham_Brentford","Fulham","Brentford",1.5,1.36,"1-1",0.4055,0.2493,0.3452,2,1,"H"
"20241109_Liverpool_AstonVilla","Liverpool","Aston Villa",2.05,1.18,"2-1",0.5744,0.211,0.2146,2,0,"H"
"20241109_Brighton_ManchesterCity","Brighton","Manchester City",1.18,1.96,"1-1",0.2272,0.2189,0.554,2,1,"H"
"20241109_WolverhamptonWanderers_Southampton","Wolverhampton Wanderers","Southampton",1.64,0.86,"1-0",0.5584,0.2455,0.1962,2,0,"H"
"20241109_Brentford_Bournemouth","Brentford","Bournemouth",1.79,1.22,"1-1",0.5087,0.232,0.2592,3,2,"H"
"20241109_CrystalPalace_Fulham","Crystal Palace","Fulham",1.32,1.16,"1-1",0.4038,0.2701,0.3261,0,2,"A"
"20241109_WestHamUnited_Everton","West Ham United","Everton",1.25,1.09,"1-1",0.3989,0.2793,0.3218,0,0,"D"
"20241110_ManchesterUnited_LeicesterCity","Manchester United","Leicester City",2.15,0.93,"2-0",0.6524,0.1956,0.152,3,0,"H"
"20241110_NottinghamForest_NewcastleUnited","Nottingham Forest","Newcastle United",1.24,1.67,"1-1",0.2848,0.2414,0.4738,1,3,"A"
"20241110_TottenhamHotspur_Ipswich","Tottenham Hotspur","Ipswich",2.7,0.96,"2-0",0.74,0.1505,0.1093,1,2,"A"
"20241110_Chelsea_Arsenal","Chelsea","Arsenal",1.03,1.71,"1-1",0.2285,0.2398,0.5318,1,1,"D"
"20241123_Fulham_WolverhamptonWanderers","Fulham","Wolverhampton Wanderers",1.74,0.95,"1-0",0.5601,0.2361,0.2038,1,4,"A"
"20241123_ManchesterCity_TottenhamHotspur","Manchester City","Tottenham Hotspur",2.66,1.02,"2-1",0.7208,0.1571,0.122,0,4,"A"
"20241123_Everton_Brentford","Everton","Brentford",1.15,1.24,"1-1",0.3394,0.2769,0.3837,0,0,"D"
"20241123_Arsenal_NottinghamForest","Arsenal","Nottingham Forest",2.32,0.7,"2-0",0.738,0.1669,0.0951,3,0,"H"
"20241123_AstonVilla_CrystalPalace","Aston Villa","Crystal Palace",1.6,1.04,"1-1",0.5043,0.2496,0.246,2,2,"D"
"20241123_LeicesterCity_Chelsea","Leicester City","Chelsea",1.13,1.84,"1-1",0.2317,0.2279,0.5404,1,2,"A"
"20241123_Bournemouth_Brighton","Bournemouth","Brighton",1.48,1.54,"1-1",0.3649,0.2421,0.393,1,2,"A"
"20241124_Southampton_Liverpool","Southampton","Liverpool",0.76,2.55,"0-2",0.0886,0.1496,0.7617,2,3,"A"
"20241124_Ipswich_ManchesterUnited","Ipswich","Manchester United",0.97,1.96,"0-1",0.1796,0.2141,0.6063,1,1,"D"
"20241125_NewcastleUnited_WestHamUnited","Newcastle United","West Ham United",2.23,1.03,"2-1",0.6439,0.1924,0.1636,0,2,"A"
"20241129_Brighton_Southampton","Brighton","Southampton",2.46,0.74,"2-0",0.7512,0.1563,0.0924,1,1,"D"
"20241130_WestHamUnited_Arsenal","West Ham United","Arsenal",0.85,2.11,"0-2",0.1408,0.1959,0.6632,2,5,"A"
"20241130_NottinghamForest_Ipswich","Nottingham Forest","Ipswich",2.03,0.9,"2-0",0.6366,0.2058,0.1576,1,0,"H"
"20241130_WolverhamptonWanderers_Bournemouth","Wolverhampton Wanderers","Bournemouth",1.24,1.41,"1-1",0.3313,0.2595,0.4092,2,4,"A"
"20241130_Brentford_LeicesterCity","Brentford","Leicester City",2.22,1,"2-0",0.6504,0.1917,0.1579,4,1,"H"
"20241130_CrystalPalace_NewcastleUnited","Crystal Palace","Newcastle United",1.21,1.5,"1-1",0.3057,0.2547,0.4397,1,1,"D"
"20241201_Chelsea_AstonVilla","Chelsea","Aston Villa",1.58,1.31,"1-1",0.4366,0.2459,0.3175,3,0,"H"
"20241201_ManchesterUnited_Everton","Manchester United","Everton",1.45,0.88,"1-0",0.5048,0.2667,0.2285,4,0,"H"
"20241201_TottenhamHotspur_Fulham","Tottenham Hotspur","Fulham",1.81,1.39,"1-1",0.4748,0.2292,0.296,1,1,"D"
"20241201_Liverpool_ManchesterCity","Liverpool","Manchester City",1.48,1.64,"1-1",0.3469,0.2367,0.4164,2,0,"H"
"20241203_Ipswich_CrystalPalace","Ipswich","Crystal Palace",0.98,1.63,"0-1",0.2262,0.2472,0.5266,0,1,"A"
"20241203_LeicesterCity_WestHamUnited","Leicester City","West Ham United",1.4,1.53,"1-1",0.3483,0.2461,0.4055,3,1,"H"
"20241204_Arsenal_ManchesterUnited","Arsenal","Manchester United",2.06,0.82,"2-0",0.6625,0.199,0.1385,2,0,"H"
"20241204_AstonVilla_Brentford","Aston Villa","Brentford",1.7,1.3,"1-1",0.4704,0.2376,0.292,3,1,"H"
"20241204_Southampton_Chelsea","Southampton","Chelsea",0.84,1.96,"0-1",0.1528,0.2105,0.6367,1,5,"A"
"20241204_NewcastleUnited_Liverpool","Newcastle United","Liverpool",1.63,1.63,"1-1",0.3843,0.2322,0.3836,3,3,"D"
"20241204_ManchesterCity_NottinghamForest","Manchester City","Nottingham Forest",2.47,0.77,"2-0",0.7464,0.1575,0.096,3,0,"H"
"20241204_Everton_WolverhamptonWanderers","Everton","Wolverhampton Wanderers",1.34,0.86,"1-0",0.4776,0.2807,0.2417,4,0,"H"
"20241205_Fulham_Brighton","Fulham","Brighton",1.5,1.42,"1-1",0.3944,0.2467,0.3589,3,1,"H"
"20241205_Bournemouth_TottenhamHotspur","Bournemouth","Tottenham Hotspur",1.66,1.62,"1-1",0.392,0.2311,0.3769,1,0,"H"
"20241207_AstonVilla_Southampton","Aston Villa","Southampton",2.42,0.7,"2-0",0.7538,0.1576,0.0885,1,0,"H"
"20241207_Brentford_NewcastleUnited","Brentford","Newcastle United",1.51,1.59,"1-1",0.3614,0.2383,0.4003,4,2,"H"
"20241207_CrystalPalace_ManchesterCity","Crystal Palace","Manchester City",0.91,1.83,"0-1",0.1825,0.2257,0.5918,2,2,"D"
"20241207_ManchesterUnited_NottinghamForest","Manchester United","Nottingham Forest",1.68,1.05,"1-1",0.5209,0.2419,0.2371,2,3,"A"
"20241208_TottenhamHotspur_Chelsea","Tottenham Hotspur","Chelsea",1.7,1.55,"1-1",0.416,0.2313,0.3527,3,4,"A"
"20241208_LeicesterCity_Brighton","Leicester City","Brighton",1.21,1.91,"1-1",0.2409,0.2226,0.5364,2,2,"D"
"20241208_Fulham_Arsenal","Fulham","Arsenal",0.92,1.81,"0-1",0.1883,0.2282,0.5835,1,1,"D"
"20241208_Ipswich_Bournemouth","Ipswich","Bournemouth",1.12,1.8,"1-1",0.2353,0.2317,0.533,1,2,"A"
"20241209_WestHamUnited_WolverhamptonWanderers","West Ham United","Wolverhampton Wanderers",1.61,1.1,"1-1",0.4919,0.2479,0.2602,2,1,"H"
"20241214_Arsenal_Everton","Arsenal","Everton",2,0.58,"2-0",0.7094,0.1928,0.0978,0,0,"D"
"20241214_Liverpool_Fulham","Liverpool","Fulham",2.16,1.04,"2-1",0.629,0.1987,0.1723,2,2,"D"
"20241214_NewcastleUnited_LeicesterCity","Newcastle United","Leicester City",2.58,0.9,"2-0",0.7339,0.1567,0.1093,4,0,"H"
"20241214_WolverhamptonWanderers_Ipswich","Wolverhampton Wanderers","Ipswich",1.71,1,"1-0",0.5418,0.239,0.2192,1,2,"A"
"20241214_NottinghamForest_AstonVilla","Nottingham Forest","Aston Villa",1.29,1.47,"1-1",0.333,0.2538,0.4132,2,1,"H"
"20241215_Chelsea_Brentford","Chelsea","Brentford",1.67,1.28,"1-1",0.4665,0.2399,0.2936,2,1,"H"
"20241215_Brighton_CrystalPalace","Brighton","Crystal Palace",1.63,1.1,"1-1",0.4964,0.246,0.2575,1,3,"A"
"20241215_ManchesterCity_ManchesterUnited","Manchester City","Manchester United",2.2,0.9,"2-0",0.6687,0.1897,0.1417,1,2,"A"
"20241215_Southampton_TottenhamHotspur","Southampton","Tottenham Hotspur",1.01,2.14,"1-2",0.1688,0.1996,0.6316,0,5,"A"
"20241216_Bournemouth_WestHamUnited","Bournemouth","West Ham United",1.7,1.23,"1-1",0.4838,0.239,0.2772,1,1,"D"
"20241221_AstonVilla_ManchesterCity","Aston Villa","Manchester City",1.16,1.84,"1-1",0.2387,0.2283,0.5329,2,1,"H"
"20241221_Brentford_NottinghamForest","Brentford","Nottingham Forest",1.74,1.13,"1-1",0.5161,0.2366,0.2473,0,2,"A"
"20241221_Ipswich_NewcastleUnited","Ipswich","Newcastle United",0.94,2.36,"0-2",0.1333,0.1771,0.6896,0,4,"A"
"20241221_WestHamUnited_Brighton","West Ham United","Brighton",1.39,1.65,"1-1",0.3232,0.2389,0.4379,1,1,"D"
"20241221_CrystalPalace_Arsenal","Crystal Palace","Arsenal",0.82,1.72,"0-1",0.1769,0.2362,0.5869,1,5,"A"
"20241222_Everton_Chelsea","Everton","Chelsea",1.07,1.25,"1-1",0.3164,0.2809,0.4027,0,0,"D"
"20241222_Fulham_Southampton","Fulham","Southampton",2.12,0.73,"2-0",0.6944,0.1888,0.1168,0,0,"D"
"20241222_LeicesterCity_WolverhamptonWanderers","Leicester City","Wolverhampton Wanderers",1.41,1.27,"1-1",0.4016,0.2585,0.3399,0,3,"A"
"20241222_ManchesterUnited_Bournemouth","Manchester United","Bournemouth",1.73,1.13,"1-1",0.5143,0.2373,0.2484,0,3,"A"
"20241222_TottenhamHotspur_Liverpool","Tottenham Hotspur","Liverpool",1.54,2.02,"1-2",0.2948,0.2146,0.4905,3,6,"A"
"20241226_Liverpool_LeicesterCity","Liverpool","Leicester City",2.91,0.84,"2-0",0.7932,0.1276,0.0789,3,1,"H"
"20241226_WolverhamptonWanderers_ManchesterUnited","Wolverhampton Wanderers","Manchester United",1.08,1.54,"1-1",0.2648,0.2542,0.481,2,0,"H"
"20241226_Southampton_WestHamUnited","Southampton","West Ham United",1.04,1.62,"1-1",0.242,0.2476,0.5103,0,1,"A"
"20241226_NottinghamForest_TottenhamHotspur","Nottingham Forest","Tottenham Hotspur",1.54,1.57,"1-1",0.3741,0.2378,0.3881,1,0,"H"
"20241226_ManchesterCity_Everton","Manchester City","Everton",2.13,0.64,"2-0",0.719,0.1819,0.0991,1,1,"D"
"20241226_Chelsea_Fulham","Chelsea","Fulham",1.66,1.15,"1-1",0.492,0.2433,0.2646,1,2,"A"
"20241226_Bournemouth_CrystalPalace","Bournemouth","Crystal Palace",1.38,1.18,"1-1",0.4148,0.2642,0.321,0,0,"D"
"20241226_NewcastleUnited_AstonVilla","Newcastle United","Aston Villa",1.82,1.27,"1-1",0.5034,0.2295,0.2671,3,0,"H"
"20241227_Brighton_Brentford","Brighton","Brentford",1.74,1.38,"1-1",0.4603,0.2339,0.3058,0,0,"D"
"20241227_Arsenal_Ipswich","Arsenal","Ipswich",3.28,0.53,"3-0",0.8869,0.0809,0.0315,1,0,"H"
"20241229_TottenhamHotspur_WolverhamptonWanderers","Tottenham Hotspur","Wolverhampton Wanderers",2.12,1.07,"2-1",0.6137,0.2028,0.1835,2,2,"D"
"20241229_Fulham_Bournemouth","Fulham","Bournemouth",1.61,1.2,"1-1",0.4676,0.2465,0.2859,2,2,"D"
"20241229_WestHamUnited_Liverpool","West Ham United","Liverpool",1.17,2.07,"1-2",0.2085,0.2091,0.5824,0,5,"A"
"20241229_CrystalPalace_Southampton","Crystal Palace","Southampton",1.89,0.7,"1-0",0.6586,0.2117,0.1297,2,1,"H"
"20241229_Everton_NottinghamForest","Everton","Nottingham Forest",1.2,1.02,"1-1",0.4008,0.288,0.3111,0,2,"A"
"20241229_LeicesterCity_ManchesterCity","Leicester City","Manchester City",0.82,2.6,"0-2",0.0953,0.1498,0.7548,0,2,"A"
"20241230_AstonVilla_Brighton","Aston Villa","Brighton",1.71,1.35,"1-1",0.4593,0.2363,0.3044,2,2,"D"
"20241230_Ipswich_Chelsea","Ipswich","Chelsea",0.97,2.04,"0-2",0.171,0.2068,0.6222,2,0,"H"
"20241230_ManchesterUnited_NewcastleUnited","Manchester United","Newcastle United",1.46,1.48,"1-1",0.3708,0.2459,0.3834,0,2,"A"
"20250101_Brentford_Arsenal","Brentford","Arsenal",1.03,1.83,"1-1",0.2099,0.2281,0.5621,1,3,"A"
"20250104_Southampton_Brentford","Southampton","Brentford",0.9,1.95,"0-1",0.1668,0.2136,0.6195,0,5,"A"
"20250104_ManchesterCity_WestHamUnited","Manchester City","West Ham United",2.73,0.78,"2-0",0.7822,0.1368,0.0808,4,1,"H"
"20250104_CrystalPalace_Chelsea","Crystal Palace","Chelsea",1.24,1.3,"1-1",0.3538,0.2672,0.379,1,1,"D"
"20250104_Brighton_Arsenal","Brighton","Arsenal",1.07,1.83,"1-1",0.2193,0.2281,0.5526,1,1,"D"
"20250104_AstonVilla_LeicesterCity","Aston Villa","Leicester City",2.27,0.94,"2-0",0.6732,0.1849,0.142,2,1,"H"
"20250104_TottenhamHotspur_NewcastleUnited","Tottenham Hotspur","Newcastle United",1.65,1.79,"1-1",0.3584,0.2243,0.4173,1,2,"A"
"20250104_Bournemouth_Everton","Bournemouth","Everton",1.33,1.02,"1-1",0.4376,0.2758,0.2865,1,0,"H"
"20250105_Fulham_Ipswich","Fulham","Ipswich",2.21,0.85,"2-0",0.6837,0.186,0.1304,2,2,"D"
"20250105_Liverpool_ManchesterUnited","Liverpool","Manchester United",2.03,1.12,"2-1",0.5837,0.212,0.2043,2,2,"D"
"20250106_WolverhamptonWanderers_NottinghamForest","Wolverhampton Wanderers","Nottingham Forest",1.21,1.32,"1-1",0.3409,0.268,0.3911,0,3,"A"
"20250114_Brentford_ManchesterCity","Brentford","Manchester City",1.13,1.95,"1-1",0.2172,0.2187,0.5641,2,2,"D"
"20250114_Chelsea_Bournemouth","Chelsea","Bournemouth",1.8,1.13,"1-1",0.5298,0.2315,0.2387,2,2,"D"
"20250114_WestHamUnited_Fulham","West Ham United","Fulham",1.37,1.42,"1-1",0.3621,0.253,0.3849,3,2,"H"
"20250114_NottinghamForest_Liverpool","Nottingham Forest","Liverpool",1.15,1.88,"1-1",0.2322,0.2249,0.5429,1,1,"D"
"20250115_Everton_AstonVilla","Everton","Aston Villa",1.08,1.27,"1-1",0.3154,0.2784,0.4062,0,1,"A"
"20250115_LeicesterCity_CrystalPalace","Leicester City","Crystal Palace",1.14,1.47,"1-1",0.2933,0.2592,0.4476,0,2,"A"
"20250115_NewcastleUnited_WolverhamptonWanderers","Newcastle United","Wolverhampton Wanderers",2.25,0.86,"2-0",0.6868,0.1833,0.1299,3,0,"H"
"20250115_Arsenal_TottenhamHotspur","Arsenal","Tottenham Hotspur",2.49,0.93,"2-0",0.7149,0.1651,0.12,2,1,"H"
"20250116_ManchesterUnited_Southampton","Manchester United","Southampton",2.28,0.69,"2-0",0.7344,0.1695,0.0961,3,1,"H"
"20250116_Ipswich_Brighton","Ipswich","Brighton",1.04,2.12,"1-2",0.1772,0.2022,0.6206,0,2,"A"
"20250118_NewcastleUnited_Bournemouth","Newcastle United","Bournemouth",2.08,1.1,"2-1",0.5989,0.2073,0.1938,1,4,"A"
"20250118_Brentford_Liverpool","Brentford","Liverpool",1.4,1.8,"1-1",0.301,0.2295,0.4695,0,2,"A"
"20250118_LeicesterCity_Fulham","Leicester City","Fulham",1.2,1.64,"1-1",0.2786,0.2436,0.4778,0,2,"A"
"20250118_WestHamUnited_CrystalPalace","West Ham United","Crystal Palace",1.3,1.27,"1-1",0.3748,0.2655,0.3598,0,2,"A"
"20250118_Arsenal_AstonVilla","Arsenal","Aston Villa",2.09,0.87,"2-0",0.6563,0.1985,0.1452,2,2,"D"
"20250119_Everton_TottenhamHotspur","Everton","Tottenham Hotspur",1.29,1.36,"1-1",0.3539,0.2606,0.3855,3,2,"H"
"20250119_ManchesterUnited_Brighton","Manchester United","Brighton",1.61,1.33,"1-1",0.4407,0.2428,0.3165,1,3,"A"
"20250119_NottinghamForest_Southampton","Nottingham Forest","Southampton",1.94,0.77,"1-0",0.6494,0.2095,0.1411,3,2,"H"
"20250119_Ipswich_ManchesterCity","Ipswich","Manchester City",0.71,2.88,"0-2",0.0633,0.1197,0.8167,0,6,"A"
"20250120_Chelsea_WolverhamptonWanderers","Chelsea","Wolverhampton Wanderers",1.95,0.89,"1-0",0.6206,0.2137,0.1656,3,1,"H"
"20250125_Bournemouth_NottinghamForest","Bournemouth","Nottingham Forest",1.54,1.22,"1-1",0.4475,0.2514,0.3011,5,0,"H"
"20250125_Brighton_Everton","Brighton","Everton",1.57,0.95,"1-0",0.5174,0.2536,0.229,0,1,"A"
"20250125_Liverpool_Ipswich","Liverpool","Ipswich",3.22,0.72,"3-0",0.8504,0.0984,0.0507,4,1,"H"
"20250125_Southampton_NewcastleUnited","Southampton","Newcastle United",0.81,2.26,"0-2",0.1191,0.1791,0.7017,1,3,"A"
"20250125_WolverhamptonWanderers_Arsenal","Wolverhampton Wanderers","Arsenal",0.71,2.13,"0-2",0.1124,0.1869,0.7007,0,1,"A"
"20250125_ManchesterCity_Chelsea","Manchester City","Chelsea",2.2,0.94,"2-0",0.6612,0.1908,0.148,3,1,"H"
"20250126_CrystalPalace_Brentford","Crystal Palace","Brentford",1.34,1.29,"1-1",0.3791,0.2622,0.3587,1,2,"A"
"20250126_TottenhamHotspur_LeicesterCity","Tottenham Hotspur","Leicester City",2.44,1.12,"2-1",0.6621,0.179,0.1589,1,2,"A"
"20250126_AstonVilla_WestHamUnited","Aston Villa","West Ham United",1.96,1.08,"1-1",0.5796,0.2167,0.2037,1,1,"D"
"20250126_Fulham_ManchesterUnited","Fulham","Manchester United",1.39,1.32,"1-1",0.3885,0.2576,0.3539,0,1,"A"
"20250201_Bournemouth_Liverpool","Bournemouth","Liverpool",1.24,1.93,"1-1",0.2434,0.221,0.5356,0,2,"A"
"20250201_WolverhamptonWanderers_AstonVilla","Wolverhampton Wanderers","Aston Villa",1.09,1.63,"1-1",0.2539,0.246,0.5,2,0,"H"
"20250201_NewcastleUnited_Fulham","Newcastle United","Fulham",1.91,1.11,"1-1",0.5598,0.2217,0.2185,1,2,"A"
"20250201_NottinghamForest_Brighton","Nottingham Forest","Brighton",1.37,1.5,"1-1",0.3483,0.2486,0.4031,7,0,"H"
"20250201_Everton_LeicesterCity","Everton","Leicester City",1.53,0.9,"1-0",0.5205,0.2576,0.2218,4,0,"H"
"20250201_Ipswich_Southampton","Ipswich","Southampton",1.47,1.1,"1-1",0.4582,0.2602,0.2816,1,2,"A"
"20250202_Brentford_TottenhamHotspur","Brentford","Tottenham Hotspur",1.87,1.51,"1-1",0.4641,0.2234,0.3125,0,2,"A"
"20250202_ManchesterUnited_CrystalPalace","Manchester United","Crystal Palace",1.51,1.03,"1-1",0.4854,0.2581,0.2566,0,2,"A"
"20250202_Arsenal_ManchesterCity","Arsenal","Manchester City",1.51,1.2,"1-1",0.4428,0.2543,0.3029,5,1,"H"
"20250203_Chelsea_WestHamUnited","Chelsea","West Ham United",1.93,1.07,"1-1",0.5749,0.2195,0.2056,2,1,"H"
"20250212_Everton_Liverpool","Everton","Liverpool",0.97,1.62,"0-1",0.225,0.2478,0.5273,2,2,"D"
"20250214_Brighton_Chelsea","Brighton","Chelsea",1.62,1.38,"1-1",0.4309,0.241,0.3281,3,0,"H"
"20250215_CrystalPalace_Everton","Crystal Palace","Everton",1.21,0.89,"1-0",0.4329,0.2948,0.2723,1,2,"A"
"20250215_WestHamUnited_Brentford","West Ham United","Brentford",1.39,1.59,"1-1",0.3347,0.243,0.4223,0,1,"A"
"20250215_Southampton_Bournemouth","Southampton","Bournemouth",0.97,1.72,"0-1",0.2102,0.2377,0.552,1,3,"A"
"20250215_ManchesterCity_NewcastleUnited","Manchester City","Newcastle United",2.14,1.08,"2-1",0.6142,0.202,0.1838,4,0,"H"
"20250215_AstonVilla_Ipswich","Aston Villa","Ipswich",2.52,0.81,"2-0",0.7455,0.1558,0.0986,1,1,"D"
"20250215_LeicesterCity_Arsenal","Leicester City","Arsenal",0.75,2.44,"0-2",0.0944,0.1586,0.7469,0,2,"A"
"20250215_Fulham_NottinghamForest","Fulham","Nottingham Forest",1.56,1.12,"1-1",0.4752,0.2519,0.2729,2,1,"H"
"20250216_Liverpool_WolverhamptonWanderers","Liverpool","Wolverhampton Wanderers",2.53,0.8,"2-0",0.7486,0.1543,0.0971,2,1,"H"
"20250216_TottenhamHotspur_ManchesterUnited","Tottenham Hotspur","Manchester United",1.7,1.49,"1-1",0.4271,0.2333,0.3396,1,0,"H"
"20250219_AstonVilla_Liverpool","Aston Villa","Liverpool",1.43,1.69,"1-1",0.3262,0.2352,0.4386,2,2,"D"
"20250221_LeicesterCity_Brentford","Leicester City","Brentford",1.21,1.83,"1-1",0.2518,0.2288,0.5194,0,4,"A"
"20250222_Ipswich_TottenhamHotspur","Ipswich","Tottenham Hotspur",1.17,2.23,"1-2",0.1897,0.1968,0.6135,1,4,"A"
"20250222_Southampton_Brighton","Southampton","Brighton",0.9,2.03,"0-2",0.1581,0.2055,0.6364,0,4,"A"
"20250222_AstonVilla_Chelsea","Aston Villa","Chelsea",1.59,1.3,"1-1",0.441,0.2455,0.3135,2,1,"H"
"20250222_Fulham_CrystalPalace","Fulham","Crystal Palace",1.4,1.09,"1-1",0.4414,0.2662,0.2923,0,2,"A"
"20250222_Arsenal_WestHamUnited","Arsenal","West Ham United",2.56,0.7,"2-0",0.7738,0.1455,0.0806,0,1,"A"
"20250222_Everton_ManchesterUnited","Everton","Manchester United",1.07,1.2,"1-1",0.3251,0.2852,0.3898,2,2,"D"
"20250222_Bournemouth_WolverhamptonWanderers","Bournemouth","Wolverhampton Wanderers",1.71,1.03,"1-1",0.5342,0.2391,0.2266,0,1,"A"
"20250223_NewcastleUnited_NottinghamForest","Newcastle United","Nottingham Forest",2.02,1.02,"2-1",0.6043,0.2106,0.1851,4,3,"H"
"20250223_ManchesterCity_Liverpool","Manchester City","Liverpool",1.99,1.22,"1-1",0.5519,0.2166,0.2316,0,2,"A"
"20250225_Brighton_Bournemouth","Brighton","Bournemouth",1.87,1.22,"1-1",0.5256,0.2261,0.2483,2,1,"H"
"20250225_CrystalPalace_AstonVilla","Crystal Palace","Aston Villa",1.26,1.32,"1-1",0.3528,0.265,0.3822,4,1,"H"
"20250225_WolverhamptonWanderers_Fulham","Wolverhampton Wanderers","Fulham",1.15,1.43,"1-1",0.3018,0.2618,0.4364,1,2,"A"
"20250225_Chelsea_Southampton","Chelsea","Southampton",2.37,0.69,"2-0",0.7489,0.1609,0.0901,4,0,"H"
"20250226_Liverpool_NewcastleUnited","Liverpool","Newcastle United",1.97,1.34,"1-1",0.5207,0.2187,0.2607,2,0,"H"
"20250226_TottenhamHotspur_ManchesterCity","Tottenham Hotspur","Manchester City",1.24,2.19,"1-2",0.2086,0.2013,0.5901,0,1,"A"
"20250226_ManchesterUnited_Ipswich","Manchester United","Ipswich",2.38,0.8,"2-0",0.7257,0.1672,0.1071,3,2,"H"
"20250226_Brentford_Everton","Brentford","Everton",1.5,0.95,"1-0",0.5015,0.2603,0.2383,1,1,"D"
"20250226_NottinghamForest_Arsenal","Nottingham Forest","Arsenal",0.84,1.91,"0-1",0.1596,0.2158,0.6246,0,0,"D"
"20250227_WestHamUnited_LeicesterCity","West Ham United","Leicester City",1.85,1.15,"1-1",0.5364,0.2274,0.2361,2,0,"H"
"20250308_WolverhamptonWanderers_Everton","Wolverhampton Wanderers","Everton",1.05,1.1,"1-1",0.3378,0.2953,0.3669,1,1,"D"
"20250308_NottinghamForest_ManchesterCity","Nottingham Forest","Manchester City",0.93,2.04,"0-2",0.164,0.2061,0.6299,1,0,"H"
"20250308_Brighton_Fulham","Brighton","Fulham",1.72,1.24,"1-1",0.4872,0.2373,0.2754,2,1,"H"
"20250308_CrystalPalace_Ipswich","Crystal Palace","Ipswich",1.97,0.81,"1-0",0.6478,0.2076,0.1446,1,0,"H"
"20250308_Liverpool_Southampton","Liverpool","Southampton",3.09,0.62,"3-0",0.8543,0.0995,0.0458,3,1,"H"
"20250308_Brentford_AstonVilla","Brentford","Aston Villa",1.57,1.41,"1-1",0.4145,0.2433,0.3422,0,1,"A"
"20250309_ManchesterUnited_Arsenal","Manchester United","Arsenal",0.99,1.7,"0-1",0.2196,0.24,0.5404,1,1,"D"
"20250309_Chelsea_LeicesterCity","Chelsea","Leicester City",2.23,0.93,"2-0",0.6682,0.1879,0.1438,1,0,"H"
"20250309_TottenhamHotspur_Bournemouth","Tottenham Hotspur","Bournemouth",1.96,1.37,"1-1",0.5141,0.219,0.2669,2,2,"D"
"20250310_WestHamUnited_NewcastleUnited","West Ham United","Newcastle United",1.25,1.84,"1-1",0.2603,0.2282,0.5115,0,1,"A"
"20250315_Everton_WestHamUnited","Everton","West Ham United",1.33,1.03,"1-1",0.4334,0.2757,0.2908,1,1,"D"
"20250315_Ipswich_NottinghamForest","Ipswich","Nottingham Forest",1.08,1.67,"1-1",0.2463,0.2426,0.5111,2,4,"A"
"20250315_ManchesterCity_Brighton","Manchester City","Brighton",2.37,0.97,"2-0",0.6837,0.1778,0.1385,2,2,"D"
"20250315_Southampton_WolverhamptonWanderers","Southampton","Wolverhampton Wanderers",1.04,1.36,"1-1",0.2886,0.2725,0.4389,1,2,"A"
"20250315_Bournemouth_Brentford","Bournemouth","Brentford",1.47,1.48,"1-1",0.3763,0.2453,0.3784,1,2,"A"
"20250316_Arsenal_Chelsea","Arsenal","Chelsea",2.07,0.85,"2-0",0.6554,0.2001,0.1445,1,0,"H"
"20250316_Fulham_TottenhamHotspur","Fulham","Tottenham Hotspur",1.68,1.49,"1-1",0.4233,0.2343,0.3424,2,0,"H"
"20250316_LeicesterCity_ManchesterUnited","Leicester City","Manchester United",1.13,1.77,"1-1",0.2414,0.2338,0.5248,0,3,"A"
"20250401_NottinghamForest_ManchesterUnited","Nottingham Forest","Manchester United",1.28,1.39,"1-1",0.3441,0.2597,0.3962,1,0,"H"
"20250401_Arsenal_Fulham","Arsenal","Fulham",2.19,0.76,"2-0",0.702,0.1827,0.1153,2,1,"H"
"20250401_WolverhamptonWanderers_WestHamUnited","Wolverhampton Wanderers","West Ham United",1.34,1.33,"1-1",0.3713,0.2601,0.3686,1,0,"H"
"20250402_Bournemouth_Ipswich","Bournemouth","Ipswich",2.18,0.92,"2-0",0.6603,0.1924,0.1472,1,2,"A"
"20250402_Brighton_AstonVilla","Brighton","Aston Villa",1.64,1.41,"1-1",0.43,0.2393,0.3308,0,3,"A"
"20250402_ManchesterCity_LeicesterCity","Manchester City","Leicester City",3.15,0.68,"3-0",0.8507,0.0997,0.0491,2,0,"H"
"20250402_NewcastleUnited_Brentford","Newcastle United","Brentford",1.93,1.24,"1-1",0.5349,0.2211,0.244,2,1,"H"
"20250402_Southampton_CrystalPalace","Southampton","Crystal Palace",0.84,1.56,"0-1",0.2026,0.2544,0.543,1,1,"D"
"20250402_Liverpool_Everton","Liverpool","Everton",1.97,0.8,"1-0",0.6481,0.208,0.1438,1,0,"H"
"20250403_Chelsea_TottenhamHotspur","Chelsea","Tottenham Hotspur",1.88,1.4,"1-1",0.4878,0.2242,0.288,1,0,"H"
"20250405_AstonVilla_NottinghamForest","Aston Villa","Nottingham Forest",1.78,1.07,"1-1",0.5407,0.2331,0.2262,2,1,"H"
"20250405_Ipswich_WolverhamptonWanderers","Ipswich","Wolverhampton Wanderers",1.21,1.41,"1-1",0.3215,0.2611,0.4174,1,2,"A"
"20250405_WestHamUnited_Bournemouth","West Ham United","Bournemouth",1.49,1.4,"1-1",0.3959,0.2479,0.3563,2,2,"D"
"20250405_Everton_Arsenal","Everton","Arsenal",0.71,1.65,"0-1",0.1576,0.2417,0.6007,1,1,"D"
"20250405_CrystalPalace_Brighton","Crystal Palace","Brighton",1.34,1.35,"1-1",0.3686,0.259,0.3724,2,1,"H"
"20250406_Brentford_Chelsea","Brentford","Chelsea",1.55,1.38,"1-1",0.4154,0.2451,0.3395,0,0,"D"
"20250406_Fulham_Liverpool","Fulham","Liverpool",1.26,1.78,"1-1",0.2707,0.2325,0.4967,3,2,"H"
"20250406_TottenhamHotspur_Southampton","Tottenham Hotspur","Southampton",2.59,0.83,"2-0",0.7509,0.1514,0.0976,3,1,"H"
"20250406_ManchesterUnited_ManchesterCity","Manchester United","Manchester City",1.09,1.81,"1-1",0.2276,0.2301,0.5423,0,0,"D"
"20250407_LeicesterCity_NewcastleUnited","Leicester City","Newcastle United",1.09,2.13,"1-2",0.1871,0.2031,0.6098,0,3,"A"
"20250412_NottinghamForest_Everton","Nottingham Forest","Everton",1.24,0.99,"1-0",0.4186,0.2862,0.2952,0,1,"A"
"20250412_ManchesterCity_CrystalPalace","Manchester City","Crystal Palace",2.22,0.75,"2-0",0.7094,0.1794,0.1112,5,2,"H"
"20250412_Brighton_LeicesterCity","Brighton","Leicester City",2.32,1,"2-1",0.6676,0.1836,0.1487,2,2,"D"
"20250412_Southampton_AstonVilla","Southampton","Aston Villa",0.85,1.99,"0-1",0.1511,0.2073,0.6415,0,3,"A"
"20250412_Arsenal_Brentford","Arsenal","Brentford",2.22,0.85,"2-0",0.6854,0.1852,0.1294,1,1,"D"
"20250413_NewcastleUnited_ManchesterUnited","Newcastle United","Manchester United",1.8,1.2,"1-1",0.5137,0.2316,0.2547,4,1,"H"
"20250413_WolverhamptonWanderers_TottenhamHotspur","Wolverhampton Wanderers","Tottenham Hotspur",1.3,1.75,"1-1",0.2856,0.2341,0.4803,4,2,"H"
"20250413_Chelsea_Ipswich","Chelsea","Ipswich",2.48,0.8,"2-0",0.7407,0.1589,0.1004,2,2,"D"
"20250413_Liverpool_WestHamUnited","Liverpool","West Ham United",2.51,0.96,"2-0",0.7107,0.1653,0.124,2,1,"H"
"20250414_Bournemouth_Fulham","Bournemouth","Fulham",1.46,1.33,"1-1",0.4035,0.253,0.3435,1,0,"H"
"20250416_NewcastleUnited_CrystalPalace","Newcastle United","Crystal Palace",1.82,1,"1-0",0.5662,0.229,0.2048,5,0,"H"
"20250419_WestHamUnited_Southampton","West Ham United","Southampton",1.97,0.85,"1-0",0.6337,0.2105,0.1558,1,1,"D"
"20250419_Everton_ManchesterCity","Everton","Manchester City",0.78,1.76,"0-1",0.1623,0.2304,0.6073,0,2,"A"
"20250419_AstonVilla_NewcastleUnited","Aston Villa","Newcastle United",1.54,1.5,"1-1",0.3874,0.2411,0.3715,4,1,"H"
"20250419_Brentford_Brighton","Brentford","Brighton",1.67,1.43,"1-1",0.4328,0.2366,0.3306,4,2,"H"
"20250419_CrystalPalace_Bournemouth","Crystal Palace","Bournemouth",1.44,1.14,"1-1",0.4378,0.2618,0.3004,0,0,"D"
"20250420_LeicesterCity_Liverpool","Leicester City","Liverpool",1.02,2.4,"1-2",0.1439,0.1775,0.6785,0,1,"A"
"20250420_ManchesterUnited_WolverhamptonWanderers","Manchester United","Wolverhampton Wanderers",1.87,0.89,"1-0",0.605,0.2212,0.1738,0,1,"A"
"20250420_Ipswich_Arsenal","Ipswich","Arsenal",0.64,2.7,"0-2",0.0637,0.1284,0.8078,0,4,"A"
"20250420_Fulham_Chelsea","Fulham","Chelsea",1.39,1.37,"1-1",0.3785,0.2548,0.3667,1,2,"A"
"20250421_TottenhamHotspur_NottinghamForest","Tottenham Hotspur","Nottingham Forest",1.91,1.27,"1-1",0.5225,0.2231,0.2544,1,2,"A"
"20250422_ManchesterCity_AstonVilla","Manchester City","Aston Villa",2.23,0.95,"2-0",0.6618,0.1894,0.1487,2,1,"H"
"20250423_Arsenal_CrystalPalace","Arsenal","Crystal Palace",2.08,0.68,"2-0",0.7011,0.1894,0.1094,2,2,"D"
"20250426_WolverhamptonWanderers_LeicesterCity","Wolverhampton Wanderers","Leicester City",1.54,1.16,"1-1",0.4613,0.2524,0.2863,3,0,"H"
"20250426_Chelsea_Everton","Chelsea","Everton",1.51,0.88,"1-0",0.5195,0.2601,0.2204,1,0,"H"
"20250426_Brighton_WestHamUnited","Brighton","West Ham United",2,1.15,"2-1",0.5719,0.2146,0.2135,3,2,"H"
"20250426_NewcastleUnited_Ipswich","Newcastle United","Ipswich",2.86,0.77,"2-0",0.8001,0.1266,0.0731,3,0,"H"
"20250426_Southampton_Fulham","Southampton","Fulham",0.89,1.75,"0-1",0.1888,0.2341,0.5771,1,2,"A"
"20250427_Liverpool_TottenhamHotspur","Liverpool","Tottenham Hotspur",2.45,1.27,"2-1",0.6335,0.183,0.1835,5,1,"H"
"20250427_Bournemouth_ManchesterUnited","Bournemouth","Manchester United",1.37,1.43,"1-1",0.3604,0.2527,0.3869,1,1,"D"
"20250501_NottinghamForest_Brentford","Nottingham Forest","Brentford",1.37,1.44,"1-1",0.3593,0.2523,0.3884,0,2,"A"
"20250502_ManchesterCity_WolverhamptonWanderers","Manchester City","Wolverhampton Wanderers",2.75,0.65,"2-0",0.8112,0.1258,0.0629,1,0,"H"
"20250503_Arsenal_Bournemouth","Arsenal","Bournemouth",2.38,0.75,"2-0",0.7373,0.1639,0.0988,1,2,"A"
"20250503_AstonVilla_Fulham","Aston Villa","Fulham",1.69,1.16,"1-1",0.4962,0.2408,0.263,1,0,"H"
"20250503_Everton_Ipswich","Everton","Ipswich",1.7,0.77,"1-0",0.5949,0.2374,0.1678,2,2,"D"
"20250503_LeicesterCity_Southampton","Leicester City","Southampton",1.72,0.99,"1-0",0.545,0.2385,0.2165,2,0,"H"
"20250504_Brighton_NewcastleUnited","Brighton","Newcastle United",1.57,1.6,"1-1",0.3759,0.2356,0.3885,1,1,"D"
"20250504_WestHamUnited_TottenhamHotspur","West Ham United","Tottenham Hotspur",1.56,1.74,"1-1",0.3475,0.2295,0.423,1,1,"D"
"20250504_Brentford_ManchesterUnited","Brentford","Manchester United",1.55,1.33,"1-1",0.4257,0.2471,0.3271,4,3,"H"
"20250504_Chelsea_Liverpool","Chelsea","Liverpool",1.41,1.68,"1-1",0.3236,0.2369,0.4395,3,1,"H"
"20250505_CrystalPalace_NottinghamForest","Crystal Palace","Nottingham Forest",1.39,1.06,"1-1",0.4451,0.2681,0.2867,1,1,"D"
"20250510_Fulham_Everton","Fulham","Everton",1.35,0.94,"1-0",0.4624,0.2768,0.2608,1,3,"A"
"20250510_Ipswich_Brentford","Ipswich","Brentford",1.04,2.03,"1-2",0.1869,0.2098,0.6033,0,1,"A"
"20250510_Southampton_ManchesterCity","Southampton","Manchester City",0.61,2.77,"0-2",0.0572,0.1213,0.8214,0,0,"D"
"20250510_WolverhamptonWanderers_Brighton","Wolverhampton Wanderers","Brighton",1.16,1.67,"1-1",0.2659,0.2425,0.4916,0,2,"A"
"20250510_Bournemouth_AstonVilla","Bournemouth","Aston Villa",1.39,1.51,"1-1",0.3489,0.2473,0.4038,0,1,"A"
"20250511_Liverpool_Arsenal","Liverpool","Arsenal",1.34,1.54,"1-1",0.3322,0.2473,0.4205,2,2,"D"
"20250511_NottinghamForest_LeicesterCity","Nottingham Forest","Leicester City",1.83,1.04,"1-1",0.5574,0.2284,0.2142,2,2,"D"
"20250511_TottenhamHotspur_CrystalPalace","Tottenham Hotspur","Crystal Palace",1.72,1.24,"1-1",0.486,0.2375,0.2765,0,2,"A"
"20250511_NewcastleUnited_Chelsea","Newcastle United","Chelsea",1.8,1.25,"1-1",0.5038,0.231,0.2651,2,0,"H"
"20250511_ManchesterUnited_WestHamUnited","Manchester United","West Ham United",1.86,1.06,"1-1",0.5591,0.226,0.2149,0,2,"A"
"20250516_AstonVilla_TottenhamHotspur","Aston Villa","Tottenham Hotspur",1.91,1.42,"1-1",0.4919,0.222,0.2862,2,0,"H"
"20250516_Chelsea_ManchesterUnited","Chelsea","Manchester United",1.56,1.24,"1-1",0.4473,0.2494,0.3033,1,0,"H"
"20250518_Arsenal_NewcastleUnited","Arsenal","Newcastle United",2,0.98,"2-0",0.6106,0.2109,0.1784,1,0,"H"
"20250518_Everton_Southampton","Everton","Southampton",1.63,0.67,"1-0",0.6059,0.2435,0.1506,2,0,"H"
"20250518_WestHamUnited_NottinghamForest","West Ham United","Nottingham Forest",1.45,1.3,"1-1",0.4054,0.2546,0.3401,1,2,"A"
"20250518_Brentford_Fulham","Brentford","Fulham",1.65,1.23,"1-1",0.471,0.2427,0.2863,2,3,"A"
"20250518_LeicesterCity_Ipswich","Leicester City","Ipswich",1.79,1.14,"1-1",0.5254,0.2322,0.2423,2,0,"H"
"20250519_Brighton_Liverpool","Brighton","Liverpool",1.46,1.8,"1-1",0.314,0.2282,0.4578,3,2,"H"
"20250520_ManchesterCity_Bournemouth","Manchester City","Bournemouth",2.54,0.83,"2-0",0.7451,0.155,0.0999,3,1,"H"
"20250520_CrystalPalace_WolverhamptonWanderers","Crystal Palace","Wolverhampton Wanderers",1.55,0.9,"1-0",0.5266,0.2555,0.2179,4,2,"H"
"20250525_WolverhamptonWanderers_Brentford","Wolverhampton Wanderers","Brentford",1.16,1.6,"1-1",0.2763,0.2481,0.4755,1,1,"D"
"20250525_NottinghamForest_Chelsea","Nottingham Forest","Chelsea",1.28,1.44,"1-1",0.3342,0.256,0.4098,0,1,"A"
"20250525_TottenhamHotspur_Brighton","Tottenham Hotspur","Brighton",1.83,1.61,"1-1",0.4335,0.2236,0.3429,1,4,"A"
"20250525_NewcastleUnited_Everton","Newcastle United","Everton",1.74,0.86,"1-0",0.584,0.234,0.1819,0,1,"A"
"20250525_Southampton_Arsenal","Southampton","Arsenal",0.55,2.59,"0-2",0.0577,0.1306,0.8116,1,2,"A"
"20250525_Liverpool_CrystalPalace","Liverpool","Crystal Palace",2.05,0.93,"2-0",0.6331,0.2049,0.162,1,1,"D"
"20250525_Bournemouth_LeicesterCity","Bournemouth","Leicester City",1.96,1.07,"1-1",0.5804,0.2166,0.203,2,0,"H"
"20250525_ManchesterUnited_AstonVilla","Manchester United","Aston Villa",1.52,1.31,"1-1",0.4223,0.25,0.3277,2,0,"H"
"20250525_Ipswich_WestHamUnited","Ipswich","West Ham United",1.2,1.69,"1-1",0.2707,0.24,0.4893,1,3,"A"
"20250525_Fulham_ManchesterCity","Fulham","Manchester City",1.02,1.93,"1-1",0.1944,0.2185,0.5871,0,2,"A"
"20250815_Liverpool_Bournemouth","Liverpool","Bournemouth",2.34,1.02,"2-1",0.6678,0.1823,0.1499,4,2,"H"
"20250816_AstonVilla_NewcastleUnited","Aston Villa","Newcastle United",1.54,1.5,"1-1",0.3874,0.2411,0.3715,0,0,"D"
"20250816_Brighton_Fulham","Brighton","Fulham",1.72,1.24,"1-1",0.4872,0.2373,0.2754,1,1,"D"
"20250816_Sunderland_WestHamUnited","Sunderland","West Ham United",1.41,0.98,"1-0",0.4704,0.2693,0.2603,3,0,"H"
"20250816_TottenhamHotspur_Burnley","Tottenham Hotspur","Burnley",2.48,1.06,"2-1",0.6845,0.1725,0.143,3,0,"H"
"20250816_WolverhamptonWanderers_ManchesterCity","Wolverhampton Wanderers","Manchester City",0.79,2.27,"0-2",0.1142,0.1772,0.7086,0,4,"A"
"20250817_Chelsea_CrystalPalace","Chelsea","Crystal Palace",1.57,1.03,"1-1",0.5001,0.2523,0.2476,0,0,"D"
"20250817_NottinghamForest_Brentford","Nottingham Forest","Brentford",1.37,1.44,"1-1",0.3593,0.2523,0.3884,3,1,"H"
"20250817_ManchesterUnited_Arsenal","Manchester United","Arsenal",0.99,1.7,"0-1",0.2196,0.24,0.5404,0,1,"A"
"20250818_Leeds_Everton","Leeds","Everton",1.28,1.14,"1-1",0.3967,0.2742,0.329,1,0,"H"
"20250822_WestHamUnited_Chelsea","West Ham United","Chelsea",1.29,1.59,"1-1",0.3102,0.2454,0.4444,1,5,"A"
"20250823_Arsenal_Leeds","Arsenal","Leeds",2.67,0.72,"2-0",0.7858,0.1375,0.0766,5,0,"H"
"20250823_Burnley_Sunderland","Burnley","Sunderland",0.97,1.37,"0-1",0.2663,0.2733,0.4604,2,0,"H"
"20250823_ManchesterCity_TottenhamHotspur","Manchester City","Tottenham Hotspur",2.66,1.02,"2-1",0.7208,0.1571,0.122,0,2,"A"
"20250823_Bournemouth_WolverhamptonWanderers","Bournemouth","Wolverhampton Wanderers",1.71,1.03,"1-1",0.5342,0.2391,0.2266,1,0,"H"
"20250823_Brentford_AstonVilla","Brentford","Aston Villa",1.57,1.41,"1-1",0.4145,0.2433,0.3422,1,0,"H"
"20250824_CrystalPalace_NottinghamForest","Crystal Palace","Nottingham Forest",1.39,1.06,"1-1",0.4451,0.2681,0.2867,1,1,"D"
"20250824_Everton_Brighton","Everton","Brighton",1.15,1.29,"1-1",0.3297,0.2727,0.3977,2,0,"H"
"20250824_Fulham_ManchesterUnited","Fulham","Manchester United",1.39,1.32,"1-1",0.3885,0.2576,0.3539,1,1,"D"
"20250825_NewcastleUnited_Liverpool","Newcastle United","Liverpool",1.63,1.63,"1-1",0.3843,0.2322,0.3836,2,3,"A"
"20250830_WolverhamptonWanderers_Everton","Wolverhampton Wanderers","Everton",1.05,1.1,"1-1",0.3378,0.2953,0.3669,2,3,"A"
"20250830_Leeds_NewcastleUnited","Leeds","Newcastle United",1.28,1.92,"1-1",0.2551,0.2223,0.5227,0,0,"D"
"20250830_TottenhamHotspur_Bournemouth","Tottenham Hotspur","Bournemouth",1.96,1.37,"1-1",0.5141,0.219,0.2669,0,1,"A"
"20250830_Chelsea_Fulham","Chelsea","Fulham",1.66,1.15,"1-1",0.492,0.2433,0.2646,2,0,"H"
"20250830_ManchesterUnited_Burnley","Manchester United","Burnley",2.19,0.88,"2-0",0.6731,0.1893,0.1376,3,2,"H"
"20250830_Sunderland_Brentford","Sunderland","Brentford",1.22,1.17,"1-1",0.3742,0.2768,0.349,2,1,"H"
"20250831_Brighton_ManchesterCity","Brighton","Manchester City",1.18,1.96,"1-1",0.2272,0.2189,0.554,2,1,"H"
"20250831_NottinghamForest_WestHamUnited","Nottingham Forest","West Ham United",1.58,1.19,"1-1",0.4631,0.2487,0.2882,0,3,"A"
"20250831_Liverpool_Arsenal","Liverpool","Arsenal",1.34,1.54,"1-1",0.3322,0.2473,0.4205,1,0,"H"
"20250831_AstonVilla_CrystalPalace","Aston Villa","Crystal Palace",1.6,1.04,"1-1",0.5043,0.2496,0.246,0,3,"A"
"20250913_Brentford_Chelsea","Brentford","Chelsea",1.55,1.38,"1-1",0.4154,0.2451,0.3395,2,2,"D"
"20250913_WestHamUnited_TottenhamHotspur","West Ham United","Tottenham Hotspur",1.56,1.74,"1-1",0.3475,0.2295,0.423,0,3,"A"
"20250913_NewcastleUnited_WolverhamptonWanderers","Newcastle United","Wolverhampton Wanderers",2.25,0.86,"2-0",0.6868,0.1833,0.1299,1,0,"H"
"20250913_Fulham_Leeds","Fulham","Leeds",1.8,1.16,"1-1",0.5233,0.2316,0.2451,1,0,"H"
"20250913_CrystalPalace_Sunderland","Crystal Palace","Sunderland",1.14,0.95,"1-0",0.3994,0.2988,0.3019,0,0,"D"
"20250913_Bournemouth_Brighton","Bournemouth","Brighton",1.48,1.54,"1-1",0.3649,0.2421,0.393,2,1,"H"
"20250913_Arsenal_NottinghamForest","Arsenal","Nottingham Forest",2.32,0.7,"2-0",0.738,0.1669,0.0951,3,0,"H"
"20250913_Everton_AstonVilla","Everton","Aston Villa",1.08,1.27,"1-1",0.3154,0.2784,0.4062,0,0,"D"
"20250914_Burnley_Liverpool","Burnley","Liverpool",0.96,2.44,"0-2",0.1295,0.1708,0.6996,0,1,"A"
"20250914_ManchesterCity_ManchesterUnited","Manchester City","Manchester United",2.2,0.9,"2-0",0.6687,0.1897,0.1417,3,0,"H"
"20250920_WolverhamptonWanderers_Leeds","Wolverhampton Wanderers","Leeds",1.39,1.36,"1-1",0.3796,0.2552,0.3652,1,3,"A"
"20250920_WestHamUnited_CrystalPalace","West Ham United","Crystal Palace",1.3,1.27,"1-1",0.3748,0.2655,0.3598,1,2,"A"
"20250920_Fulham_Brentford","Fulham","Brentford",1.5,1.36,"1-1",0.4055,0.2493,0.3452,3,1,"H"
"20250920_Brighton_TottenhamHotspur","Brighton","Tottenham Hotspur",1.95,1.51,"1-1",0.481,0.2188,0.3001,2,2,"D"
"20250920_Burnley_NottinghamForest","Burnley","Nottingham Forest",1.19,1.54,"1-1",0.2951,0.2521,0.4528,1,1,"D"
"20250920_ManchesterUnited_Chelsea","Manchester United","Chelsea",1.5,1.29,"1-1",0.4231,0.2518,0.3251,2,1,"H"
"20250920_Liverpool_Everton","Liverpool","Everton",1.97,0.8,"1-0",0.6481,0.208,0.1438,2,1,"H"
"20250921_Bournemouth_NewcastleUnited","Bournemouth","Newcastle United",1.33,1.71,"1-1",0.2986,0.2362,0.4652,0,0,"D"
"20250921_Sunderland_AstonVilla","Sunderland","Aston Villa",1.15,1.2,"1-1",0.3489,0.2799,0.3712,1,1,"D"
"20250921_Arsenal_ManchesterCity","Arsenal","Manchester City",1.51,1.2,"1-1",0.4428,0.2543,0.3029,1,1,"D"
"20250927_NottinghamForest_Sunderland","Nottingham Forest","Sunderland",1.17,1.05,"1-1",0.3843,0.2888,0.3269,0,1,"A"
"20250927_ManchesterCity_Burnley","Manchester City","Burnley",3.21,0.64,"3-0",0.8632,0.0931,0.0432,5,1,"H"
"20250927_Leeds_Bournemouth","Leeds","Bournemouth",1.53,1.46,"1-1",0.3923,0.2434,0.3643,2,2,"D"
"20250927_TottenhamHotspur_WolverhamptonWanderers","Tottenham Hotspur","Wolverhampton Wanderers",2.12,1.07,"2-1",0.6137,0.2028,0.1835,1,1,"D"
"20250927_Chelsea_Brighton","Chelsea","Brighton",1.68,1.34,"1-1",0.4555,0.2385,0.306,1,3,"A"
"20250927_Brentford_ManchesterUnited","Brentford","Manchester United",1.55,1.33,"1-1",0.4257,0.2471,0.3271,3,1,"H"
"20250927_CrystalPalace_Liverpool","Crystal Palace","Liverpool",1.12,1.69,"1-1",0.2531,0.2408,0.506,2,1,"H"
"20250928_AstonVilla_Fulham","Aston Villa","Fulham",1.69,1.16,"1-1",0.4962,0.2408,0.263,3,1,"H"
"20250928_NewcastleUnited_Arsenal","Newcastle United","Arsenal",1.19,1.65,"1-1",0.2751,0.2431,0.4818,1,2,"A"
"20250929_Everton_WestHamUnited","Everton","West Ham United",1.33,1.03,"1-1",0.4334,0.2757,0.2908,1,1,"D"
"20251003_Bournemouth_Fulham","Bournemouth","Fulham",1.46,1.33,"1-1",0.4035,0.253,0.3435,3,1,"H"
"20251004_Leeds_TottenhamHotspur","Leeds","Tottenham Hotspur",1.6,1.81,"1-1",0.3426,0.2248,0.4326,1,2,"A"
"20251004_Arsenal_WestHamUnited","Arsenal","West Ham United",2.56,0.7,"2-0",0.7738,0.1455,0.0806,2,0,"H"
"20251004_ManchesterUnited_Sunderland","Manchester United","Sunderland",1.37,0.94,"1-0",0.4688,0.2743,0.2569,2,0,"H"
"20251004_Chelsea_Liverpool","Chelsea","Liverpool",1.41,1.68,"1-1",0.3236,0.2369,0.4395,2,1,"H"
"20251005_WolverhamptonWanderers_Brighton","Wolverhampton Wanderers","Brighton",1.16,1.67,"1-1",0.2659,0.2425,0.4916,1,1,"D"
"20251005_Brentford_ManchesterCity","Brentford","Manchester City",1.13,1.95,"1-1",0.2172,0.2187,0.5641,0,1,"A"
"20251005_NewcastleUnited_NottinghamForest","Newcastle United","Nottingham Forest",2.02,1.02,"2-1",0.6043,0.2106,0.1851,2,0,"H"
"20251005_AstonVilla_Burnley","Aston Villa","Burnley",2.32,0.89,"2-0",0.6936,0.1783,0.1281,2,1,"H"
"20251005_Everton_CrystalPalace","Everton","Crystal Palace",1.08,1,"1-0",0.3714,0.3013,0.3273,2,1,"H"
"20251018_NottinghamForest_Chelsea","Nottingham Forest","Chelsea",1.28,1.44,"1-1",0.3342,0.256,0.4098,0,3,"A"
"20251018_Brighton_NewcastleUnited","Brighton","Newcastle United",1.57,1.6,"1-1",0.3759,0.2356,0.3885,2,1,"H"
"20251018_Burnley_Leeds","Burnley","Leeds",1.37,1.59,"1-1",0.3302,0.243,0.4268,2,0,"H"
"20251018_CrystalPalace_Bournemouth","Crystal Palace","Bournemouth",1.44,1.14,"1-1",0.4378,0.2618,0.3004,3,3,"D"
"20251018_ManchesterCity_Everton","Manchester City","Everton",2.13,0.64,"2-0",0.719,0.1819,0.0991,2,0,"H"
"20251018_Sunderland_WolverhamptonWanderers","Sunderland","Wolverhampton Wanderers",1.42,0.81,"1-0",0.5137,0.2713,0.2151,2,0,"H"
"20251018_Fulham_Arsenal","Fulham","Arsenal",0.92,1.81,"0-1",0.1883,0.2282,0.5835,0,1,"A"
"20251019_TottenhamHotspur_AstonVilla","Tottenham Hotspur","Aston Villa",1.72,1.58,"1-1",0.4148,0.2296,0.3556,1,2,"A"
"20251019_Liverpool_ManchesterUnited","Liverpool","Manchester United",2.03,1.12,"2-1",0.5837,0.212,0.2043,1,2,"A"
"20251020_WestHamUnited_Brentford","West Ham United","Brentford",1.39,1.59,"1-1",0.3347,0.243,0.4223,0,2,"A"
"20251024_Leeds_WestHamUnited","Leeds","West Ham United",1.64,1.38,"1-1",0.437,0.2402,0.3228,2,1,"H"
"20251025_Chelsea_Sunderland","Chelsea","Sunderland",1.43,0.94,"1-0",0.4831,0.2685,0.2485,1,2,"A"
"20251025_NewcastleUnited_Fulham","Newcastle United","Fulham",1.91,1.11,"1-1",0.5598,0.2217,0.2185,2,1,"H"
"20251025_ManchesterUnited_Brighton","Manchester United","Brighton",1.61,1.33,"1-1",0.4407,0.2428,0.3165,4,2,"H"
"20251025_Brentford_Liverpool","Brentford","Liverpool",1.4,1.8,"1-1",0.301,0.2295,0.4695,3,2,"H"
"20251026_Arsenal_CrystalPalace","Arsenal","Crystal Palace",2.08,0.68,"2-0",0.7011,0.1894,0.1094,1,0,"H"
"20251026_AstonVilla_ManchesterCity","Aston Villa","Manchester City",1.16,1.84,"1-1",0.2387,0.2283,0.5329,1,0,"H"
"20251026_Bournemouth_NottinghamForest","Bournemouth","Nottingham Forest",1.54,1.22,"1-1",0.4475,0.2514,0.3011,2,0,"H"
"20251026_WolverhamptonWanderers_Burnley","Wolverhampton Wanderers","Burnley",1.57,1.1,"1-1",0.4843,0.2513,0.2645,2,3,"A"
"20251026_Everton_TottenhamHotspur","Everton","Tottenham Hotspur",1.29,1.36,"1-1",0.3539,0.2606,0.3855,0,3,"A"
"20251101_TottenhamHotspur_Chelsea","Tottenham Hotspur","Chelsea",1.7,1.55,"1-1",0.416,0.2313,0.3527,0,1,"A"
"20251101_NottinghamForest_ManchesterUnited","Nottingham Forest","Manchester United",1.28,1.39,"1-1",0.3441,0.2597,0.3962,2,2,"D"
"20251101_Liverpool_AstonVilla","Liverpool","Aston Villa",2.05,1.18,"2-1",0.5744,0.211,0.2146,2,0,"H"
"20251101_CrystalPalace_Brentford","Crystal Palace","Brentford",1.34,1.29,"1-1",0.3791,0.2622,0.3587,2,0,"H"
"20251101_Burnley_Arsenal","Burnley","Arsenal",0.7,2.49,"0-2",0.0847,0.1515,0.7638,0,2,"A"
"20251101_Brighton_Leeds","Brighton","Leeds",2.09,1.17,"2-1",0.5839,0.208,0.2081,3,0,"H"
"20251101_Fulham_WolverhamptonWanderers","Fulham","Wolverhampton Wanderers",1.74,0.95,"1-0",0.5601,0.2361,0.2038,3,0,"H"
"20251102_WestHamUnited_NewcastleUnited","West Ham United","Newcastle United",1.25,1.84,"1-1",0.2603,0.2282,0.5115,3,1,"H"
"20251102_ManchesterCity_Bournemouth","Manchester City","Bournemouth",2.54,0.83,"2-0",0.7451,0.155,0.0999,3,1,"H"
"20251103_Sunderland_Everton","Sunderland","Everton",1.1,0.81,"1-0",0.4226,0.3119,0.2655,1,1,"D"
"20251108_TottenhamHotspur_ManchesterUnited","Tottenham Hotspur","Manchester United",1.7,1.49,"1-1",0.4271,0.2333,0.3396,2,2,"D"
"20251108_Everton_Fulham","Everton","Fulham",1.14,1.11,"1-1",0.3624,0.2873,0.3503,2,0,"H"
"20251108_WestHamUnited_Burnley","West Ham United","Burnley",1.88,1.09,"1-1",0.56,0.2239,0.2162,3,2,"H"
"20251108_Sunderland_Arsenal","Sunderland","Arsenal",0.75,1.56,"0-1",0.18,0.2541,0.5658,2,2,"D"
"20251108_Chelsea_WolverhamptonWanderers","Chelsea","Wolverhampton Wanderers",1.95,0.89,"1-0",0.6206,0.2137,0.1656,3,0,"H"
"20251109_ManchesterCity_Liverpool","Manchester City","Liverpool",1.99,1.22,"1-1",0.5519,0.2166,0.2316,3,0,"H"
"20251109_NottinghamForest_Leeds","Nottingham Forest","Leeds",1.65,1.22,"1-1",0.4734,0.2429,0.2837,3,1,"H"
"20251109_AstonVilla_Bournemouth","Aston Villa","Bournemouth",1.83,1.15,"1-1",0.5342,0.2289,0.237,4,0,"H"
"20251109_Brentford_NewcastleUnited","Brentford","Newcastle United",1.51,1.59,"1-1",0.3614,0.2383,0.4003,3,1,"H"
"20251109_CrystalPalace_Brighton","Crystal Palace","Brighton",1.34,1.35,"1-1",0.3686,0.259,0.3724,0,0,"D"
"20251122_WolverhamptonWanderers_CrystalPalace","Wolverhampton Wanderers","Crystal Palace",1.09,1.28,"1-1",0.3145,0.2771,0.4084,0,2,"A"
"20251122_Burnley_Chelsea","Burnley","Chelsea",1.06,1.88,"1-1",0.2121,0.2241,0.5638,0,2,"A"
"20251122_Bournemouth_WestHamUnited","Bournemouth","West Ham United",1.7,1.23,"1-1",0.4838,0.239,0.2772,2,2,"D"
"20251122_Brighton_Brentford","Brighton","Brentford",1.74,1.38,"1-1",0.4603,0.2339,0.3058,2,1,"H"
"20251122_Fulham_Sunderland","Fulham","Sunderland",1.27,1,"1-0",0.427,0.2821,0.291,1,0,"H"
"20251122_Liverpool_NottinghamForest","Liverpool","Nottingham Forest",2.28,0.95,"2-0",0.6717,0.1849,0.1434,0,3,"A"
"20251122_NewcastleUnited_ManchesterCity","Newcastle United","Manchester City",1.31,1.76,"1-1",0.2864,0.2332,0.4804,2,1,"H"
"20251123_Arsenal_TottenhamHotspur","Arsenal","Tottenham Hotspur",2.49,0.93,"2-0",0.7149,0.1651,0.12,4,1,"H"
"20251123_Leeds_AstonVilla","Leeds","Aston Villa",1.34,1.69,"1-1",0.3041,0.2377,0.4582,1,2,"A"
"20251124_ManchesterUnited_Everton","Manchester United","Everton",1.45,0.88,"1-0",0.5048,0.2667,0.2285,0,1,"A"
"20251129_Brentford_Burnley","Brentford","Burnley",2.26,0.94,"2-0",0.6718,0.1855,0.1427,3,1,"H"
"20251129_ManchesterCity_Leeds","Manchester City","Leeds",2.84,0.8,"2-0",0.7941,0.1291,0.0766,3,2,"H"
"20251129_Sunderland_Bournemouth","Sunderland","Bournemouth",1.32,1.04,"1-1",0.4298,0.2765,0.2937,3,2,"H"
"20251129_Everton_NewcastleUnited","Everton","Newcastle United",1.04,1.44,"1-1",0.2724,0.2648,0.4629,1,4,"A"
"20251129_TottenhamHotspur_Fulham","Tottenham Hotspur","Fulham",1.81,1.39,"1-1",0.4748,0.2292,0.296,1,2,"A"
"20251130_WestHamUnited_Liverpool","West Ham United","Liverpool",1.17,2.07,"1-2",0.2085,0.2091,0.5824,0,2,"A"
"20251130_CrystalPalace_ManchesterUnited","Crystal Palace","Manchester United",1.24,1.25,"1-1",0.3631,0.2706,0.3663,1,2,"A"
"20251130_AstonVilla_WolverhamptonWanderers","Aston Villa","Wolverhampton Wanderers",1.98,0.9,"1-0",0.6255,0.2106,0.1639,1,0,"H"
"20251130_NottinghamForest_Brighton","Nottingham Forest","Brighton",1.37,1.5,"1-1",0.3483,0.2486,0.4031,0,2,"A"
"20251130_Chelsea_Arsenal","Chelsea","Arsenal",1.03,1.71,"1-1",0.2285,0.2398,0.5318,1,1,"D"
"20251202_NewcastleUnited_TottenhamHotspur","Newcastle United","Tottenham Hotspur",2.17,1.36,"2-1",0.5595,0.2047,0.2358,2,2,"D"
"20251202_Bournemouth_Everton","Bournemouth","Everton",1.33,1.02,"1-1",0.4376,0.2758,0.2865,0,1,"A"
"20251202_Fulham_ManchesterCity","Fulham","Manchester City",1.02,1.93,"1-1",0.1944,0.2185,0.5871,4,5,"A"
"20251203_Liverpool_Sunderland","Liverpool","Sunderland",1.86,0.85,"1-0",0.6118,0.2215,0.1667,1,1,"D"
"20251203_Arsenal_Brentford","Arsenal","Brentford",2.22,0.85,"2-0",0.6854,0.1852,0.1294,2,0,"H"
"20251203_Brighton_AstonVilla","Brighton","Aston Villa",1.64,1.41,"1-1",0.43,0.2393,0.3308,3,4,"A"
"20251203_Burnley_CrystalPalace","Burnley","Crystal Palace",1.07,1.5,"1-1",0.2714,0.2585,0.4701,0,1,"A"
"20251203_WolverhamptonWanderers_NottinghamForest","Wolverhampton Wanderers","Nottingham Forest",1.21,1.32,"1-1",0.3409,0.268,0.3911,0,1,"A"
"20251203_Leeds_Chelsea","Leeds","Chelsea",1.32,1.66,"1-1",0.3057,0.2399,0.4544,3,1,"H"
"20251204_ManchesterUnited_WestHamUnited","Manchester United","West Ham United",1.86,1.06,"1-1",0.5591,0.226,0.2149,1,1,"D"
"20251206_TottenhamHotspur_Brentford","Tottenham Hotspur","Brentford",1.83,1.55,"1-1",0.4458,0.2253,0.3289,2,0,"H"
"20251206_Leeds_Liverpool","Leeds","Liverpool",1.19,2.16,"1-2",0.203,0.2025,0.5945,3,3,"D"
"20251206_NewcastleUnited_Burnley","Newcastle United","Burnley",2.63,0.85,"2-0",0.7527,0.1495,0.0977,2,1,"H"
"20251206_AstonVilla_Arsenal","Aston Villa","Arsenal",1.05,1.72,"1-1",0.2301,0.2381,0.5318,2,1,"H"
"20251206_Everton_NottinghamForest","Everton","Nottingham Forest",1.2,1.02,"1-1",0.4008,0.288,0.3111,3,0,"H"
"20251206_Bournemouth_Chelsea","Bournemouth","Chelsea",1.37,1.49,"1-1",0.3501,0.2494,0.4005,0,0,"D"
"20251206_ManchesterCity_Sunderland","Manchester City","Sunderland",2.02,0.69,"2-0",0.6861,0.1973,0.1165,3,0,"H"
"20251207_Brighton_WestHamUnited","Brighton","West Ham United",2,1.15,"2-1",0.5719,0.2146,0.2135,1,1,"D"
"20251207_Fulham_CrystalPalace","Fulham","Crystal Palace",1.4,1.09,"1-1",0.4414,0.2662,0.2923,1,2,"A"
"20251208_WolverhamptonWanderers_ManchesterUnited","Wolverhampton Wanderers","Manchester United",1.08,1.54,"1-1",0.2648,0.2542,0.481,1,4,"A"
"20251213_Burnley_Fulham","Burnley","Fulham",1.13,1.68,"1-1",0.2567,0.2419,0.5014,2,3,"A"
"20251213_Arsenal_WolverhamptonWanderers","Arsenal","Wolverhampton Wanderers",2.58,0.59,"2-0",0.8018,0.1349,0.0632,2,1,"H"
"20251213_Chelsea_Everton","Chelsea","Everton",1.51,0.88,"1-0",0.5195,0.2601,0.2204,2,0,"H"
"20251213_Liverpool_Brighton","Liverpool","Brighton",2.18,1.21,"2-1",0.5962,0.2011,0.2027,2,0,"H"
"20251214_CrystalPalace_ManchesterCity","Crystal Palace","Manchester City",0.91,1.83,"0-1",0.1825,0.2257,0.5918,0,3,"A"
"20251214_NottinghamForest_TottenhamHotspur","Nottingham Forest","Tottenham Hotspur",1.54,1.57,"1-1",0.3741,0.2378,0.3881,3,0,"H"
"20251214_Sunderland_NewcastleUnited","Sunderland","Newcastle United",1.11,1.36,"1-1",0.3045,0.2695,0.426,1,0,"H"
"20251214_WestHamUnited_AstonVilla","West Ham United","Aston Villa",1.31,1.62,"1-1",0.3087,0.2431,0.4481,2,3,"A"
"20251214_Brentford_Leeds","Brentford","Leeds",2,1.17,"2-1",0.5665,0.2149,0.2187,1,1,"D"
"20251215_ManchesterUnited_Bournemouth","Manchester United","Bournemouth",1.73,1.13,"1-1",0.5143,0.2373,0.2484,4,4,"D"
"20251220_Leeds_CrystalPalace","Leeds","Crystal Palace",1.33,1.33,"1-1",0.3717,0.2604,0.3679,4,1,"H"
"20251220_Everton_Arsenal","Everton","Arsenal",0.71,1.65,"0-1",0.1576,0.2417,0.6007,0,1,"A"
"20251220_WolverhamptonWanderers_Brentford","Wolverhampton Wanderers","Brentford",1.16,1.6,"1-1",0.2763,0.2481,0.4755,0,2,"A"
"20251220_TottenhamHotspur_Liverpool","Tottenham Hotspur","Liverpool",1.54,2.02,"1-2",0.2948,0.2146,0.4905,1,2,"A"
"20251220_Brighton_Sunderland","Brighton","Sunderland",1.48,1.01,"1-1",0.48,0.2615,0.2585,0,0,"D"
"20251220_Bournemouth_Burnley","Bournemouth","Burnley",2,1.01,"2-1",0.6031,0.2118,0.185,1,1,"D"
"20251220_NewcastleUnited_Chelsea","Newcastle United","Chelsea",1.8,1.25,"1-1",0.5038,0.231,0.2651,2,2,"D"
"20251220_ManchesterCity_WestHamUnited","Manchester City","West Ham United",2.73,0.78,"2-0",0.7822,0.1368,0.0808,3,0,"H"
"20251221_AstonVilla_ManchesterUnited","Aston Villa","Manchester United",1.58,1.25,"1-1",0.4511,0.2471,0.3019,2,1,"H"
"20251222_Fulham_NottinghamForest","Fulham","Nottingham Forest",1.56,1.12,"1-1",0.4752,0.2519,0.2729,1,0,"H"
"20251226_ManchesterUnited_NewcastleUnited","Manchester United","Newcastle United",1.46,1.48,"1-1",0.3708,0.2459,0.3834,1,0,"H"
"20251227_Chelsea_AstonVilla","Chelsea","Aston Villa",1.58,1.31,"1-1",0.4366,0.2459,0.3175,1,2,"A"
"20251227_WestHamUnited_Fulham","West Ham United","Fulham",1.37,1.42,"1-1",0.3621,0.253,0.3849,0,1,"A"
"20251227_Burnley_Everton","Burnley","Everton",1.03,1.29,"1-1",0.2969,0.2792,0.4239,0,0,"D"
"20251227_Liverpool_WolverhamptonWanderers","Liverpool","Wolverhampton Wanderers",2.53,0.8,"2-0",0.7486,0.1543,0.0971,2,1,"H"
"20251227_Arsenal_Brighton","Arsenal","Brighton",2.22,0.88,"2-0",0.6779,0.1865,0.1356,2,1,"H"
"20251227_NottinghamForest_ManchesterCity","Nottingham Forest","Manchester City",0.93,2.04,"0-2",0.164,0.2061,0.6299,1,2,"A"
"20251227_Brentford_Bournemouth","Brentford","Bournemouth",1.79,1.22,"1-1",0.5087,0.232,0.2592,4,1,"H"
"20251228_Sunderland_Leeds","Sunderland","Leeds",1.47,1,"1-0",0.481,0.2626,0.2564,1,1,"D"
"20251228_CrystalPalace_TottenhamHotspur","Crystal Palace","Tottenham Hotspur",1.5,1.42,"1-1",0.3956,0.2466,0.3577,0,1,"A"
"20251230_Burnley_NewcastleUnited","Burnley","Newcastle United",1.03,2.17,"1-2",0.1698,0.1976,0.6326,1,3,"A"
"20251230_Chelsea_Bournemouth","Chelsea","Bournemouth",1.8,1.13,"1-1",0.5298,0.2315,0.2387,2,2,"D"
"20251230_NottinghamForest_Everton","Nottingham Forest","Everton",1.24,0.99,"1-0",0.4186,0.2862,0.2952,0,2,"A"
"20251230_WestHamUnited_Brighton","West Ham United","Brighton",1.39,1.65,"1-1",0.3232,0.2389,0.4379,2,2,"D"
"20251230_Arsenal_AstonVilla","Arsenal","Aston Villa",2.09,0.87,"2-0",0.6563,0.1985,0.1452,4,1,"H"
"20251230_ManchesterUnited_WolverhamptonWanderers","Manchester United","Wolverhampton Wanderers",1.87,0.89,"1-0",0.605,0.2212,0.1738,1,1,"D"
"20260101_Sunderland_ManchesterCity","Sunderland","Manchester City",0.83,1.66,"0-1",0.1861,0.2427,0.5712,0,0,"D"
"20260101_Brentford_TottenhamHotspur","Brentford","Tottenham Hotspur",1.87,1.51,"1-1",0.4641,0.2234,0.3125,0,0,"D"
"20260101_Liverpool_Leeds","Liverpool","Leeds",2.62,0.99,"2-0",0.7233,0.1578,0.1188,0,0,"D"
"20260101_CrystalPalace_Fulham","Crystal Palace","Fulham",1.32,1.16,"1-1",0.4038,0.2701,0.3261,1,1,"D"
"20260103_AstonVilla_NottinghamForest","Aston Villa","Nottingham Forest",1.78,1.07,"1-1",0.5407,0.2331,0.2262,3,1,"H"
"20260103_Brighton_Burnley","Brighton","Burnley",2.36,0.94,"2-0",0.6888,0.1771,0.1341,2,0,"H"
"20260103_WolverhamptonWanderers_WestHamUnited","Wolverhampton Wanderers","West Ham United",1.34,1.33,"1-1",0.3713,0.2601,0.3686,3,0,"H"
"20260103_Bournemouth_Arsenal","Bournemouth","Arsenal",0.91,1.97,"0-1",0.1668,0.2122,0.6211,2,3,"A"
"20260104_ManchesterCity_Chelsea","Manchester City","Chelsea",2.2,0.94,"2-0",0.6612,0.1908,0.148,1,1,"D"
"20260104_Leeds_ManchesterUnited","Leeds","Manchester United",1.32,1.6,"1-1",0.3161,0.2442,0.4396,1,1,"D"
"20260104_Everton_Brentford","Everton","Brentford",1.15,1.24,"1-1",0.3394,0.2769,0.3837,2,4,"A"
"20260104_NewcastleUnited_CrystalPalace","Newcastle United","Crystal Palace",1.82,1,"1-0",0.5662,0.229,0.2048,2,0,"H"
"20260104_TottenhamHotspur_Sunderland","Tottenham Hotspur","Sunderland",1.56,1.14,"1-1",0.4707,0.2519,0.2774,1,1,"D"
"20260104_Fulham_Liverpool","Fulham","Liverpool",1.26,1.78,"1-1",0.2707,0.2325,0.4967,2,2,"D"
"20260106_WestHamUnited_NottinghamForest","West Ham United","Nottingham Forest",1.45,1.3,"1-1",0.4054,0.2546,0.3401,1,2,"A"
"20260107_NewcastleUnited_Leeds","Newcastle United","Leeds",2.32,1.06,"2-1",0.6565,0.1852,0.1582,4,3,"H"
"20260107_Burnley_ManchesterUnited","Burnley","Manchester United",1.06,1.81,"1-1",0.2214,0.2306,0.5481,2,2,"D"
"20260107_ManchesterCity_Brighton","Manchester City","Brighton",2.37,0.97,"2-0",0.6837,0.1778,0.1385,1,1,"D"
"20260107_Fulham_Chelsea","Fulham","Chelsea",1.39,1.37,"1-1",0.3785,0.2548,0.3667,2,1,"H"
"20260107_Bournemouth_TottenhamHotspur","Bournemouth","Tottenham Hotspur",1.66,1.62,"1-1",0.392,0.2311,0.3769,3,2,"H"
"20260107_CrystalPalace_AstonVilla","Crystal Palace","Aston Villa",1.26,1.32,"1-1",0.3528,0.265,0.3822,0,0,"D"
"20260107_Brentford_Sunderland","Brentford","Sunderland",1.42,1.01,"1-1",0.4646,0.2674,0.268,3,0,"H"
"20260107_Everton_WolverhamptonWanderers","Everton","Wolverhampton Wanderers",1.34,0.86,"1-0",0.4776,0.2807,0.2417,1,1,"D"
"20260108_Arsenal_Liverpool","Arsenal","Liverpool",1.87,1.11,"1-1",0.5509,0.2256,0.2234,0,0,"D"
"20260117_TottenhamHotspur_WestHamUnited","Tottenham Hotspur","West Ham United",2.11,1.29,"2-1",0.5623,0.2085,0.2292,1,2,"A"
"20260117_Leeds_Fulham","Leeds","Fulham",1.41,1.48,"1-1",0.3583,0.2481,0.3936,1,0,"H"
"20260117_NottinghamForest_Arsenal","Nottingham Forest","Arsenal",0.84,1.91,"0-1",0.1596,0.2158,0.6246,0,0,"D"
"20260117_Sunderland_CrystalPalace","Sunderland","Crystal Palace",1.15,0.94,"1-0",0.4049,0.2982,0.2969,2,1,"H"
"20260117_ManchesterUnited_ManchesterCity","Manchester United","Manchester City",1.09,1.81,"1-1",0.2276,0.2301,0.5423,2,0,"H"
"20260117_Chelsea_Brentford","Chelsea","Brentford",1.67,1.28,"1-1",0.4665,0.2399,0.2936,2,0,"H"
"20260117_Liverpool_Burnley","Liverpool","Burnley",2.96,0.79,"2-0",0.8094,0.1204,0.0699,1,1,"D"
"20260118_WolverhamptonWanderers_NewcastleUnited","Wolverhampton Wanderers","Newcastle United",1.05,1.85,"1-1",0.2113,0.2261,0.5626,0,0,"D"
"20260118_AstonVilla_Everton","Aston Villa","Everton",1.54,0.89,"1-0",0.5239,0.2571,0.2189,0,1,"A"
"20260119_Brighton_Bournemouth","Brighton","Bournemouth",1.87,1.22,"1-1",0.5256,0.2261,0.2483,1,1,"D"
"20260124_Bournemouth_Liverpool","Bournemouth","Liverpool",1.24,1.93,"1-1",0.2434,0.221,0.5356,3,2,"H"
"20260124_Fulham_Brighton","Fulham","Brighton",1.5,1.42,"1-1",0.3944,0.2467,0.3589,2,1,"H"
"20260124_ManchesterCity_WolverhamptonWanderers","Manchester City","Wolverhampton Wanderers",2.75,0.65,"2-0",0.8112,0.1258,0.0629,2,0,"H"
"20260124_WestHamUnited_Sunderland","West Ham United","Sunderland",1.18,1.16,"1-1",0.3641,0.2803,0.3556,3,1,"H"
"20260124_Burnley_TottenhamHotspur","Burnley","Tottenham Hotspur",1.28,2.05,"1-2",0.2366,0.2127,0.5507,2,2,"D"
"20260125_Brentford_NottinghamForest","Brentford","Nottingham Forest",1.74,1.13,"1-1",0.5161,0.2366,0.2473,0,2,"A"
"20260125_CrystalPalace_Chelsea","Crystal Palace","Chelsea",1.24,1.3,"1-1",0.3538,0.2672,0.379,1,3,"A"
"20260125_NewcastleUnited_AstonVilla","Newcastle United","Aston Villa",1.82,1.27,"1-1",0.5034,0.2295,0.2671,0,2,"A"
"20260125_Arsenal_ManchesterUnited","Arsenal","Manchester United",2.06,0.82,"2-0",0.6625,0.199,0.1385,2,3,"A"
"20260126_Everton_Leeds","Everton","Leeds",1.38,1.06,"1-1",0.4433,0.2694,0.2873,1,1,"D"
"20260131_Chelsea_WestHamUnited","Chelsea","West Ham United",1.93,1.07,"1-1",0.5749,0.2195,0.2056,3,2,"H"
"20260131_WolverhamptonWanderers_Bournemouth","Wolverhampton Wanderers","Bournemouth",1.24,1.41,"1-1",0.3313,0.2595,0.4092,0,2,"A"
"20260131_Liverpool_NewcastleUnited","Liverpool","Newcastle United",1.97,1.34,"1-1",0.5207,0.2187,0.2607,4,1,"H"
"20260131_Brighton_Everton","Brighton","Everton",1.57,0.95,"1-0",0.5174,0.2536,0.229,1,1,"D"
"20260131_Leeds_Arsenal","Leeds","Arsenal",0.87,2.2,"0-2",0.136,0.1881,0.6758,0,4,"A"
"20260201_TottenhamHotspur_ManchesterCity","Tottenham Hotspur","Manchester City",1.24,2.19,"1-2",0.2086,0.2013,0.5901,2,2,"D"
"20260201_NottinghamForest_CrystalPalace","Nottingham Forest","Crystal Palace",1.29,1.15,"1-1",0.3965,0.2731,0.3303,1,1,"D"
"20260201_AstonVilla_Brentford","Aston Villa","Brentford",1.7,1.3,"1-1",0.4704,0.2376,0.292,0,1,"A"
"20260201_ManchesterUnited_Fulham","Manchester United","Fulham",1.59,1.15,"1-1",0.4771,0.2486,0.2743,3,2,"H"
"20260202_Sunderland_Burnley","Sunderland","Burnley",1.66,0.8,"1-0",0.5785,0.2422,0.1793,3,0,"H"
"20260206_Leeds_NottinghamForest","Leeds","Nottingham Forest",1.48,1.36,"1-1",0.4023,0.25,0.3477,3,1,"H"
"20260207_WolverhamptonWanderers_Chelsea","Wolverhampton Wanderers","Chelsea",1.08,1.61,"1-1",0.2555,0.2487,0.4958,1,3,"A"
"20260207_ManchesterUnited_TottenhamHotspur","Manchester United","Tottenham Hotspur",1.81,1.4,"1-1",0.4722,0.2288,0.299,2,0,"H"
"20260207_Arsenal_Sunderland","Arsenal","Sunderland",1.89,0.62,"1-0",0.6773,0.2083,0.1143,3,0,"H"
"20260207_Bournemouth_AstonVilla","Bournemouth","Aston Villa",1.39,1.51,"1-1",0.3489,0.2473,0.4038,1,1,"D"
"20260207_Burnley_WestHamUnited","Burnley","West Ham United",1.32,1.55,"1-1",0.3231,0.2472,0.4297,0,2,"A"
"20260207_Fulham_Everton","Fulham","Everton",1.35,0.94,"1-0",0.4624,0.2768,0.2608,1,2,"A"
"20260207_NewcastleUnited_Brentford","Newcastle United","Brentford",1.93,1.24,"1-1",0.5349,0.2211,0.244,2,3,"A"
"20260208_Liverpool_ManchesterCity","Liverpool","Manchester City",1.48,1.64,"1-1",0.3469,0.2367,0.4164,1,2,"A"
"20260208_Brighton_CrystalPalace","Brighton","Crystal Palace",1.63,1.1,"1-1",0.4964,0.246,0.2575,0,1,"A"
"20260210_Chelsea_Leeds","Chelsea","Leeds",2.01,1.09,"2-1",0.587,0.2126,0.2004,2,2,"D"
"20260210_Everton_Bournemouth","Everton","Bournemouth",1.24,1.1,"1-1",0.3938,0.2804,0.3258,1,2,"A"
"20260210_TottenhamHotspur_NewcastleUnited","Tottenham Hotspur","Newcastle United",1.65,1.79,"1-1",0.3584,0.2243,0.4173,1,2,"A"
"20260210_WestHamUnited_ManchesterUnited","West Ham United","Manchester United",1.29,1.53,"1-1",0.3204,0.2496,0.43,1,1,"D"
"20260211_ManchesterCity_Fulham","Manchester City","Fulham",2.34,0.84,"2-0",0.7094,0.1733,0.1173,3,0,"H"
"20260211_NottinghamForest_WolverhamptonWanderers","Nottingham Forest","Wolverhampton Wanderers",1.59,1,"1-0",0.5124,0.2506,0.237,0,0,"D"
"20260211_AstonVilla_Brighton","Aston Villa","Brighton",1.71,1.35,"1-1",0.4593,0.2363,0.3044,1,0,"H"
"20260211_CrystalPalace_Burnley","Crystal Palace","Burnley",1.82,0.89,"1-0",0.5932,0.227,0.1797,2,3,"A"
"20260211_Sunderland_Liverpool","Sunderland","Liverpool",1.03,1.53,"1-1",0.2546,0.2561,0.4894,0,1,"A"
"20260212_Brentford_Arsenal","Brentford","Arsenal",1.03,1.83,"1-1",0.2099,0.2281,0.5621,1,1,"D"
"20260218_WolverhamptonWanderers_Arsenal","Wolverhampton Wanderers","Arsenal",0.71,2.13,"0-2",0.1124,0.1869,0.7007,2,2,"D"
"20260221_AstonVilla_Leeds","Aston Villa","Leeds",2.05,1.1,"2-1",0.5916,0.2099,0.1984,1,1,"D"
"20260221_Brentford_Brighton","Brentford","Brighton",1.67,1.43,"1-1",0.4328,0.2366,0.3306,0,2,"A"
"20260221_Chelsea_Burnley","Chelsea","Burnley",2.28,0.88,"2-0",0.6887,0.1814,0.1299,1,1,"D"
"20260221_WestHamUnited_Bournemouth","West Ham United","Bournemouth",1.49,1.4,"1-1",0.3959,0.2479,0.3563,0,0,"D"
"20260221_ManchesterCity_NewcastleUnited","Manchester City","Newcastle United",2.14,1.08,"2-1",0.6142,0.202,0.1838,2,1,"H"
"20260222_TottenhamHotspur_Arsenal","Tottenham Hotspur","Arsenal",1.12,2.06,"1-2",0.2019,0.2097,0.5884,1,4,"A"
"20260222_Sunderland_Fulham","Sunderland","Fulham",1.21,1.05,"1-1",0.397,0.2852,0.3177,1,3,"A"
"20260222_CrystalPalace_WolverhamptonWanderers","Crystal Palace","Wolverhampton Wanderers",1.55,0.9,"1-0",0.5266,0.2555,0.2179,1,0,"H"
"20260222_NottinghamForest_Liverpool","Nottingham Forest","Liverpool",1.15,1.88,"1-1",0.2322,0.2249,0.5429,0,1,"A"
"20260223_Everton_ManchesterUnited","Everton","Manchester United",1.07,1.2,"1-1",0.3251,0.2852,0.3898,0,1,"A"
"20260227_WolverhamptonWanderers_AstonVilla","Wolverhampton Wanderers","Aston Villa",1.09,1.63,"1-1",0.2539,0.246,0.5,2,0,"H"
"20260228_Leeds_ManchesterCity","Leeds","Manchester City",0.96,2.35,"0-2",0.139,0.1793,0.6817,0,1,"A"
"20260228_Bournemouth_Sunderland","Bournemouth","Sunderland",1.26,1.09,"1-1",0.402,0.2794,0.3186,1,1,"D"
"20260228_Burnley_Brentford","Burnley","Brentford",1.14,1.87,"1-1",0.2308,0.2257,0.5435,3,4,"A"
"20260228_Liverpool_WestHamUnited","Liverpool","West Ham United",2.51,0.96,"2-0",0.7107,0.1653,0.124,5,2,"H"
"20260228_NewcastleUnited_Everton","Newcastle United","Everton",1.74,0.86,"1-0",0.584,0.234,0.1819,2,3,"A"
"20260301_Fulham_TottenhamHotspur","Fulham","Tottenham Hotspur",1.68,1.49,"1-1",0.4233,0.2343,0.3424,2,1,"H"
"20260301_ManchesterUnited_CrystalPalace","Manchester United","Crystal Palace",1.51,1.03,"1-1",0.4854,0.2581,0.2566,2,1,"H"
"20260301_Brighton_NottinghamForest","Brighton","Nottingham Forest",1.81,1.13,"1-1",0.5328,0.2303,0.2369,2,1,"H"
"20260301_Arsenal_Chelsea","Arsenal","Chelsea",2.07,0.85,"2-0",0.6554,0.2001,0.1445,2,1,"H"
"20260303_WolverhamptonWanderers_Liverpool","Wolverhampton Wanderers","Liverpool",0.97,2.09,"0-2",0.167,0.2026,0.6305,2,1,"H"
"20260303_Leeds_Sunderland","Leeds","Sunderland",1.21,1.21,"1-1",0.3614,0.2749,0.3636,0,1,"A"
"20260303_Bournemouth_Brentford","Bournemouth","Brentford",1.47,1.48,"1-1",0.3763,0.2453,0.3784,0,0,"D"
"20260303_Everton_Burnley","Everton","Burnley",1.56,0.85,"1-0",0.5413,0.2544,0.2043,2,0,"H"
"20260304_AstonVilla_Chelsea","Aston Villa","Chelsea",1.59,1.3,"1-1",0.441,0.2455,0.3135,1,4,"A"
"20260304_Brighton_Arsenal","Brighton","Arsenal",1.07,1.83,"1-1",0.2193,0.2281,0.5526,0,1,"A"
"20260304_Fulham_WestHamUnited","Fulham","West Ham United",1.72,1.13,"1-1",0.5121,0.2379,0.25,0,1,"A"
"20260304_ManchesterCity_NottinghamForest","Manchester City","Nottingham Forest",2.47,0.77,"2-0",0.7464,0.1575,0.096,2,2,"D"
"20260304_NewcastleUnited_ManchesterUnited","Newcastle United","Manchester United",1.8,1.2,"1-1",0.5137,0.2316,0.2547,2,1,"H"
"20260305_TottenhamHotspur_CrystalPalace","Tottenham Hotspur","Crystal Palace",1.72,1.24,"1-1",0.486,0.2375,0.2765,1,3,"A"
"20260314_WestHamUnited_ManchesterCity","West Ham United","Manchester City",0.94,2.25,"0-2",0.1441,0.1868,0.669,1,1,"D"
"20260314_Chelsea_NewcastleUnited","Chelsea","Newcastle United",1.51,1.49,"1-1",0.3842,0.243,0.3728,0,1,"A"
"20260314_Arsenal_Everton","Arsenal","Everton",2,0.58,"2-0",0.7094,0.1928,0.0978,2,0,"H"
"20260314_Sunderland_Brighton","Sunderland","Brighton",1.23,1.22,"1-1",0.3645,0.2733,0.3622,0,1,"A"
"20260314_Burnley_Bournemouth","Burnley","Bournemouth",1.23,1.65,"1-1",0.2842,0.2426,0.4732,0,0,"D"
"20260315_CrystalPalace_Leeds","Crystal Palace","Leeds",1.61,1.1,"1-1",0.491,0.2483,0.2606,0,0,"D"
"20260315_ManchesterUnited_AstonVilla","Manchester United","Aston Villa",1.52,1.31,"1-1",0.4223,0.25,0.3277,3,1,"H"
"20260315_NottinghamForest_Fulham","Nottingham Forest","Fulham",1.36,1.29,"1-1",0.3855,0.2611,0.3534,0,0,"D"
"20260315_Liverpool_TottenhamHotspur","Liverpool","Tottenham Hotspur",2.45,1.27,"2-1",0.6335,0.183,0.1835,1,1,"D"
"20260316_Brentford_WolverhamptonWanderers","Brentford","Wolverhampton Wanderers",1.94,0.96,"1-0",0.6027,0.2166,0.1807,2,2,"D"
"20260320_Bournemouth_ManchesterUnited","Bournemouth","Manchester United",1.37,1.43,"1-1",0.3604,0.2527,0.3869,2,2,"D"
"20260321_Everton_Chelsea","Everton","Chelsea",1.07,1.25,"1-1",0.3164,0.2809,0.4027,3,0,"H"
"20260321_Leeds_Brentford","Leeds","Brentford",1.42,1.65,"1-1",0.3302,0.238,0.4318,0,0,"D"
"20260321_Brighton_Liverpool","Brighton","Liverpool",1.46,1.8,"1-1",0.314,0.2282,0.4578,2,1,"H"
"20260321_Fulham_Burnley","Fulham","Burnley",2.03,0.93,"2-0",0.6285,0.2066,0.1648,3,1,"H"
"20260322_NewcastleUnited_Sunderland","Newcastle United","Sunderland",1.65,0.91,"1-0",0.5469,0.2452,0.2079,1,2,"A"
"20260322_AstonVilla_WestHamUnited","Aston Villa","West Ham United",1.96,1.08,"1-1",0.5796,0.2167,0.2037,2,0,"H"
"20260322_TottenhamHotspur_NottinghamForest","Tottenham Hotspur","Nottingham Forest",1.91,1.27,"1-1",0.5225,0.2231,0.2544,0,3,"A"
"20260410_WestHamUnited_WolverhamptonWanderers","West Ham United","Wolverhampton Wanderers",1.61,1.1,"1-1",0.4919,0.2479,0.2602,4,0,"H"
"20260411_Arsenal_Bournemouth","Arsenal","Bournemouth",2.38,0.75,"2-0",0.7373,0.1639,0.0988,1,2,"A"
"20260411_Brentford_Everton","Brentford","Everton",1.5,0.95,"1-0",0.5015,0.2603,0.2383,2,2,"D"
"20260411_Burnley_Brighton","Burnley","Brighton",1.14,1.95,"1-1",0.2203,0.2191,0.5606,0,2,"A"
"20260411_Liverpool_Fulham","Liverpool","Fulham",2.16,1.04,"2-1",0.629,0.1987,0.1723,2,0,"H"
"20260412_Chelsea_ManchesterCity","Chelsea","Manchester City",1.14,1.82,"1-1",0.237,0.2299,0.5331,0,3,"A"
"20260412_Sunderland_TottenhamHotspur","Sunderland","Tottenham Hotspur",1.38,1.29,"1-1",0.391,0.26,0.3489,1,0,"H"
"20260412_NottinghamForest_AstonVilla","Nottingham Forest","Aston Villa",1.29,1.47,"1-1",0.333,0.2538,0.4132,1,1,"D"
"20260412_CrystalPalace_NewcastleUnited","Crystal Palace","Newcastle United",1.21,1.5,"1-1",0.3057,0.2547,0.4397,2,1,"H"
"20260413_ManchesterUnited_Leeds","Manchester United","Leeds",1.94,1.09,"1-1",0.571,0.2193,0.2098,1,2,"A"
"20260418_Brentford_Fulham","Brentford","Fulham",1.65,1.23,"1-1",0.471,0.2427,0.2863,0,0,"D"
"20260418_Leeds_WolverhamptonWanderers","Leeds","Wolverhampton Wanderers",1.65,1.15,"1-1",0.4903,0.244,0.2657,3,0,"H"
"20260418_NewcastleUnited_Bournemouth","Newcastle United","Bournemouth",2.08,1.1,"2-1",0.5989,0.2073,0.1938,1,2,"A"
"20260418_TottenhamHotspur_Brighton","Tottenham Hotspur","Brighton",1.83,1.61,"1-1",0.4335,0.2236,0.3429,2,2,"D"
"20260418_Chelsea_ManchesterUnited","Chelsea","Manchester United",1.56,1.24,"1-1",0.4473,0.2494,0.3033,0,1,"A"
"20260419_NottinghamForest_Burnley","Nottingham Forest","Burnley",1.86,0.98,"1-0",0.5799,0.2242,0.1959,4,1,"H"
"20260419_AstonVilla_Sunderland","Aston Villa","Sunderland",1.45,0.95,"1-0",0.4872,0.2656,0.2471,4,3,"H"
"20260419_Everton_Liverpool","Everton","Liverpool",0.97,1.62,"0-1",0.225,0.2478,0.5273,1,2,"A"
"20260419_ManchesterCity_Arsenal","Manchester City","Arsenal",1.46,1.24,"1-1",0.4207,0.2565,0.3228,2,1,"H"
"20260420_CrystalPalace_WestHamUnited","Crystal Palace","West Ham United",1.54,1.07,"1-1",0.4803,0.2547,0.265,0,0,"D"
"20260421_Brighton_Chelsea","Brighton","Chelsea",1.62,1.38,"1-1",0.4309,0.241,0.3281,3,0,"H"
"20260422_Bournemouth_Leeds","Bournemouth","Leeds",1.77,1.26,"1-1",0.4945,0.2332,0.2723,2,2,"D"
"20260422_Burnley_ManchesterCity","Burnley","Manchester City",0.78,2.65,"0-2",0.0851,0.1426,0.7722,0,1,"A"
"20260424_Sunderland_NottinghamForest","Sunderland","Nottingham Forest",1.28,0.96,"1-0",0.4362,0.2833,0.2805,0,5,"A"
"20260425_Fulham_AstonVilla","Fulham","Aston Villa",1.41,1.39,"1-1",0.3775,0.2528,0.3697,1,0,"H"
"20260425_Liverpool_CrystalPalace","Liverpool","Crystal Palace",2.05,0.93,"2-0",0.6331,0.2049,0.162,3,1,"H"
"20260425_WestHamUnited_Everton","West Ham United","Everton",1.25,1.09,"1-1",0.3989,0.2793,0.3218,2,1,"H"
"20260425_WolverhamptonWanderers_TottenhamHotspur","Wolverhampton Wanderers","Tottenham Hotspur",1.3,1.75,"1-1",0.2856,0.2341,0.4803,0,1,"A"
"20260425_Arsenal_NewcastleUnited","Arsenal","Newcastle United",2,0.98,"2-0",0.6106,0.2109,0.1784,1,0,"H"
"20260427_ManchesterUnited_Brentford","Manchester United","Brentford",1.61,1.28,"1-1",0.4516,0.2445,0.3039,2,1,"H"
"20260501_Leeds_Burnley","Leeds","Burnley",1.93,1.13,"1-1",0.559,0.2205,0.2205,3,1,"H"
"20260502_Brentford_WestHamUnited","Brentford","West Ham United",1.92,1.14,"1-1",0.5547,0.2213,0.224,3,0,"H"
"20260502_NewcastleUnited_Brighton","Newcastle United","Brighton",1.94,1.3,"1-1",0.5241,0.2209,0.255,3,1,"H"
"20260502_WolverhamptonWanderers_Sunderland","Wolverhampton Wanderers","Sunderland",0.99,1.17,"0-1",0.3065,0.2927,0.4008,1,1,"D"
"20260502_Arsenal_Fulham","Arsenal","Fulham",2.19,0.76,"2-0",0.702,0.1827,0.1153,3,0,"H"
"20260503_Bournemouth_CrystalPalace","Bournemouth","Crystal Palace",1.38,1.18,"1-1",0.4148,0.2642,0.321,3,0,"H"
"20260503_ManchesterUnited_Liverpool","Manchester United","Liverpool",1.36,1.67,"1-1",0.3115,0.2384,0.4501,3,2,"H"
"20260503_AstonVilla_TottenhamHotspur","Aston Villa","Tottenham Hotspur",1.91,1.42,"1-1",0.4919,0.222,0.2862,1,2,"A"
"20260504_Chelsea_NottinghamForest","Chelsea","Nottingham Forest",1.75,1.05,"1-1",0.5363,0.2358,0.2279,1,3,"A"
"20260504_Everton_ManchesterCity","Everton","Manchester City",0.78,1.76,"0-1",0.1623,0.2304,0.6073,3,3,"D"
"20260509_ManchesterCity_Brentford","Manchester City","Brentford",2.36,0.93,"2-0",0.6917,0.1763,0.132,3,0,"H"
"20260509_Sunderland_ManchesterUnited","Sunderland","Manchester United",1.14,1.13,"1-1",0.3584,0.2858,0.3558,0,0,"D"
"20260509_Liverpool_Chelsea","Liverpool","Chelsea",2.03,1.16,"2-1",0.5744,0.2125,0.2132,1,1,"D"
"20260509_Brighton_WolverhamptonWanderers","Brighton","Wolverhampton Wanderers",2.02,0.96,"2-0",0.6197,0.2087,0.1716,3,0,"H"
"20260509_Fulham_Bournemouth","Fulham","Bournemouth",1.61,1.2,"1-1",0.4676,0.2465,0.2859,0,1,"A"
"20260510_Burnley_AstonVilla","Burnley","Aston Villa",1.08,1.91,"1-1",0.2103,0.2214,0.5683,2,2,"D"
"20260510_CrystalPalace_Everton","Crystal Palace","Everton",1.21,0.89,"1-0",0.4329,0.2948,0.2723,2,2,"D"
"20260510_NottinghamForest_NewcastleUnited","Nottingham Forest","Newcastle United",1.24,1.67,"1-1",0.2848,0.2414,0.4738,1,1,"D"
"20260510_WestHamUnited_Arsenal","West Ham United","Arsenal",0.85,2.11,"0-2",0.1408,0.1959,0.6632,0,1,"A"
"20260511_TottenhamHotspur_Leeds","Tottenham Hotspur","Leeds",2.2,1.32,"2-1",0.5742,0.2024,0.2234,1,1,"D"
"20260513_ManchesterCity_CrystalPalace","Manchester City","Crystal Palace",2.22,0.75,"2-0",0.7094,0.1794,0.1112,3,0,"H"
"20260515_AstonVilla_Liverpool","Aston Villa","Liverpool",1.43,1.69,"1-1",0.3262,0.2352,0.4386,4,2,"H"
"20260517_NewcastleUnited_WestHamUnited","Newcastle United","West Ham United",2.23,1.03,"2-1",0.6439,0.1924,0.1636,3,1,"H"
"20260517_WolverhamptonWanderers_Fulham","Wolverhampton Wanderers","Fulham",1.15,1.43,"1-1",0.3018,0.2618,0.4364,1,1,"D"
"20260517_Leeds_Brighton","Leeds","Brighton",1.42,1.72,"1-1",0.3185,0.2337,0.4478,1,0,"H"
"20260517_ManchesterUnited_NottinghamForest","Manchester United","Nottingham Forest",1.68,1.05,"1-1",0.5209,0.2419,0.2371,3,2,"H"
"20260517_Brentford_CrystalPalace","Brentford","Crystal Palace",1.57,1.1,"1-1",0.4804,0.2519,0.2677,2,2,"D"
"20260517_Everton_Sunderland","Everton","Sunderland",0.98,0.91,"0-0",0.359,0.3188,0.3223,1,3,"A"
"20260518_Arsenal_Burnley","Arsenal","Burnley",3.01,0.58,"3-0",0.8544,0.1011,0.0442,1,0,"H"
"20260519_Chelsea_TottenhamHotspur","Chelsea","Tottenham Hotspur",1.88,1.4,"1-1",0.4878,0.2242,0.288,2,1,"H"
"20260519_Bournemouth_ManchesterCity","Bournemouth","Manchester City",1,2.1,"1-2",0.1715,0.2029,0.6256,1,1,"D"
"20260524_NottinghamForest_Bournemouth","Nottingham Forest","Bournemouth",1.47,1.27,"1-1",0.4196,0.2543,0.3261,1,1,"D"
"20260524_ManchesterCity_AstonVilla","Manchester City","Aston Villa",2.23,0.95,"2-0",0.6618,0.1894,0.1487,1,2,"A"
"20260524_Sunderland_Chelsea","Sunderland","Chelsea",1.14,1.18,"1-1",0.3497,0.2823,0.368,2,1,"H"
"20260524_Liverpool_Brentford","Liverpool","Brentford",2.18,1.16,"2-1",0.6062,0.2004,0.1934,1,1,"D"
"20260524_TottenhamHotspur_Everton","Tottenham Hotspur","Everton",1.65,1.07,"1-1",0.5095,0.2449,0.2456,1,0,"H"
"20260524_CrystalPalace_Arsenal","Crystal Palace","Arsenal",0.82,1.72,"0-1",0.1769,0.2362,0.5869,1,2,"A"
"20260524_Burnley_WolverhamptonWanderers","Burnley","Wolverhampton Wanderers",1.33,1.3,"1-1",0.3754,0.2624,0.3623,1,1,"D"
"20260524_Brighton_ManchesterUnited","Brighton","Manchester United",1.62,1.33,"1-1",0.4413,0.2428,0.316,0,3,"A"
"20260524_Fulham_NewcastleUnited","Fulham","Newcastle United",1.35,1.58,"1-1",0.3271,0.2446,0.4283,2,0,"H"
"20260524_WestHamUnited_Leeds","West Ham United","Leeds",1.67,1.35,"1-1",0.4498,0.2389,0.3113,3,0,"H"
